,all_awardings,allow_live_comments,author,author_flair_css_class,author_flair_richtext,author_flair_text,author_flair_type,author_fullname,author_is_blocked,author_patreon_flair,author_premium,awarders,can_mod_post,contest_mode,created_utc,domain,full_link,gildings,id,is_created_from_ads_ui,is_crosspostable,is_meta,is_original_content,is_reddit_media_domain,is_robot_indexable,is_self,is_video,link_flair_background_color,link_flair_richtext,link_flair_template_id,link_flair_text,link_flair_text_color,link_flair_type,locked,media_only,no_follow,num_comments,num_crossposts,over_18,parent_whitelist_status,permalink,pinned,pwls,retrieved_on,score,selftext,send_replies,spoiler,stickied,subreddit,subreddit_id,subreddit_subscribers,subreddit_type,thumbnail,title,total_awards_received,treatment_tags,upvote_ratio,url,whitelist_status,wls,created,removed_by_category,post_hint,preview,thumbnail_height,thumbnail_width,url_overridden_by_dest,media_metadata
0,[],False,netronius,,[],,text,t2_m1w9tyj,False,False,False,[],False,False,1651928544,self.terraluna,https://www.reddit.com/r/terraluna/comments/ukcuf2/i_invested_in_terra_100_us_based_on_this_thesis/,{},ukcuf2,False,True,False,False,False,True,True,False,#7193ff,[],844cbda8-be27-11eb-b4ba-0e4cc1e38c35,Discussion,dark,text,False,False,True,0,0,False,all_ads,/r/terraluna/comments/ukcuf2/i_invested_in_terra_100_us_based_on_this_thesis/,False,6,1651928554,1,"So I chucked close to 10k in Terra LUNA based on this notion that as TerraUSD's market cap goes up, so will LUNA's. I came up with this idea because 1 UST can be exchanged for 1 USD worth of Terra (LUNA) and vice versa, so given the steep market cap rise (and continual rise) of  TerraUSD, LUNA's price should go up.

I've observed UST go from a MCap of 16B to 18.7B now and growing, it only begs the question why isn't Luna rising with it?

Was I right in this line of thinking?",True,False,False,terraluna,t5_2y4t5,39886,public,self,I invested in Terra @ 100 $US based on this thesis,0,[],1.0,https://www.reddit.com/r/terraluna/comments/ukcuf2/i_invested_in_terra_100_us_based_on_this_thesis/,all_ads,6,1651899744.0,,,,,,,
1,[],False,No-Way3852,,[],,text,t2_9m80oky8,False,False,False,[],False,False,1651921225,self.terraluna,https://www.reddit.com/r/terraluna/comments/ukax85/put_to_work_my_luna_staking_vs_farming_vs/,{},ukax85,False,True,False,False,False,True,True,False,#7193ff,[],844cbda8-be27-11eb-b4ba-0e4cc1e38c35,Discussion,dark,text,False,False,True,0,0,False,all_ads,/r/terraluna/comments/ukax85/put_to_work_my_luna_staking_vs_farming_vs/,False,6,1651921235,1,"Hello,

I have 25 free Luna on my wallet and I would like to consider what to do with them.

I am already staking some on stader labs and I have UST on anchor.

What do you think would be best in this market?
- staking withe terralabs/stader/...?
- providing liquidity to i.e. lunax-bluna on stader or other?
- hunting some juicy farms maybe via beefy?
- lending bLUNA to get UST and stake in anchor?

What would be your strategy right now?
Would it be worth to keep some liquid luna for veANC/Astroport or any upcoming farm/pool/lending service that will require to interact with LUNA?",True,False,False,terraluna,t5_2y4t5,39881,public,self,put to work my LUNA. Staking vs farming vs providing liquidity,0,[],1.0,https://www.reddit.com/r/terraluna/comments/ukax85/put_to_work_my_luna_staking_vs_farming_vs/,all_ads,6,1651892425.0,,,,,,,
2,[],False,silent_tongue,,[],,text,t2_ef7ac1x4,False,False,False,[],False,False,1651911262,self.terraluna,https://www.reddit.com/r/terraluna/comments/uk8phc/order_of_liquidation_on_anchor/,{},uk8phc,False,True,False,False,False,True,True,False,#8bb681,[],9d679f2a-be26-11eb-bf7a-0e312f6a845b,Anchor,dark,text,False,False,True,0,0,False,all_ads,/r/terraluna/comments/uk8phc/order_of_liquidation_on_anchor/,False,6,1651911272,1,"Now that Anchor can collateralised a lot more coins, what would happen in the event of liquidation? Will it simply be based on the cheapest bidder on Kujira? Or is there a way for user to specify the order eg bAtom 1st, bEth 2nd and bLuna last?",True,False,False,terraluna,t5_2y4t5,39874,public,self,Order of liquidation on Anchor,0,[],1.0,https://www.reddit.com/r/terraluna/comments/uk8phc/order_of_liquidation_on_anchor/,all_ads,6,1651882462.0,,,,,,,
3,[],False,imm_uol1819,,[],,text,t2_2cgdsxcr,False,False,False,[],False,False,1651906620,self.terraluna,https://www.reddit.com/r/terraluna/comments/uk7nep/ust_mcap_almost_higher_than_luna/,{},uk7nep,False,False,False,False,False,False,True,False,#7193ff,[],844cbda8-be27-11eb-b4ba-0e4cc1e38c35,Discussion,dark,text,False,False,True,0,0,False,all_ads,/r/terraluna/comments/uk7nep/ust_mcap_almost_higher_than_luna/,False,6,1651906631,1,[removed],True,False,False,terraluna,t5_2y4t5,39873,public,self,UST mcap almost higher than LUNA,0,[],1.0,https://www.reddit.com/r/terraluna/comments/uk7nep/ust_mcap_almost_higher_than_luna/,all_ads,6,1651877820.0,reddit,,,,,,
4,[],False,Alternative-Usual333,,[],,text,t2_4p9qhqxj,False,False,False,[],False,False,1651905154,self.terraluna,https://www.reddit.com/r/terraluna/comments/uk7awq/stablecoins_luna_vs_near_vs_iost/,{},uk7awq,False,True,False,False,False,True,True,False,#7193ff,[],844cbda8-be27-11eb-b4ba-0e4cc1e38c35,Discussion,dark,text,False,False,True,0,0,False,all_ads,/r/terraluna/comments/uk7awq/stablecoins_luna_vs_near_vs_iost/,False,6,1651905165,1,"Hello!

I just read that all 3 of these projects have (or are about to have) their own algorithmic stablecoins. As somebody who is somewhat new to Terra Luna, why is UST &amp; Terra Luna better than the other 2 mentioned above?",True,False,False,terraluna,t5_2y4t5,39872,public,self,Stablecoins: Luna vs near vs iost,0,[],1.0,https://www.reddit.com/r/terraluna/comments/uk7awq/stablecoins_luna_vs_near_vs_iost/,all_ads,6,1651876354.0,,,,,,,
5,[],False,fearless_genius,,[],,text,t2_4daxtka9,False,False,False,[],False,False,1651902967,self.terraluna,https://www.reddit.com/r/terraluna/comments/uk6rqq/help_me_understand_this_burnmint_mechanic/,{},uk6rqq,False,True,False,False,False,True,True,False,#7193ff,[],844cbda8-be27-11eb-b4ba-0e4cc1e38c35,Discussion,dark,text,False,False,True,0,0,False,all_ads,/r/terraluna/comments/uk6rqq/help_me_understand_this_burnmint_mechanic/,False,6,1651902977,1,I have one question regarding price. If LUNA is built to capture the value of UST and UST adoption  continues to increase why isn’t it represented in the current price?,True,False,False,terraluna,t5_2y4t5,39871,public,self,Help me understand this Burn/Mint mechanic,0,[],1.0,https://www.reddit.com/r/terraluna/comments/uk6rqq/help_me_understand_this_burnmint_mechanic/,all_ads,6,1651874167.0,,,,,,,
6,[],False,Rjk214,,[],,text,t2_w4fpp,False,False,False,[],False,False,1651896682,self.terraluna,https://www.reddit.com/r/terraluna/comments/uk57tm/looks_like_the_ponzi_dumpero_is_starting/,{},uk57tm,False,True,False,False,False,True,True,False,#7193ff,[],844cbda8-be27-11eb-b4ba-0e4cc1e38c35,Discussion,dark,text,False,False,True,0,0,False,all_ads,/r/terraluna/comments/uk57tm/looks_like_the_ponzi_dumpero_is_starting/,False,6,1651896693,1,"As LUNA is quickening it’s descent it should be fun to watch it plummet it back to &lt; $20

Completely normal price movement 😏",True,False,False,terraluna,t5_2y4t5,39866,public,self,Looks like the Ponzi Dumpero is starting,0,[],1.0,https://www.reddit.com/r/terraluna/comments/uk57tm/looks_like_the_ponzi_dumpero_is_starting/,all_ads,6,1651867882.0,,,,,,,
7,[],False,peterpme,,[],,text,t2_xaugl,False,False,False,[],False,False,1651891106,self.terraluna,https://www.reddit.com/r/terraluna/comments/uk3oe5/astro_wars_locked_xastro_tracker/,{},uk3oe5,False,True,False,False,False,True,True,False,#dadada,[],773e7b1a-be27-11eb-a721-0eb5d708beb5,Terra Ecosystem,dark,text,False,False,True,0,0,False,all_ads,/r/terraluna/comments/uk3oe5/astro_wars_locked_xastro_tracker/,False,6,1651891116,1,"A dashboard that shows you how much is locked of xAstro

[https://www.astro-wars.xyz/](https://www.astro-wars.xyz/)",True,False,False,terraluna,t5_2y4t5,39862,public,self,Astro Wars Locked xAstro Tracker,0,[],1.0,https://www.reddit.com/r/terraluna/comments/uk3oe5/astro_wars_locked_xastro_tracker/,all_ads,6,1651862306.0,,,,,,,
8,[],False,ttack99,,[],,text,t2_wt0an,False,False,False,[],False,False,1651890515,self.terraluna,https://www.reddit.com/r/terraluna/comments/uk3i2y/whats_your_favorite_wallet_to_keep_your_luna_on/,{},uk3i2y,False,True,False,False,False,True,True,False,#7193ff,[],844cbda8-be27-11eb-b4ba-0e4cc1e38c35,Discussion,dark,text,False,False,True,0,0,False,all_ads,/r/terraluna/comments/uk3i2y/whats_your_favorite_wallet_to_keep_your_luna_on/,False,6,1651890525,1,"I’ve been using Terrastation &amp; it seems to work great but is there a better wallet that shows stuff like your LP tokens or keeps track of staked assets?

Thanks",True,False,False,terraluna,t5_2y4t5,39860,public,self,What’s your favorite wallet to keep your LUNA on?,0,[],1.0,https://www.reddit.com/r/terraluna/comments/uk3i2y/whats_your_favorite_wallet_to_keep_your_luna_on/,all_ads,6,1651861715.0,,,,,,,
9,[],False,Bigfoot305,,[],,text,t2_c80xl00q,False,False,False,[],False,False,1651888735,self.terraluna,https://www.reddit.com/r/terraluna/comments/uk2z7b/sent_ust_to_cryptocom_luna_address_how_to_recover/,{},uk2z7b,False,True,False,False,False,True,True,False,#dadada,[],773e7b1a-be27-11eb-a721-0eb5d708beb5,Terra Ecosystem,dark,text,False,False,True,0,0,False,all_ads,/r/terraluna/comments/uk2z7b/sent_ust_to_cryptocom_luna_address_how_to_recover/,False,6,1651888746,1,"Fuck me, I was thinking ok so the price of Luna is below 77 so I can take out my ust and throw it into my Crypto.com and then wait for it to go back to $90 but my dumbass forgot to switch ust to Luna (this was on anchor protocol btw) so now idk what to do it is a big amount :( help someone",True,False,False,terraluna,t5_2y4t5,39860,public,self,Sent ust to Crypto.com Luna address how to recover,0,[],0.99,https://www.reddit.com/r/terraluna/comments/uk2z7b/sent_ust_to_cryptocom_luna_address_how_to_recover/,all_ads,6,1651859935.0,,,,,,,
10,[],False,fina_wallet,,[],,text,t2_mqa8i3hw,False,False,False,[],False,False,1651888616,self.terraluna,https://www.reddit.com/r/terraluna/comments/uk2xza/we_made_a_mobile_terradefi_wallet_that_let_you/,{},uk2xza,False,True,False,True,False,True,True,False,#dadada,[],773e7b1a-be27-11eb-a721-0eb5d708beb5,Terra Ecosystem,dark,text,False,False,True,0,0,False,all_ads,/r/terraluna/comments/uk2xza/we_made_a_mobile_terradefi_wallet_that_let_you/,False,6,1651888627,1,"Hi everyone, we are [fina.cash](https://fina.cash), an open-source defi mobile wallet that's made for the terra blockchain and ecosystem. Within the app UI, you can transfer and receive money from other / CEX, stake, save, lp farming, and trade any pair of tokens, all powered by the decentralized applications under terra ecosystem.

&amp;#x200B;

We believe that transforming the blockchain experience from a typical desktop/mobile browser to a user-friendly in-app interface could drastically improve the terra experience, and encourage more users to take their first step off from CEX to the blockchain.

&amp;#x200B;

Please stop by our Twitter, discord, download the app, and even take a look at our codebase on Github. We look forward to seeing you in the community and are humbly asking for your feedback.

&amp;#x200B;

Twitter:  [https://twitter.com/FinaCash](https://twitter.com/FinaCash)

Website: [https://fina.cash/](https://fina.cash/)

Github: [https://github.com/FinaCash](https://github.com/FinaCash)

Apple App Store: [https://apps.apple.com/us/app/fina-wallet/id1611019329](https://apps.apple.com/us/app/fina-wallet/id1611019329)

Android Google Play: [https://play.google.com/store/apps/details?id=com.fina.cash](https://play.google.com/store/apps/details?id=com.fina.cash)",True,False,False,terraluna,t5_2y4t5,39859,public,self,We made a mobile terra-defi wallet that let you manage your fund and use the terra blockchain in the app,0,[],1.0,https://www.reddit.com/r/terraluna/comments/uk2xza/we_made_a_mobile_terradefi_wallet_that_let_you/,all_ads,6,1651859816.0,,self,"{'enabled': False, 'images': [{'id': '9jsX3E7aW4h8W2np1DjthrBQlC6oaIo8kreRmRAR6GA', 'resolutions': [{'height': 56, 'url': 'https://external-preview.redd.it/MeAnLeRbe0ktFyt5zAOpBKvKaudc-AolHelEPNLbrDc.jpg?width=108&amp;crop=smart&amp;auto=webp&amp;s=090a0295a2dccec57d694e7b762bd7764538961e', 'width': 108}, {'height': 113, 'url': 'https://external-preview.redd.it/MeAnLeRbe0ktFyt5zAOpBKvKaudc-AolHelEPNLbrDc.jpg?width=216&amp;crop=smart&amp;auto=webp&amp;s=c5851a63fc1cc1e081208db53a80db9fc6b46cf2', 'width': 216}, {'height': 168, 'url': 'https://external-preview.redd.it/MeAnLeRbe0ktFyt5zAOpBKvKaudc-AolHelEPNLbrDc.jpg?width=320&amp;crop=smart&amp;auto=webp&amp;s=15b4a0f0375f84c851156543e1a210e0431cd952', 'width': 320}, {'height': 336, 'url': 'https://external-preview.redd.it/MeAnLeRbe0ktFyt5zAOpBKvKaudc-AolHelEPNLbrDc.jpg?width=640&amp;crop=smart&amp;auto=webp&amp;s=15d5383e401a093c56b85039b0954251a3204c40', 'width': 640}, {'height': 504, 'url': 'https://external-preview.redd.it/MeAnLeRbe0ktFyt5zAOpBKvKaudc-AolHelEPNLbrDc.jpg?width=960&amp;crop=smart&amp;auto=webp&amp;s=7a3c3162a7dd4a2379133e477cffe98352e36f7a', 'width': 960}, {'height': 567, 'url': 'https://external-preview.redd.it/MeAnLeRbe0ktFyt5zAOpBKvKaudc-AolHelEPNLbrDc.jpg?width=1080&amp;crop=smart&amp;auto=webp&amp;s=db39bd43d7d9c9d9c7db26f000a21afe4d2753d0', 'width': 1080}], 'source': {'height': 630, 'url': 'https://external-preview.redd.it/MeAnLeRbe0ktFyt5zAOpBKvKaudc-AolHelEPNLbrDc.jpg?auto=webp&amp;s=b7f695fbcb1f74c752be8f823308bb07dbd28a7c', 'width': 1200}, 'variants': {}}]}",,,,
11,[],False,48halos,,[],,text,t2_amkpjln,False,False,False,[],False,False,1651884826,self.terraluna,https://www.reddit.com/r/terraluna/comments/uk1t78/here_doing_gods_work_first_come/,{},uk1t78,False,False,False,False,False,False,True,False,#8844f6,[],58bcf2d4-be27-11eb-8d50-0e227113ea6b,Alice,light,text,False,False,True,0,0,False,all_ads,/r/terraluna/comments/uk1t78/here_doing_gods_work_first_come/,False,6,1651884837,1,[removed],True,False,False,terraluna,t5_2y4t5,39857,public,self,"Here doing gods work, first come.",0,[],1.0,https://www.reddit.com/r/terraluna/comments/uk1t78/here_doing_gods_work_first_come/,all_ads,6,1651856026.0,reddit,,,,,,
12,[],False,N8DZN,,[],,text,t2_iocb4,False,False,False,[],False,False,1651883173,self.terraluna,https://www.reddit.com/r/terraluna/comments/uk1bnh/easy_what_for_us_in_the_usa_to_stake_ust/,{},uk1bnh,False,True,False,False,False,True,True,False,#8bb681,[],9d679f2a-be26-11eb-bf7a-0e312f6a845b,Anchor,dark,text,False,False,True,0,0,False,all_ads,/r/terraluna/comments/uk1bnh/easy_what_for_us_in_the_usa_to_stake_ust/,False,6,1651883184,1,"So the only option I see for me is to use binance us 

Buy the only network supported is eth and Binance chain 

Is there a way to easily transfer the ust to the terra station USING ONLY MOBILE",True,False,False,terraluna,t5_2y4t5,39855,public,self,Easy what for us in the USA to stake ust,0,[],1.0,https://www.reddit.com/r/terraluna/comments/uk1bnh/easy_what_for_us_in_the_usa_to_stake_ust/,all_ads,6,1651854373.0,,,,,,,
13,[],False,rakanxr,,[],,text,t2_6gn8yy2v,False,False,False,[],False,False,1651881245,i.redd.it,https://www.reddit.com/r/terraluna/comments/uk0pu8/luna_after_recent_crash_just_chillin_in_the_sun/,{},uk0pu8,False,False,False,False,True,False,False,False,#00a6a5,[],8aaf7226-be27-11eb-9fa0-0e9d4cb62d6b,Memes,light,text,False,False,True,0,0,False,all_ads,/r/terraluna/comments/uk0pu8/luna_after_recent_crash_just_chillin_in_the_sun/,False,6,1651881256,1,,True,False,False,terraluna,t5_2y4t5,39855,public,https://b.thumbs.redditmedia.com/qFT_4LK_9ZvOOI28aIPa5rLtTnL-v1U0Uv370P_T-Kw.jpg,Luna after recent crash just chillin in the sun till next pump,0,[],1.0,https://i.redd.it/xvlce7ji1yx81.jpg,all_ads,6,1651852445.0,reddit,image,"{'enabled': True, 'images': [{'id': 'IeBzHYkl6qpDUvyrOpIXaexcyBD1lYJveIetFKGejXw', 'resolutions': [{'height': 105, 'url': 'https://preview.redd.it/xvlce7ji1yx81.jpg?width=108&amp;crop=smart&amp;auto=webp&amp;s=4ad78944e1a065d25dca70dff65379b56fcdf1df', 'width': 108}, {'height': 211, 'url': 'https://preview.redd.it/xvlce7ji1yx81.jpg?width=216&amp;crop=smart&amp;auto=webp&amp;s=9f51a28efba4777b7d64dc85284ec76cba2bd693', 'width': 216}, {'height': 313, 'url': 'https://preview.redd.it/xvlce7ji1yx81.jpg?width=320&amp;crop=smart&amp;auto=webp&amp;s=9d7ac681042662a3c4e0808f12c4a6822d6652bf', 'width': 320}, {'height': 626, 'url': 'https://preview.redd.it/xvlce7ji1yx81.jpg?width=640&amp;crop=smart&amp;auto=webp&amp;s=a9696719ee900779df175f3cc1872b8625e84068', 'width': 640}, {'height': 940, 'url': 'https://preview.redd.it/xvlce7ji1yx81.jpg?width=960&amp;crop=smart&amp;auto=webp&amp;s=4c45b7ad991f7bff87eda891010f9f72a5f84590', 'width': 960}, {'height': 1057, 'url': 'https://preview.redd.it/xvlce7ji1yx81.jpg?width=1080&amp;crop=smart&amp;auto=webp&amp;s=79090ea247a2616dafbb11424e8776e6079050c5', 'width': 1080}], 'source': {'height': 1841, 'url': 'https://preview.redd.it/xvlce7ji1yx81.jpg?auto=webp&amp;s=3a640280ba495824cf64c883fdfa011b761c2d81', 'width': 1880}, 'variants': {}}]}",137.0,140.0,https://i.redd.it/xvlce7ji1yx81.jpg,
14,[],False,antelopejackfruit,,[],,text,t2_8kseb6in,False,False,False,[],False,False,1651878120,self.terraluna,https://www.reddit.com/r/terraluna/comments/ujzqj8/staking_lp_tokens_with_stader/,{},ujzqj8,False,True,False,False,False,True,True,False,#ea0027,[],e2e89fae-d1ae-11eb-ac7c-0eaa7b7dd161,Support,light,text,False,False,True,1,0,False,all_ads,/r/terraluna/comments/ujzqj8/staking_lp_tokens_with_stader/,False,6,1651878130,1,"I staked LP LunaX - bLuna tokens on Stader and it says I'm supposed to be getting 15,000 SD tokens daily.  However, I'm not seeing anything show up - where should I be seeing this and how long does it usually take to be deposited?

&amp;#x200B;

&amp;#x200B;

https://preview.redd.it/y8tfkanqrxx81.png?width=439&amp;format=png&amp;auto=webp&amp;s=d9e0ff3e0b42285a0c946e2958b22a8fe628e588",True,False,False,terraluna,t5_2y4t5,39851,public,https://b.thumbs.redditmedia.com/PNHpZasIR6RuM3dThD-vWkKCWJgutl3Byb6Hq5ddDrE.jpg,Staking LP Tokens with Stader??,0,[],1.0,https://www.reddit.com/r/terraluna/comments/ujzqj8/staking_lp_tokens_with_stader/,all_ads,6,1651849320.0,,,,140.0,140.0,,"{'y8tfkanqrxx81': {'e': 'Image', 'id': 'y8tfkanqrxx81', 'm': 'image/png', 'p': [{'u': 'https://preview.redd.it/y8tfkanqrxx81.png?width=108&amp;crop=smart&amp;auto=webp&amp;s=e1963d40efef5b89116e5afbfd03e697eda8b6a6', 'x': 108, 'y': 174}, {'u': 'https://preview.redd.it/y8tfkanqrxx81.png?width=216&amp;crop=smart&amp;auto=webp&amp;s=440d0e7a38f3096fe5e039137663a3e20c3a0246', 'x': 216, 'y': 349}, {'u': 'https://preview.redd.it/y8tfkanqrxx81.png?width=320&amp;crop=smart&amp;auto=webp&amp;s=f054df22f410207a48a98fa560321d20e03e358e', 'x': 320, 'y': 518}], 's': {'u': 'https://preview.redd.it/y8tfkanqrxx81.png?width=439&amp;format=png&amp;auto=webp&amp;s=d9e0ff3e0b42285a0c946e2958b22a8fe628e588', 'x': 439, 'y': 711}, 'status': 'valid'}}"
15,[],False,Illustrious-Goal-377,,[],,text,t2_c016pknf,False,False,False,[],False,False,1651877601,self.terraluna,https://www.reddit.com/r/terraluna/comments/ujzk9u/how_to_buy_luna_without_using_kucoin_and/,{},ujzk9u,False,True,False,False,False,True,True,False,#7193ff,[],844cbda8-be27-11eb-b4ba-0e4cc1e38c35,Discussion,dark,text,False,False,True,0,0,False,all_ads,/r/terraluna/comments/ujzk9u/how_to_buy_luna_without_using_kucoin_and/,False,6,1651877611,1,"HI,

If anyone could help I'd really appreciate it. I want to buy LUNA without using KuCoin and [Crypto.com](https://Crypto.com), does anyone have any suggestions? I want to also stake and earn yield on it. Does anyone have a preference between Lido and StaderLabs?",True,False,False,terraluna,t5_2y4t5,39851,public,self,How to buy LUNA without using KuCoin and Crypto.com in US,0,[],1.0,https://www.reddit.com/r/terraluna/comments/ujzk9u/how_to_buy_luna_without_using_kucoin_and/,all_ads,6,1651848801.0,,self,"{'enabled': False, 'images': [{'id': 'CRCsePS2U5hRdpWnGOUwszx1WMeeHS503nZw_a5UK-8', 'resolutions': [{'height': 56, 'url': 'https://external-preview.redd.it/h4CRA-D8mOjch58T5aIXlIKJfR6cE-h7W5rQml1uVuU.jpg?width=108&amp;crop=smart&amp;auto=webp&amp;s=7a2bfd99c71705498a15d5a7d9f464e771c5f458', 'width': 108}, {'height': 113, 'url': 'https://external-preview.redd.it/h4CRA-D8mOjch58T5aIXlIKJfR6cE-h7W5rQml1uVuU.jpg?width=216&amp;crop=smart&amp;auto=webp&amp;s=b35c038e37ba9b0b86ceb453fb198d074c23437f', 'width': 216}, {'height': 167, 'url': 'https://external-preview.redd.it/h4CRA-D8mOjch58T5aIXlIKJfR6cE-h7W5rQml1uVuU.jpg?width=320&amp;crop=smart&amp;auto=webp&amp;s=a748c38b9385d201aad3b7988055cacc20eafd87', 'width': 320}, {'height': 335, 'url': 'https://external-preview.redd.it/h4CRA-D8mOjch58T5aIXlIKJfR6cE-h7W5rQml1uVuU.jpg?width=640&amp;crop=smart&amp;auto=webp&amp;s=3c64cb4a20c574df26a87e92e28472e2fcb39b96', 'width': 640}, {'height': 502, 'url': 'https://external-preview.redd.it/h4CRA-D8mOjch58T5aIXlIKJfR6cE-h7W5rQml1uVuU.jpg?width=960&amp;crop=smart&amp;auto=webp&amp;s=cc4f1940aa85d5526cc1f5afed4b31b7a0ed6ccd', 'width': 960}, {'height': 565, 'url': 'https://external-preview.redd.it/h4CRA-D8mOjch58T5aIXlIKJfR6cE-h7W5rQml1uVuU.jpg?width=1080&amp;crop=smart&amp;auto=webp&amp;s=f59c6af39e811baac00a6f91eb0a27946780e2b1', 'width': 1080}], 'source': {'height': 1309, 'url': 'https://external-preview.redd.it/h4CRA-D8mOjch58T5aIXlIKJfR6cE-h7W5rQml1uVuU.jpg?auto=webp&amp;s=1fee0c77cf11fc65eee9c7c33839daf5f9c94923', 'width': 2500}, 'variants': {}}]}",,,,
16,[],False,something092,,[],,text,t2_izxt692r,False,False,False,[],False,False,1651876168,self.terraluna,https://www.reddit.com/r/terraluna/comments/ujz33a/cant_find_wallet_memo_to_send_from_celsius_to/,{},ujz33a,False,True,False,False,False,True,True,False,#ea0027,[],e2e89fae-d1ae-11eb-ac7c-0eaa7b7dd161,Support,light,text,False,False,True,1,0,False,all_ads,/r/terraluna/comments/ujz33a/cant_find_wallet_memo_to_send_from_celsius_to/,False,6,1651876179,1,I’m trying to send some LUNA coins from my Celsius wallet to terra station but it requires a memo and an address. What can I find the memo on Terra station?,True,False,False,terraluna,t5_2y4t5,39850,public,self,Can’t find wallet memo to send from Celsius to terra station,0,[],1.0,https://www.reddit.com/r/terraluna/comments/ujz33a/cant_find_wallet_memo_to_send_from_celsius_to/,all_ads,6,1651847368.0,,,,,,,
17,[],False,OppositeAlps4035,,[],,text,t2_c51n7fjr,False,False,False,[],False,False,1651869121,self.terraluna,https://www.reddit.com/r/terraluna/comments/ujwlb8/need_alice_ramp_invite_code_dm_please/,{},ujwlb8,False,True,False,False,False,True,True,False,#8844f6,[],58bcf2d4-be27-11eb-8d50-0e227113ea6b,Alice,light,text,False,False,True,0,0,False,all_ads,/r/terraluna/comments/ujwlb8/need_alice_ramp_invite_code_dm_please/,False,6,1651869132,1,Need Alice Ramp Invite Code. DM please,True,False,False,terraluna,t5_2y4t5,39847,public,self,Need Alice Ramp Invite Code. DM please,0,[],1.0,https://www.reddit.com/r/terraluna/comments/ujwlb8/need_alice_ramp_invite_code_dm_please/,all_ads,6,1651840321.0,,,,,,,
18,[],False,juansinruido,,[],,text,t2_9rco7l51,False,False,False,[],False,False,1651866171,loop.markets,https://www.reddit.com/r/terraluna/comments/ujviua/let_the_anchor_war_begin_are_you_ready/,{},ujviua,False,True,False,False,False,True,False,False,#dadada,[],773e7b1a-be27-11eb-a721-0eb5d708beb5,Terra Ecosystem,dark,text,False,False,False,0,0,True,all_ads,/r/terraluna/comments/ujviua/let_the_anchor_war_begin_are_you_ready/,False,6,1651866182,1,,True,False,False,terraluna,t5_2y4t5,39845,public,nsfw,"Let the Anchor war begin, are you ready?",0,[],1.0,https://www.loop.markets/let-the-anchor-war-begin/,promo_adult_nsfw,3,1651837371.0,,link,"{'enabled': False, 'images': [{'id': '45zZMmkyRY6bT4NNeBd-GQy5mEWHgkOsig1UKWAs9rw', 'resolutions': [{'height': 59, 'url': 'https://external-preview.redd.it/bOc7RPV9YbHgE3tzmdQtf1cgrZfuS3wAtC0xsAXn94Q.jpg?width=108&amp;crop=smart&amp;auto=webp&amp;s=8c3a0043a8fe78951c69e5326e90834c58ee259c', 'width': 108}, {'height': 119, 'url': 'https://external-preview.redd.it/bOc7RPV9YbHgE3tzmdQtf1cgrZfuS3wAtC0xsAXn94Q.jpg?width=216&amp;crop=smart&amp;auto=webp&amp;s=bf0cfea7158818e38454a6956d8ab5311f66fdea', 'width': 216}, {'height': 177, 'url': 'https://external-preview.redd.it/bOc7RPV9YbHgE3tzmdQtf1cgrZfuS3wAtC0xsAXn94Q.jpg?width=320&amp;crop=smart&amp;auto=webp&amp;s=52ea5d74c9290e4da2fa77cb06db0f259eeec4b1', 'width': 320}, {'height': 354, 'url': 'https://external-preview.redd.it/bOc7RPV9YbHgE3tzmdQtf1cgrZfuS3wAtC0xsAXn94Q.jpg?width=640&amp;crop=smart&amp;auto=webp&amp;s=1ffb9ced2051f372f2706e8c3c610a12811e6c5d', 'width': 640}], 'source': {'height': 500, 'url': 'https://external-preview.redd.it/bOc7RPV9YbHgE3tzmdQtf1cgrZfuS3wAtC0xsAXn94Q.jpg?auto=webp&amp;s=76003392f1d0032aa5ee6a921d149086e63f0995', 'width': 903}, 'variants': {'nsfw': {'resolutions': [{'height': 59, 'url': 'https://external-preview.redd.it/bOc7RPV9YbHgE3tzmdQtf1cgrZfuS3wAtC0xsAXn94Q.jpg?width=108&amp;crop=smart&amp;blur=10&amp;format=pjpg&amp;auto=webp&amp;s=9482a551bcc51d4c244084027c24dc89b363df20', 'width': 108}, {'height': 119, 'url': 'https://external-preview.redd.it/bOc7RPV9YbHgE3tzmdQtf1cgrZfuS3wAtC0xsAXn94Q.jpg?width=216&amp;crop=smart&amp;blur=21&amp;format=pjpg&amp;auto=webp&amp;s=8945c1c932f7365ae5004c821d85e17b2dae4f64', 'width': 216}, {'height': 177, 'url': 'https://external-preview.redd.it/bOc7RPV9YbHgE3tzmdQtf1cgrZfuS3wAtC0xsAXn94Q.jpg?width=320&amp;crop=smart&amp;blur=32&amp;format=pjpg&amp;auto=webp&amp;s=621a9e3083e613d3ffa6619c7fb58f948e90434a', 'width': 320}, {'height': 354, 'url': 'https://external-preview.redd.it/bOc7RPV9YbHgE3tzmdQtf1cgrZfuS3wAtC0xsAXn94Q.jpg?width=640&amp;crop=smart&amp;blur=40&amp;format=pjpg&amp;auto=webp&amp;s=1bde8a4441b8c65331838e83e8b878c16bbfde88', 'width': 640}], 'source': {'height': 500, 'url': 'https://external-preview.redd.it/bOc7RPV9YbHgE3tzmdQtf1cgrZfuS3wAtC0xsAXn94Q.jpg?blur=40&amp;format=pjpg&amp;auto=webp&amp;s=5bdcb995ecd6b5ee391cfbbd99eafe736c2cba00', 'width': 903}}, 'obfuscated': {'resolutions': [{'height': 59, 'url': 'https://external-preview.redd.it/bOc7RPV9YbHgE3tzmdQtf1cgrZfuS3wAtC0xsAXn94Q.jpg?width=108&amp;crop=smart&amp;blur=10&amp;format=pjpg&amp;auto=webp&amp;s=9482a551bcc51d4c244084027c24dc89b363df20', 'width': 108}, {'height': 119, 'url': 'https://external-preview.redd.it/bOc7RPV9YbHgE3tzmdQtf1cgrZfuS3wAtC0xsAXn94Q.jpg?width=216&amp;crop=smart&amp;blur=21&amp;format=pjpg&amp;auto=webp&amp;s=8945c1c932f7365ae5004c821d85e17b2dae4f64', 'width': 216}, {'height': 177, 'url': 'https://external-preview.redd.it/bOc7RPV9YbHgE3tzmdQtf1cgrZfuS3wAtC0xsAXn94Q.jpg?width=320&amp;crop=smart&amp;blur=32&amp;format=pjpg&amp;auto=webp&amp;s=621a9e3083e613d3ffa6619c7fb58f948e90434a', 'width': 320}, {'height': 354, 'url': 'https://external-preview.redd.it/bOc7RPV9YbHgE3tzmdQtf1cgrZfuS3wAtC0xsAXn94Q.jpg?width=640&amp;crop=smart&amp;blur=40&amp;format=pjpg&amp;auto=webp&amp;s=1bde8a4441b8c65331838e83e8b878c16bbfde88', 'width': 640}], 'source': {'height': 500, 'url': 'https://external-preview.redd.it/bOc7RPV9YbHgE3tzmdQtf1cgrZfuS3wAtC0xsAXn94Q.jpg?blur=40&amp;format=pjpg&amp;auto=webp&amp;s=5bdcb995ecd6b5ee391cfbbd99eafe736c2cba00', 'width': 903}}}}]}",77.0,140.0,https://www.loop.markets/let-the-anchor-war-begin/,
19,[],False,Randomlolguyxd,,[],,text,t2_onchg,False,False,False,[],False,False,1651860060,self.terraluna,https://www.reddit.com/r/terraluna/comments/ujtc86/question_about_phylon_protocol/,{},ujtc86,False,True,False,False,False,True,True,False,#0266b3,[],3a5eb644-ded7-11eb-86e1-0e12d082a285,Pylon,light,text,False,False,True,0,0,False,all_ads,/r/terraluna/comments/ujtc86/question_about_phylon_protocol/,False,6,1651860071,1,Hey I just came back to check this since I had some UST there for some projects I liked it is lokced until next month or so but when I came back they changed how it works and now it doesnt display the projects I was supporting or when Im getting my UST back anyone know how it works now or did they just rug?,True,False,False,terraluna,t5_2y4t5,39840,public,self,Question about Phylon protocol,0,[],1.0,https://www.reddit.com/r/terraluna/comments/ujtc86/question_about_phylon_protocol/,all_ads,6,1651831260.0,,,,,,,
20,[],False,George_Orama,,[],,text,t2_949hogwv,False,False,True,[],False,False,1651856826,self.terraluna,https://www.reddit.com/r/terraluna/comments/ujs5tf/luna_just_overtook_solana_in_market_cap_now_the/,{},ujs5tf,False,True,False,False,False,True,True,False,#dadada,[],773e7b1a-be27-11eb-a721-0eb5d708beb5,Terra Ecosystem,dark,text,False,False,True,0,0,True,all_ads,/r/terraluna/comments/ujs5tf/luna_just_overtook_solana_in_market_cap_now_the/,False,6,1651856837,1,Both at $27bn something. It's very close. Who wins?,True,False,False,terraluna,t5_2y4t5,39836,public,nsfw,"Luna just overtook Solana in market cap, now the 7th crypto",0,[],1.0,https://www.reddit.com/r/terraluna/comments/ujs5tf/luna_just_overtook_solana_in_market_cap_now_the/,promo_adult_nsfw,3,1651828026.0,,,,,,,
21,[],False,firesonatlas,,[],,text,t2_2jt8w8sm,False,False,False,[],False,False,1651856719,self.terraluna,https://www.reddit.com/r/terraluna/comments/ujs4ew/alice_fiat_on_and_offramp_times_so_far_prime/,{},ujs4ew,False,True,False,False,False,True,True,False,#8844f6,[],58bcf2d4-be27-11eb-8d50-0e227113ea6b,Alice,light,text,False,False,True,1,0,False,all_ads,/r/terraluna/comments/ujs4ew/alice_fiat_on_and_offramp_times_so_far_prime/,False,6,1651856729,1,"I’ve been on Alice since 4/28 when someone was nice enough to share a code on Reddit.

My limits listed were $500 for instant fiat deposit and $5k per fiat regular deposit.

$500 deposit on 4/28 no issues.
Decided to deposit $5k 3x $15k fiat total.

Was warned that it may take between 5-10 business days. No sweat.

Meanwhile, Terra wallet deposits to Alice have been near-instant to the tune of $30k.

Contacted Alice support today to see how my fiat on-ramp is doing, day 6.

Advised to reconnect Plaid/bank to Alice, ‘poor connection between bank account and Plaid’, so I did just that.

I did have this issue with Prime trust and Kado; their customer support contacted Prime trust and prime released the funds to Kado.
I thought Alice cust supt would do the same but no, a Plaid reconnect.

Not a complaint post at all.
Will see what happens and update.

So far, have only off-ramped $500 to bank, took less than 5 minutes to show up.",True,False,False,terraluna,t5_2y4t5,39835,public,self,"Alice fiat on and off-ramp times so far, prime trust issues compared to Kado",0,[],1.0,https://www.reddit.com/r/terraluna/comments/ujs4ew/alice_fiat_on_and_offramp_times_so_far_prime/,all_ads,6,1651827919.0,,,,,,,
22,[],False,The-Angry-Viking,,[],,text,t2_h2zai243,False,False,False,[],False,False,1651853732,self.terraluna,https://www.reddit.com/r/terraluna/comments/ujr1av/help_please_i_am_unsure_of_how_to_move_forward/,{},ujr1av,False,True,False,False,False,True,True,False,#ea0027,[],e2e89fae-d1ae-11eb-ac7c-0eaa7b7dd161,Support,light,text,False,False,False,1,0,False,all_ads,/r/terraluna/comments/ujr1av/help_please_i_am_unsure_of_how_to_move_forward/,False,6,1651853743,1,"I currently hold a small amount of UST on an exchange. I made a terra station wallet, but the exchange that holds my UST doesn’t allow direct transfer of ust. I would like to join the party and gain a little bit of APY but apparently I’m too stupid to figure it out.",True,False,False,terraluna,t5_2y4t5,39833,public,self,"Help please, I am unsure of how to move forward.",0,[],1.0,https://www.reddit.com/r/terraluna/comments/ujr1av/help_please_i_am_unsure_of_how_to_move_forward/,all_ads,6,1651824932.0,,,,,,,
23,[],False,antelopejackfruit,,[],,text,t2_8kseb6in,False,False,False,[],False,False,1651852969,self.terraluna,https://www.reddit.com/r/terraluna/comments/ujqr3u/how_can_i_find_the_staking_rewards_apy_for/,{},ujqr3u,False,True,False,False,False,True,True,False,#ea0027,[],e2e89fae-d1ae-11eb-ac7c-0eaa7b7dd161,Support,light,text,False,False,True,1,0,False,all_ads,/r/terraluna/comments/ujqr3u/how_can_i_find_the_staking_rewards_apy_for/,False,6,1651852979,1,,True,False,False,terraluna,t5_2y4t5,39833,public,self,How can I find the staking rewards APY for holding bLUNA in my wallet?,0,[],1.0,https://www.reddit.com/r/terraluna/comments/ujqr3u/how_can_i_find_the_staking_rewards_apy_for/,all_ads,6,1651824169.0,,,,,,,
