,all_awardings,allow_live_comments,author,author_flair_background_color,author_flair_css_class,author_flair_richtext,author_flair_text,author_flair_text_color,author_flair_type,author_fullname,author_is_blocked,author_patreon_flair,author_premium,awarders,can_mod_post,contest_mode,created_utc,domain,full_link,gildings,id,is_created_from_ads_ui,is_crosspostable,is_meta,is_original_content,is_reddit_media_domain,is_robot_indexable,is_self,is_video,link_flair_background_color,link_flair_css_class,link_flair_richtext,link_flair_template_id,link_flair_text,link_flair_text_color,link_flair_type,locked,media_only,no_follow,num_comments,num_crossposts,over_18,parent_whitelist_status,permalink,pinned,pwls,retrieved_on,score,selftext,send_replies,spoiler,stickied,subreddit,subreddit_id,subreddit_subscribers,subreddit_type,suggested_sort,thumbnail,title,total_awards_received,treatment_tags,upvote_ratio,url,whitelist_status,wls,created,media_metadata,post_hint,preview,thumbnail_height,thumbnail_width
0,[],False,Optimal_Store,,,"[{'e': 'text', 't': ""console.log('Sell wife for crypto');""}]",console.log('Sell wife for crypto');,dark,richtext,t2_a0egzzpu,False,False,False,[],False,False,1651516019,self.CryptoCurrency,https://www.reddit.com/r/CryptoCurrency/comments/ugw74r/hex/,{},ugw74r,False,True,False,False,False,True,True,False,#7193ff,DISCUSSION,"[{'e': 'text', 't': 'DISCUSSION'}]",87049662-0882-11e5-82e1-0e9d1a9f7761,DISCUSSION,dark,richtext,False,False,True,2,0,False,all_ads,/r/CryptoCurrency/comments/ugw74r/hex/,False,6,1651516030,1,"Anytime somebody shits on Hex in here we always get a couple of people defending Hex by some version of “but no one lost money” or “if you had gotten in before you’d be financially set.”

Setting aside the fact that early buyers are simply lucky and feed off people who buy Hex later (like now) how is Hex even interesting? Better yet, what’s so interesting about a coin that is advertised as something that will make you rich? That is boring and useless.

For the hex fans let me ask you this:

\&gt;Which is the better product? A volatile coin with a historic downtrend that promises 40% staking rewards with a 10 year lock or a product that gives you 20% and allows you to withdraw anytime and is stable?

&gt;Let me ask it a different way. Would you tell your grandma to protect her wealth with Hex or with a stablecoin? I think the answer is obvious

So If you’re a Hex fan and you want REAL returns go to Anchor and deposit UST for 19.5% APY. Or go to Yearn and lend your USDC for double digits. Or how about just staking any legitimate coin like Cosmos, Ethereum, and Ada? Hell, even Amp at 3%? Or go to Curve and deposit into stablecoin pools!

In case it wasn’t obvious my official stance on Hex is that’s it boring, useless, and a SCAM! So for my Hex fans what’s your reason for still investing in scam Hex?",False,False,False,CryptoCurrency,t5_2wlj3,4791513,public,new,self,Hex??,0,[],1.0,https://www.reddit.com/r/CryptoCurrency/comments/ugw74r/hex/,all_ads,6,1651487219.0,,,,,
1,[],False,jakekick1999,,,"[{'e': 'text', 't': 'Platinum | QC: CC 59 | r/AMD 18'}]",Platinum | QC: CC 59 | r/AMD 18,dark,richtext,t2_1skbhg06,False,False,True,[],False,False,1651507711,self.CryptoCurrency,https://www.reddit.com/r/CryptoCurrency/comments/ugt2l4/a_small_look_at_a_new_bsc_launch_project_galaxy/,{},ugt2l4,False,True,False,True,False,True,True,False,#add2e2,ADVICE,"[{'e': 'text', 't': 'ANALYSIS'}]",c1034ee6-9c2a-11e3-a8c4-12313b0e8e20,ANALYSIS,dark,richtext,False,False,True,1,0,False,all_ads,/r/CryptoCurrency/comments/ugt2l4/a_small_look_at_a_new_bsc_launch_project_galaxy/,False,6,1651507722,1," I stake a small amount of BNB on Binance in their Flexible savings investment. I know I know, blasphemous that I am using a CEX. But I do need a way to purchase UST every month and having some BNB reduces the fees by 50%.

While you have some BNB locked in flexible savings, everytime a new coin gets on the BNB launchpad, you will earn some coins based on how much BNB you have in the flexible savings. So recently, I noticed that I was getting some new token called the GAL or Project Galaxy. So I thought I’ll dig deeper and see what’s this about.

[From Coin Market Cap](https://preview.redd.it/omutab4563x81.png?width=1198&amp;format=png&amp;auto=webp&amp;s=0d1f9d28cd6caea56eb49c10b7c5e1f951d71a04)

 Ah so its not not on CMC and makes sense too. The project is on the Binance Smart Chain Launchpad and it’s sort of like an ICO week going on. This is also reflective of the price, which is zero regardless of the amount of token you have.

[Worth currently nothing](https://preview.redd.it/yea1bvjd63x81.png?width=575&amp;format=png&amp;auto=webp&amp;s=589b93155a9d830b5311fae00fb6c8f0323b42c2)

 Fine then, lemme see what the marketing it about. They claim to be “the largest Web3 credential data network in the world” and that credentials are any activity that you have performed on chain. So essentially like how we have an advertisement ID associated with us to track our preferences and suggest ads, this is sort of like a report card of our conduct on the blockchains. This means we can show off our past and record on chain activity as well as off chain activity on platforms like Github as well. This might be a better way to dox a person or community as we have more paper trail to see what this developer or community has done. 

 My opinion is that this seems like a viable use case for a project. Not completely useless but something that can improve if it gets more adoption.

So then looking at the tokenomics:

[The breakdown of the tokenomics taken from their website](https://preview.redd.it/3cy28fwj63x81.png?width=1340&amp;format=png&amp;auto=webp&amp;s=f956ab24eb6b7bf06d6f2c9afe59bc6ecc0c775a)

GAL has a total supply of 200,000,000 tokens. Community, treasury, team and marketing together form 60% of token supply. They say fully unlocked at TGE which I am a bit lost on sorry. If someone can help me out with that word in the comment let me know.

More importantly there is governance that allows GAL token holders to control the amount of the platform fee collected by the protocol, and control funds held by the Project Galaxy Community Treasury.

Then there is also airdrop of GAL for early adopters who hold NFTs, active in discord and what not. Not really something I like to see but it is a reward for being involved in the project since its May 2021 Launch so can’t really complain.

Overall, if BAT allows you to control your advertisement data then this project aims to be a way to show off your good intentions on various blockchains and project contributions. So I would keep my eye on this project and maybe invest a little as well

Thank you for reading this and if you have any suggestions on what I can do better or add to this, please let me know. My first time reading up about a project and sharing it with you guys.

Link to the project website: [https://galaxy.eco/](https://galaxy.eco/)",True,False,False,CryptoCurrency,t5_2wlj3,4791016,public,new,https://a.thumbs.redditmedia.com/qmKYWoxn2EhJKJRkDC6-TlQxJsTz43hQ20ZkbaHfHV4.jpg,A small look at a new BSC launch - Project Galaxy,0,[],1.0,https://www.reddit.com/r/CryptoCurrency/comments/ugt2l4/a_small_look_at_a_new_bsc_launch_project_galaxy/,all_ads,6,1651478911.0,"{'3cy28fwj63x81': {'e': 'Image', 'id': '3cy28fwj63x81', 'm': 'image/png', 'p': [{'u': 'https://preview.redd.it/3cy28fwj63x81.png?width=108&amp;crop=smart&amp;auto=webp&amp;s=bdc5107290f9e7b8727c79c0fcb53d121aebc34d', 'x': 108, 'y': 92}, {'u': 'https://preview.redd.it/3cy28fwj63x81.png?width=216&amp;crop=smart&amp;auto=webp&amp;s=44a58a1f3dea2c1ec146320f01836a717766eba1', 'x': 216, 'y': 185}, {'u': 'https://preview.redd.it/3cy28fwj63x81.png?width=320&amp;crop=smart&amp;auto=webp&amp;s=93989ffd6ce24fe27a97cabbcfd7c98b918775ab', 'x': 320, 'y': 274}, {'u': 'https://preview.redd.it/3cy28fwj63x81.png?width=640&amp;crop=smart&amp;auto=webp&amp;s=c02a44f0308acc49504be08f8f6673367ad6795f', 'x': 640, 'y': 548}, {'u': 'https://preview.redd.it/3cy28fwj63x81.png?width=960&amp;crop=smart&amp;auto=webp&amp;s=ae9ca1129382471c0fcf53bf82965131fc8025ca', 'x': 960, 'y': 822}, {'u': 'https://preview.redd.it/3cy28fwj63x81.png?width=1080&amp;crop=smart&amp;auto=webp&amp;s=4d9a4590f0012da58144e25b17347351135098d1', 'x': 1080, 'y': 925}], 's': {'u': 'https://preview.redd.it/3cy28fwj63x81.png?width=1340&amp;format=png&amp;auto=webp&amp;s=f956ab24eb6b7bf06d6f2c9afe59bc6ecc0c775a', 'x': 1340, 'y': 1148}, 'status': 'valid'}, 'omutab4563x81': {'e': 'Image', 'id': 'omutab4563x81', 'm': 'image/png', 'p': [{'u': 'https://preview.redd.it/omutab4563x81.png?width=108&amp;crop=smart&amp;auto=webp&amp;s=a40f1a3fdf6a1f7beac6490df1cab7979f7fb629', 'x': 108, 'y': 29}, {'u': 'https://preview.redd.it/omutab4563x81.png?width=216&amp;crop=smart&amp;auto=webp&amp;s=759223b1fc6fb4c09490b3c47534e24b0ddc2cad', 'x': 216, 'y': 58}, {'u': 'https://preview.redd.it/omutab4563x81.png?width=320&amp;crop=smart&amp;auto=webp&amp;s=b6cfc062c5bac8c2e5cd90f0119b48566324f9a8', 'x': 320, 'y': 87}, {'u': 'https://preview.redd.it/omutab4563x81.png?width=640&amp;crop=smart&amp;auto=webp&amp;s=679faf709558623bde6d5c0fb0b6d3a099e7c381', 'x': 640, 'y': 174}, {'u': 'https://preview.redd.it/omutab4563x81.png?width=960&amp;crop=smart&amp;auto=webp&amp;s=967de400e8d4db405d172e0c2cc8fed7bae2514a', 'x': 960, 'y': 262}, {'u': 'https://preview.redd.it/omutab4563x81.png?width=1080&amp;crop=smart&amp;auto=webp&amp;s=127ea4a311b86d16c5afe5f7dfc7046f5c14c210', 'x': 1080, 'y': 294}], 's': {'u': 'https://preview.redd.it/omutab4563x81.png?width=1198&amp;format=png&amp;auto=webp&amp;s=0d1f9d28cd6caea56eb49c10b7c5e1f951d71a04', 'x': 1198, 'y': 327}, 'status': 'valid'}, 'yea1bvjd63x81': {'e': 'Image', 'id': 'yea1bvjd63x81', 'm': 'image/png', 'p': [{'u': 'https://preview.redd.it/yea1bvjd63x81.png?width=108&amp;crop=smart&amp;auto=webp&amp;s=0371dc515db27fce6f3f577af397a2392fca2358', 'x': 108, 'y': 17}, {'u': 'https://preview.redd.it/yea1bvjd63x81.png?width=216&amp;crop=smart&amp;auto=webp&amp;s=e30c0c3534e27c2a857e385700d8d54b1d7021d1', 'x': 216, 'y': 35}, {'u': 'https://preview.redd.it/yea1bvjd63x81.png?width=320&amp;crop=smart&amp;auto=webp&amp;s=c73108eae1584c7f112a5813d073a00953040471', 'x': 320, 'y': 52}], 's': {'u': 'https://preview.redd.it/yea1bvjd63x81.png?width=575&amp;format=png&amp;auto=webp&amp;s=589b93155a9d830b5311fae00fb6c8f0323b42c2', 'x': 575, 'y': 95}, 'status': 'valid'}}",self,"{'enabled': False, 'images': [{'id': 'stYt7_eWlQA1tENK_iM4t4Bkdlyv5Fxx0f84p2uVP0w', 'resolutions': [{'height': 56, 'url': 'https://external-preview.redd.it/PXI0fN5Ob2p62IYtxnxItah2X2Bh5YeIeNGYuVZNjNM.jpg?width=108&amp;crop=smart&amp;auto=webp&amp;s=b2d399ef57aefe992802029d35ac94ec07d2caaf', 'width': 108}, {'height': 113, 'url': 'https://external-preview.redd.it/PXI0fN5Ob2p62IYtxnxItah2X2Bh5YeIeNGYuVZNjNM.jpg?width=216&amp;crop=smart&amp;auto=webp&amp;s=ff69678a8650500a7c027e66ff9c022fd5244cb0', 'width': 216}, {'height': 167, 'url': 'https://external-preview.redd.it/PXI0fN5Ob2p62IYtxnxItah2X2Bh5YeIeNGYuVZNjNM.jpg?width=320&amp;crop=smart&amp;auto=webp&amp;s=10b5157ec23ca385747a5ac37e12063eb255844b', 'width': 320}, {'height': 334, 'url': 'https://external-preview.redd.it/PXI0fN5Ob2p62IYtxnxItah2X2Bh5YeIeNGYuVZNjNM.jpg?width=640&amp;crop=smart&amp;auto=webp&amp;s=ac3947001212d204cd64825919d1effa24ce97ca', 'width': 640}, {'height': 502, 'url': 'https://external-preview.redd.it/PXI0fN5Ob2p62IYtxnxItah2X2Bh5YeIeNGYuVZNjNM.jpg?width=960&amp;crop=smart&amp;auto=webp&amp;s=10d02f654a4db9901823ac3788a79b5b639c0dbb', 'width': 960}, {'height': 565, 'url': 'https://external-preview.redd.it/PXI0fN5Ob2p62IYtxnxItah2X2Bh5YeIeNGYuVZNjNM.jpg?width=1080&amp;crop=smart&amp;auto=webp&amp;s=e845f4a657b2daaaca507a2ed00fea6ecfdc8ff2', 'width': 1080}], 'source': {'height': 785, 'url': 'https://external-preview.redd.it/PXI0fN5Ob2p62IYtxnxItah2X2Bh5YeIeNGYuVZNjNM.jpg?auto=webp&amp;s=f0d28d41b2a65ec2b3839242aa6f09e1d1e9d3d1', 'width': 1500}, 'variants': {}}]}",38.0,140.0
