,all_awardings,allow_live_comments,author,author_flair_background_color,author_flair_css_class,author_flair_richtext,author_flair_text,author_flair_text_color,author_flair_type,author_fullname,author_is_blocked,author_patreon_flair,author_premium,awarders,can_mod_post,contest_mode,created_utc,domain,full_link,gildings,id,is_created_from_ads_ui,is_crosspostable,is_meta,is_original_content,is_reddit_media_domain,is_robot_indexable,is_self,is_video,link_flair_background_color,link_flair_css_class,link_flair_richtext,link_flair_template_id,link_flair_text,link_flair_text_color,link_flair_type,locked,media_only,no_follow,num_comments,num_crossposts,over_18,parent_whitelist_status,permalink,pinned,pwls,retrieved_on,score,selftext,send_replies,spoiler,stickied,subreddit,subreddit_id,subreddit_subscribers,subreddit_type,thumbnail,title,total_awards_received,treatment_tags,upvote_ratio,url,whitelist_status,wls,created,suggested_sort,removed_by_category,post_hint,preview,thumbnail_height,thumbnail_width,url_overridden_by_dest
0,[],False,ilushkin,,Warning-level2-2,"[{'e': 'text', 't': 'Tin'}]",Tin,dark,richtext,t2_fheb,False,False,False,[],False,False,1651295988,self.CryptoCurrency,https://www.reddit.com/r/CryptoCurrency/comments/uf4d73/state_of_crypto/,{},uf4d73,False,True,False,False,False,True,True,False,#c403f5,COMEDY,"[{'e': 'text', 't': 'COMEDY'}]",5c104cfc-d7c8-11e4-9d14-22000b6902b0,COMEDY,dark,richtext,False,False,True,2,0,False,all_ads,/r/CryptoCurrency/comments/uf4d73/state_of_crypto/,False,6,1651295999,1,"Every smart ass now makes not just a shitcoin (memecoin), but a L1 shitcoin: Luna, Avax, Solana, Near, Azero, Mina, and so on.

  Moreover, the supply of these shitcoin L1 is preferably unlimited (these are so-called unlimited money), in order to dump on retail forever and ever.
  In the middle, venture investors (Alameda, 3 Arrows Capital, Sino Capital) penetrate, who, like parasites, buy these tokens cheaply and then also dump on retail.

  Additionally, these scam L1 create the base for the scam defi ecosystems, which are completely ponzi and also invented to make money out of thin air. 
This is staged environment. Any of these defi projects don’t add up if you ask questions, where do the returns they pay out come from. It is always so complicated that no one actually understands, because it is not real, everyone goes along with it.

  Retailers are already fed up with all this and they rushed to the NFTs, where there are no vc’s, but even there retail faced completely illiquid jpegs that essentially turn to zero once hype is gone.

This is the state of crypto now. Those who didn’t exit on time, screwed. The point of crypto being crypto and not tech stock companies is to run away from responsibilities from their investors

Those who think that Bitcoin is better than other shitcoins should ask themselves why whales and vc’s now happily dumping btc on them.",True,False,False,CryptoCurrency,t5_2wlj3,4781708,public,self,State of crypto,0,[],1.0,https://www.reddit.com/r/CryptoCurrency/comments/uf4d73/state_of_crypto/,all_ads,6,1651267188.0,,,,,,,
1,[],False,Maria_Joana,,,[],,,text,t2_14cel6,False,False,False,[],False,False,1651253527,self.CryptoCurrency,https://www.reddit.com/r/CryptoCurrency/comments/uer3hi/staking_terra_luna_in_stader_labs/,{},uer3hi,False,True,False,False,False,True,True,False,#7193ff,STAKING,"[{'e': 'text', 't': 'STAKING'}]",e3cef78c-d01a-11eb-b75b-0eda6f21cfc9,STAKING,dark,richtext,False,False,True,1,0,False,all_ads,/r/CryptoCurrency/comments/uer3hi/staking_terra_luna_in_stader_labs/,False,6,1651253537,1,"I have my lunas staked in Stader Labs in the option ""Stake+"" (this option i think will do autocompound)

&amp;#x200B;

I Delegated to one single validador all the lunas

&amp;#x200B;

I can see the locked Lunas in the validador, but i cant see the rewards

&amp;#x200B;

Is there a minimum period? I think the rewards will be in luna and they are auto-compounded, im right?

&amp;#x200B;

The stake was 9 days ago, but i cant see any reward.

&amp;#x200B;

I need to do something or i need to wait a time period like 21 days?

&amp;#x200B;

With Solana the rewards are in 3 days+-

&amp;#x200B;

Can anyone help me",True,False,False,CryptoCurrency,t5_2wlj3,4779927,public,self,Staking Terra Luna in Stader Labs,0,[],1.0,https://www.reddit.com/r/CryptoCurrency/comments/uer3hi/staking_terra_luna_in_stader_labs/,all_ads,6,1651224727.0,new,,,,,,
2,[],False,Maria_Joana,,,[],,,text,t2_14cel6,False,False,False,[],False,False,1651252945,self.CryptoCurrency,https://www.reddit.com/r/CryptoCurrency/comments/ueqwaz/i_have_my_lunas_staked_in_stader_labs_stake/,{},ueqwaz,False,True,False,False,False,True,True,False,#7193ff,STAKING,"[{'e': 'text', 't': 'STAKING'}]",e3cef78c-d01a-11eb-b75b-0eda6f21cfc9,STAKING,dark,richtext,False,False,True,1,0,False,all_ads,/r/CryptoCurrency/comments/ueqwaz/i_have_my_lunas_staked_in_stader_labs_stake/,False,6,1651252956,1," 

I have my lunas staked in Stader Labs ""Stake+""

When i receive the rewards? Is there a minimum period? I think the rewards will be in luna and they are auto-compounded, im right?

The stake was 9 days ago, but i cant see any reward.

 

I have my lunas staked in Stader Labs ""Stake+""

When i receive the rewards? Is there a minimum period? I think the rewards will be in luna and they are auto-compounded, im right?

The stake was 9 days ago, but i cant see any reward.

 

I have my lunas staked in Stader Labs ""Stake+""

When i receive the rewards? Is there a minimum period? I think the rewards will be in luna and they are auto-compounded, im right?

The stake was 9 days ago, but i cant see any reward.",True,False,False,CryptoCurrency,t5_2wlj3,4779896,public,self,"I have my lunas staked in Stader Labs ""Stake+""",0,[],1.0,https://www.reddit.com/r/CryptoCurrency/comments/ueqwaz/i_have_my_lunas_staked_in_stader_labs_stake/,all_ads,6,1651224145.0,new,,,,,,
3,[],False,Maria_Joana,,,[],,,text,t2_14cel6,False,False,False,[],False,False,1651252763,self.CryptoCurrency,https://www.reddit.com/r/CryptoCurrency/comments/ueqtwp/terra_luna_staked_in_stader_labs_stake/,{},ueqtwp,False,False,False,False,False,False,True,False,#7193ff,DISCUSSION,"[{'e': 'text', 't': 'DISCUSSION'}]",87049662-0882-11e5-82e1-0e9d1a9f7761,DISCUSSION,dark,richtext,False,False,True,1,0,False,all_ads,/r/CryptoCurrency/comments/ueqtwp/terra_luna_staked_in_stader_labs_stake/,False,6,1651252773,1,[removed],True,False,False,CryptoCurrency,t5_2wlj3,4779887,public,self,"Terra Luna Staked in Stader Labs ""Stake+""",0,[],1.0,https://www.reddit.com/r/CryptoCurrency/comments/ueqtwp/terra_luna_staked_in_stader_labs_stake/,all_ads,6,1651223963.0,,moderator,,,,,
4,[],False,Maria_Joana,,,[],,,text,t2_14cel6,False,False,False,[],False,False,1651252574,self.CryptoCurrency,https://www.reddit.com/r/CryptoCurrency/comments/ueqrgu/stader_labs_stake_terra_luna_staking/,{},ueqrgu,False,False,False,False,False,False,True,False,#7193ff,STAKING,"[{'e': 'text', 't': 'STAKING'}]",e3cef78c-d01a-11eb-b75b-0eda6f21cfc9,STAKING,dark,richtext,False,False,True,1,0,False,all_ads,/r/CryptoCurrency/comments/ueqrgu/stader_labs_stake_terra_luna_staking/,False,6,1651252584,1,[removed],True,False,False,CryptoCurrency,t5_2wlj3,4779876,public,self,"Stader Labs ""Stake+"" Terra Luna Staking",0,[],1.0,https://www.reddit.com/r/CryptoCurrency/comments/ueqrgu/stader_labs_stake_terra_luna_staking/,all_ads,6,1651223774.0,,moderator,,,,,
5,[],False,Maria_Joana,,,[],,,text,t2_14cel6,False,False,False,[],False,False,1651252477,i.redd.it,https://www.reddit.com/r/CryptoCurrency/comments/ueqq70/stader_labs_stake_rewards_i_have_my_lunas_staked/,{},ueqq70,False,False,False,False,True,False,False,False,#7193ff,STAKING,"[{'e': 'text', 't': 'STAKING'}]",e3cef78c-d01a-11eb-b75b-0eda6f21cfc9,STAKING,dark,richtext,False,False,True,3,0,False,all_ads,/r/CryptoCurrency/comments/ueqq70/stader_labs_stake_rewards_i_have_my_lunas_staked/,False,6,1651252488,1,,True,False,False,CryptoCurrency,t5_2wlj3,4779873,public,https://a.thumbs.redditmedia.com/PPE5y0Fz6zWvvoF5bJI3Na00Qws55C7nLmZzspNDrk0.jpg,"Stader Labs ""Stake+"" Rewards. I have my lunas staked in Stader Labs ""Stake+"" When i receive the rewards? Is there a minimum period? I think the rewards will be in luna and they are auto-compounded, im right? The stake was 9 days ago, but i cant see any reward.",0,[],1.0,https://i.redd.it/0xmtw3ts3iw81.png,all_ads,6,1651223677.0,new,moderator,image,"{'enabled': True, 'images': [{'id': 'E_SOLPMe2_-K7z_pzb8md_dEViTD6U2ytrYv1pQmDVw', 'resolutions': [{'height': 55, 'url': 'https://preview.redd.it/0xmtw3ts3iw81.png?width=108&amp;crop=smart&amp;auto=webp&amp;s=472b4971df8865b2b85f0df21809cee2981adfc4', 'width': 108}, {'height': 111, 'url': 'https://preview.redd.it/0xmtw3ts3iw81.png?width=216&amp;crop=smart&amp;auto=webp&amp;s=b2f0aa92c807d8a88bff2210805e29922d6263b7', 'width': 216}, {'height': 165, 'url': 'https://preview.redd.it/0xmtw3ts3iw81.png?width=320&amp;crop=smart&amp;auto=webp&amp;s=e6fe0d0ec8462741d7b79e5ed89174c4656a5a2d', 'width': 320}, {'height': 330, 'url': 'https://preview.redd.it/0xmtw3ts3iw81.png?width=640&amp;crop=smart&amp;auto=webp&amp;s=1692dc7f34ab3f4cfb36ec7560323317cd9e1692', 'width': 640}, {'height': 496, 'url': 'https://preview.redd.it/0xmtw3ts3iw81.png?width=960&amp;crop=smart&amp;auto=webp&amp;s=dcac31420c82af85cf3c87cf84d3a1953da5cb82', 'width': 960}, {'height': 558, 'url': 'https://preview.redd.it/0xmtw3ts3iw81.png?width=1080&amp;crop=smart&amp;auto=webp&amp;s=f4c4cd66b9564c17ad3ddb6d9c00fa0b2e86f067', 'width': 1080}], 'source': {'height': 617, 'url': 'https://preview.redd.it/0xmtw3ts3iw81.png?auto=webp&amp;s=bb8c252013878a95c25347ea5655dcac453cb027', 'width': 1193}, 'variants': {}}]}",72.0,140.0,https://i.redd.it/0xmtw3ts3iw81.png
