,all_awardings,allow_live_comments,author,author_flair_css_class,author_flair_richtext,author_flair_text,author_flair_type,author_fullname,author_is_blocked,author_patreon_flair,author_premium,awarders,can_mod_post,contest_mode,created_utc,domain,full_link,gildings,id,is_created_from_ads_ui,is_crosspostable,is_meta,is_original_content,is_reddit_media_domain,is_robot_indexable,is_self,is_video,link_flair_background_color,link_flair_richtext,link_flair_template_id,link_flair_text,link_flair_text_color,link_flair_type,locked,media_only,no_follow,num_comments,num_crossposts,over_18,parent_whitelist_status,permalink,pinned,pwls,retrieved_on,score,selftext,send_replies,spoiler,stickied,subreddit,subreddit_id,subreddit_subscribers,subreddit_type,thumbnail,title,total_awards_received,treatment_tags,upvote_ratio,url,whitelist_status,wls,created,media,media_embed,post_hint,preview,secure_media,secure_media_embed,thumbnail_height,thumbnail_width,url_overridden_by_dest,removed_by_category
0,[],False,cashmoney12399,,[],,text,t2_3ostq4x9,False,False,False,[],False,False,1651851394,self.terraluna,https://www.reddit.com/r/terraluna/comments/ujq6fn/looking_for_alice_invite_code/,{},ujq6fn,False,True,False,False,False,True,True,False,#8844f6,[],58bcf2d4-be27-11eb-8d50-0e227113ea6b,Alice,light,text,False,False,False,0,0,False,all_ads,/r/terraluna/comments/ujq6fn/looking_for_alice_invite_code/,False,6,1651851405,1,Would love for someone to DM Alice invite code!,True,False,False,terraluna,t5_2y4t5,39834,public,self,Looking for Alice invite code.,0,[],1.0,https://www.reddit.com/r/terraluna/comments/ujq6fn/looking_for_alice_invite_code/,all_ads,6,1651822594.0,,,,,,,,,,
1,[],False,phaseshift999,,[],,text,t2_gu7cu1ws,False,False,False,[],False,False,1651846140,self.terraluna,https://www.reddit.com/r/terraluna/comments/ujob29/terra_station_vs_leap_wallet_which_one_do_you/,{},ujob29,False,True,False,False,False,True,True,False,#7193ff,[],844cbda8-be27-11eb-b4ba-0e4cc1e38c35,Discussion,dark,text,False,False,True,0,0,False,all_ads,/r/terraluna/comments/ujob29/terra_station_vs_leap_wallet_which_one_do_you/,False,6,1651846151,1,"I'm new to Terra ecosystem and would like some advice on Terra Station vs Leap Wallet

1. Is there anything that Terra Station offers that Leap Wallet don't ?",True,False,False,terraluna,t5_2y4t5,39828,public,self,"Terra Station vs Leap Wallet, which one do you choose &amp; why?",0,[],1.0,https://www.reddit.com/r/terraluna/comments/ujob29/terra_station_vs_leap_wallet_which_one_do_you/,all_ads,6,1651817340.0,,,,,,,,,,
2,[],False,OhJonnyBoy67,,[],,text,t2_kk33dewr,False,False,False,[],False,False,1651843289,twitter.com,https://www.reddit.com/r/terraluna/comments/ujncls/ust_has_been_added_to_umee_noice/,{},ujncls,False,True,False,False,False,True,False,False,#0079d3,[],03824094-abf3-11eb-b835-0e8771f36147,Updates,light,text,False,False,True,0,0,False,all_ads,/r/terraluna/comments/ujncls/ust_has_been_added_to_umee_noice/,False,6,1651843299,1,,True,False,False,terraluna,t5_2y4t5,39827,public,https://b.thumbs.redditmedia.com/kuV6YiUfjBfy0vKpubU8ZXSiY_JcfWyRtvL82i2VMRk.jpg,"$UST has been added to Umee, Noice!",0,[],1.0,https://twitter.com/Umee_CrossChain/status/1522532077199147008,all_ads,6,1651814489.0,"{'oembed': {'author_name': 'Umee 🌊', 'author_url': 'https://twitter.com/Umee_CrossChain', 'cache_age': 3153600000, 'height': None, 'html': '&lt;blockquote class=""twitter-video""&gt;&lt;p lang=""en"" dir=""ltr""&gt;&lt;a href=""https://twitter.com/terra_money?ref_src=twsrc%5Etfw""&gt;@terra_money&lt;/a&gt; is now connected with &lt;a href=""https://twitter.com/hashtag/Umeemania?src=hash&amp;amp;ref_src=twsrc%5Etfw""&gt;#Umeemania&lt;/a&gt;! 🤝&lt;br&gt;&lt;br&gt;Come and get some sweet Terra tokens from the &lt;a href=""https://twitter.com/hashtag/Umeemania?src=hash&amp;amp;ref_src=twsrc%5Etfw""&gt;#Umeemania&lt;/a&gt; faucet now! 🚰&lt;br&gt;&lt;br&gt;Supported by both Keplr and Terra Station wallets!&lt;br&gt;👂 &lt;a href=""https://twitter.com/hashtag/LUNAtics?src=hash&amp;amp;ref_src=twsrc%5Etfw""&gt;#LUNAtics&lt;/a&gt; &amp;amp; &lt;a href=""https://twitter.com/hashtag/UmeeManiacs?src=hash&amp;amp;ref_src=twsrc%5Etfw""&gt;#UmeeManiacs&lt;/a&gt;…&lt;br&gt;LFG!!! 🌊 🚀 🌕 &lt;a href=""https://t.co/WgeQvalXoC""&gt;pic.twitter.com/WgeQvalXoC&lt;/a&gt;&lt;/p&gt;&amp;mdash; Umee 🌊 (@Umee_CrossChain) &lt;a href=""https://twitter.com/Umee_CrossChain/status/1522532077199147008?ref_src=twsrc%5Etfw""&gt;May 6, 2022&lt;/a&gt;&lt;/blockquote&gt;\n&lt;script async src=""https://platform.twitter.com/widgets.js"" charset=""utf-8""&gt;&lt;/script&gt;\n', 'provider_name': 'Twitter', 'provider_url': 'https://twitter.com', 'type': 'rich', 'url': 'https://twitter.com/Umee_CrossChain/status/1522532077199147008', 'version': '1.0', 'width': 350}, 'type': 'twitter.com'}","{'content': '&lt;blockquote class=""twitter-video""&gt;&lt;p lang=""en"" dir=""ltr""&gt;&lt;a href=""https://twitter.com/terra_money?ref_src=twsrc%5Etfw""&gt;@terra_money&lt;/a&gt; is now connected with &lt;a href=""https://twitter.com/hashtag/Umeemania?src=hash&amp;amp;ref_src=twsrc%5Etfw""&gt;#Umeemania&lt;/a&gt;! 🤝&lt;br&gt;&lt;br&gt;Come and get some sweet Terra tokens from the &lt;a href=""https://twitter.com/hashtag/Umeemania?src=hash&amp;amp;ref_src=twsrc%5Etfw""&gt;#Umeemania&lt;/a&gt; faucet now! 🚰&lt;br&gt;&lt;br&gt;Supported by both Keplr and Terra Station wallets!&lt;br&gt;👂 &lt;a href=""https://twitter.com/hashtag/LUNAtics?src=hash&amp;amp;ref_src=twsrc%5Etfw""&gt;#LUNAtics&lt;/a&gt; &amp;amp; &lt;a href=""https://twitter.com/hashtag/UmeeManiacs?src=hash&amp;amp;ref_src=twsrc%5Etfw""&gt;#UmeeManiacs&lt;/a&gt;…&lt;br&gt;LFG!!! 🌊 🚀 🌕 &lt;a href=""https://t.co/WgeQvalXoC""&gt;pic.twitter.com/WgeQvalXoC&lt;/a&gt;&lt;/p&gt;&amp;mdash; Umee 🌊 (@Umee_CrossChain) &lt;a href=""https://twitter.com/Umee_CrossChain/status/1522532077199147008?ref_src=twsrc%5Etfw""&gt;May 6, 2022&lt;/a&gt;&lt;/blockquote&gt;\n&lt;script async src=""https://platform.twitter.com/widgets.js"" charset=""utf-8""&gt;&lt;/script&gt;\n', 'height': 200, 'scrolling': False, 'width': 350}",link,"{'enabled': False, 'images': [{'id': 'J25LFCDZkT6az1MtilJ983eMii6z-mKmG_yCYPI2HnY', 'resolutions': [{'height': 60, 'url': 'https://external-preview.redd.it/iq2abqyI-D8Ph5cdTltBlMsNag0RA87f1CY7ACh8J7c.jpg?width=108&amp;crop=smart&amp;auto=webp&amp;s=8e7e01db2a812981069945bdecade3979d2572a0', 'width': 108}], 'source': {'height': 78, 'url': 'https://external-preview.redd.it/iq2abqyI-D8Ph5cdTltBlMsNag0RA87f1CY7ACh8J7c.jpg?auto=webp&amp;s=001af94764de7d2e92c633b56b9dadb42699d3e6', 'width': 140}, 'variants': {}}]}","{'oembed': {'author_name': 'Umee 🌊', 'author_url': 'https://twitter.com/Umee_CrossChain', 'cache_age': 3153600000, 'height': None, 'html': '&lt;blockquote class=""twitter-video""&gt;&lt;p lang=""en"" dir=""ltr""&gt;&lt;a href=""https://twitter.com/terra_money?ref_src=twsrc%5Etfw""&gt;@terra_money&lt;/a&gt; is now connected with &lt;a href=""https://twitter.com/hashtag/Umeemania?src=hash&amp;amp;ref_src=twsrc%5Etfw""&gt;#Umeemania&lt;/a&gt;! 🤝&lt;br&gt;&lt;br&gt;Come and get some sweet Terra tokens from the &lt;a href=""https://twitter.com/hashtag/Umeemania?src=hash&amp;amp;ref_src=twsrc%5Etfw""&gt;#Umeemania&lt;/a&gt; faucet now! 🚰&lt;br&gt;&lt;br&gt;Supported by both Keplr and Terra Station wallets!&lt;br&gt;👂 &lt;a href=""https://twitter.com/hashtag/LUNAtics?src=hash&amp;amp;ref_src=twsrc%5Etfw""&gt;#LUNAtics&lt;/a&gt; &amp;amp; &lt;a href=""https://twitter.com/hashtag/UmeeManiacs?src=hash&amp;amp;ref_src=twsrc%5Etfw""&gt;#UmeeManiacs&lt;/a&gt;…&lt;br&gt;LFG!!! 🌊 🚀 🌕 &lt;a href=""https://t.co/WgeQvalXoC""&gt;pic.twitter.com/WgeQvalXoC&lt;/a&gt;&lt;/p&gt;&amp;mdash; Umee 🌊 (@Umee_CrossChain) &lt;a href=""https://twitter.com/Umee_CrossChain/status/1522532077199147008?ref_src=twsrc%5Etfw""&gt;May 6, 2022&lt;/a&gt;&lt;/blockquote&gt;\n&lt;script async src=""https://platform.twitter.com/widgets.js"" charset=""utf-8""&gt;&lt;/script&gt;\n', 'provider_name': 'Twitter', 'provider_url': 'https://twitter.com', 'type': 'rich', 'url': 'https://twitter.com/Umee_CrossChain/status/1522532077199147008', 'version': '1.0', 'width': 350}, 'type': 'twitter.com'}","{'content': '&lt;blockquote class=""twitter-video""&gt;&lt;p lang=""en"" dir=""ltr""&gt;&lt;a href=""https://twitter.com/terra_money?ref_src=twsrc%5Etfw""&gt;@terra_money&lt;/a&gt; is now connected with &lt;a href=""https://twitter.com/hashtag/Umeemania?src=hash&amp;amp;ref_src=twsrc%5Etfw""&gt;#Umeemania&lt;/a&gt;! 🤝&lt;br&gt;&lt;br&gt;Come and get some sweet Terra tokens from the &lt;a href=""https://twitter.com/hashtag/Umeemania?src=hash&amp;amp;ref_src=twsrc%5Etfw""&gt;#Umeemania&lt;/a&gt; faucet now! 🚰&lt;br&gt;&lt;br&gt;Supported by both Keplr and Terra Station wallets!&lt;br&gt;👂 &lt;a href=""https://twitter.com/hashtag/LUNAtics?src=hash&amp;amp;ref_src=twsrc%5Etfw""&gt;#LUNAtics&lt;/a&gt; &amp;amp; &lt;a href=""https://twitter.com/hashtag/UmeeManiacs?src=hash&amp;amp;ref_src=twsrc%5Etfw""&gt;#UmeeManiacs&lt;/a&gt;…&lt;br&gt;LFG!!! 🌊 🚀 🌕 &lt;a href=""https://t.co/WgeQvalXoC""&gt;pic.twitter.com/WgeQvalXoC&lt;/a&gt;&lt;/p&gt;&amp;mdash; Umee 🌊 (@Umee_CrossChain) &lt;a href=""https://twitter.com/Umee_CrossChain/status/1522532077199147008?ref_src=twsrc%5Etfw""&gt;May 6, 2022&lt;/a&gt;&lt;/blockquote&gt;\n&lt;script async src=""https://platform.twitter.com/widgets.js"" charset=""utf-8""&gt;&lt;/script&gt;\n', 'height': 200, 'media_domain_url': 'https://www.redditmedia.com/mediaembed/ujncls', 'scrolling': False, 'width': 350}",78.0,140.0,https://twitter.com/Umee_CrossChain/status/1522532077199147008,
3,[],False,Glass_Pace_2200,,[],,text,t2_d758tqpm,False,False,False,[],False,False,1651833839,thenewscrypto.com,https://www.reddit.com/r/terraluna/comments/ujkm51/luna_foundation_guard_lfg_adds_37863_bitcoin_btc/,{},ujkm51,False,True,False,False,False,True,False,False,#ab912b,[],692c7f0e-e7cb-11eb-a117-0ed30301aa27,News,light,text,False,False,True,0,0,False,all_ads,/r/terraluna/comments/ujkm51/luna_foundation_guard_lfg_adds_37863_bitcoin_btc/,False,6,1651833850,1,,True,False,False,terraluna,t5_2y4t5,39823,public,https://b.thumbs.redditmedia.com/0O6SqOAbIQHC6ust9R9Uo0_Y1T56QjbIYDsn0vZn3hc.jpg,"Luna Foundation Guard (LFG) Adds 37,863 Bitcoin (BTC) to its Reserves",0,[],1.0,https://thenewscrypto.com/luna-foundation-guard-lfg-adds-37863-bitcoin-btc-to-its-reserves/,all_ads,6,1651805039.0,,,link,"{'enabled': False, 'images': [{'id': 'iV59MNUvkm9HFzTiXdYluGJo4QPu3k9PXSsVp2ptkhs', 'resolutions': [{'height': 61, 'url': 'https://external-preview.redd.it/riY-m8JDZveHxzy1HN6zs7Bila2QL2BT0t14TCDXfn8.jpg?width=108&amp;crop=smart&amp;auto=webp&amp;s=fb83cd16bc571333194badd96c82d2e63b2880b2', 'width': 108}, {'height': 122, 'url': 'https://external-preview.redd.it/riY-m8JDZveHxzy1HN6zs7Bila2QL2BT0t14TCDXfn8.jpg?width=216&amp;crop=smart&amp;auto=webp&amp;s=2ae984737aa55d8ff74ba37005c06fe6cbf2f9ad', 'width': 216}, {'height': 181, 'url': 'https://external-preview.redd.it/riY-m8JDZveHxzy1HN6zs7Bila2QL2BT0t14TCDXfn8.jpg?width=320&amp;crop=smart&amp;auto=webp&amp;s=bf12e69a64a5d802aa6369fdb3a68d9472a8ceec', 'width': 320}, {'height': 363, 'url': 'https://external-preview.redd.it/riY-m8JDZveHxzy1HN6zs7Bila2QL2BT0t14TCDXfn8.jpg?width=640&amp;crop=smart&amp;auto=webp&amp;s=2f34e6613e8020f9d45b0aaeafb553fa54413541', 'width': 640}], 'source': {'height': 480, 'url': 'https://external-preview.redd.it/riY-m8JDZveHxzy1HN6zs7Bila2QL2BT0t14TCDXfn8.jpg?auto=webp&amp;s=83a7ce63ca0edb510843fc5be27fdcea7479b2ad', 'width': 844}, 'variants': {}}]}",,,79.0,140.0,https://thenewscrypto.com/luna-foundation-guard-lfg-adds-37863-bitcoin-btc-to-its-reserves/,
4,[],False,Beautiful_Pin_3943,,[],,text,t2_id9n3yaq,False,False,False,[],False,False,1651830599,self.terraluna,https://www.reddit.com/r/terraluna/comments/ujju71/big_problem_with_anchor_debt_grows_4_times_faster/,{},ujju71,False,True,False,False,False,True,True,False,#8bb681,[],9d679f2a-be26-11eb-bf7a-0e312f6a845b,Anchor,dark,text,False,False,True,0,0,False,all_ads,/r/terraluna/comments/ujju71/big_problem_with_anchor_debt_grows_4_times_faster/,False,6,1651830610,1,"Hi,

I depositied bLuna as collateral and took 10 000 UST debt (actually -10.4% APR borrow).

Then deposited these 10 000 UST into Ancor itself (+18% APY).

The problem is : my debt is growing 4 times faster than my deposit (all in UST).

WTF Are they lying on the TRUE rates ???",True,False,False,terraluna,t5_2y4t5,39823,public,self,Big problem with Anchor : Debt grows 4 times faster than deposits ???,0,[],1.0,https://www.reddit.com/r/terraluna/comments/ujju71/big_problem_with_anchor_debt_grows_4_times_faster/,all_ads,6,1651801799.0,,,,,,,,,,
5,[],False,EEMS_783,,[],,text,t2_9u79874q,False,False,False,[],False,False,1651830073,cryptobizdaily.com,https://www.reddit.com/r/terraluna/comments/ujjq3p/luna_foundation_now_holds_more_bitcoin_than_tesla/,{},ujjq3p,False,False,False,False,False,False,False,False,#ab912b,[],692c7f0e-e7cb-11eb-a117-0ed30301aa27,News,light,text,False,False,True,0,0,False,all_ads,/r/terraluna/comments/ujjq3p/luna_foundation_now_holds_more_bitcoin_than_tesla/,False,6,1651830083,1,,True,False,False,terraluna,t5_2y4t5,39824,public,https://b.thumbs.redditmedia.com/jkC38U3IESbzLac391LcCVGQgJ1fj88TRkapiV3NJtY.jpg,Luna Foundation Now Holds More Bitcoin Than Tesla,0,[],1.0,https://cryptobizdaily.com/luna-foundation-now-holds-more-bitcoin-than-tesla/,all_ads,6,1651801273.0,,,link,"{'enabled': False, 'images': [{'id': 'VefTy9Waz1bxwe-1v5O8u2diVrfwUFIDho8aae8zbls', 'resolutions': [{'height': 60, 'url': 'https://external-preview.redd.it/_fmoGT65Wa0EoiIvWtz2nOyJV7SQWKlYd0nc7nbV_Oc.jpg?width=108&amp;crop=smart&amp;auto=webp&amp;s=772468fa541e9bcc3f98bda39e6a4061dc251bcd', 'width': 108}, {'height': 121, 'url': 'https://external-preview.redd.it/_fmoGT65Wa0EoiIvWtz2nOyJV7SQWKlYd0nc7nbV_Oc.jpg?width=216&amp;crop=smart&amp;auto=webp&amp;s=870fb97710468d9f4c161f9428409d95a3eac7e9', 'width': 216}, {'height': 180, 'url': 'https://external-preview.redd.it/_fmoGT65Wa0EoiIvWtz2nOyJV7SQWKlYd0nc7nbV_Oc.jpg?width=320&amp;crop=smart&amp;auto=webp&amp;s=9e896c369fcc5d00405d2d5c2194620b7318573a', 'width': 320}, {'height': 360, 'url': 'https://external-preview.redd.it/_fmoGT65Wa0EoiIvWtz2nOyJV7SQWKlYd0nc7nbV_Oc.jpg?width=640&amp;crop=smart&amp;auto=webp&amp;s=e8c93b03b47e2433816ab159a3aa380a7b9ca6fa', 'width': 640}, {'height': 540, 'url': 'https://external-preview.redd.it/_fmoGT65Wa0EoiIvWtz2nOyJV7SQWKlYd0nc7nbV_Oc.jpg?width=960&amp;crop=smart&amp;auto=webp&amp;s=3207b4a0389a14f75064e2a8f96448a966bb0835', 'width': 960}, {'height': 607, 'url': 'https://external-preview.redd.it/_fmoGT65Wa0EoiIvWtz2nOyJV7SQWKlYd0nc7nbV_Oc.jpg?width=1080&amp;crop=smart&amp;auto=webp&amp;s=50be8eb2f86341bbf9dde63573533a7b147fec23', 'width': 1080}], 'source': {'height': 675, 'url': 'https://external-preview.redd.it/_fmoGT65Wa0EoiIvWtz2nOyJV7SQWKlYd0nc7nbV_Oc.jpg?auto=webp&amp;s=77a196c610d046f27bffbdd6d8ea884fe216aa6d', 'width': 1200}, 'variants': {}}]}",,,78.0,140.0,https://cryptobizdaily.com/luna-foundation-now-holds-more-bitcoin-than-tesla/,reddit
6,[],False,OppositeAlps4035,,[],,text,t2_c51n7fjr,False,False,False,[],False,False,1651817562,self.terraluna,https://www.reddit.com/r/terraluna/comments/ujgz84/alice_ramp_invide_code_please_dm/,{},ujgz84,False,True,False,False,False,True,True,False,#8844f6,[],58bcf2d4-be27-11eb-8d50-0e227113ea6b,Alice,light,text,False,False,True,0,0,False,all_ads,/r/terraluna/comments/ujgz84/alice_ramp_invide_code_please_dm/,False,6,1651817572,1,need Alice Ramp Invide Code please dm,True,False,False,terraluna,t5_2y4t5,39818,public,self,Alice Ramp Invide Code Please dm,0,[],1.0,https://www.reddit.com/r/terraluna/comments/ujgz84/alice_ramp_invide_code_please_dm/,all_ads,6,1651788762.0,,,,,,,,,,
7,[],False,Official_CKM,,[],,text,t2_4imki333,False,False,False,[],False,False,1651817443,self.terraluna,https://www.reddit.com/r/terraluna/comments/ujgy8g/breaking_news_another_btc_buy/,{},ujgy8g,False,True,False,False,False,True,True,False,#7193ff,[],844cbda8-be27-11eb-b4ba-0e4cc1e38c35,Discussion,dark,text,False,False,True,0,0,False,all_ads,/r/terraluna/comments/ujgy8g/breaking_news_another_btc_buy/,False,6,1651817454,1,Luna Foundation Guard Purchased Another $1.5 Billion Worth of Bitcoin,True,False,False,terraluna,t5_2y4t5,39818,public,self,Breaking News- Another BTC buy,0,[],1.0,https://www.reddit.com/r/terraluna/comments/ujgy8g/breaking_news_another_btc_buy/,all_ads,6,1651788643.0,,,,,,,,,,
8,[],False,smuve_dude,,[],,text,t2_2mq6e2xj,False,False,False,[],False,False,1651802696,self.terraluna,https://www.reddit.com/r/terraluna/comments/ujcyvr/lots_of_talk_of_a_looming_recession_thats_similar/,{},ujcyvr,False,True,False,False,False,True,True,False,#7193ff,[],844cbda8-be27-11eb-b4ba-0e4cc1e38c35,Discussion,dark,text,False,False,True,0,0,False,all_ads,/r/terraluna/comments/ujcyvr/lots_of_talk_of_a_looming_recession_thats_similar/,False,6,1651802706,1,"DISCLAIMER: This isn't meant to be a doomsday post. I'm more interested to hear what others think.

I've wondered about the effect of crypto if/when something like the 2008 recession happens. It sounds like there are 6 major Bitcoin holders out there that own almost all the currently-minted Bitcoin. Satoshi Nakamoto's one of them, but the other 5 are massive companies/financial institutions. The other 5 combined are huge, and companies are dumping their digital assets right now for liquidity in case we have another 2008 incident... This is what I've gathered from various articles online anyway.

Luckily LGF's quickly becoming one of the largest holders, but if the other 4 or 5 holders dump their Bitcoin, then the price will drop. To me, this would be a black swan event, and Bitcoin's value could return back to pre-2017 numbers (well below $10,000). Hopefully this doesn't happen as that would hurt Luna quite a bit short-term. It would probably help Luna long-term because LGF's still buying Bitcoin, and they have a lot more to go. They could buy it at a huge discount if something like this happens (provided they don't need to pivot), and come out on top once Bitcoin's price recovers.

That said, cryptocurrency came into existence in 2009. This was right before the 2008 recession. Crypto hasn't had an opportunity to exist during a major, historic recession like the stock markets have. If this recession happens (and it very well could), then who knows what'll happen to crypto. It could lose a lot of credibility, or it could be a game changer. Crypto/NFTs seem to serve as the foundation of what might become Web3 as the industry figures that out.

I do realize that these are all largely related USA economy concerns, and crypto is a globalized entity. The USA's economy is NOT the world's economy, but it is a major player, and the rest of the world's economies aren't doing so well either:

- The world still hasn't realized the full economic consequences of the pandemic
- Microchip shortage among other supply issues
- China's COVID lockdowns and current stance against crypto policies
- The Ukraine War/Russian invasion
  - Sanctions on Russia
  - The energy crisis throughout Europe
  - The threat of nuclear war from Russia

The world's a scarier place than ever right now. Who knows what will happen.

On the flipside, maybe this is a major opportunity for crypto? If so many economies tank then maybe people all over the world will turn to cryptocurrencies as they temporarily lose faith in their countries' governments and economies. Especially while crypto's still new enough to be unregulated quite a bit from governments.

I'm feeling the FUD quite a bit right now. This is (potentially) my first major recession in my adult life, so I have no reference experience. My current thoughts is if it comes down to a recession or depression, then it's real HODL. I'd like to hunker down, and wait out the storm with my holdings throughout the recession for the several years it can take. I'd possibly even use this as an opportunity to buy at a discount), but who knows. There's still a lot of skepticism that crypto is more than just a fad.

What's everyone else's thoughts?",True,False,False,terraluna,t5_2y4t5,39800,public,self,Lots of Talk of a Looming Recession That's Similar to 2008. What Could this Mean for Luna &amp; Crypto,0,[],1.0,https://www.reddit.com/r/terraluna/comments/ujcyvr/lots_of_talk_of_a_looming_recession_thats_similar/,all_ads,6,1651773896.0,,,,,,,,,,
9,[],False,NderX68,,[],,text,t2_jbgus4fv,False,False,False,[],False,False,1651801894,self.terraluna,https://www.reddit.com/r/terraluna/comments/ujcppw/looking_for_alice_ramp_invite_code/,{},ujcppw,False,True,False,False,False,True,True,False,#8844f6,[],58bcf2d4-be27-11eb-8d50-0e227113ea6b,Alice,light,text,False,False,True,0,0,False,all_ads,/r/terraluna/comments/ujcppw/looking_for_alice_ramp_invite_code/,False,6,1651801905,1,"code only, pls, no links",True,False,False,terraluna,t5_2y4t5,39799,public,self,looking for Alice Ramp invite code,0,[],1.0,https://www.reddit.com/r/terraluna/comments/ujcppw/looking_for_alice_ramp_invite_code/,all_ads,6,1651773094.0,,,,,,,,,,
10,[],False,metamucilhelpsmepoo,,[],,text,t2_b1ifovs0,False,False,False,[],False,False,1651796133,self.terraluna,https://www.reddit.com/r/terraluna/comments/ujb3e4/alice_invite_code_needed_hoping_this_thread_can/,{},ujb3e4,False,True,False,False,False,True,True,False,#8844f6,[],58bcf2d4-be27-11eb-8d50-0e227113ea6b,Alice,light,text,False,False,True,0,0,False,all_ads,/r/terraluna/comments/ujb3e4/alice_invite_code_needed_hoping_this_thread_can/,False,6,1651796143,1,Title^,True,False,False,terraluna,t5_2y4t5,39796,public,self,Alice invite code needed! Hoping this thread can also promote more code drops in comments!,0,[],1.0,https://www.reddit.com/r/terraluna/comments/ujb3e4/alice_invite_code_needed_hoping_this_thread_can/,all_ads,6,1651767333.0,,,,,,,,,,
11,[],False,jwithers93,,[],,text,t2_13xga8f7,False,False,False,[],False,False,1651796103,self.terraluna,https://www.reddit.com/r/terraluna/comments/ujb33o/swap_erc20_ust_for_native_channel_72_ust/,{},ujb33o,False,False,False,False,False,False,True,False,#ea0027,[],e2e89fae-d1ae-11eb-ac7c-0eaa7b7dd161,Support,light,text,False,False,True,1,0,False,all_ads,/r/terraluna/comments/ujb33o/swap_erc20_ust_for_native_channel_72_ust/,False,6,1651796113,1,[removed],True,False,False,terraluna,t5_2y4t5,39796,public,self,Swap ERC-20 UST for native channel 72 UST,0,[],1.0,https://www.reddit.com/r/terraluna/comments/ujb33o/swap_erc20_ust_for_native_channel_72_ust/,all_ads,6,1651767303.0,,,,,,,,,,reddit
12,[],False,jwithers93,,[],,text,t2_13xga8f7,False,False,False,[],False,False,1651796012,self.terraluna,https://www.reddit.com/r/terraluna/comments/ujb26g/swap_erc20_terra_for_chanel_72/,{},ujb26g,False,False,False,False,False,False,True,False,#ea0027,[],e2e89fae-d1ae-11eb-ac7c-0eaa7b7dd161,Support,light,text,False,False,True,1,0,False,all_ads,/r/terraluna/comments/ujb26g/swap_erc20_terra_for_chanel_72/,False,6,1651796023,1,[removed],True,False,False,terraluna,t5_2y4t5,39796,public,self,Swap ERC-20 Terra for Chanel 72,0,[],1.0,https://www.reddit.com/r/terraluna/comments/ujb26g/swap_erc20_terra_for_chanel_72/,all_ads,6,1651767212.0,,,,,,,,,,reddit
13,[],False,Psalmbody,,[],,text,t2_14hzrz,False,False,False,[],False,False,1651785178,self.terraluna,https://www.reddit.com/r/terraluna/comments/uj7fyx/getting_this_error_when_posting_a_multisig/,{},uj7fyx,False,True,False,False,False,True,True,False,#ea0027,[],e2e89fae-d1ae-11eb-ac7c-0eaa7b7dd161,Support,light,text,False,False,True,1,0,False,all_ads,/r/terraluna/comments/uj7fyx/getting_this_error_when_posting_a_multisig/,False,6,1651785188,1,"Can anyone tell me what this error means?  ""provided key doesn't exist in public\_keys""

I'm trying to post a transaction from a multi-sig wallet that I've not used before, using the terra station wallet. I get this error after entering the signatures and trying to post the transaction. If it helps there are 4 wallets and 2 signatures required.",True,False,False,terraluna,t5_2y4t5,39787,public,self,Getting this error when posting a multi-sig transaction: provided key doesn't exist in public_keys,0,[],1.0,https://www.reddit.com/r/terraluna/comments/uj7fyx/getting_this_error_when_posting_a_multisig/,all_ads,6,1651756378.0,,,,,,,,,,
14,[],False,Dismal-Recording3069,,[],,text,t2_he93wv3u,False,False,False,[],False,False,1651783402,self.terraluna,https://www.reddit.com/r/terraluna/comments/uj6ss0/how_can_terrausd_support_those_interest_rates/,{},uj6ss0,False,True,False,False,False,True,True,False,#7193ff,[],844cbda8-be27-11eb-b4ba-0e4cc1e38c35,Discussion,dark,text,False,False,False,1,0,False,all_ads,/r/terraluna/comments/uj6ss0/how_can_terrausd_support_those_interest_rates/,False,6,1651783413,1,"I know that they currently can't, eventually they will have to lower the rates to keep the system sustainable.
Am I the only one who is a but concerned that they are going to lower them down fast and maybe this will cause some problems?",True,False,False,terraluna,t5_2y4t5,39787,public,self,how can terrausd support those interest rates?,0,[],0.99,https://www.reddit.com/r/terraluna/comments/uj6ss0/how_can_terrausd_support_those_interest_rates/,all_ads,6,1651754602.0,,,,,,,,,,
15,[],False,gadgetpimp,,[],,text,t2_7q73l6xa,False,False,False,[],False,False,1651781525,youtube.com,https://www.reddit.com/r/terraluna/comments/uj64bt/good_bye_solana_network_and_doubling_down_on_luna/,{},uj64bt,False,True,False,False,False,True,False,False,#7193ff,[],844cbda8-be27-11eb-b4ba-0e4cc1e38c35,Discussion,dark,text,False,False,True,0,0,False,all_ads,/r/terraluna/comments/uj64bt/good_bye_solana_network_and_doubling_down_on_luna/,False,6,1651781537,1,,True,False,False,terraluna,t5_2y4t5,39787,public,https://a.thumbs.redditmedia.com/auVAtR7jKEYF82T-5rWe18NrkaNDy7R_tE4zeuHFIC8.jpg,Good Bye Solana Network and doubling down on LUNA,0,[],1.0,https://youtube.com/watch?v=Rc8wEKoeDUM&amp;feature=share,all_ads,6,1651752725.0,"{'oembed': {'author_name': 'GadgetPimp', 'author_url': 'https://www.youtube.com/c/techsavvy2100', 'height': 200, 'html': '&lt;iframe width=""356"" height=""200"" src=""https://www.youtube.com/embed/Rc8wEKoeDUM?feature=oembed&amp;enablejsapi=1"" frameborder=""0"" allow=""accelerometer; autoplay; clipboard-write; encrypted-media; gyroscope; picture-in-picture"" allowfullscreen&gt;&lt;/iframe&gt;', 'provider_name': 'YouTube', 'provider_url': 'https://www.youtube.com/', 'thumbnail_height': 360, 'thumbnail_url': 'https://i.ytimg.com/vi/Rc8wEKoeDUM/hqdefault.jpg', 'thumbnail_width': 480, 'title': 'Good Bye Solana Network', 'type': 'video', 'version': '1.0', 'width': 356}, 'type': 'youtube.com'}","{'content': '&lt;iframe width=""356"" height=""200"" src=""https://www.youtube.com/embed/Rc8wEKoeDUM?feature=oembed&amp;enablejsapi=1"" frameborder=""0"" allow=""accelerometer; autoplay; clipboard-write; encrypted-media; gyroscope; picture-in-picture"" allowfullscreen&gt;&lt;/iframe&gt;', 'height': 200, 'scrolling': False, 'width': 356}",rich:video,"{'enabled': False, 'images': [{'id': 'NuPbcNJYYujC4-FXom4TS3xO2Ru6iAYd2rGXlxluNCA', 'resolutions': [{'height': 81, 'url': 'https://external-preview.redd.it/xy0gw8stlD-zgfUK9guGBWoDX_0qEnVrFTIbCJRNO2g.jpg?width=108&amp;crop=smart&amp;auto=webp&amp;s=61abfe3e60b39be19d01c47b676d723040defe04', 'width': 108}, {'height': 162, 'url': 'https://external-preview.redd.it/xy0gw8stlD-zgfUK9guGBWoDX_0qEnVrFTIbCJRNO2g.jpg?width=216&amp;crop=smart&amp;auto=webp&amp;s=079ad4fe92a0acf306a13af52688029c753485fa', 'width': 216}, {'height': 240, 'url': 'https://external-preview.redd.it/xy0gw8stlD-zgfUK9guGBWoDX_0qEnVrFTIbCJRNO2g.jpg?width=320&amp;crop=smart&amp;auto=webp&amp;s=2250423f6126d68cb81c5b913e8732932e431abe', 'width': 320}], 'source': {'height': 360, 'url': 'https://external-preview.redd.it/xy0gw8stlD-zgfUK9guGBWoDX_0qEnVrFTIbCJRNO2g.jpg?auto=webp&amp;s=6b4e2d6c2b06c67706d4835d465f3a07d242f71f', 'width': 480}, 'variants': {}}]}","{'oembed': {'author_name': 'GadgetPimp', 'author_url': 'https://www.youtube.com/c/techsavvy2100', 'height': 200, 'html': '&lt;iframe width=""356"" height=""200"" src=""https://www.youtube.com/embed/Rc8wEKoeDUM?feature=oembed&amp;enablejsapi=1"" frameborder=""0"" allow=""accelerometer; autoplay; clipboard-write; encrypted-media; gyroscope; picture-in-picture"" allowfullscreen&gt;&lt;/iframe&gt;', 'provider_name': 'YouTube', 'provider_url': 'https://www.youtube.com/', 'thumbnail_height': 360, 'thumbnail_url': 'https://i.ytimg.com/vi/Rc8wEKoeDUM/hqdefault.jpg', 'thumbnail_width': 480, 'title': 'Good Bye Solana Network', 'type': 'video', 'version': '1.0', 'width': 356}, 'type': 'youtube.com'}","{'content': '&lt;iframe width=""356"" height=""200"" src=""https://www.youtube.com/embed/Rc8wEKoeDUM?feature=oembed&amp;enablejsapi=1"" frameborder=""0"" allow=""accelerometer; autoplay; clipboard-write; encrypted-media; gyroscope; picture-in-picture"" allowfullscreen&gt;&lt;/iframe&gt;', 'height': 200, 'media_domain_url': 'https://www.redditmedia.com/mediaembed/uj64bt', 'scrolling': False, 'width': 356}",105.0,140.0,https://youtube.com/watch?v=Rc8wEKoeDUM&amp;feature=share,
16,[],False,bitdex,,[],,text,t2_68hrucam,False,False,False,[],False,False,1651781366,maxbit.cc,https://www.reddit.com/r/terraluna/comments/uj62a2/terras_lfg_acquires_15b_more_bitcoinwith_3acs_help/,{},uj62a2,False,True,False,False,False,True,False,False,#dadada,[],773e7b1a-be27-11eb-a721-0eb5d708beb5,Terra Ecosystem,dark,text,False,False,True,0,0,False,all_ads,/r/terraluna/comments/uj62a2/terras_lfg_acquires_15b_more_bitcoinwith_3acs_help/,False,6,1651781376,1,,True,False,False,terraluna,t5_2y4t5,39787,public,https://b.thumbs.redditmedia.com/xvMtxEACRaPEqL3U6eYuRyyFAuhI5y56SxeKW13fyBU.jpg,Terra’s LFG Acquires $1.5B More Bitcoin—With 3AC’s Help,0,[],1.0,https://maxbit.cc/terras-lfg-acquires-1-5b-more-bitcoin-with-3acs-help/,all_ads,6,1651752566.0,,,link,"{'enabled': False, 'images': [{'id': 'clR_MrgydjhjweeGhnv4B2r6sqA4odBJgm6rn_5ixRQ', 'resolutions': [{'height': 56, 'url': 'https://external-preview.redd.it/XuVQLK7b5F8zu2r0Twaf0Sj7M-nU57GC4pSuTZlT5hg.jpg?width=108&amp;crop=smart&amp;auto=webp&amp;s=95dfebf62ef12286d204494ea78d003cf2b54caa', 'width': 108}, {'height': 113, 'url': 'https://external-preview.redd.it/XuVQLK7b5F8zu2r0Twaf0Sj7M-nU57GC4pSuTZlT5hg.jpg?width=216&amp;crop=smart&amp;auto=webp&amp;s=676ed3835823cbf24c4a8d80b45a9bf25c39f553', 'width': 216}, {'height': 167, 'url': 'https://external-preview.redd.it/XuVQLK7b5F8zu2r0Twaf0Sj7M-nU57GC4pSuTZlT5hg.jpg?width=320&amp;crop=smart&amp;auto=webp&amp;s=e3805b8cbb3ae79cd694b553d192473aabddeb7d', 'width': 320}, {'height': 335, 'url': 'https://external-preview.redd.it/XuVQLK7b5F8zu2r0Twaf0Sj7M-nU57GC4pSuTZlT5hg.jpg?width=640&amp;crop=smart&amp;auto=webp&amp;s=29b3a43f37907b79d13944eb1e1e4722b7104bbc', 'width': 640}], 'source': {'height': 403, 'url': 'https://external-preview.redd.it/XuVQLK7b5F8zu2r0Twaf0Sj7M-nU57GC4pSuTZlT5hg.jpg?auto=webp&amp;s=300c5754f057696238acfe18139cfeae47c61d09', 'width': 768}, 'variants': {}}]}",,,73.0,140.0,https://maxbit.cc/terras-lfg-acquires-1-5b-more-bitcoin-with-3acs-help/,
17,[],False,spunky1915,,[],,text,t2_a3b7pvqv,False,False,False,[],False,False,1651780887,self.terraluna,https://www.reddit.com/r/terraluna/comments/uj5w4m/the_anchors_tvl_breakdown_on_terra_is_a_problem/,{},uj5w4m,False,True,False,False,False,True,True,False,#8bb681,[],9d679f2a-be26-11eb-bf7a-0e312f6a845b,Anchor,dark,text,False,False,True,1,0,False,all_ads,/r/terraluna/comments/uj5w4m/the_anchors_tvl_breakdown_on_terra_is_a_problem/,False,6,1651780898,1,"The fact that TVL accounts for a large proportion of the anchor protocol on Terra has been a subject of debate.

&amp;#x200B;

Well, let me give you an analogy.

Taking the first steps of a newborn baby is like a miracle.

It's awesome moment and we should take a picture for that.

&amp;#x200B;

But what if the baby takes 1000 steps and runs?

The memory of the moment you took the first step will fade.

I think the explosive growth of Anchor Protocol is the first step.

&amp;#x200B;

Taking the pie from other L1s in the current web3 realm is not important.

It is more important to grow the pie by attracting people who have not entered web3 to Terra.

Anchor protocol realized this through UI/UX that felt simple even for web2 users.

The steady increase in TVL even in the bear market is evidence of that.

&amp;#x200B;

There are lots of new protocols which would be 2nd, 3rd Anchor on Terra.

There are even protocols that use anchors efficiently, such as Aperture([https://aperture.finance/](https://aperture.finance/)) or Cocktail Finance([https://www.cocktail.finance/](https://www.cocktail.finance/)).

They will play a role in diversifying Anchor's TVL weight.

&amp;#x200B;

The TVL weight of the anchor protocol may seem unstable, but as a result, a big milestone has been completed for Terra.

In addition, Anchor community members are aware of the problems of the Anchor protocol in advance, and are solving them on their own.

I think what we need to do is to discover and support another innovative protocol rather than putting pessimism on anchors ahead.",True,False,False,terraluna,t5_2y4t5,39787,public,self,The anchor's TVL breakdown on Terra is a problem?,0,[],1.0,https://www.reddit.com/r/terraluna/comments/uj5w4m/the_anchors_tvl_breakdown_on_terra_is_a_problem/,all_ads,6,1651752087.0,,,self,"{'enabled': False, 'images': [{'id': 'hywWzGMouhYKi1l0JWmfU4-O6r80h0QIKLyyIOe1eIc', 'resolutions': [{'height': 108, 'url': 'https://external-preview.redd.it/p2pX7AE93PMrNdSpuQ685AjlGXR5rip_7ElDHQnMw3E.jpg?width=108&amp;crop=smart&amp;auto=webp&amp;s=5fe433d8a18353023b9a0aee00333933dd5d76c1', 'width': 108}], 'source': {'height': 116, 'url': 'https://external-preview.redd.it/p2pX7AE93PMrNdSpuQ685AjlGXR5rip_7ElDHQnMw3E.jpg?auto=webp&amp;s=4ead28598ebc4a5ff630935f5c5eac0728fa0818', 'width': 116}, 'variants': {}}]}",,,,,,
18,[],False,the_price_is_right12,,[],,text,t2_xo9tx,False,False,False,[],False,False,1651780203,self.terraluna,https://www.reddit.com/r/terraluna/comments/uj5n7o/anchor_borrow_distribution_rate_0/,{},uj5n7o,False,True,False,False,False,True,True,False,#8bb681,[],9d679f2a-be26-11eb-bf7a-0e312f6a845b,Anchor,dark,text,False,False,True,0,0,False,all_ads,/r/terraluna/comments/uj5n7o/anchor_borrow_distribution_rate_0/,False,6,1651780214,1,"Despite the borrow rate being 10%+ and the distribution rate being 0%, the net rate says 0%. Is this a bug or have to do with the veAnc voting?",True,False,False,terraluna,t5_2y4t5,39787,public,self,Anchor Borrow Distribution Rate 0%,0,[],1.0,https://www.reddit.com/r/terraluna/comments/uj5n7o/anchor_borrow_distribution_rate_0/,all_ads,6,1651751403.0,,,,,,,,,,
19,[],False,spunky1915,,[],,text,t2_a3b7pvqv,False,False,False,[],False,False,1651774464,self.terraluna,https://www.reddit.com/r/terraluna/comments/uj3kts/lfg_bought_more_37863_btc_now_it_has_about_80k_btc/,{},uj3kts,False,True,False,False,False,True,True,False,#ab912b,[],692c7f0e-e7cb-11eb-a117-0ed30301aa27,News,light,text,False,False,True,0,0,False,all_ads,/r/terraluna/comments/uj3kts/lfg_bought_more_37863_btc_now_it_has_about_80k_btc/,False,6,1651774475,1,[https://twitter.com/LFG\_org/status/1522234947070689280](https://twitter.com/LFG_org/status/1522234947070689280),True,False,False,terraluna,t5_2y4t5,39784,public,self,"LFG bought more 37,863 BTC. Now it has about 80k BTC.",0,[],1.0,https://www.reddit.com/r/terraluna/comments/uj3kts/lfg_bought_more_37863_btc_now_it_has_about_80k_btc/,all_ads,6,1651745664.0,,,self,"{'enabled': False, 'images': [{'id': 'Zp5zhu06h2r-Ct6UsmagjuoGT8-gJCjwT2O4ZxVEhpU', 'resolutions': [{'height': 108, 'url': 'https://external-preview.redd.it/7tBMHrlr_6PnKHSY38fIFL9GAJu_Hr-Iuo8eXbUY9eY.jpg?width=108&amp;crop=smart&amp;auto=webp&amp;s=ad102d32f20aafcf0586b53428d31225f5e7a763', 'width': 108}], 'source': {'height': 140, 'url': 'https://external-preview.redd.it/7tBMHrlr_6PnKHSY38fIFL9GAJu_Hr-Iuo8eXbUY9eY.jpg?auto=webp&amp;s=ac8fa5df09e57d66226011460842629400fa7b42', 'width': 140}, 'variants': {}}]}",,,,,,
20,[],False,nicog67,,[],,text,t2_6ns8d6qv,False,False,False,[],False,False,1651774321,self.terraluna,https://www.reddit.com/r/terraluna/comments/uj3iz6/75_of_ust_is_in_anchor_protocol_isnt_this_a/,{},uj3iz6,False,True,False,False,False,True,True,False,#8bb681,[],9d679f2a-be26-11eb-bf7a-0e312f6a845b,Anchor,dark,text,False,False,True,0,0,False,all_ads,/r/terraluna/comments/uj3iz6/75_of_ust_is_in_anchor_protocol_isnt_this_a/,False,6,1651774331,1,"Chai payments no longer accept Luna too. It just seems that the demand for UST is quite artificial. Terra needs to find other sources of demand for their stablecoins. Anchor is not going to cut it longterm. 

Thoughts?",True,False,False,terraluna,t5_2y4t5,39784,public,self,75% of UST is in Anchor Protocol. Isn't this a problem?,0,[],1.0,https://www.reddit.com/r/terraluna/comments/uj3iz6/75_of_ust_is_in_anchor_protocol_isnt_this_a/,all_ads,6,1651745521.0,,,,,,,,,,
21,[],False,Yurion13,,[],,text,t2_kxd7q,False,False,False,[],False,False,1651772864,self.terraluna,https://www.reddit.com/r/terraluna/comments/uj2z34/question_regarding_luna_max_supply/,{},uj2z34,False,True,False,False,False,True,True,False,#dadada,[],773e7b1a-be27-11eb-a721-0eb5d708beb5,Terra Ecosystem,dark,text,False,False,True,0,0,False,all_ads,/r/terraluna/comments/uj2z34/question_regarding_luna_max_supply/,False,6,1651772874,1,"I am currently tracking the total Luna max supply on Coinmarketcap.com: 

Yesterday: 726,086,362.

Today:        726,133,997.

&amp;#x200B;

Why does the max supply of Luna go up?",True,False,False,terraluna,t5_2y4t5,39783,public,self,question regarding Luna max supply,0,[],1.0,https://www.reddit.com/r/terraluna/comments/uj2z34/question_regarding_luna_max_supply/,all_ads,6,1651744064.0,,,,,,,,,,
22,[],False,namdosan88,,[],,text,t2_8wgiii42,False,False,False,[],False,False,1651772231,self.terraluna,https://www.reddit.com/r/terraluna/comments/uj2qn7/new_to_luna_community_any_tips/,{},uj2qn7,False,True,False,False,False,True,True,False,#dadada,[],773e7b1a-be27-11eb-a721-0eb5d708beb5,Terra Ecosystem,dark,text,False,False,True,0,0,False,all_ads,/r/terraluna/comments/uj2qn7/new_to_luna_community_any_tips/,False,6,1651772242,1,"Hey community, i just bought some luna coins on gemini and would like to deep dive deeper into understanding how terra works and its staking options. Can anyone provide me w a rough explanation/guide for me to read up/ learn? 



Thank you so much!",True,False,False,terraluna,t5_2y4t5,39781,public,self,New to Luna community - any tips?,0,[],1.0,https://www.reddit.com/r/terraluna/comments/uj2qn7/new_to_luna_community_any_tips/,all_ads,6,1651743431.0,,,,,,,,,,
23,[],False,JayC56,,[],,text,t2_gqge0,False,False,False,[],False,False,1651767613,self.terraluna,https://www.reddit.com/r/terraluna/comments/uj145b/mirror_protocol_borrowing_trading_and_closing/,{},uj145b,False,True,False,False,False,True,True,False,#172240,[],849b75de-be26-11eb-b869-0e2b9c8104af,Mirror,light,text,False,False,True,0,0,False,all_ads,/r/terraluna/comments/uj145b/mirror_protocol_borrowing_trading_and_closing/,False,6,1651767624,1,"Hi guys, 

I was just playing around with Mirror protocol and would like some advice. I bought mPYPL thinking that it'd go up in the future (lets say 1 mPYPL). Then I decided to borrow with 200% collateral ratio. Is there any benefit of this transaction when Paypal stock goes up or down?? 

Paypal stock went down 7% today so I decided to sell the borrowed mPYPL for the pool price (\~20% more) for UST. Then I used the sold UST to borrow more mPYPL at a lower Oracle Price than what I previously borrowed. Is this a good method to short?? Or did I lose money already from selling the borrowed mPYPL (7%) even if Paypal price goes up? What would my total value be if I try to close the borrowing if lets say Paypal goes up by 10%?",True,False,False,terraluna,t5_2y4t5,39776,public,self,"Mirror Protocol Borrowing, Trading and Closing Advice",0,[],1.0,https://www.reddit.com/r/terraluna/comments/uj145b/mirror_protocol_borrowing_trading_and_closing/,all_ads,6,1651738813.0,,,,,,,,,,
