,all_awardings,allow_live_comments,author,author_flair_css_class,author_flair_richtext,author_flair_text,author_flair_type,author_fullname,author_is_blocked,author_patreon_flair,author_premium,awarders,can_mod_post,contest_mode,created_utc,domain,full_link,gildings,id,is_created_from_ads_ui,is_crosspostable,is_meta,is_original_content,is_reddit_media_domain,is_robot_indexable,is_self,is_video,link_flair_background_color,link_flair_richtext,link_flair_template_id,link_flair_text,link_flair_text_color,link_flair_type,locked,media_only,no_follow,num_comments,num_crossposts,over_18,parent_whitelist_status,permalink,pinned,pwls,retrieved_on,score,selftext,send_replies,spoiler,stickied,subreddit,subreddit_id,subreddit_subscribers,subreddit_type,thumbnail,title,total_awards_received,treatment_tags,upvote_ratio,url,whitelist_status,wls,created,post_hint,preview,removed_by_category,thumbnail_height,thumbnail_width,url_overridden_by_dest
0,[],False,FilthyFrankuuu,,[],,text,t2_5hdlh3w3,False,False,False,[],False,False,1651325716,self.terraluna,https://www.reddit.com/r/terraluna/comments/ufb7nw/i_mistakenly_sent_my_mir_from_terrastation_to/,{},ufb7nw,False,True,False,False,False,True,True,False,#ea0027,[],e2e89fae-d1ae-11eb-ac7c-0eaa7b7dd161,Support,light,text,False,False,True,1,0,False,all_ads,/r/terraluna/comments/ufb7nw/i_mistakenly_sent_my_mir_from_terrastation_to/,False,6,1651325726,1,"i used the address (which is the same as mirror) and memo of ust for deposit, now it shows my mir are at the binance deposit [https://terrasco.pe/mainnet/address/terra1ncjg4a59x2pgvqy9qjyqprlj8lrwshm0wleht5](https://terrasco.pe/mainnet/address/terra1ncjg4a59x2pgvqy9qjyqprlj8lrwshm0wleht5)

###### terra1ncjg4a59x2pgvqy9qjyqprlj8lrwshm0wleht5

can i still get my mir back?",True,False,False,terraluna,t5_2y4t5,39434,public,self,i mistakenly sent my mir from terrastation to binance with the memo of ust,0,[],1.0,https://www.reddit.com/r/terraluna/comments/ufb7nw/i_mistakenly_sent_my_mir_from_terrastation_to/,all_ads,6,1651296916.0,,,,,,
1,[],False,EnergyIntensive,,[],,text,t2_23elp00j,False,False,False,[],False,False,1651323333,i.redd.it,https://www.reddit.com/r/terraluna/comments/ufaizs/luna_terra_is_back_in_the_buy_zone_again_yield_is/,{},ufaizs,False,False,False,False,True,False,False,False,#7193ff,[],844cbda8-be27-11eb-b4ba-0e4cc1e38c35,Discussion,dark,text,False,False,True,0,0,False,all_ads,/r/terraluna/comments/ufaizs/luna_terra_is_back_in_the_buy_zone_again_yield_is/,False,6,1651323344,1,,True,False,False,terraluna,t5_2y4t5,39435,public,https://b.thumbs.redditmedia.com/4In8cQs_tDx2ead76plFcV_5LmDSxeBgcNSK97kT7dI.jpg,Luna Terra is back in the buy zone again. Yield is excellent at this level at 7%+ non-inflationary. Luna continues to burn.,0,[],1.0,https://i.redd.it/oui7tvekynw81.jpg,all_ads,6,1651294533.0,image,"{'enabled': True, 'images': [{'id': '-0X5I1XmSF-iVPjvv0ejZTxMj2GEBRLGUHoMa1RCnEw', 'resolutions': [{'height': 49, 'url': 'https://preview.redd.it/oui7tvekynw81.jpg?width=108&amp;crop=smart&amp;auto=webp&amp;s=bad3d1b5574122d0323a7161560caba2f9abaffe', 'width': 108}, {'height': 99, 'url': 'https://preview.redd.it/oui7tvekynw81.jpg?width=216&amp;crop=smart&amp;auto=webp&amp;s=686b63bd3f31e910f54bed077840368efc4c71d3', 'width': 216}, {'height': 147, 'url': 'https://preview.redd.it/oui7tvekynw81.jpg?width=320&amp;crop=smart&amp;auto=webp&amp;s=43e27ff5657b4cfd2d99df129b6367665eb33220', 'width': 320}, {'height': 295, 'url': 'https://preview.redd.it/oui7tvekynw81.jpg?width=640&amp;crop=smart&amp;auto=webp&amp;s=487f1b145d98257355b090df31bc4ed12cbf0d9d', 'width': 640}, {'height': 443, 'url': 'https://preview.redd.it/oui7tvekynw81.jpg?width=960&amp;crop=smart&amp;auto=webp&amp;s=597aff62d9b105c7bbec5381703243471044c875', 'width': 960}, {'height': 499, 'url': 'https://preview.redd.it/oui7tvekynw81.jpg?width=1080&amp;crop=smart&amp;auto=webp&amp;s=ab7feb4f7d56e23e1d673a93afef992d6540c07d', 'width': 1080}], 'source': {'height': 1170, 'url': 'https://preview.redd.it/oui7tvekynw81.jpg?auto=webp&amp;s=07dcdb7382462e802e018e08aa6792bf06d90e7c', 'width': 2532}, 'variants': {}}]}",reddit,64.0,140.0,https://i.redd.it/oui7tvekynw81.jpg
2,[],False,Mostlonelyboy,,[],,text,t2_r65ce,False,False,False,[],False,False,1651315452,self.terraluna,https://www.reddit.com/r/terraluna/comments/uf8lho/what_if_ust_market_cap_surpass_luna_marketcap/,{},uf8lho,False,True,False,False,False,True,True,False,#dadada,[],773e7b1a-be27-11eb-a721-0eb5d708beb5,Terra Ecosystem,dark,text,False,False,True,0,0,False,all_ads,/r/terraluna/comments/uf8lho/what_if_ust_market_cap_surpass_luna_marketcap/,False,6,1651315462,1,"Something happen, or nothing that affect how the whole ting is designed?

Is it even possible by design?",True,False,False,terraluna,t5_2y4t5,39430,public,self,What if UST market cap surpass LUNA marketcap?,0,[],1.0,https://www.reddit.com/r/terraluna/comments/uf8lho/what_if_ust_market_cap_surpass_luna_marketcap/,all_ads,6,1651286652.0,,,,,,
3,[],False,Entrance_Prize,,[],,text,t2_9cof0kaf,False,False,False,[],False,False,1651306290,self.terraluna,https://www.reddit.com/r/terraluna/comments/uf6ofs/ive_got_alice_codes_if_anyone_needs_one_10_ust/,{},uf6ofs,False,True,False,False,False,True,True,False,#8844f6,[],58bcf2d4-be27-11eb-8d50-0e227113ea6b,Alice,light,text,False,False,True,0,0,False,all_ads,/r/terraluna/comments/uf6ofs/ive_got_alice_codes_if_anyone_needs_one_10_ust/,False,6,1651306301,1,,True,False,False,terraluna,t5_2y4t5,39425,public,self,I've got Alice codes! If anyone needs one 10 UST each :),0,[],1.0,https://www.reddit.com/r/terraluna/comments/uf6ofs/ive_got_alice_codes_if_anyone_needs_one_10_ust/,all_ads,6,1651277490.0,,,,,,
4,[],False,afrolicios,,[],,text,t2_3r5rahly,False,False,False,[],False,False,1651302037,self.terraluna,https://www.reddit.com/r/terraluna/comments/uf5s25/how_to_buy_bsc_token_from_terra_without_cex_and/,{},uf5s25,False,True,False,False,False,True,True,False,#7193ff,[],844cbda8-be27-11eb-b4ba-0e4cc1e38c35,Discussion,dark,text,False,False,True,0,0,False,all_ads,/r/terraluna/comments/uf5s25/how_to_buy_bsc_token_from_terra_without_cex_and/,False,6,1651302047,1,"Terra to BSC Supposing you don't have any BNB bep20, so you cant use Wormhole bridge because you need BNB for fees (if you already have BNB bep20 simple use Wormhole).

First Swap Terra or UST to BNB native bep2 on Thorswap, connect your terra station or keplr wallet to verify the transaction for Terra, and connect your Trust wallet app or paste the BNB bep2 address to receive the BNB (you need Trust wallet to swap BNB bep2 to BNB bep20 means BSC), know you can use Wormhole bridge to receive BSC token from Terra, or whatever you wanna do.

&amp;#x200B;

And from BSC to Terra the same process but the opposite.

&amp;#x200B;

If there is a short or another way, please let me know.",True,False,False,terraluna,t5_2y4t5,39420,public,self,How to buy BSC token from terra without CEX and vice versa,0,[],1.0,https://www.reddit.com/r/terraluna/comments/uf5s25/how_to_buy_bsc_token_from_terra_without_cex_and/,all_ads,6,1651273237.0,,,,,,
5,[],False,Purritoboots,,[],,text,t2_6cs3h5v8,False,False,False,[],False,False,1651290591,self.terraluna,https://www.reddit.com/r/terraluna/comments/uf2xfw/anyone_willing_to_share_their_alice_code/,{},uf2xfw,False,True,False,False,False,True,True,False,#8844f6,[],58bcf2d4-be27-11eb-8d50-0e227113ea6b,Alice,light,text,False,False,True,0,0,False,all_ads,/r/terraluna/comments/uf2xfw/anyone_willing_to_share_their_alice_code/,False,6,1651290641,1,"Thought I would give this a shot and hope there’s someone out there willing to share their beta code.

If anyone does, I will promise to share my code for free in hopes we can spread the love!",True,False,False,terraluna,t5_2y4t5,39409,public,self,Anyone willing to share their Alice code?,0,[],1.0,https://www.reddit.com/r/terraluna/comments/uf2xfw/anyone_willing_to_share_their_alice_code/,all_ads,6,1651261791.0,,,,,,
6,[],False,smoreofnothing22,,[],,text,t2_5drne9pw,False,False,False,[],False,False,1651281010,self.terraluna,https://www.reddit.com/r/terraluna/comments/uf07hf/besides_anchor_protocol_where_else_are_you/,{},uf07hf,False,True,False,False,False,True,True,False,#8bb681,[],9d679f2a-be26-11eb-bf7a-0e312f6a845b,Anchor,dark,text,False,False,True,0,0,False,all_ads,/r/terraluna/comments/uf07hf/besides_anchor_protocol_where_else_are_you/,False,6,1651281021,1,"TLDR - the title + why? 

I'm assuming I'm like many of you. Hating inflation, maybe too leveraged in the stock market or generally a bit distrustful of it, looking for diversification, willing to take on ""some"" calculated risks (i.e. using Anchor) but also wanting to spread the risk as much as possible. 

**Where else do you have your money and/or what else have you considered?** I'm willing to do my research. As of today, so far looks like Celcius could be around 12.5% on UST. I know Gemini and CDC are \~6% on USDC. Looking for a few other places to hedge. 

**Helpful narrowing parameter:**  For the purpose of this post, I'm solely interested in the stablecoin staking/earning arena. I know I can ""buy crypto"".  I'm primarily looking for a few good Anchor-like alternatives for diversification.",True,False,False,terraluna,t5_2y4t5,39400,public,self,"Besides Anchor Protocol, where else are you putting your money?",0,[],1.0,https://www.reddit.com/r/terraluna/comments/uf07hf/besides_anchor_protocol_where_else_are_you/,all_ads,6,1651252210.0,,,,,,
7,[],False,wallpapersdance,,[],,text,t2_7c2ofv4k,False,False,False,[],False,False,1651260068,self.terraluna,https://www.reddit.com/r/terraluna/comments/uete0o/should_you_not_withdraw_ust_from_anchor_protocol/,{},uete0o,False,True,False,False,False,True,True,False,#7193ff,[],844cbda8-be27-11eb-b4ba-0e4cc1e38c35,Discussion,dark,text,False,False,True,0,0,False,all_ads,/r/terraluna/comments/uete0o/should_you_not_withdraw_ust_from_anchor_protocol/,False,6,1651260079,1,Unsure how the security and technology work,True,False,False,terraluna,t5_2y4t5,39392,public,self,Should you not withdraw UST from anchor protocol when on hotel wifi? What is good practice?,0,[],1.0,https://www.reddit.com/r/terraluna/comments/uete0o/should_you_not_withdraw_ust_from_anchor_protocol/,all_ads,6,1651231268.0,,,,,,
8,[],False,Former-Macaroon-9798,,[],,text,t2_dcgein4p,False,False,False,[],False,False,1651253898,self.terraluna,https://www.reddit.com/r/terraluna/comments/uer861/kado_ramp_verification_issues_help/,{},uer861,False,True,False,False,False,True,True,False,#8bb681,[],9d679f2a-be26-11eb-bf7a-0e312f6a845b,Anchor,dark,text,False,False,True,0,0,False,all_ads,/r/terraluna/comments/uer861/kado_ramp_verification_issues_help/,False,6,1651253909,1,"Hi,

&amp;#x200B;

I am trying to verify my kadoo account. It did not get verified from the pictures I submitted, but it then said your account will be verified or denied within 2 business days, but it's been 4 and still I am not verified. 

I am trying to buy ust and kado is the cheapest way I know to do it.

Has anyone else had this issue of trouble being verified or does anyone know a way around it?

Thanks in advance",True,False,False,terraluna,t5_2y4t5,39391,public,self,Kado Ramp Verification Issues Help,0,[],1.0,https://www.reddit.com/r/terraluna/comments/uer861/kado_ramp_verification_issues_help/,all_ads,6,1651225098.0,,,,,,
9,[],False,SupermarketChemical8,,[],,text,t2_5yo7mn4e,False,False,False,[],False,False,1651251067,i.redd.it,https://www.reddit.com/r/terraluna/comments/ueq7hg/clesius_says_introducing_our_highestearning/,{},ueq7hg,False,True,False,False,True,True,False,False,#ab912b,[],692c7f0e-e7cb-11eb-a117-0ed30301aa27,News,light,text,False,False,True,0,0,False,all_ads,/r/terraluna/comments/ueq7hg/clesius_says_introducing_our_highestearning/,False,6,1651251077,1,,True,False,False,terraluna,t5_2y4t5,39390,public,https://b.thumbs.redditmedia.com/lrsgGCe9SWdyOd1yRcHgGsv2mO43kS7R8SKnVkPFkIQ.jpg,"Clesius says ""Introducing our highest-earning stable coin yet"" on Instagram!",0,[],1.0,https://i.redd.it/4t0orjfozhw81.jpg,all_ads,6,1651222267.0,image,"{'enabled': True, 'images': [{'id': '8RG-qg_ETJw9wkBfrd3nrVCGrB5pNfigHZeyA35F1Ao', 'resolutions': [{'height': 108, 'url': 'https://preview.redd.it/4t0orjfozhw81.jpg?width=108&amp;crop=smart&amp;auto=webp&amp;s=bd6effcb589d7f26931d7aa993371b972e04484d', 'width': 108}, {'height': 216, 'url': 'https://preview.redd.it/4t0orjfozhw81.jpg?width=216&amp;crop=smart&amp;auto=webp&amp;s=3f1219e4e414babb7365d08408d231d48491653d', 'width': 216}, {'height': 320, 'url': 'https://preview.redd.it/4t0orjfozhw81.jpg?width=320&amp;crop=smart&amp;auto=webp&amp;s=f764ba0bba93b414e0c4fc11f6532b25779367ca', 'width': 320}, {'height': 641, 'url': 'https://preview.redd.it/4t0orjfozhw81.jpg?width=640&amp;crop=smart&amp;auto=webp&amp;s=2539f4ddc1d4b7a0c1db05389f3758d0614f625f', 'width': 640}, {'height': 961, 'url': 'https://preview.redd.it/4t0orjfozhw81.jpg?width=960&amp;crop=smart&amp;auto=webp&amp;s=9c0b0135ed8947d56c8b536eadcd2ba2c87b0915', 'width': 960}, {'height': 1081, 'url': 'https://preview.redd.it/4t0orjfozhw81.jpg?width=1080&amp;crop=smart&amp;auto=webp&amp;s=440a3e6a58a5011fe26c78e4121837ff56fea458', 'width': 1080}], 'source': {'height': 1172, 'url': 'https://preview.redd.it/4t0orjfozhw81.jpg?auto=webp&amp;s=a8c10e9c13aed0de1f5c38727f9f9a8248de92e4', 'width': 1170}, 'variants': {}}]}",,140.0,140.0,https://i.redd.it/4t0orjfozhw81.jpg
10,[],False,thecryptos,,[],,text,t2_czfie2n,False,False,False,[],False,False,1651249924,i.redd.it,https://www.reddit.com/r/terraluna/comments/uept4c/luna_makes_an_appearance_in_the_cryptos_webcomic/,{},uept4c,False,False,False,False,True,False,False,False,#00a6a5,[],8aaf7226-be27-11eb-9fa0-0e9d4cb62d6b,Memes,light,text,False,False,True,0,0,False,all_ads,/r/terraluna/comments/uept4c/luna_makes_an_appearance_in_the_cryptos_webcomic/,False,6,1651249935,1,,True,False,False,terraluna,t5_2y4t5,39390,public,https://b.thumbs.redditmedia.com/W52kGa-ZVuTLb-gUkFdLCmm7BP1lmt3lvacf3jecWCc.jpg,Luna makes an appearance in The Cryptos webcomic,0,[],1.0,https://i.redd.it/6gcybwe7whw81.png,all_ads,6,1651221124.0,image,"{'enabled': True, 'images': [{'id': 'yWrM6ef7abWdUczJ5xujXUsVGzDZowlV1eq7BAXQawA', 'resolutions': [{'height': 164, 'url': 'https://preview.redd.it/6gcybwe7whw81.png?width=108&amp;crop=smart&amp;auto=webp&amp;s=f8ffa4e1d9375a3552e618fe5e99c3f4b761766b', 'width': 108}, {'height': 329, 'url': 'https://preview.redd.it/6gcybwe7whw81.png?width=216&amp;crop=smart&amp;auto=webp&amp;s=e3ef4c7aa152b51fa2f3996cb01562c79eaa9fd1', 'width': 216}, {'height': 487, 'url': 'https://preview.redd.it/6gcybwe7whw81.png?width=320&amp;crop=smart&amp;auto=webp&amp;s=723b6ce12daeb94732b13dddcd72051cb569960b', 'width': 320}, {'height': 975, 'url': 'https://preview.redd.it/6gcybwe7whw81.png?width=640&amp;crop=smart&amp;auto=webp&amp;s=cdff537d6a6abdbefa2fc76bf8493edd894f53d2', 'width': 640}, {'height': 1463, 'url': 'https://preview.redd.it/6gcybwe7whw81.png?width=960&amp;crop=smart&amp;auto=webp&amp;s=0edf7b61a081de6f949d19b7f9039188fe9ff45c', 'width': 960}, {'height': 1646, 'url': 'https://preview.redd.it/6gcybwe7whw81.png?width=1080&amp;crop=smart&amp;auto=webp&amp;s=fd286409b98919d44592c328601a7bede8ea05bd', 'width': 1080}], 'source': {'height': 5172, 'url': 'https://preview.redd.it/6gcybwe7whw81.png?auto=webp&amp;s=fbfb770ec11203f2aef96d7e534dc8e61f655811', 'width': 3392}, 'variants': {}}]}",reddit,140.0,140.0,https://i.redd.it/6gcybwe7whw81.png
11,[],False,PVKT,,[],,text,t2_9x95d,False,False,False,[],False,False,1651248563,self.terraluna,https://www.reddit.com/r/terraluna/comments/uepbs1/what_to_do_with_20_luna_stake_or_hold_or_lps_i/,{},uepbs1,False,False,False,False,False,False,True,False,#7193ff,[],844cbda8-be27-11eb-b4ba-0e4cc1e38c35,Discussion,dark,text,False,False,True,0,0,False,all_ads,/r/terraluna/comments/uepbs1/what_to_do_with_20_luna_stake_or_hold_or_lps_i/,False,6,1651248573,1,[removed],True,False,False,terraluna,t5_2y4t5,39389,public,self,what to do with 20 Luna? stake or hold or LPs? I gotta dip my toes in.,0,[],1.0,https://www.reddit.com/r/terraluna/comments/uepbs1/what_to_do_with_20_luna_stake_or_hold_or_lps_i/,all_ads,6,1651219763.0,,,reddit,,,
