,all_awardings,allow_live_comments,author,author_flair_css_class,author_flair_richtext,author_flair_text,author_flair_type,author_fullname,author_is_blocked,author_patreon_flair,author_premium,awarders,can_mod_post,contest_mode,created_utc,domain,full_link,gildings,id,is_created_from_ads_ui,is_crosspostable,is_meta,is_original_content,is_reddit_media_domain,is_robot_indexable,is_self,is_video,link_flair_background_color,link_flair_css_class,link_flair_richtext,link_flair_template_id,link_flair_text,link_flair_text_color,link_flair_type,locked,media_metadata,media_only,no_follow,num_comments,num_crossposts,over_18,parent_whitelist_status,permalink,pinned,pwls,retrieved_on,score,selftext,send_replies,spoiler,stickied,subreddit,subreddit_id,subreddit_subscribers,subreddit_type,thumbnail,thumbnail_height,thumbnail_width,title,total_awards_received,treatment_tags,upvote_ratio,url,whitelist_status,wls,created,author_flair_background_color,author_flair_text_color,suggested_sort,post_hint,preview,removed_by_category,url_overridden_by_dest
0,[],False,_Whit3,,[],,text,t2_7zatnok,False,False,False,[],False,False,1651839024,self.CryptoCurrency,https://www.reddit.com/r/CryptoCurrency/comments/ujm1rz/why_is_usdt_still_the_3rd_crypto_for_market_cap/,{},ujm1rz,False,True,False,False,False,True,True,False,#7193ff,DISCUSSION,"[{'e': 'text', 't': 'DISCUSSION'}]",87049662-0882-11e5-82e1-0e9d1a9f7761,DISCUSSION,dark,richtext,False,"{'oc4eb6fyhux81': {'e': 'Image', 'id': 'oc4eb6fyhux81', 'm': 'image/png', 'p': [{'u': 'https://preview.redd.it/oc4eb6fyhux81.png?width=108&amp;crop=smart&amp;auto=webp&amp;s=e6d32d671c323688d8e9c1b54ac4f05f676a5dcf', 'x': 108, 'y': 55}, {'u': 'https://preview.redd.it/oc4eb6fyhux81.png?width=216&amp;crop=smart&amp;auto=webp&amp;s=52cb4252fd7c66947761c1ad4c0b773c1227828b', 'x': 216, 'y': 110}, {'u': 'https://preview.redd.it/oc4eb6fyhux81.png?width=320&amp;crop=smart&amp;auto=webp&amp;s=36494478f2229b0f8602f960b175f1769f50c68f', 'x': 320, 'y': 163}, {'u': 'https://preview.redd.it/oc4eb6fyhux81.png?width=640&amp;crop=smart&amp;auto=webp&amp;s=e983cd97829a2c76b9ec7220f42451891b1cd64d', 'x': 640, 'y': 326}, {'u': 'https://preview.redd.it/oc4eb6fyhux81.png?width=960&amp;crop=smart&amp;auto=webp&amp;s=96c89e8817a98f6fe6616c47170830dafcb74a6a', 'x': 960, 'y': 490}, {'u': 'https://preview.redd.it/oc4eb6fyhux81.png?width=1080&amp;crop=smart&amp;auto=webp&amp;s=84d50aedbf20b2a08a3278458264fa60c9c2612c', 'x': 1080, 'y': 551}], 's': {'u': 'https://preview.redd.it/oc4eb6fyhux81.png?width=2228&amp;format=png&amp;auto=webp&amp;s=17347549bfdc93da1ed333588cc2eb0897e2a9b2', 'x': 2228, 'y': 1138}, 'status': 'valid'}}",False,True,1,0,False,all_ads,/r/CryptoCurrency/comments/ujm1rz/why_is_usdt_still_the_3rd_crypto_for_market_cap/,False,6,1651839035,1,"Stablecoin Tether (USDT) is the third biggest cryptocurrency by market capitalization, and it is obviously the biggest stablecoin on the market. However, it's popularity does not necessarily means it is a great invesment. Theter is know in the crypto comunity not for being the best stablecoin in the market, and guess what, a lot of people here hate it.

First of all, to better understand the Theter problem, we should take a look at the differnt types of stablecoin

# DIFFERENT TYPES OF STABLECOINS

1. *traditional collateral:* those are the stablecoins backed up 1:1 by fiat currency, this type of stablecoin is considered an off-chain asset. Examples are USDT, GUSD and more.
2. *crypto collateral:* those are backed up by another crypto as collateral, this process occurs on chain and relies on smart contracts. DAI is the most popular one.
3. *algorithmic stablecoins:* their price stability results from the use of specialized algorithms and smart contracts that manage the supply of tokens in circulation. TERRA (UST) is the most popular.
4. *commodity backed stablecoins:* they are collaterized by physical assets (gold, oil,...). Examples are XAUT and PAXG

 People use stablecoins to facilitate cryptocurrency trading, transfer money, and earn interest. However, the lack of regulation and transparency surrounding these coins, particularly Tether, have authorities on edge. Here are a few reasons:

# 1)  USDT IS ONLY BACKED BY 2.9% IN CASH RESERVES 

This is probably the most problematic. Holding Theter is not the same as holding U.S. dollars. The price may be *pegged* to the dollar, but if there was a run on Tether(lots of people tried to swap their Tether for dollars), there's no guarantee the company would have enough cash to pay out (and people who held the coin would be fucked). 

Theter is in fact  backed up by cash, cash equivalents, secured loans, corporate bonds and other investments.  The trouble is that Tether hasn't released information about what types of loans it has made. We don't know who the borrowers are or what types of debt it is. Most importantly, we don't know how easy it would be for Tether to access that money. With that being said, USDT is only backed by 2.9% cash reserves

&amp;#x200B;

[As you can see here, Cash \(in green\) is responsible for the 3.87&amp;#37; of the \\""Cash &amp; Cash equivalents\\"", which is roughly 2.9&amp;#37; in total](https://preview.redd.it/oc4eb6fyhux81.png?width=2228&amp;format=png&amp;auto=webp&amp;s=17347549bfdc93da1ed333588cc2eb0897e2a9b2)

# 2) Tether has had trouble with the New York Attorney General's office

the New York Attorney General reached a settlement with iFinex, the parent company of Tether and crypto exchange Bitfinex. Investigators accused the companies of unlawfully hiding losses. Attorney General Letitia James said, ""Tether’s claims that its virtual currency was fully backed by U.S. dollars at all times was a lie.""

iFinex had to pay an $18.5 million fine and is no longer allowed to operate in New York. It will have to provide quarterly reports on its reserves, hence the breakdown we talked before. The company denies any wrongdoing. 

#  3) If Tether fails, it could shake the whole crypto industry

The worry is that Tether is operating in a similar way to a bank or other financial institution, but without any of the regulations that banks follow to protect consumers and prevent economic crises. That's why there's such a push for stricter stablecoin regulation: to protect both the economy and the crypto industry.

As Rohan Grey, assistant law professor at the Willamette University College of Law told the *Financial Times*, ""The growing world of stablecoins arguably underpins the entire crypto community right now. If that collapses, the whole space could collapse"". 

# CONCLUSION

As I stated before, USDT is not the only stablecoin, there are serveral ones that are either more transparent about what money they hold or they are either less centralized, so why the fuck are people still using it?

And you? Do you think that USDT is a ponzi? If so I would be glad if you commented down here!",True,False,False,CryptoCurrency,t5_2wlj3,4806111,public,https://a.thumbs.redditmedia.com/N2GEmhCBCjgY9knSXGu1sPERVodD7MAuTpUpWFkDpy4.jpg,71.0,140.0,Why is USDT still the 3rd crypto for market cap?,0,[],1.0,https://www.reddit.com/r/CryptoCurrency/comments/ujm1rz/why_is_usdt_still_the_3rd_crypto_for_market_cap/,all_ads,6,1651810224.0,,,,,,,
1,[],False,badfishbeefcake,,"[{'e': 'text', 't': 'Silver | QC: CC 92 | ADA 32 | PoliticalHumor 40'}]",Silver | QC: CC 92 | ADA 32 | PoliticalHumor 40,richtext,t2_11mfus,False,False,False,[],False,False,1651773382,self.CryptoCurrency,https://www.reddit.com/r/CryptoCurrency/comments/uj3624/my_opinion_is_that_in_a_suicide_hot_line_bear/,{},uj3624,False,True,False,False,False,True,True,False,#7193ff,DISCUSSION,"[{'e': 'text', 't': 'DISCUSSION'}]",87049662-0882-11e5-82e1-0e9d1a9f7761,DISCUSSION,dark,richtext,False,,False,True,1,0,False,all_ads,/r/CryptoCurrency/comments/uj3624/my_opinion_is_that_in_a_suicide_hot_line_bear/,False,6,1651773392,1,"Eventually, people/corporation will want to move a part of their portfolio into a safer assets.

Also, we have to note that outside the USA, swapping crypto to a stable coin does not necessary trigger a hotline to the IRS.

The amount of money that will move to stable coin will be massive, and that money will come back in crypto at some point.

I consider the best move at this moment is to take advantage of the  APY on stable coin. For US customers, Gemini still allow deposit to a ""earn"" wallet. [Cryto.com](https://Cryto.com) also, but their rate are bad. Gemini on stable coin is about 7% APY and you don't need to lock your fund. So, still pretty good.

My favorite are, not in order:

* GUSD
* USDC
* UST

[https://coinmarketcap.com/view/stablecoin/](https://coinmarketcap.com/view/stablecoin/)",True,False,False,CryptoCurrency,t5_2wlj3,4803508,public,self,,,"My opinion is that in a suicide hot line bear market, stable coin will shine",0,[],1.0,https://www.reddit.com/r/CryptoCurrency/comments/uj3624/my_opinion_is_that_in_a_suicide_hot_line_bear/,all_ads,6,1651744582.0,,dark,new,,,,
2,[],False,partymsl,,"[{'e': 'text', 't': 'Platinum | QC: CC 139'}]",Platinum | QC: CC 139,richtext,t2_3sfg6ijd,False,False,True,[],False,False,1651772318,self.CryptoCurrency,https://www.reddit.com/r/CryptoCurrency/comments/uj2rsq/terraluna_buys_15b_worth_of_bitcoin_as_the_price/,{},uj2rsq,False,True,False,False,False,True,True,False,#0aa18f,NEWS,"[{'e': 'text', 't': 'GENERAL-NEWS'}]",f170aab2-246f-11ec-8143-429a193c9848,GENERAL-NEWS,light,richtext,False,,False,True,1,0,False,all_ads,/r/CryptoCurrency/comments/uj2rsq/terraluna_buys_15b_worth_of_bitcoin_as_the_price/,False,6,1651772328,1,"As a lot of news is getting dragged in at record speed after the Stock markets just dipped 5% and Bitcoin has fallen below the crucial 37k mark.

A very delighting news is that Terra has needed their 20 days of not buying Crypto with a massive $1.5b purchase as the Bitcoin price was just tumbling below 38k and now even 37k. Definitely some Bitcoin on huge discount.

And quite surprisingly they have a lot of Bitcoin left to buy in their 10b dollar purchase plan to back the UST. Definitely the most ambitious plan to back any stablecoin.

Source to read:
https://www.theblockcrypto.com/post/145289/luna-foundation-guard-buys-additional-1-5-billion-in-bitcoin-backing-for-ust?utm_source=cryptopanic&amp;utm_medium=rss",True,False,False,CryptoCurrency,t5_2wlj3,4803452,public,self,,,Terra/Luna buys $1.5b worth of Bitcoin as the price plunges below $37k 🤯.,0,[],1.0,https://www.reddit.com/r/CryptoCurrency/comments/uj2rsq/terraluna_buys_15b_worth_of_bitcoin_as_the_price/,all_ads,6,1651743518.0,,dark,,self,"{'enabled': False, 'images': [{'id': 'VHobJWooWV5qzynE6CCDlCsHae7_tdAAFflo7YXaXW4', 'resolutions': [{'height': 60, 'url': 'https://external-preview.redd.it/n69CgFfKIFqD9lj_e1U_5w7pb29YXGZn_ZgqM8FGFt4.jpg?width=108&amp;crop=smart&amp;auto=webp&amp;s=ba1d2408be92f6a776426039bba834e9100769fc', 'width': 108}, {'height': 121, 'url': 'https://external-preview.redd.it/n69CgFfKIFqD9lj_e1U_5w7pb29YXGZn_ZgqM8FGFt4.jpg?width=216&amp;crop=smart&amp;auto=webp&amp;s=2c48373b7a21ccdf28ea08563c87aa2dc317ad79', 'width': 216}, {'height': 180, 'url': 'https://external-preview.redd.it/n69CgFfKIFqD9lj_e1U_5w7pb29YXGZn_ZgqM8FGFt4.jpg?width=320&amp;crop=smart&amp;auto=webp&amp;s=21c5c8571e509eb5489bd8e361033b33cdf520cd', 'width': 320}, {'height': 360, 'url': 'https://external-preview.redd.it/n69CgFfKIFqD9lj_e1U_5w7pb29YXGZn_ZgqM8FGFt4.jpg?width=640&amp;crop=smart&amp;auto=webp&amp;s=ce5172d0673cf100a575d19467e41f114c79e425', 'width': 640}, {'height': 540, 'url': 'https://external-preview.redd.it/n69CgFfKIFqD9lj_e1U_5w7pb29YXGZn_ZgqM8FGFt4.jpg?width=960&amp;crop=smart&amp;auto=webp&amp;s=7facd84976e41bd6ed792bd21015898138fcf9f2', 'width': 960}, {'height': 607, 'url': 'https://external-preview.redd.it/n69CgFfKIFqD9lj_e1U_5w7pb29YXGZn_ZgqM8FGFt4.jpg?width=1080&amp;crop=smart&amp;auto=webp&amp;s=7936158650882c26da1480ebd4b5616f7ef11359', 'width': 1080}], 'source': {'height': 1080, 'url': 'https://external-preview.redd.it/n69CgFfKIFqD9lj_e1U_5w7pb29YXGZn_ZgqM8FGFt4.jpg?auto=webp&amp;s=66f7fe05bb6eddc479d388316aecc5021fbf8e20', 'width': 1920}, 'variants': {}}]}",,
3,[],False,Reahvenz,,[],,text,t2_34jvnp5q,False,False,False,[],False,False,1651771633,cnbc.com,https://www.reddit.com/r/Bitcoin/comments/uj2igj/breaking_luna_foundation_acquired_37863_more/,{},uj2igj,False,False,False,False,False,False,False,False,,,[],,,dark,text,False,,False,True,0,0,False,all_ads,/r/Bitcoin/comments/uj2igj/breaking_luna_foundation_acquired_37863_more/,False,6,1651771643,1,,True,False,False,Bitcoin,t5_2s3qj,4164291,public,https://b.thumbs.redditmedia.com/d2bq4W7d8UFxIarigSSwdze1foDIYGcY73Us-ZYQujc.jpg,78.0,140.0,"BREAKING: Luna Foundation acquired 37,863 more bitcoin worth $1.5 billion for UST stablecoin reserves",0,[],1.0,https://www.cnbc.com/2022/05/05/luna-foundation-guard-bolsters-stablecoin-reserve-by-raising-1point5-billion-in-bitcoin.html?utm_term=Autofeed&amp;utm_medium=Social&amp;utm_content=Main&amp;utm_source=Twitter#Echobox=1651763513,all_ads,6,1651742833.0,,,,link,"{'enabled': False, 'images': [{'id': 'axfUMb45GUZp_Ech3zUsFlpBJ-Bgy6yiRWHi_NqaFvw', 'resolutions': [{'height': 60, 'url': 'https://external-preview.redd.it/TpXI9Q0DJK0iLz0MXEIM143hR40cZQHUjqQYayVehUE.jpg?width=108&amp;crop=smart&amp;auto=webp&amp;s=169085c891925f6d3cfaedb0b700fd0d208e654f', 'width': 108}, {'height': 121, 'url': 'https://external-preview.redd.it/TpXI9Q0DJK0iLz0MXEIM143hR40cZQHUjqQYayVehUE.jpg?width=216&amp;crop=smart&amp;auto=webp&amp;s=6f49d16d07345177422947ce88c30ff03ff8ff29', 'width': 216}, {'height': 180, 'url': 'https://external-preview.redd.it/TpXI9Q0DJK0iLz0MXEIM143hR40cZQHUjqQYayVehUE.jpg?width=320&amp;crop=smart&amp;auto=webp&amp;s=429c2f8cb24cc65fc2bb8d75528863eb507fb59b', 'width': 320}, {'height': 360, 'url': 'https://external-preview.redd.it/TpXI9Q0DJK0iLz0MXEIM143hR40cZQHUjqQYayVehUE.jpg?width=640&amp;crop=smart&amp;auto=webp&amp;s=faa4e5acff5f2aab4e82297e0c9bf7dd8e32bbcb', 'width': 640}, {'height': 540, 'url': 'https://external-preview.redd.it/TpXI9Q0DJK0iLz0MXEIM143hR40cZQHUjqQYayVehUE.jpg?width=960&amp;crop=smart&amp;auto=webp&amp;s=f8f5d997e55c1aa8de9dbc68183593382d9cacb9', 'width': 960}, {'height': 607, 'url': 'https://external-preview.redd.it/TpXI9Q0DJK0iLz0MXEIM143hR40cZQHUjqQYayVehUE.jpg?width=1080&amp;crop=smart&amp;auto=webp&amp;s=fca517b29a78caf94c50a21d16e71ec7438c86ef', 'width': 1080}], 'source': {'height': 1080, 'url': 'https://external-preview.redd.it/TpXI9Q0DJK0iLz0MXEIM143hR40cZQHUjqQYayVehUE.jpg?auto=webp&amp;s=9fa47b3adba721f876efcba1353e9040f6059fe6', 'width': 1920}, 'variants': {}}]}",moderator,https://www.cnbc.com/2022/05/05/luna-foundation-guard-bolsters-stablecoin-reserve-by-raising-1point5-billion-in-bitcoin.html?utm_term=Autofeed&amp;utm_medium=Social&amp;utm_content=Main&amp;utm_source=Twitter#Echobox=1651763513
