,all_awardings,allow_live_comments,author,author_flair_background_color,author_flair_css_class,author_flair_richtext,author_flair_text,author_flair_text_color,author_flair_type,author_fullname,author_is_blocked,author_patreon_flair,author_premium,awarders,can_mod_post,contest_mode,created_utc,domain,full_link,gildings,id,is_created_from_ads_ui,is_crosspostable,is_meta,is_original_content,is_reddit_media_domain,is_robot_indexable,is_self,is_video,link_flair_background_color,link_flair_css_class,link_flair_richtext,link_flair_template_id,link_flair_text,link_flair_text_color,link_flair_type,locked,media_only,no_follow,num_comments,num_crossposts,over_18,parent_whitelist_status,permalink,pinned,pwls,retrieved_on,score,selftext,send_replies,spoiler,stickied,subreddit,subreddit_id,subreddit_subscribers,subreddit_type,suggested_sort,thumbnail,title,total_awards_received,treatment_tags,upvote_ratio,url,whitelist_status,wls,created
0,[],False,Al_Zik1,,Warning-level2-2,"[{'e': 'text', 't': 'Tin | CC critic'}]",Tin | CC critic,dark,richtext,t2_a1nhhd1b,False,False,False,[],False,False,1651799103,self.CryptoCurrency,https://www.reddit.com/r/CryptoCurrency/comments/ujbv2h/the_terra_foundation_has_added_another_37863btc/,{},ujbv2h,False,True,False,False,False,True,True,False,#0aa18f,NEWS,"[{'e': 'text', 't': 'GENERAL-NEWS'}]",f170aab2-246f-11ec-8143-429a193c9848,GENERAL-NEWS,light,richtext,False,False,True,1,0,False,all_ads,/r/CryptoCurrency/comments/ujbv2h/the_terra_foundation_has_added_another_37863btc/,False,6,1651799114,1,"The Terra Foundation has added another 37,863 Bitcoin to its reserve, making the purchase worth $1.5 billion.


The current purchase brings it much closer to the ultimate aim of its $10 billion bitcoin reserve goal. Co-founder of Terraform Labs, Do Kwon, expects the goal to be achieved by the third quarter-end.

“For the first time, you’re starting to see a pegged currency that is attempting to observe the bitcoin standard.” “It’s making a strong directional bet that keeping a lot of those foreign reserves in the form of a digital native currency is going to be a winning recipe


Damn Terra is bullish for BTC.",True,False,False,CryptoCurrency,t5_2wlj3,4804622,public,new,self,"The Terra Foundation has added another 37,863BTC.",0,[],1.0,https://www.reddit.com/r/CryptoCurrency/comments/ujbv2h/the_terra_foundation_has_added_another_37863btc/,all_ads,6,1651770303.0
