,all_awardings,allow_live_comments,author,author_flair_background_color,author_flair_css_class,author_flair_richtext,author_flair_text,author_flair_text_color,author_flair_type,author_fullname,author_is_blocked,author_patreon_flair,author_premium,awarders,can_mod_post,contest_mode,created_utc,domain,full_link,gildings,id,is_created_from_ads_ui,is_crosspostable,is_meta,is_original_content,is_reddit_media_domain,is_robot_indexable,is_self,is_video,link_flair_background_color,link_flair_css_class,link_flair_richtext,link_flair_template_id,link_flair_text,link_flair_text_color,link_flair_type,locked,media_only,no_follow,num_comments,num_crossposts,over_18,parent_whitelist_status,permalink,pinned,post_hint,preview,pwls,retrieved_on,score,selftext,send_replies,spoiler,stickied,subreddit,subreddit_id,subreddit_subscribers,subreddit_type,suggested_sort,thumbnail,thumbnail_height,thumbnail_width,title,total_awards_received,treatment_tags,upvote_ratio,url,url_overridden_by_dest,whitelist_status,wls,created,removed_by_category
0,[],False,lukanz,,,"[{'e': 'text', 't': 'Silver | QC: CC 38 | VET 37'}]",Silver | QC: CC 38 | VET 37,dark,richtext,t2_a1i6hox,False,False,False,[],False,False,1651278608,app.flipsidecrypto.com,https://www.reddit.com/r/CryptoCurrency/comments/uezie1/intro_to_terra_minting_mechanism/,{},uezie1,False,True,False,False,False,True,False,False,#edd400,EDUCATIONAL,"[{'e': 'text', 't': 'EDUCATIONAL'}]",fcc301e2-a5e0-11ec-82c9-06b6a4903a7e,EDUCATIONAL,dark,richtext,False,False,True,1,0,False,all_ads,/r/CryptoCurrency/comments/uezie1/intro_to_terra_minting_mechanism/,False,link,"{'enabled': False, 'images': [{'id': 'jKElvEdWEyT8txmj-BHojRlt3CqXKde0WbnNSS_YdlA', 'resolutions': [{'height': 108, 'url': 'https://external-preview.redd.it/3-QfQFgimPlnntGnNpGOp91SfTsYbWVIGNamxllXL3s.jpg?width=108&amp;crop=smart&amp;auto=webp&amp;s=7379a930c4dba76e58fc4ed33ee6e66093773bfe', 'width': 108}, {'height': 216, 'url': 'https://external-preview.redd.it/3-QfQFgimPlnntGnNpGOp91SfTsYbWVIGNamxllXL3s.jpg?width=216&amp;crop=smart&amp;auto=webp&amp;s=59035ce16bb52cc5ec68e632ba3493e77ddb0162', 'width': 216}, {'height': 320, 'url': 'https://external-preview.redd.it/3-QfQFgimPlnntGnNpGOp91SfTsYbWVIGNamxllXL3s.jpg?width=320&amp;crop=smart&amp;auto=webp&amp;s=1000fd736009d34acefafdb8b701478fd9632c22', 'width': 320}, {'height': 640, 'url': 'https://external-preview.redd.it/3-QfQFgimPlnntGnNpGOp91SfTsYbWVIGNamxllXL3s.jpg?width=640&amp;crop=smart&amp;auto=webp&amp;s=100668d3d24fcb16d54297d3cdf53d6c77cc397e', 'width': 640}, {'height': 960, 'url': 'https://external-preview.redd.it/3-QfQFgimPlnntGnNpGOp91SfTsYbWVIGNamxllXL3s.jpg?width=960&amp;crop=smart&amp;auto=webp&amp;s=7b17710f2adadda4e6b380eb7c3cde1af485feea', 'width': 960}], 'source': {'height': 1032, 'url': 'https://external-preview.redd.it/3-QfQFgimPlnntGnNpGOp91SfTsYbWVIGNamxllXL3s.jpg?auto=webp&amp;s=9be3c9616bb4773faa1dddcaef9474bd4f4452e7', 'width': 1032}, 'variants': {}}]}",6,1651278619,1,,True,False,False,CryptoCurrency,t5_2wlj3,4781047,public,new,https://a.thumbs.redditmedia.com/jGpdd8yBHQcg7Nc02ghs5cUiA9h1eFyZlsAbribWfH4.jpg,140.0,140.0,Intro to Terra minting mechanism,0,[],1.0,https://app.flipsidecrypto.com/dashboard/182-terra-ust-luna-highway-9eo3Kq,https://app.flipsidecrypto.com/dashboard/182-terra-ust-luna-highway-9eo3Kq,all_ads,6,1651249808.0,
1,[],False,Maria_Joana,,,[],,,text,t2_14cel6,False,False,False,[],False,False,1651253527,self.CryptoCurrency,https://www.reddit.com/r/CryptoCurrency/comments/uer3hi/staking_terra_luna_in_stader_labs/,{},uer3hi,False,True,False,False,False,True,True,False,#7193ff,STAKING,"[{'e': 'text', 't': 'STAKING'}]",e3cef78c-d01a-11eb-b75b-0eda6f21cfc9,STAKING,dark,richtext,False,False,True,1,0,False,all_ads,/r/CryptoCurrency/comments/uer3hi/staking_terra_luna_in_stader_labs/,False,,,6,1651253537,1,"I have my lunas staked in Stader Labs in the option ""Stake+"" (this option i think will do autocompound)

&amp;#x200B;

I Delegated to one single validador all the lunas

&amp;#x200B;

I can see the locked Lunas in the validador, but i cant see the rewards

&amp;#x200B;

Is there a minimum period? I think the rewards will be in luna and they are auto-compounded, im right?

&amp;#x200B;

The stake was 9 days ago, but i cant see any reward.

&amp;#x200B;

I need to do something or i need to wait a time period like 21 days?

&amp;#x200B;

With Solana the rewards are in 3 days+-

&amp;#x200B;

Can anyone help me",True,False,False,CryptoCurrency,t5_2wlj3,4779927,public,new,self,,,Staking Terra Luna in Stader Labs,0,[],1.0,https://www.reddit.com/r/CryptoCurrency/comments/uer3hi/staking_terra_luna_in_stader_labs/,,all_ads,6,1651224727.0,
2,[],False,Maria_Joana,,,[],,,text,t2_14cel6,False,False,False,[],False,False,1651252763,self.CryptoCurrency,https://www.reddit.com/r/CryptoCurrency/comments/ueqtwp/terra_luna_staked_in_stader_labs_stake/,{},ueqtwp,False,False,False,False,False,False,True,False,#7193ff,DISCUSSION,"[{'e': 'text', 't': 'DISCUSSION'}]",87049662-0882-11e5-82e1-0e9d1a9f7761,DISCUSSION,dark,richtext,False,False,True,1,0,False,all_ads,/r/CryptoCurrency/comments/ueqtwp/terra_luna_staked_in_stader_labs_stake/,False,,,6,1651252773,1,[removed],True,False,False,CryptoCurrency,t5_2wlj3,4779887,public,,self,,,"Terra Luna Staked in Stader Labs ""Stake+""",0,[],1.0,https://www.reddit.com/r/CryptoCurrency/comments/ueqtwp/terra_luna_staked_in_stader_labs_stake/,,all_ads,6,1651223963.0,moderator
3,[],False,Maria_Joana,,,[],,,text,t2_14cel6,False,False,False,[],False,False,1651252574,self.CryptoCurrency,https://www.reddit.com/r/CryptoCurrency/comments/ueqrgu/stader_labs_stake_terra_luna_staking/,{},ueqrgu,False,False,False,False,False,False,True,False,#7193ff,STAKING,"[{'e': 'text', 't': 'STAKING'}]",e3cef78c-d01a-11eb-b75b-0eda6f21cfc9,STAKING,dark,richtext,False,False,True,1,0,False,all_ads,/r/CryptoCurrency/comments/ueqrgu/stader_labs_stake_terra_luna_staking/,False,,,6,1651252584,1,[removed],True,False,False,CryptoCurrency,t5_2wlj3,4779876,public,,self,,,"Stader Labs ""Stake+"" Terra Luna Staking",0,[],1.0,https://www.reddit.com/r/CryptoCurrency/comments/ueqrgu/stader_labs_stake_terra_luna_staking/,,all_ads,6,1651223774.0,moderator
