,all_awardings,allow_live_comments,author,author_flair_css_class,author_flair_richtext,author_flair_text,author_flair_type,author_fullname,author_is_blocked,author_patreon_flair,author_premium,awarders,can_mod_post,contest_mode,created_utc,domain,full_link,gildings,id,is_created_from_ads_ui,is_crosspostable,is_meta,is_original_content,is_reddit_media_domain,is_robot_indexable,is_self,is_video,link_flair_background_color,link_flair_css_class,link_flair_richtext,link_flair_template_id,link_flair_text,link_flair_text_color,link_flair_type,locked,media_only,no_follow,num_comments,num_crossposts,over_18,parent_whitelist_status,permalink,pinned,post_hint,preview,pwls,retrieved_on,score,selftext,send_replies,spoiler,stickied,subreddit,subreddit_id,subreddit_subscribers,subreddit_type,suggested_sort,thumbnail,thumbnail_height,thumbnail_width,title,total_awards_received,treatment_tags,upvote_ratio,url,url_overridden_by_dest,whitelist_status,wls,created,author_flair_background_color,author_flair_text_color,media,media_embed,secure_media,secure_media_embed,removed_by_category
0,[],False,Reahvenz,,[],,text,t2_34jvnp5q,False,False,False,[],False,False,1651505348,i.redd.it,https://www.reddit.com/r/CryptoCurrency/comments/ugs77n/luna_just_flipped_ada_in_terms_of_market_cap/,{},ugs77n,False,True,False,False,True,True,False,False,#46d160,MARKETS,"[{'e': 'text', 't': 'MARKETS'}]",1a657c8c-e48d-11e5-a215-0e374d550989,MARKETS,light,richtext,False,False,True,2,0,False,all_ads,/r/CryptoCurrency/comments/ugs77n/luna_just_flipped_ada_in_terms_of_market_cap/,False,image,"{'enabled': True, 'images': [{'id': 'ap7MzUJ7Y8f5qAzdfdw4_5kgcrUoYRknI9pjhofj37k', 'resolutions': [{'height': 141, 'url': 'https://preview.redd.it/6yp32rurz2x81.jpg?width=108&amp;crop=smart&amp;auto=webp&amp;s=e450656f7093430c4ba3e3622d1d544de3579fed', 'width': 108}, {'height': 283, 'url': 'https://preview.redd.it/6yp32rurz2x81.jpg?width=216&amp;crop=smart&amp;auto=webp&amp;s=34b3ff87c47616fc0e482aa106cdc7d0512fbfc0', 'width': 216}, {'height': 419, 'url': 'https://preview.redd.it/6yp32rurz2x81.jpg?width=320&amp;crop=smart&amp;auto=webp&amp;s=a2723b061067401aff8b58fed078904580ba8732', 'width': 320}, {'height': 838, 'url': 'https://preview.redd.it/6yp32rurz2x81.jpg?width=640&amp;crop=smart&amp;auto=webp&amp;s=814803200f6f6da843f51f13d3324b393790d0ff', 'width': 640}, {'height': 1257, 'url': 'https://preview.redd.it/6yp32rurz2x81.jpg?width=960&amp;crop=smart&amp;auto=webp&amp;s=efcd5cc6fd633d3257652fa5ae30d21981268d93', 'width': 960}, {'height': 1415, 'url': 'https://preview.redd.it/6yp32rurz2x81.jpg?width=1080&amp;crop=smart&amp;auto=webp&amp;s=43f5422d26cd33190e4a56e26ef3ec66fd11b809', 'width': 1080}], 'source': {'height': 1415, 'url': 'https://preview.redd.it/6yp32rurz2x81.jpg?auto=webp&amp;s=bbb49332a3f820f68deb0ebd7d70e6f4d3d0c188', 'width': 1080}, 'variants': {}}]}",6,1651505359,1,,True,False,False,CryptoCurrency,t5_2wlj3,4790867,public,new,https://b.thumbs.redditmedia.com/hVg-ajyTd_BRNK8PjTq9tx1t99eC2FXVBic-4ek4BaU.jpg,140.0,140.0,Luna just flipped ADA in terms of market cap. TerraUSD also entered in to top 10,0,[],1.0,https://i.redd.it/6yp32rurz2x81.jpg,https://i.redd.it/6yp32rurz2x81.jpg,all_ads,6,1651476548.0,,,,,,,
1,[],False,Cytomax,Warning-level2-2,"[{'e': 'text', 't': 'Tin | Linux 24'}]",Tin | Linux 24,richtext,t2_102nnf,False,False,False,[],False,False,1651497297,self.CryptoCurrency,https://www.reddit.com/r/CryptoCurrency/comments/ugpe3q/what_happens_to_coinstoken_when_the_defi_project/,{},ugpe3q,False,True,False,False,False,True,True,False,#7193ff,STAKING,"[{'e': 'text', 't': 'STAKING'}]",e3cef78c-d01a-11eb-b75b-0eda6f21cfc9,STAKING,dark,richtext,False,False,True,1,0,False,all_ads,/r/CryptoCurrency/comments/ugpe3q/what_happens_to_coinstoken_when_the_defi_project/,False,,,6,1651497307,1,"Lets say you are staking on 

ANC protocol with UST/ANC in a liquidity pool and it ANC DEFI goes bankrupt... 

i would imagine i lose everything

&amp;#x200B;

BUT

&amp;#x200B;

lets say you are staking on 

Osmosis in the LUNA UST Liquidity pool 

Lets say Osmosis fails would i still be able to get my LUNA/UST back or would i also lose my LUNA/UST?

&amp;#x200B;

I would understand that if you are in a liquidity pool using the DEFI liquidity token i would imagine you lose everything

but if you are using an unrelated token and defi app fails what then?",True,False,False,CryptoCurrency,t5_2wlj3,4790439,public,new,self,,,What happens to coins/token when the defi project they are staked on fails,0,[],1.0,https://www.reddit.com/r/CryptoCurrency/comments/ugpe3q/what_happens_to_coinstoken_when_the_defi_project/,,all_ads,6,1651468497.0,,dark,,,,,
2,[],False,Cannister7,Warning-level2-2,"[{'e': 'text', 't': 'Tin | LRC 8'}]",Tin | LRC 8,richtext,t2_cfs6l47,False,False,False,[],False,False,1651493123,self.CryptoCurrency,https://www.reddit.com/r/CryptoCurrency/comments/ugo48f/which_coinstokens_will_survive/,{},ugo48f,False,True,False,False,False,True,True,False,#7193ff,DISCUSSION,"[{'e': 'text', 't': 'DISCUSSION'}]",87049662-0882-11e5-82e1-0e9d1a9f7761,DISCUSSION,dark,richtext,False,False,True,1,0,False,all_ads,/r/CryptoCurrency/comments/ugo48f/which_coinstokens_will_survive/,False,,,6,1651493133,1,"This is a hypothetical question, I know. I'm not asking for absolutes, just a general picture/prediction. Let's say that we ARE in a bear market/crypto winter, whatever. I keep reading comments saying 'oh, crypto winter kills a lot of projects, make sure you're invested in good projects' or 'most of the top (whatever number) from 2017 don't exist any more' etc etc.

What I'd like to know is, are we talking about meme coins/shit coins etc? Or is there a legit chance that a long bear market kills off solid projects? For example, and I'm not talking particularly about tokens that I hold, but are things like, say, AVAX, ALGO, LRC, LUNA, ADA, DOT, VET, etc. also at risk?

I kind of feel like, projects' which have a solid use case and ecosystem (ie not meme coins) are always going to exist, but I also know that hype can die on any project, and that's a big part of something's success.",True,False,False,CryptoCurrency,t5_2wlj3,4790264,public,new,self,,,Which coins/tokens will survive?,0,[],1.0,https://www.reddit.com/r/CryptoCurrency/comments/ugo48f/which_coinstokens_will_survive/,,all_ads,6,1651464323.0,,dark,,,,,
3,[],False,Visible-Ad743,,[],,text,t2_8fajhkha,False,False,False,[],False,False,1651463661,self.CryptoCurrency,https://www.reddit.com/r/CryptoCurrency/comments/uggymb/crypto_prices_one_year_ago_today/,{},uggymb,False,True,False,False,False,True,True,False,#46d160,MARKETS,"[{'e': 'text', 't': 'MARKETS'}]",1a657c8c-e48d-11e5-a215-0e374d550989,MARKETS,light,richtext,False,False,True,2,0,False,all_ads,/r/CryptoCurrency/comments/uggymb/crypto_prices_one_year_ago_today/,False,,,6,1651463672,1,"What coin would you have dropped more than you could afford to lose NOT knowing what you know today?

[\#BTC](https://twitter.com/hashtag/BTC?src=hashtag_click): $56,600 

[\#ETH](https://twitter.com/hashtag/ETH?src=hashtag_click): $2,953 

[\#ADA](https://twitter.com/hashtag/ADA?src=hashtag_click): $1.33 

[\#BNB](https://twitter.com/hashtag/BNB?src=hashtag_click): $622

 [\#XRP](https://twitter.com/hashtag/XRP?src=hashtag_click): $1.56 

[\#VET](https://twitter.com/hashtag/VET?src=hashtag_click): $0.21 

[\#SOL](https://twitter.com/hashtag/SOL?src=hashtag_click): $46.93 

[\#AXS](https://twitter.com/hashtag/AXS?src=hashtag_click): $9.33 

[\#AVAX](https://twitter.com/hashtag/AVAX?src=hashtag_click)📷: $31.30 

[\#LUNA](https://twitter.com/hashtag/LUNA?src=hashtag_click): $17.20 

[\#DOGE](https://twitter.com/hashtag/DOGE?src=hashtag_click): $0.37 

[\#MATIC](https://twitter.com/hashtag/MATIC?src=hashtag_click): $0.81 

[\#MANA](https://twitter.com/hashtag/MANA?src=hashtag_click): $1.41 

[\#SAND](https://twitter.com/hashtag/SAND?src=hashtag_click): $0.59 

[\#SHIB](https://twitter.com/hashtag/SHIB?src=hashtag_click):$ 0.00000166 

Don't be a hater. Just participate for fun. 

A year later many are still at loss after investing in all time high. Many. Not all. Relax. Crypto has wild mood swings. Anything is possible. Be patient and HODLE tight. It could get very rough BUT Its going to be ok. WAGMI.",True,False,False,CryptoCurrency,t5_2wlj3,4789037,public,,self,,,Crypto prices one year ago today.,0,[],1.0,https://www.reddit.com/r/CryptoCurrency/comments/uggymb/crypto_prices_one_year_ago_today/,,all_ads,6,1651434861.0,,,,,,,
4,[],False,hoanglpr, Investor,"[{'e': 'text', 't': ' Crypto'}]", Crypto,richtext,t2_1zn37s4,False,False,False,[],False,False,1651440151,self.CryptoCurrency,https://www.reddit.com/r/CryptoCurrency/comments/ug9r1o/im_no_longer_bullish_on_centralised_tokens_one/,{},ug9r1o,False,True,False,False,False,True,True,False,#7193ff,DISCUSSION,"[{'e': 'text', 't': 'DISCUSSION'}]",87049662-0882-11e5-82e1-0e9d1a9f7761,DISCUSSION,dark,richtext,False,False,False,1,0,False,all_ads,/r/CryptoCurrency/comments/ug9r1o/im_no_longer_bullish_on_centralised_tokens_one/,False,,,6,1651440162,1,"This was me who wrote two posts:

**1.**  **Why I don't think Crypto.com coin might end up having a big correction aka sell off**

Link: [https://www.reddit.com/r/CryptoCurrency/comments/r19g4l/why\_i\_dont\_think\_cryptocom\_coin\_might\_end\_up/](https://www.reddit.com/r/CryptoCurrency/comments/r19g4l/why_i_dont_think_cryptocom_coin_might_end_up/)

**2.**  **Why I'm super BULLISH on Harmony ONE**

Link: [https://www.reddit.com/r/CryptoCurrency/comments/putrd8/why\_im\_super\_bullish\_on\_harmony\_one/](https://www.reddit.com/r/CryptoCurrency/comments/putrd8/why_im_super_bullish_on_harmony_one/)

Disclaimer: I used to hold CRO and ONE, but no more because of their approach. Lucky for me, I got out in profit (March 2022), but not at ATH, CRO at 40 cents and ONE at 12 cents. I held through thick and thin: one ATH of CRO at 96 cents (due to locked CRO for a Jade green), twice ATH of ONE because I staked.

I wrote those two posts because I used to believe in their approach. but the more I learn, the more I know I should stay away from any centralised token due to their tokenomics, approach. Two examples that I got first hand experience: CRO and ONE.

The important reason I’m no longer interested in centralised tokens like ONE or CRO is that the founders of those tokens could step in and do whatever the hell they want.

1.  CRO. The real utility of CRO is their cards with staking rewards and cash-back. Now they step in and cut off everything. My best guess is to cover their ass on a lot of spendings like Crypto.com area and sponsorship so they should cut off everything.  For real, there is nothing innovative about Cronos chain, expect it is baked by Crypto.com. 

2.  ONE. This buddy right here is pretty funny. They rather fund ONE to a lot of rubbish projects than a better, useable, and API-compatible explorer. Their explorer is completely a trash. Their vision on DAO is also a bad thing. Another thing that a lot of people that think is a big catalyst for ONE to become a mainstream is BTC bridge, which turns out to be a disaster. In general, in order to mint 1 BTC (1BTC on Harmony), 1 BTC must be locked away in the vault of vault runners on Harmony, then 1.5 BTC worth in ONE must be locked away in the vault. So with this ‘permisonless’ way, 1 BTC and 1.5 BTC worth in ONE must be locked just for 1 1BTC to be minted on Harmony. Considering the market cap of Harmony ONE, there is no way it would be able to compete with WrappedBTC.

Other centralised tokens like LUNA or SOL. You guys better be careful. For instance, the way LUNA founders could step in and say they want to buy a lot of BTC to back their stable coin - UST, of course, by dumping LUNA on the market is a huge red flag. 

My sincere apology if anyone was affected by my posts. Like I wrote, I didn't get out at ATH.",True,False,False,CryptoCurrency,t5_2wlj3,4787780,public,,self,,,"I’m NO longer bullish on centralised tokens: ONE, CRO, etc",0,[],1.0,https://www.reddit.com/r/CryptoCurrency/comments/ug9r1o/im_no_longer_bullish_on_centralised_tokens_one/,,all_ads,6,1651411351.0,,dark,,,,,
5,[],False,Gotestthat,,"[{'e': 'text', 't': ' just some idiot'}]", just some idiot,richtext,t2_eobq4lz,False,False,False,[],False,False,1651438923,self.CryptoCurrency,https://www.reddit.com/r/CryptoCurrency/comments/ug9bq4/todays_winners_and_losers_may_1_2022/,{},ug9bq4,False,True,False,False,False,True,True,False,#add2e2,ADVICE,"[{'e': 'text', 't': 'ANALYSIS'}]",c1034ee6-9c2a-11e3-a8c4-12313b0e8e20,ANALYSIS,dark,richtext,False,False,True,1,0,False,all_ads,/r/CryptoCurrency/comments/ug9bq4/todays_winners_and_losers_may_1_2022/,False,,,6,1651438933,1,"  NEAR (11.722) changed by +13.41% 

  HNT (13.33) changed by +8.37% 

  LRC (0.7375) changed by +8.28% 

  SAND (2.1221) changed by +8.04% 

  AXS (31.17) changed by +7.3% 

  AKRO (0.00856) changed by +7.13% 

  GALA (0.14087) changed by +7.08% 

  CTK (1.051) changed by +6.7% 

  REEF (0.00748) changed by +6.25% 

  BEL (0.664) changed by +6.24% 

  BLZ (0.1269) changed by +6.1% 

  MATIC (1.094) changed by +6.01% 

  CTSI (0.2807) changed by +5.84% 

  CELR (0.03522) changed by +5.77% 

  VET (0.0479) changed by +5.74% 

  DASH (89.4) changed by +5.55% 

  ENS (21.53) changed by +5.44% 

  ALGO (0.598) changed by +5.41% 

  CHR (0.3518) changed by +5.39% 

  SOL (89.14) changed by +5.33% 

  UNFI (4.041) changed by +5.32% 

  MANA (1.5082) changed by +5.27% 

  DOT (15.26) changed by +5.24% 

  C98 (1.171) changed by +5.02% 

  BAT (0.5976) changed by +4.99% 

  RLC (1.539) changed by +4.91% 

  FIL (14.92) changed by +4.85% 

  ZEN (30.28) changed by +4.81% 

  THETA (2.313) changed by +4.71% 

  RUNE (6.335) changed by +4.69% 

  QTUM (5.565) changed by +4.68% 

  NEO (17.52) changed by +4.6% 

  UNI (7.06) changed by +4.59% 

  PEOPLE (0.0374) changed by +4.47% 

  BAL (12.62) changed by +4.3% 

  LUNA (81.35) changed by +4.17% 

  SRM (1.889) changed by +4.02% 

  GTC (4.678) changed by +3.93% 

  BAND (3.073) changed by +3.85% 

  DGB (0.01914) changed by +3.85% 

  AVAX (59.16) changed by +3.83% 

  TLM (0.0766) changed by +3.79% 

  ICP (12.86) changed by +3.71% 

  ICX (0.631) changed by +3.61% 

  ADA (0.7825) changed by +3.56% 

  CVC (0.2684) changed by +3.47% 

  XRP (0.6044) changed by +3.4% 

  SUSHI (2.376) changed by +3.39% 

  EOS (2.08) changed by +3.38% 

  YFI (17222.85) changed by +3.37% 

  DENT (0.002097) changed by +3.3% 

  LTC (98.9) changed by +3.24% 

  1INCH (1.154) changed by +3.13% 

  MASK (3.839) changed by +3.01% 

  ETH (2808.17) changed by +2.99% 

  NKN (0.1651) changed by +2.99% 

  XLM (0.1739) changed by +2.96% 

  BNB (388.2) changed by +2.94% 

  WAVES (13.05) changed by +2.92% 

  DOGE (0.1311) changed by +2.9% 

  AUDIO (0.858) changed by +2.88% 

  BAKE (0.552) changed by +2.79% 

  RVN (0.04292) changed by +2.78% 

  ALICE (5.05) changed by +2.64% 

  IOTA (0.5423) changed by +2.49% 

  ENJ (1.081) changed by +2.27% 

  CRV (2.037) changed by +2.11% 

  BCH (283.5) changed by +2.09% 

  HBAR (0.1443) changed by +2.05% 

  COMP (105.7) changed by +1.93% 

  AAVE (144.9) changed by +1.83% 

  LINK (11.15) changed by +1.83% 

  BTC (38278.93) changed by +1.72% 

  GRT (0.3108) changed by +1.37% 

  KSM (132.6) changed by +0.68% 

  ATOM (17.96) changed by +0.67% 

  FLM (0.1676) changed by +0.54% 

  OGN (0.4498) changed by -0.55% 

  XMR (211.9) changed by -1.03% 

  EGLD (125.9) changed by -1.29% 

  ZIL (0.07088) changed by -1.57% 

  REN (0.2712) changed by -2.02% 

  KNC (4.523) changed by -7.26%",True,False,False,CryptoCurrency,t5_2wlj3,4787703,public,,self,,,"Todays Winners and losers: May 1, 2022",0,[],1.0,https://www.reddit.com/r/CryptoCurrency/comments/ug9bq4/todays_winners_and_losers_may_1_2022/,,all_ads,6,1651410123.0,,dark,,,,,
6,[],False,axe_capital82,,[],,text,t2_huxmdcge,False,False,False,[],False,False,1651437878,youtu.be,https://www.reddit.com/r/CryptoCurrency/comments/ug8y9j/terra_luna_ust_biggest_ponzi_scheme_ever/,{},ug8y9j,False,True,False,False,False,True,False,False,#0dd3bb,VIDEOS,"[{'e': 'text', 't': 'VIDEOS'}]",fee6c918-f3e4-11e5-8172-0ecf7e00c6db,VIDEOS,dark,richtext,False,False,False,1,0,False,all_ads,/r/CryptoCurrency/comments/ug8y9j/terra_luna_ust_biggest_ponzi_scheme_ever/,False,rich:video,"{'enabled': False, 'images': [{'id': 'z2j058xmqNsOCWJEaZFcT2rCULH3uW3MTS0fQ9VJ0Xc', 'resolutions': [{'height': 81, 'url': 'https://external-preview.redd.it/x6yul4Ik0fUbEEcmsfu_Cd25f1pocNsVfCTMQz0POH4.jpg?width=108&amp;crop=smart&amp;auto=webp&amp;s=fdeaf301ac0e202289eb511beca558ad23337281', 'width': 108}, {'height': 162, 'url': 'https://external-preview.redd.it/x6yul4Ik0fUbEEcmsfu_Cd25f1pocNsVfCTMQz0POH4.jpg?width=216&amp;crop=smart&amp;auto=webp&amp;s=f81b3fcefae5bc8bf112fff2d63075a068565295', 'width': 216}, {'height': 240, 'url': 'https://external-preview.redd.it/x6yul4Ik0fUbEEcmsfu_Cd25f1pocNsVfCTMQz0POH4.jpg?width=320&amp;crop=smart&amp;auto=webp&amp;s=0b9cc2f6e887feb5a6fe82b99a52356513d4e720', 'width': 320}], 'source': {'height': 360, 'url': 'https://external-preview.redd.it/x6yul4Ik0fUbEEcmsfu_Cd25f1pocNsVfCTMQz0POH4.jpg?auto=webp&amp;s=dae762a7b756e00e82add0084f3c22472b8d97e1', 'width': 480}, 'variants': {}}]}",6,1651437889,1,,True,False,False,CryptoCurrency,t5_2wlj3,4787651,public,new,https://b.thumbs.redditmedia.com/WNGa5ufTUR6oBA0in-74sN91nzsqPUZap8T2lXFyhss.jpg,105.0,140.0,Terra Luna / UST biggest Ponzi Scheme ever?,0,[],1.0,https://youtu.be/4z3ROCrpvKQ,https://youtu.be/4z3ROCrpvKQ,all_ads,6,1651409078.0,,,"{'oembed': {'author_name': 'Finance with Axel', 'author_url': 'https://www.youtube.com/channel/UC2t0Mv7XRk8bFP8wbKevMRw', 'height': 200, 'html': '&lt;iframe width=""356"" height=""200"" src=""https://www.youtube.com/embed/4z3ROCrpvKQ?feature=oembed&amp;enablejsapi=1"" frameborder=""0"" allow=""accelerometer; autoplay; clipboard-write; encrypted-media; gyroscope; picture-in-picture"" allowfullscreen&gt;&lt;/iframe&gt;', 'provider_name': 'YouTube', 'provider_url': 'https://www.youtube.com/', 'thumbnail_height': 360, 'thumbnail_url': 'https://i.ytimg.com/vi/4z3ROCrpvKQ/hqdefault.jpg', 'thumbnail_width': 480, 'title': 'Terra Luna, UST the biggest Ponzi Scheme ever. Deep Dive, including Proof!', 'type': 'video', 'version': '1.0', 'width': 356}, 'type': 'youtube.com'}","{'content': '&lt;iframe width=""356"" height=""200"" src=""https://www.youtube.com/embed/4z3ROCrpvKQ?feature=oembed&amp;enablejsapi=1"" frameborder=""0"" allow=""accelerometer; autoplay; clipboard-write; encrypted-media; gyroscope; picture-in-picture"" allowfullscreen&gt;&lt;/iframe&gt;', 'height': 200, 'scrolling': False, 'width': 356}","{'oembed': {'author_name': 'Finance with Axel', 'author_url': 'https://www.youtube.com/channel/UC2t0Mv7XRk8bFP8wbKevMRw', 'height': 200, 'html': '&lt;iframe width=""356"" height=""200"" src=""https://www.youtube.com/embed/4z3ROCrpvKQ?feature=oembed&amp;enablejsapi=1"" frameborder=""0"" allow=""accelerometer; autoplay; clipboard-write; encrypted-media; gyroscope; picture-in-picture"" allowfullscreen&gt;&lt;/iframe&gt;', 'provider_name': 'YouTube', 'provider_url': 'https://www.youtube.com/', 'thumbnail_height': 360, 'thumbnail_url': 'https://i.ytimg.com/vi/4z3ROCrpvKQ/hqdefault.jpg', 'thumbnail_width': 480, 'title': 'Terra Luna, UST the biggest Ponzi Scheme ever. Deep Dive, including Proof!', 'type': 'video', 'version': '1.0', 'width': 356}, 'type': 'youtube.com'}","{'content': '&lt;iframe width=""356"" height=""200"" src=""https://www.youtube.com/embed/4z3ROCrpvKQ?feature=oembed&amp;enablejsapi=1"" frameborder=""0"" allow=""accelerometer; autoplay; clipboard-write; encrypted-media; gyroscope; picture-in-picture"" allowfullscreen&gt;&lt;/iframe&gt;', 'height': 200, 'media_domain_url': 'https://www.redditmedia.com/mediaembed/ug8y9j', 'scrolling': False, 'width': 356}",
7,[],False,[deleted],,,,,,False,,,[],False,False,1651437819,youtu.be,https://www.reddit.com/r/CryptoCurrency/comments/ug8xi9/terra_luna_ust_biggest_ponzi_scheme_ever/,{},ug8xi9,False,False,False,False,False,False,False,False,#0dd3bb,VIDEOS,"[{'e': 'text', 't': 'VIDEOS'}]",fee6c918-f3e4-11e5-8172-0ecf7e00c6db,VIDEOS,dark,richtext,False,False,True,1,0,False,all_ads,/r/CryptoCurrency/comments/ug8xi9/terra_luna_ust_biggest_ponzi_scheme_ever/,False,,,6,1651437830,1,[deleted],True,False,False,CryptoCurrency,t5_2wlj3,4787648,public,,default,105.0,140.0,Terra Luna / UST biggest Ponzi Scheme ever?!,0,[],1.0,https://youtu.be/4z3ROCrpvKQ,https://youtu.be/4z3ROCrpvKQ,all_ads,6,1651409019.0,,dark,"{'oembed': {'author_name': 'Finance with Axel', 'author_url': 'https://www.youtube.com/channel/UC2t0Mv7XRk8bFP8wbKevMRw', 'height': 200, 'html': '&lt;iframe width=""356"" height=""200"" src=""https://www.youtube.com/embed/4z3ROCrpvKQ?feature=oembed&amp;enablejsapi=1"" frameborder=""0"" allow=""accelerometer; autoplay; clipboard-write; encrypted-media; gyroscope; picture-in-picture"" allowfullscreen&gt;&lt;/iframe&gt;', 'provider_name': 'YouTube', 'provider_url': 'https://www.youtube.com/', 'thumbnail_height': 360, 'thumbnail_url': 'https://i.ytimg.com/vi/4z3ROCrpvKQ/hqdefault.jpg', 'thumbnail_width': 480, 'title': 'Terra Luna, UST the biggest Ponzi Scheme ever. Deep Dive, including Proof!', 'type': 'video', 'version': '1.0', 'width': 356}, 'type': 'youtube.com'}","{'content': '&lt;iframe width=""356"" height=""200"" src=""https://www.youtube.com/embed/4z3ROCrpvKQ?feature=oembed&amp;enablejsapi=1"" frameborder=""0"" allow=""accelerometer; autoplay; clipboard-write; encrypted-media; gyroscope; picture-in-picture"" allowfullscreen&gt;&lt;/iframe&gt;', 'height': 200, 'scrolling': False, 'width': 356}","{'oembed': {'author_name': 'Finance with Axel', 'author_url': 'https://www.youtube.com/channel/UC2t0Mv7XRk8bFP8wbKevMRw', 'height': 200, 'html': '&lt;iframe width=""356"" height=""200"" src=""https://www.youtube.com/embed/4z3ROCrpvKQ?feature=oembed&amp;enablejsapi=1"" frameborder=""0"" allow=""accelerometer; autoplay; clipboard-write; encrypted-media; gyroscope; picture-in-picture"" allowfullscreen&gt;&lt;/iframe&gt;', 'provider_name': 'YouTube', 'provider_url': 'https://www.youtube.com/', 'thumbnail_height': 360, 'thumbnail_url': 'https://i.ytimg.com/vi/4z3ROCrpvKQ/hqdefault.jpg', 'thumbnail_width': 480, 'title': 'Terra Luna, UST the biggest Ponzi Scheme ever. Deep Dive, including Proof!', 'type': 'video', 'version': '1.0', 'width': 356}, 'type': 'youtube.com'}","{'content': '&lt;iframe width=""356"" height=""200"" src=""https://www.youtube.com/embed/4z3ROCrpvKQ?feature=oembed&amp;enablejsapi=1"" frameborder=""0"" allow=""accelerometer; autoplay; clipboard-write; encrypted-media; gyroscope; picture-in-picture"" allowfullscreen&gt;&lt;/iframe&gt;', 'height': 200, 'media_domain_url': 'https://www.redditmedia.com/mediaembed/ug8xi9', 'scrolling': False, 'width': 356}",deleted
8,[],False,alexanderlobas,,[],,text,t2_25ukx5b8,False,False,False,[],False,False,1651422488,forbes.com,https://www.reddit.com/r/CryptoCurrency/comments/ug3jd2/bitcoin_and_crypto_brace_for_9_trillion_usd/,{},ug3jd2,False,True,False,False,False,True,False,False,#0aa18f,NEWS,"[{'e': 'text', 't': 'GENERAL-NEWS'}]",f170aab2-246f-11ec-8143-429a193c9848,GENERAL-NEWS,light,richtext,False,False,True,1,0,False,all_ads,/r/CryptoCurrency/comments/ug3jd2/bitcoin_and_crypto_brace_for_9_trillion_usd/,False,link,"{'enabled': False, 'images': [{'id': 'P0BNgF8aeZUsUZ97RLdMWIiSuffpqaG5YfkhSe39YSQ', 'resolutions': [{'height': 72, 'url': 'https://external-preview.redd.it/xff0eG8Ps8m8bQCK6VmWv8NuyjLuxpPIhvC06_gcHic.jpg?width=108&amp;crop=smart&amp;auto=webp&amp;s=e7bd6a03e71c2beedbb883238adefed94a2fcd69', 'width': 108}, {'height': 144, 'url': 'https://external-preview.redd.it/xff0eG8Ps8m8bQCK6VmWv8NuyjLuxpPIhvC06_gcHic.jpg?width=216&amp;crop=smart&amp;auto=webp&amp;s=03d8164384bb0def26d1bc4e56213c40a2b1dc8a', 'width': 216}, {'height': 213, 'url': 'https://external-preview.redd.it/xff0eG8Ps8m8bQCK6VmWv8NuyjLuxpPIhvC06_gcHic.jpg?width=320&amp;crop=smart&amp;auto=webp&amp;s=ef54fef4e0f17bacdfd1e3e0d90ea954a901a2dd', 'width': 320}, {'height': 426, 'url': 'https://external-preview.redd.it/xff0eG8Ps8m8bQCK6VmWv8NuyjLuxpPIhvC06_gcHic.jpg?width=640&amp;crop=smart&amp;auto=webp&amp;s=87c6d277c403a2bb6a43a5ca30e4174b7a64d28c', 'width': 640}, {'height': 640, 'url': 'https://external-preview.redd.it/xff0eG8Ps8m8bQCK6VmWv8NuyjLuxpPIhvC06_gcHic.jpg?width=960&amp;crop=smart&amp;auto=webp&amp;s=0787f02da77b77b4b3a85b9bb2240cb9ccf51d7a', 'width': 960}, {'height': 720, 'url': 'https://external-preview.redd.it/xff0eG8Ps8m8bQCK6VmWv8NuyjLuxpPIhvC06_gcHic.jpg?width=1080&amp;crop=smart&amp;auto=webp&amp;s=eec2a0181ea504f6662df7f6df6a38703892328c', 'width': 1080}], 'source': {'height': 800, 'url': 'https://external-preview.redd.it/xff0eG8Ps8m8bQCK6VmWv8NuyjLuxpPIhvC06_gcHic.jpg?auto=webp&amp;s=e566e960e5bc6a6bf23303055dd2298bea79087b', 'width': 1200}, 'variants': {}}]}",6,1651422498,1,,True,False,False,CryptoCurrency,t5_2wlj3,4786827,public,new,https://b.thumbs.redditmedia.com/YyT6WIVBxGVsbyeL6LV3PTqKT8bC-OgF9RgyaeaGX5g.jpg,93.0,140.0,"Bitcoin and crypto brace for 9 trillion USD earthquake as the prices of ether, solana, xrp, luna - crater",0,[],1.0,http://www.forbes.com/sites/billybambrough/2022/05/01/bitcoin-and-crypto-braced-for-a-9-trillion-earthquake-as-the-price-of-ethereum-bnb-solana-cardano-xrp-terras-luna-and-avalanche-crater/amp/,http://www.forbes.com/sites/billybambrough/2022/05/01/bitcoin-and-crypto-braced-for-a-9-trillion-earthquake-as-the-price-of-ethereum-bnb-solana-cardano-xrp-terras-luna-and-avalanche-crater/amp/,all_ads,6,1651393688.0,,,,,,,
