,all_awardings,allow_live_comments,author,author_flair_css_class,author_flair_richtext,author_flair_text,author_flair_type,author_fullname,author_is_blocked,author_patreon_flair,author_premium,awarders,can_mod_post,contest_mode,created_utc,domain,full_link,gildings,id,is_created_from_ads_ui,is_crosspostable,is_meta,is_original_content,is_reddit_media_domain,is_robot_indexable,is_self,is_video,link_flair_background_color,link_flair_css_class,link_flair_richtext,link_flair_template_id,link_flair_text,link_flair_text_color,link_flair_type,locked,media_only,no_follow,num_comments,num_crossposts,over_18,parent_whitelist_status,permalink,pinned,post_hint,preview,pwls,retrieved_on,score,selftext,send_replies,spoiler,stickied,subreddit,subreddit_id,subreddit_subscribers,subreddit_type,suggested_sort,thumbnail,thumbnail_height,thumbnail_width,title,total_awards_received,treatment_tags,upvote_ratio,url,url_overridden_by_dest,whitelist_status,wls,created,author_flair_background_color,author_flair_text_color
0,[],False,Reahvenz,,[],,text,t2_34jvnp5q,False,False,False,[],False,False,1651505348,i.redd.it,https://www.reddit.com/r/CryptoCurrency/comments/ugs77n/luna_just_flipped_ada_in_terms_of_market_cap/,{},ugs77n,False,True,False,False,True,True,False,False,#46d160,MARKETS,"[{'e': 'text', 't': 'MARKETS'}]",1a657c8c-e48d-11e5-a215-0e374d550989,MARKETS,light,richtext,False,False,True,2,0,False,all_ads,/r/CryptoCurrency/comments/ugs77n/luna_just_flipped_ada_in_terms_of_market_cap/,False,image,"{'enabled': True, 'images': [{'id': 'ap7MzUJ7Y8f5qAzdfdw4_5kgcrUoYRknI9pjhofj37k', 'resolutions': [{'height': 141, 'url': 'https://preview.redd.it/6yp32rurz2x81.jpg?width=108&amp;crop=smart&amp;auto=webp&amp;s=e450656f7093430c4ba3e3622d1d544de3579fed', 'width': 108}, {'height': 283, 'url': 'https://preview.redd.it/6yp32rurz2x81.jpg?width=216&amp;crop=smart&amp;auto=webp&amp;s=34b3ff87c47616fc0e482aa106cdc7d0512fbfc0', 'width': 216}, {'height': 419, 'url': 'https://preview.redd.it/6yp32rurz2x81.jpg?width=320&amp;crop=smart&amp;auto=webp&amp;s=a2723b061067401aff8b58fed078904580ba8732', 'width': 320}, {'height': 838, 'url': 'https://preview.redd.it/6yp32rurz2x81.jpg?width=640&amp;crop=smart&amp;auto=webp&amp;s=814803200f6f6da843f51f13d3324b393790d0ff', 'width': 640}, {'height': 1257, 'url': 'https://preview.redd.it/6yp32rurz2x81.jpg?width=960&amp;crop=smart&amp;auto=webp&amp;s=efcd5cc6fd633d3257652fa5ae30d21981268d93', 'width': 960}, {'height': 1415, 'url': 'https://preview.redd.it/6yp32rurz2x81.jpg?width=1080&amp;crop=smart&amp;auto=webp&amp;s=43f5422d26cd33190e4a56e26ef3ec66fd11b809', 'width': 1080}], 'source': {'height': 1415, 'url': 'https://preview.redd.it/6yp32rurz2x81.jpg?auto=webp&amp;s=bbb49332a3f820f68deb0ebd7d70e6f4d3d0c188', 'width': 1080}, 'variants': {}}]}",6,1651505359,1,,True,False,False,CryptoCurrency,t5_2wlj3,4790867,public,new,https://b.thumbs.redditmedia.com/hVg-ajyTd_BRNK8PjTq9tx1t99eC2FXVBic-4ek4BaU.jpg,140.0,140.0,Luna just flipped ADA in terms of market cap. TerraUSD also entered in to top 10,0,[],1.0,https://i.redd.it/6yp32rurz2x81.jpg,https://i.redd.it/6yp32rurz2x81.jpg,all_ads,6,1651476548.0,,
1,[],False,Elrondarius,Warning-level2-2,"[{'e': 'text', 't': 'Tin'}]",Tin,richtext,t2_c5bat1cu,False,False,False,[],False,False,1651442147,self.CryptoCurrency,https://www.reddit.com/r/CryptoCurrency/comments/ugafla/it_is_a_wise_step_staking_stablecoins/,{},ugafla,False,True,False,False,False,True,True,False,#7193ff,STAKING,"[{'e': 'text', 't': 'STAKING'}]",e3cef78c-d01a-11eb-b75b-0eda6f21cfc9,STAKING,dark,richtext,False,False,True,1,0,False,all_ads,/r/CryptoCurrency/comments/ugafla/it_is_a_wise_step_staking_stablecoins/,False,,,6,1651442158,1,"
I was checking some staking options on Binance and found there for example TerraUSD with interesting APY about 21%. 

Does anyone have experience with this? Is this a wise move? What are the risks? I'm already staking some cryptocurrencies, but the advantage of this is that the price of stablecoins does not change. If I invested a few thousand, that would be quite a nice monthly income. What is your opinion?

I'm sending text below just for word capacity ( ignor it )

Bitcoin is a digital currency which operates free of any central control or the oversight of banks or governments. Instead it relies on peer-to-peer software and cryptography. A public ledger records all bitcoin transactions and copies are held on servers around the world.",True,False,False,CryptoCurrency,t5_2wlj3,4787906,public,new,self,,,It is a wise step staking stablecoins?,0,[],1.0,https://www.reddit.com/r/CryptoCurrency/comments/ugafla/it_is_a_wise_step_staking_stablecoins/,,all_ads,6,1651413347.0,,dark
