,all_awardings,allow_live_comments,author,author_flair_css_class,author_flair_richtext,author_flair_text,author_flair_type,author_fullname,author_is_blocked,author_patreon_flair,author_premium,awarders,can_mod_post,contest_mode,created_utc,domain,full_link,gildings,id,is_created_from_ads_ui,is_crosspostable,is_meta,is_original_content,is_reddit_media_domain,is_robot_indexable,is_self,is_video,link_flair_background_color,link_flair_richtext,link_flair_template_id,link_flair_text,link_flair_text_color,link_flair_type,locked,media_only,no_follow,num_comments,num_crossposts,over_18,parent_whitelist_status,permalink,pinned,pwls,retrieved_on,score,selftext,send_replies,spoiler,stickied,subreddit,subreddit_id,subreddit_subscribers,subreddit_type,thumbnail,title,total_awards_received,treatment_tags,upvote_ratio,url,url_overridden_by_dest,whitelist_status,wls,created,post_hint,preview,media,media_embed,secure_media,secure_media_embed,thumbnail_height,thumbnail_width,removed_by_category,media_metadata
0,[],False,anaconda79,,[],,text,t2_9mkbz,False,False,False,[],False,False,1652022583,youtu.be,https://www.reddit.com/r/terraluna/comments/ul3qtx/terra_luna_luna_or_reserve_rights_rsr_best_crypto/,{},ul3qtx,False,True,False,False,False,True,False,False,#dadada,[],773e7b1a-be27-11eb-a721-0eb5d708beb5,Terra Ecosystem,dark,text,False,False,True,0,0,False,all_ads,/r/terraluna/comments/ul3qtx/terra_luna_luna_or_reserve_rights_rsr_best_crypto/,False,6,1652022593,1,,True,False,False,terraluna,t5_2y4t5,40051,public,default,"Terra Luna (LUNA) or Reserve Rights (RSR), best crypto investment for YOU!!",0,[],1.0,https://youtu.be/ZcY1F9JMDx0,https://youtu.be/ZcY1F9JMDx0,all_ads,6,1651993783.0,,,,,,,,,,
1,[],False,NearMeRaw,,[],,text,t2_jmtkfju1,False,False,False,[],False,False,1652018983,self.terraluna,https://www.reddit.com/r/terraluna/comments/ul2j5m/anyone_else_having_issues_sending_luna_from/,{},ul2j5m,False,True,False,False,False,True,True,False,#ea0027,[],e2e89fae-d1ae-11eb-ac7c-0eaa7b7dd161,Support,light,text,False,False,True,1,0,False,all_ads,/r/terraluna/comments/ul2j5m/anyone_else_having_issues_sending_luna_from/,False,6,1652018993,1,,True,False,False,terraluna,t5_2y4t5,40046,public,self,Anyone else having issues sending Luna from KuCoin to terra station?,0,[],1.0,https://www.reddit.com/r/terraluna/comments/ul2j5m/anyone_else_having_issues_sending_luna_from/,,all_ads,6,1651990183.0,,,,,,,,,,
2,[],False,Ok-Boysenberry-3442,,[],,text,t2_a76ao5dz,False,False,False,[],False,False,1652018491,self.terraluna,https://www.reddit.com/r/terraluna/comments/ul2d9c/when_i_undelegate_in_terra_station_i_dont_see/,{},ul2d9c,False,True,False,False,False,True,True,False,#ea0027,[],e2e89fae-d1ae-11eb-ac7c-0eaa7b7dd161,Support,light,text,False,False,True,1,0,False,all_ads,/r/terraluna/comments/ul2d9c/when_i_undelegate_in_terra_station_i_dont_see/,False,6,1652018502,1,,True,False,False,terraluna,t5_2y4t5,40043,public,self,When I undelegate in terra station I don’t see anything in my transaction history. Where can I see the status of my undelegation? It almost seems as if I lost that amount of Luna.,0,[],1.0,https://www.reddit.com/r/terraluna/comments/ul2d9c/when_i_undelegate_in_terra_station_i_dont_see/,,all_ads,6,1651989691.0,,,,,,,,,,
3,[],False,danilocarneirocom,,[],,text,t2_9g6nv9nz,False,False,False,[],False,False,1652016330,self.terraluna,https://www.reddit.com/r/terraluna/comments/ul1o9g/which_are_the_implications_of_terra_ust_marketcap/,{},ul1o9g,False,True,False,False,False,True,True,False,#7193ff,[],844cbda8-be27-11eb-b4ba-0e4cc1e38c35,Discussion,dark,text,False,False,True,0,0,False,all_ads,/r/terraluna/comments/ul1o9g/which_are_the_implications_of_terra_ust_marketcap/,False,6,1652016341,1,It seems we will see this cenario happening in the next few days or weeks. Could we discuss it here please? I think it would be productive to hear the positions of the community about the subject. Let's take into this analysis LFG reserves and other initiatives like WhiteWale protocol.,True,False,False,terraluna,t5_2y4t5,40041,public,self,Which are the implications of Terra UST marketcap surpass Terra LUNA marketcap?,0,[],1.0,https://www.reddit.com/r/terraluna/comments/ul1o9g/which_are_the_implications_of_terra_ust_marketcap/,,all_ads,6,1651987530.0,,,,,,,,,,
4,[],False,handdown76,,[],,text,t2_o5ok0,False,False,False,[],False,False,1652015871,self.terraluna,https://www.reddit.com/r/terraluna/comments/ul1j0j/alice_vs_ust_for_apy_for_ust_apy/,{},ul1j0j,False,True,False,False,False,True,True,False,#8844f6,[],58bcf2d4-be27-11eb-8d50-0e227113ea6b,Alice,light,text,False,False,True,0,0,False,all_ads,/r/terraluna/comments/ul1j0j/alice_vs_ust_for_apy_for_ust_apy/,False,6,1652015882,1,"I have a Terra Station wallet that I use with my Ledger device for signing.  I also have an Alice account that I am really liking how something of an on ramp the product is from fiat to UST.  (Have not tested the off ramp).

I have typically been just using Alice as an on ramp and then transferring the funds directly to my Terra Wallet.  All has been good, but I am just looking to get opinions on what others are doing that have a similar situation.  Do you like your funds sitting in your Terra wallet or in Alice since the APY are pretty close.",True,False,False,terraluna,t5_2y4t5,40040,public,self,Alice vs UST for APY for UST APY,0,[],1.0,https://www.reddit.com/r/terraluna/comments/ul1j0j/alice_vs_ust_for_apy_for_ust_apy/,,all_ads,6,1651987071.0,,,,,,,,,,
5,[],False,dkatsss,,[],,text,t2_l7jky0tx,False,False,False,[],False,False,1652014940,self.terraluna,https://www.reddit.com/r/terraluna/comments/ul18f8/in_which_exchange_platform_i_can_buy_terra_luna/,{},ul18f8,False,True,False,False,False,True,True,False,#dadada,[],773e7b1a-be27-11eb-a721-0eb5d708beb5,Terra Ecosystem,dark,text,False,False,True,0,0,False,all_ads,/r/terraluna/comments/ul18f8/in_which_exchange_platform_i_can_buy_terra_luna/,False,6,1652014950,1,,True,False,False,terraluna,t5_2y4t5,40032,public,self,In which exchange platform I can buy Terra Luna and withdrew it to my terra station account? The one I use only allow me to trade the coin but not withdrew.,0,[],1.0,https://www.reddit.com/r/terraluna/comments/ul18f8/in_which_exchange_platform_i_can_buy_terra_luna/,,all_ads,6,1651986140.0,,,,,,,,,,
6,[],False,TheRealNotaredditor,,[],,text,t2_2gdzybcu,False,False,False,[],False,False,1652013552,self.terraluna,https://www.reddit.com/r/terraluna/comments/ul0tsu/how_do_stables_other_than_ust_work/,{},ul0tsu,False,True,False,False,False,True,True,False,#dadada,[],773e7b1a-be27-11eb-a721-0eb5d708beb5,Terra Ecosystem,dark,text,False,False,True,0,0,False,all_ads,/r/terraluna/comments/ul0tsu/how_do_stables_other_than_ust_work/,False,6,1652013563,1,"So I understand backing UST with Bitcoin. But, I think I'm missing something with the LUNA burn and how it jives with other stables on the metwork.. 
EUT, GBT, CHT, CNT, AUT.. the list goes on..

Are these stables built on top of the UST peg?

Any help is appreciated greatly.",True,False,False,terraluna,t5_2y4t5,40028,public,self,How do stables other than UST work?,0,[],1.0,https://www.reddit.com/r/terraluna/comments/ul0tsu/how_do_stables_other_than_ust_work/,,all_ads,6,1651984752.0,,,,,,,,,,
7,[],False,zakpreto,,[],,text,t2_wp29b,False,False,False,[],False,False,1652011115,self.terraluna,https://www.reddit.com/r/terraluna/comments/ul06f7/how_does_the_11_ustluna_swap_generates_profit/,{},ul06f7,False,True,False,False,False,True,True,False,#7193ff,[],844cbda8-be27-11eb-b4ba-0e4cc1e38c35,Discussion,dark,text,False,False,False,0,0,False,all_ads,/r/terraluna/comments/ul06f7/how_does_the_11_ustluna_swap_generates_profit/,False,6,1652011127,1,"I've seen this being talked about a lot, but I just went to Terra Swap and observed the prices, and the swap works just like any other = $1 worth of UST is swapped by $1 worth of LUNA, and vice versa, just like any other asset.  


I'm assuming it works for the variance in UST's price only, now in LUNA's, as we are seeing now. If that's correct, if UST is worth e.g, $ 0.9, then I can swap 1 UST for $1 worth of LUNA, making a $0.1 profit in the swap. Conversely, I'd swap $1 worth of LUNA for 1 UST when UST is priced more than $1, thus getting it cheaper than everyone else.  


If that's the case, it's beautiful in theory, but looking into the graphs since Terra was released, there were only 2 instances where I can see the UST prices significantly differ, as most of the time it costs a dollar round, or a few centesimals up or down from a dollar. I sense that in general you profit more from staking UST (I'm currently getting +/- 20% APY) than swapping it in either direction.  


So here I am, confused as to why swapping UST/LUNA is any advantage at all, please, enlighten me.",True,False,False,terraluna,t5_2y4t5,40022,public,self,How does the 1:1 UST/LUNA swap generates profit?,0,[],1.0,https://www.reddit.com/r/terraluna/comments/ul06f7/how_does_the_11_ustluna_swap_generates_profit/,,all_ads,6,1651982315.0,,,,,,,,,,
8,[],False,Different_RespectETH,,[],,text,t2_dujx5ie1,False,False,False,[],False,False,1652010713,self.terraluna,https://www.reddit.com/r/terraluna/comments/ul02u4/ust_market_cap_surpasses_luna_market_cap_what/,{},ul02u4,False,True,False,False,False,True,True,False,#7193ff,[],844cbda8-be27-11eb-b4ba-0e4cc1e38c35,Discussion,dark,text,False,False,False,0,0,True,all_ads,/r/terraluna/comments/ul02u4/ust_market_cap_surpasses_luna_market_cap_what/,False,6,1652010723,1,"UST is getting really close to Luna‘s market cap. Imagine if UST surpasses LUNA. Would it destroy luna, because $UST is backed by $LUNA? What would happen?",True,False,False,terraluna,t5_2y4t5,40022,public,nsfw,$UST market cap surpasses $LUNA market cap! What will happen?,0,[],1.0,https://www.reddit.com/r/terraluna/comments/ul02u4/ust_market_cap_surpasses_luna_market_cap_what/,,promo_adult_nsfw,3,1651981913.0,,,,,,,,,,
9,[],False,thegoldlust,,[],,text,t2_2doov9s,False,False,False,[],False,False,1651996208,self.terraluna,https://www.reddit.com/r/terraluna/comments/ukwuuj/terra_labs_threatening_to_sue_over_an_april_fools/,{},ukwuuj,False,True,False,False,False,True,True,False,#ab912b,[],692c7f0e-e7cb-11eb-a117-0ed30301aa27,News,light,text,False,False,True,0,0,False,all_ads,/r/terraluna/comments/ukwuuj/terra_labs_threatening_to_sue_over_an_april_fools/,False,6,1651996218,1,"This lawyer should be fired into h\*\*\*

[https://twitter.com/dreamsofdefi/status/1522891943201628161?cxt=HHwWgoCzneuJs6IqAAAA](https://twitter.com/dreamsofdefi/status/1522891943201628161?cxt=HHwWgoCzneuJs6IqAAAA)",False,False,False,terraluna,t5_2y4t5,39996,public,self,Terra Labs threatening to sue over an April Fool's joke?,0,[],1.0,https://www.reddit.com/r/terraluna/comments/ukwuuj/terra_labs_threatening_to_sue_over_an_april_fools/,,all_ads,6,1651967408.0,self,"{'enabled': False, 'images': [{'id': 'l3HgVYjHiZFG8Ecd8jwjJi2mwdnPVoKuHsipjMUcPxU', 'resolutions': [{'height': 108, 'url': 'https://external-preview.redd.it/Hsp62GILB51rHVTYs3BweP6bnGQ8pKMv6a2_6X6FMvA.jpg?width=108&amp;crop=smart&amp;auto=webp&amp;s=41665e0693c47ad60bf4e400c126811f57441580', 'width': 108}], 'source': {'height': 140, 'url': 'https://external-preview.redd.it/Hsp62GILB51rHVTYs3BweP6bnGQ8pKMv6a2_6X6FMvA.jpg?auto=webp&amp;s=896bf5b887190e9ca0fe9ab806b53fd07fe549f1', 'width': 140}, 'variants': {}}]}",,,,,,,,
10,[],False,nsomani,,[],,text,t2_6bktv,False,False,False,[],False,False,1651994946,twitter.com,https://www.reddit.com/r/terraluna/comments/ukwkse/evm_bytecode_running_on_terra_testnet/,{},ukwkse,False,True,False,False,False,True,False,False,#ab912b,[],692c7f0e-e7cb-11eb-a117-0ed30301aa27,News,light,text,False,False,True,0,0,False,all_ads,/r/terraluna/comments/ukwkse/evm_bytecode_running_on_terra_testnet/,False,6,1651994956,1,,False,False,False,terraluna,t5_2y4t5,39996,public,https://b.thumbs.redditmedia.com/FDnll4orJGrYmHooQmF0Teexh4qb5aI_qcSi5nNAh1A.jpg,EVM bytecode running on Terra testnet!,0,[],1.0,https://twitter.com/terranovaevm/status/1522700135758811142?s=21&amp;t=8gr0b_FLjizPcgAPXX488w,https://twitter.com/terranovaevm/status/1522700135758811142?s=21&amp;t=8gr0b_FLjizPcgAPXX488w,all_ads,6,1651966146.0,link,"{'enabled': False, 'images': [{'id': '5ouwgFn9khRwauWoXsmFfhwMNDmqWYBDJck8RHBSFmY', 'resolutions': [{'height': 71, 'url': 'https://external-preview.redd.it/ZSHHpuNOgEztpBjmykhH-lUCyaAMptkOPOsfnCGsYnU.jpg?width=108&amp;crop=smart&amp;auto=webp&amp;s=4fb5cabf604e664e86ca20c7ae04861d5d3ed04b', 'width': 108}], 'source': {'height': 93, 'url': 'https://external-preview.redd.it/ZSHHpuNOgEztpBjmykhH-lUCyaAMptkOPOsfnCGsYnU.jpg?auto=webp&amp;s=b2850507058667b0c0ec1f3121c0d53276a59909', 'width': 140}, 'variants': {}}]}","{'oembed': {'author_name': 'Terranova 🌖', 'author_url': 'https://twitter.com/TerranovaEVM', 'cache_age': 3153600000, 'height': None, 'html': '&lt;blockquote class=""twitter-video""&gt;&lt;p lang=""en"" dir=""ltr""&gt;Our proof-of-concept: a Solidity smart contract (EVM bytecode) executing on Terra testnet! Litepaper and GitHub repo coming soon.&lt;br&gt;Testnet transaction: &lt;a href=""https://t.co/jXZ3zSxdp7""&gt;https://t.co/jXZ3zSxdp7&lt;/a&gt; &lt;a href=""https://t.co/9RFMf4KHBO""&gt;pic.twitter.com/9RFMf4KHBO&lt;/a&gt;&lt;/p&gt;&amp;mdash; Terranova 🌖 (@TerranovaEVM) &lt;a href=""https://twitter.com/TerranovaEVM/status/1522700135758811142?ref_src=twsrc%5Etfw""&gt;May 6, 2022&lt;/a&gt;&lt;/blockquote&gt;\n&lt;script async src=""https://platform.twitter.com/widgets.js"" charset=""utf-8""&gt;&lt;/script&gt;\n', 'provider_name': 'Twitter', 'provider_url': 'https://twitter.com', 'type': 'rich', 'url': 'https://twitter.com/TerranovaEVM/status/1522700135758811142', 'version': '1.0', 'width': 350}, 'type': 'twitter.com'}","{'content': '&lt;blockquote class=""twitter-video""&gt;&lt;p lang=""en"" dir=""ltr""&gt;Our proof-of-concept: a Solidity smart contract (EVM bytecode) executing on Terra testnet! Litepaper and GitHub repo coming soon.&lt;br&gt;Testnet transaction: &lt;a href=""https://t.co/jXZ3zSxdp7""&gt;https://t.co/jXZ3zSxdp7&lt;/a&gt; &lt;a href=""https://t.co/9RFMf4KHBO""&gt;pic.twitter.com/9RFMf4KHBO&lt;/a&gt;&lt;/p&gt;&amp;mdash; Terranova 🌖 (@TerranovaEVM) &lt;a href=""https://twitter.com/TerranovaEVM/status/1522700135758811142?ref_src=twsrc%5Etfw""&gt;May 6, 2022&lt;/a&gt;&lt;/blockquote&gt;\n&lt;script async src=""https://platform.twitter.com/widgets.js"" charset=""utf-8""&gt;&lt;/script&gt;\n', 'height': 200, 'scrolling': False, 'width': 350}","{'oembed': {'author_name': 'Terranova 🌖', 'author_url': 'https://twitter.com/TerranovaEVM', 'cache_age': 3153600000, 'height': None, 'html': '&lt;blockquote class=""twitter-video""&gt;&lt;p lang=""en"" dir=""ltr""&gt;Our proof-of-concept: a Solidity smart contract (EVM bytecode) executing on Terra testnet! Litepaper and GitHub repo coming soon.&lt;br&gt;Testnet transaction: &lt;a href=""https://t.co/jXZ3zSxdp7""&gt;https://t.co/jXZ3zSxdp7&lt;/a&gt; &lt;a href=""https://t.co/9RFMf4KHBO""&gt;pic.twitter.com/9RFMf4KHBO&lt;/a&gt;&lt;/p&gt;&amp;mdash; Terranova 🌖 (@TerranovaEVM) &lt;a href=""https://twitter.com/TerranovaEVM/status/1522700135758811142?ref_src=twsrc%5Etfw""&gt;May 6, 2022&lt;/a&gt;&lt;/blockquote&gt;\n&lt;script async src=""https://platform.twitter.com/widgets.js"" charset=""utf-8""&gt;&lt;/script&gt;\n', 'provider_name': 'Twitter', 'provider_url': 'https://twitter.com', 'type': 'rich', 'url': 'https://twitter.com/TerranovaEVM/status/1522700135758811142', 'version': '1.0', 'width': 350}, 'type': 'twitter.com'}","{'content': '&lt;blockquote class=""twitter-video""&gt;&lt;p lang=""en"" dir=""ltr""&gt;Our proof-of-concept: a Solidity smart contract (EVM bytecode) executing on Terra testnet! Litepaper and GitHub repo coming soon.&lt;br&gt;Testnet transaction: &lt;a href=""https://t.co/jXZ3zSxdp7""&gt;https://t.co/jXZ3zSxdp7&lt;/a&gt; &lt;a href=""https://t.co/9RFMf4KHBO""&gt;pic.twitter.com/9RFMf4KHBO&lt;/a&gt;&lt;/p&gt;&amp;mdash; Terranova 🌖 (@TerranovaEVM) &lt;a href=""https://twitter.com/TerranovaEVM/status/1522700135758811142?ref_src=twsrc%5Etfw""&gt;May 6, 2022&lt;/a&gt;&lt;/blockquote&gt;\n&lt;script async src=""https://platform.twitter.com/widgets.js"" charset=""utf-8""&gt;&lt;/script&gt;\n', 'height': 200, 'media_domain_url': 'https://www.redditmedia.com/mediaembed/ukwkse', 'scrolling': False, 'width': 350}",93.0,140.0,,
11,[],False,Noorishad,,[],,text,t2_orebw,False,False,False,[],False,False,1651990299,self.terraluna,https://www.reddit.com/r/terraluna/comments/ukvj9x/need_alice_key_will_pay_it_forward/,{},ukvj9x,False,True,False,False,False,True,True,False,#8844f6,[],58bcf2d4-be27-11eb-8d50-0e227113ea6b,Alice,light,text,False,False,True,0,0,False,all_ads,/r/terraluna/comments/ukvj9x/need_alice_key_will_pay_it_forward/,False,6,1651990310,1,I know people have been making these posts regularly asking for an Alice key. I’m hoping I haven’t missed the train and someone is willing to pass me one as well. I’ll pay it forward. Thank you.,True,False,False,terraluna,t5_2y4t5,39992,public,self,Need Alice Key. Will pay it forward.,0,[],1.0,https://www.reddit.com/r/terraluna/comments/ukvj9x/need_alice_key_will_pay_it_forward/,,all_ads,6,1651961499.0,,,,,,,,,,
12,[],False,janenkm,,[],,text,t2_3flr7oe3,False,False,False,[],False,False,1651988713,i.redd.it,https://www.reddit.com/r/terraluna/comments/ukv64m/are_the_white_whale_arb_amounts_collective_or/,{},ukv64m,False,True,False,False,True,True,False,False,#7193ff,[],844cbda8-be27-11eb-b4ba-0e4cc1e38c35,Discussion,dark,text,False,False,True,0,0,False,all_ads,/r/terraluna/comments/ukv64m/are_the_white_whale_arb_amounts_collective_or/,False,6,1651988724,1,,True,False,False,terraluna,t5_2y4t5,39990,public,https://b.thumbs.redditmedia.com/z-FowJj9zewm7GPgaCBxGJa_AyNvB9kKMwM30oAbmfM.jpg,Are the white whale ARB amounts - collective or individual totals??,0,[],1.0,https://i.redd.it/iuam5tz2x6y81.jpg,https://i.redd.it/iuam5tz2x6y81.jpg,all_ads,6,1651959913.0,image,"{'enabled': True, 'images': [{'id': 'mxg1PPKygIeMUAjSSBy8t5RyvWHFNYFx3IrP4BxoHvM', 'resolutions': [{'height': 121, 'url': 'https://preview.redd.it/iuam5tz2x6y81.jpg?width=108&amp;crop=smart&amp;auto=webp&amp;s=7d1b838b3afbf3fbc79b9b19592fbdd7133b48e7', 'width': 108}, {'height': 243, 'url': 'https://preview.redd.it/iuam5tz2x6y81.jpg?width=216&amp;crop=smart&amp;auto=webp&amp;s=b919aa687d82f7b17a09d34d068da694b66fa2ac', 'width': 216}, {'height': 361, 'url': 'https://preview.redd.it/iuam5tz2x6y81.jpg?width=320&amp;crop=smart&amp;auto=webp&amp;s=e8c025f99138457ba9b4aedc976a67323e2c6953', 'width': 320}, {'height': 722, 'url': 'https://preview.redd.it/iuam5tz2x6y81.jpg?width=640&amp;crop=smart&amp;auto=webp&amp;s=7ddf2aeefa6cb9118ff207d24b78e55b3cb40252', 'width': 640}, {'height': 1083, 'url': 'https://preview.redd.it/iuam5tz2x6y81.jpg?width=960&amp;crop=smart&amp;auto=webp&amp;s=e576f2052ad379da0acbfb635409326cc0b3a6ce', 'width': 960}, {'height': 1219, 'url': 'https://preview.redd.it/iuam5tz2x6y81.jpg?width=1080&amp;crop=smart&amp;auto=webp&amp;s=1b4ccc8b3dee319059fa3abe950fb8f44249d3da', 'width': 1080}], 'source': {'height': 1996, 'url': 'https://preview.redd.it/iuam5tz2x6y81.jpg?auto=webp&amp;s=cedc86e971303bdaca5eda5498fc630cf1a9defc', 'width': 1768}, 'variants': {}}]}",,,,,140.0,140.0,,
13,[],False,TopBridge6057,,[],,text,t2_3tp6t49i,False,False,True,[],False,False,1651980903,self.terraluna,https://www.reddit.com/r/terraluna/comments/ukt968/kujira_not_updating_for_my_bids/,{},ukt968,False,True,False,False,False,True,True,False,#dadada,[],773e7b1a-be27-11eb-a721-0eb5d708beb5,Terra Ecosystem,dark,text,False,False,True,0,0,False,all_ads,/r/terraluna/comments/ukt968/kujira_not_updating_for_my_bids/,False,6,1651980913,1,Hi - Does any know know why Kujira isn't updating for bids and activity? I withdrew some Bluna and also put in two bids but i don't see them reflected in the app.. I do see it in terrascope as a executed transaction though..,True,False,False,terraluna,t5_2y4t5,39978,public,self,Kujira not updating for my bids?,0,[],1.0,https://www.reddit.com/r/terraluna/comments/ukt968/kujira_not_updating_for_my_bids/,,all_ads,6,1651952103.0,,,,,,,,,,
14,[],False,ThickDoctor007,,[],,text,t2_5yg8x9oe,False,False,False,[],False,False,1651979409,self.terraluna,https://www.reddit.com/r/terraluna/comments/uksuxy/longterm_investorshodlers_are_you_stacking_at_the/,{},uksuxy,False,True,False,False,False,True,True,False,#7193ff,[],844cbda8-be27-11eb-b4ba-0e4cc1e38c35,Discussion,dark,text,False,False,False,0,0,False,all_ads,/r/terraluna/comments/uksuxy/longterm_investorshodlers_are_you_stacking_at_the/,False,6,1651979420,1,"Hi,

I have been accumulating $LUNA for more than a year by buying it periodically no matter the price variations. Above $90 however, I made a single purchase. Although I believe in $LUNA long-term, I am reconsidering my buying strategy.

Are you speculating that it will drop some more? Are you buying? How are you preparing for the recession? What is your strategy?",True,False,False,terraluna,t5_2y4t5,39976,public,self,Long-term investors/hodlers: Are you stacking at the current price ~$63,0,[],1.0,https://www.reddit.com/r/terraluna/comments/uksuxy/longterm_investorshodlers_are_you_stacking_at_the/,,all_ads,6,1651950609.0,,,,,,,,,,
15,[],False,nutandshell,,[],,text,t2_26doipqe,False,False,False,[],False,False,1651977515,self.terraluna,https://www.reddit.com/r/terraluna/comments/ukscci/whats_going_on_with_luna_price_is_down_around_16/,{},ukscci,False,True,False,False,False,True,True,False,#7193ff,[],844cbda8-be27-11eb-b4ba-0e4cc1e38c35,Discussion,dark,text,False,False,True,0,0,False,all_ads,/r/terraluna/comments/ukscci/whats_going_on_with_luna_price_is_down_around_16/,False,6,1651977526,1,As above,True,False,False,terraluna,t5_2y4t5,39970,public,self,What’s going on with LUNA? Price is down around 16% in 24h,0,[],1.0,https://www.reddit.com/r/terraluna/comments/ukscci/whats_going_on_with_luna_price_is_down_around_16/,,all_ads,6,1651948715.0,,,,,,,,,,
16,[],False,ScrivCanFly,,[],,text,t2_15zlh1,False,False,False,[],False,False,1651976575,self.terraluna,https://www.reddit.com/r/terraluna/comments/uks3eu/need_help_with_bpsidp24m_pool_on_spectrum_finance/,{},uks3eu,False,True,False,False,False,True,True,False,#0266b3,[],3a5eb644-ded7-11eb-86e1-0e12d082a285,Pylon,light,text,False,False,False,0,0,False,all_ads,/r/terraluna/comments/uks3eu/need_help_with_bpsidp24m_pool_on_spectrum_finance/,False,6,1651976585,1,"Hi everyone, 

I put 8000 usd into the bpsi pool on spec finance when it was paying 40% apy…

As you will probably be aware it isn’t now…. Sat at 14%

But that isn’t the problem!

It also used to be 1:1 with UST but now when I go to withdraw I can only get 6000 ust out. 

There is mention of being able to swap bpsidp-24m to UST at a 1:1 ratio when the vesting period ends. 

Should I wait it out? Or should I cut my losses. 

I believe the vesting period ends on October 2023…. 

Anyone know how I would even go about making the swap 1:1 when this time comes? 

Thanks - the state of the market is making me just wanna take it out now.",True,False,False,terraluna,t5_2y4t5,39967,public,self,Need help with bpsiDP-24m pool on spectrum finance / pylon protocol. Please!,0,[],1.0,https://www.reddit.com/r/terraluna/comments/uks3eu/need_help_with_bpsidp24m_pool_on_spectrum_finance/,,all_ads,6,1651947775.0,,,,,,,,,,
17,[],False,ScrivCanFly,,[],,text,t2_15zlh1,False,False,False,[],False,False,1651976270,self.terraluna,https://www.reddit.com/r/terraluna/comments/uks0fi/could_someone_please_help_me_that_knows_about/,{},uks0fi,False,True,False,False,False,True,True,False,#0266b3,[],3a5eb644-ded7-11eb-86e1-0e12d082a285,Pylon,light,text,False,False,True,0,0,False,all_ads,/r/terraluna/comments/uks0fi/could_someone_please_help_me_that_knows_about/,False,6,1651976280,1,,True,False,False,terraluna,t5_2y4t5,39966,public,self,Could someone please help me that knows about spectrum protocol?,0,[],1.0,https://www.reddit.com/r/terraluna/comments/uks0fi/could_someone_please_help_me_that_knows_about/,,all_ads,6,1651947470.0,,,,,,,,,,
18,[],False,CauliflowerOk3460,,[],,text,t2_6noazvl4,False,False,False,[],False,False,1651975766,self.terraluna,https://www.reddit.com/r/terraluna/comments/ukrvm1/how_to_hedge_against_great_depegging_event/,{},ukrvm1,False,True,False,False,False,True,True,False,#7193ff,[],844cbda8-be27-11eb-b4ba-0e4cc1e38c35,Discussion,dark,text,False,False,False,0,0,False,all_ads,/r/terraluna/comments/ukrvm1/how_to_hedge_against_great_depegging_event/,False,6,1651975776,1,"as btc crashing to lower low there is massive liquidity exit causing ust to depeg.
how do you hedge against this and will UST eventually collapse?",True,False,False,terraluna,t5_2y4t5,39964,public,self,How to hedge against great depegging event,0,[],1.0,https://www.reddit.com/r/terraluna/comments/ukrvm1/how_to_hedge_against_great_depegging_event/,,all_ads,6,1651946966.0,,,,,,,,,,
19,[],False,arcathomas,,[],,text,t2_mamip,False,False,False,[],False,False,1651967564,self.terraluna,https://www.reddit.com/r/terraluna/comments/ukpkn0/any_data_to_track_ust_mintingburning/,{},ukpkn0,False,True,False,False,False,True,True,False,#dadada,[],773e7b1a-be27-11eb-a721-0eb5d708beb5,Terra Ecosystem,dark,text,False,False,True,0,0,False,all_ads,/r/terraluna/comments/ukpkn0/any_data_to_track_ust_mintingburning/,False,6,1651967575,1,"Hi,

I'm new to the community and I'm wondering if there is any explorer or dashboard where we can see UST-LUNA minting/burning analytics live.  
There's a lot of daily analytics but I'm looking for something more precise.  


Thanks!",True,False,False,terraluna,t5_2y4t5,39939,public,self,Any data to track UST Minting/Burning,0,[],1.0,https://www.reddit.com/r/terraluna/comments/ukpkn0/any_data_to_track_ust_mintingburning/,,all_ads,6,1651938764.0,,,,,,,,,,
20,[],False,techieweather13,,[],,text,t2_a27xxs6f,False,False,False,[],False,False,1651966981,i.redd.it,https://www.reddit.com/r/terraluna/comments/ukpelt/fake_terra_site_do_not_click_on_any_ads_in_google/,{},ukpelt,False,False,False,False,True,False,False,False,#dadada,[],773e7b1a-be27-11eb-a721-0eb5d708beb5,Terra Ecosystem,dark,text,False,False,True,0,0,False,all_ads,/r/terraluna/comments/ukpelt/fake_terra_site_do_not_click_on_any_ads_in_google/,False,6,1651966992,1,,True,False,False,terraluna,t5_2y4t5,39938,public,https://b.thumbs.redditmedia.com/-J8CQ_Ek6Hgd41bTnntwrW7QTrKDeLlSxcvjrADrWfI.jpg,FAKE Terra site.. do NOT click on any Ads in Google search!!!,0,[],1.0,https://i.redd.it/rvfirmlg45y81.jpg,https://i.redd.it/rvfirmlg45y81.jpg,all_ads,6,1651938181.0,image,"{'enabled': True, 'images': [{'id': '9Mrca_BVl2rgzIqE7vi88zSQwEdCvXM6EGv_mW-akNk', 'resolutions': [{'height': 216, 'url': 'https://preview.redd.it/rvfirmlg45y81.jpg?width=108&amp;crop=smart&amp;auto=webp&amp;s=70a00fabe3a531e8ae7f70313b7d0f9513661d7f', 'width': 108}, {'height': 432, 'url': 'https://preview.redd.it/rvfirmlg45y81.jpg?width=216&amp;crop=smart&amp;auto=webp&amp;s=0acda6b0d0c1a0d8c80e355d963b1986574ff942', 'width': 216}, {'height': 640, 'url': 'https://preview.redd.it/rvfirmlg45y81.jpg?width=320&amp;crop=smart&amp;auto=webp&amp;s=6c7480e2dba20b429994a9fba772220e94049a3e', 'width': 320}, {'height': 1280, 'url': 'https://preview.redd.it/rvfirmlg45y81.jpg?width=640&amp;crop=smart&amp;auto=webp&amp;s=6985a07aa96ec5bce3e5ee3c7d0f0ae701079a14', 'width': 640}, {'height': 1920, 'url': 'https://preview.redd.it/rvfirmlg45y81.jpg?width=960&amp;crop=smart&amp;auto=webp&amp;s=9906c7312987559cf334629b304244902f57076e', 'width': 960}, {'height': 2160, 'url': 'https://preview.redd.it/rvfirmlg45y81.jpg?width=1080&amp;crop=smart&amp;auto=webp&amp;s=4026f5a143eb0402f7d60d8b26c3bf6ce9c9ec97', 'width': 1080}], 'source': {'height': 2191, 'url': 'https://preview.redd.it/rvfirmlg45y81.jpg?auto=webp&amp;s=5d3167a6004c4c8753c0ebe217f0ac3d0f18980c', 'width': 1080}, 'variants': {}}]}",,,,,140.0,140.0,reddit,
21,[],False,Unique_Algae_1625,,[],,text,t2_7ntec335,False,False,False,[],False,False,1651964060,self.terraluna,https://www.reddit.com/r/terraluna/comments/ukois1/i_was_liquidated_on_anchor_and_need_help/,{},ukois1,False,True,False,False,False,True,True,False,#dadada,[],773e7b1a-be27-11eb-a721-0eb5d708beb5,Terra Ecosystem,dark,text,False,False,True,0,0,False,all_ads,/r/terraluna/comments/ukois1/i_was_liquidated_on_anchor_and_need_help/,False,6,1651964071,1,"Hi - as the title says, I was about 30 minutes too late to add collateral and a large portion of my holdings was liquidated. 

I've never dove under the hood on Terrascope before, and I'd really like some help to figure out what exactly was my cost basis at liquidation.  Is there any easy way to do this?

Thanks in advance.  Reckon I'm one of many crying into my beer tonight.",True,False,False,terraluna,t5_2y4t5,39930,public,self,"I was liquidated on Anchor, and need help understanding Terrascope to see the math of it all. Help?",0,[],1.0,https://www.reddit.com/r/terraluna/comments/ukois1/i_was_liquidated_on_anchor_and_need_help/,,all_ads,6,1651935260.0,,,,,,,,,,
22,[],False,Neat_0pposite1380,,[],,text,t2_l6321y3d,False,False,False,[],False,False,1651963976,self.terraluna,https://www.reddit.com/r/terraluna/comments/ukohuz/why_is_luna_dumping_more_than_the_rest_of_the/,{},ukohuz,False,True,False,False,False,True,True,False,#dadada,[],773e7b1a-be27-11eb-a721-0eb5d708beb5,Terra Ecosystem,dark,text,False,False,False,0,0,False,all_ads,/r/terraluna/comments/ukohuz/why_is_luna_dumping_more_than_the_rest_of_the/,False,6,1651963987,1,"Luna is taking beating. What’s happening? 
We need someone to update us on what’s going on",True,False,False,terraluna,t5_2y4t5,39929,public,self,Why is Luna dumping more than the rest of the market?,0,[],1.0,https://www.reddit.com/r/terraluna/comments/ukohuz/why_is_luna_dumping_more_than_the_rest_of_the/,,all_ads,6,1651935176.0,,,,,,,,,,
23,[],False,Rjk214,,[],,text,t2_w4fpp,False,False,False,[],False,False,1651963484,self.terraluna,https://www.reddit.com/r/terraluna/comments/ukocb4/sadly_the_ponzi_is_in_free_fall/,{},ukocb4,False,True,False,False,False,True,True,False,#7193ff,[],844cbda8-be27-11eb-b4ba-0e4cc1e38c35,Discussion,dark,text,False,False,True,0,0,False,all_ads,/r/terraluna/comments/ukocb4/sadly_the_ponzi_is_in_free_fall/,False,6,1651963494,1,"Unfortunately as I said yesterday the Ponzi breakdown has begun.

UST has drastically lost its peg. Now over 1%

The Foundation is selling LUNA to fund BTC. Sadly on the backs of regular folks.

People will try to blame it on “the market”. But nothing is crumbling like LUNA at the moment.

Sorry y’all.",True,False,False,terraluna,t5_2y4t5,39926,public,self,Sadly the Ponzi is in free fall,0,[],1.0,https://www.reddit.com/r/terraluna/comments/ukocb4/sadly_the_ponzi_is_in_free_fall/,,all_ads,6,1651934684.0,,,,,,,,,,
24,[],False,gadgetpimp,,[],,text,t2_7q73l6xa,False,False,False,[],False,False,1651955019,youtube.com,https://www.reddit.com/r/terraluna/comments/uklkij/how_to_list_terra_luna_nfts_for_sale_on_random/,{},uklkij,False,True,False,False,False,True,False,False,#dadada,[],773e7b1a-be27-11eb-a721-0eb5d708beb5,Terra Ecosystem,dark,text,False,False,True,0,0,False,all_ads,/r/terraluna/comments/uklkij/how_to_list_terra_luna_nfts_for_sale_on_random/,False,6,1651955030,1,,True,False,False,terraluna,t5_2y4t5,39914,public,https://b.thumbs.redditmedia.com/XBb8X5-BMLBL71wG8whLlofwdol2JGUCUTHbCbOH82o.jpg,How to List Terra Luna NFTs for sale on Random earth and more,0,[],1.0,https://youtube.com/watch?v=3jMvDBR7lbg&amp;feature=share,https://youtube.com/watch?v=3jMvDBR7lbg&amp;feature=share,all_ads,6,1651926219.0,rich:video,"{'enabled': False, 'images': [{'id': '0rG0nyleQcV0DYgCJkT6zfkinLMpcPgQL4u_mRoH92M', 'resolutions': [{'height': 81, 'url': 'https://external-preview.redd.it/7qaMD8h-C1ftYmZ_LM8vtnItWeR3Lz5UjkIn8-r5tvc.jpg?width=108&amp;crop=smart&amp;auto=webp&amp;s=cd2a4fd87de6c5ced6a6519744ec62b676f4abe0', 'width': 108}, {'height': 162, 'url': 'https://external-preview.redd.it/7qaMD8h-C1ftYmZ_LM8vtnItWeR3Lz5UjkIn8-r5tvc.jpg?width=216&amp;crop=smart&amp;auto=webp&amp;s=8fc6a67557325f1e07dee6acba4a9d2c74d264de', 'width': 216}, {'height': 240, 'url': 'https://external-preview.redd.it/7qaMD8h-C1ftYmZ_LM8vtnItWeR3Lz5UjkIn8-r5tvc.jpg?width=320&amp;crop=smart&amp;auto=webp&amp;s=8b1c86c2f42b2fe0052fbd3ad176a8044103be57', 'width': 320}], 'source': {'height': 360, 'url': 'https://external-preview.redd.it/7qaMD8h-C1ftYmZ_LM8vtnItWeR3Lz5UjkIn8-r5tvc.jpg?auto=webp&amp;s=6fd39edb6400f7131b59a8a6e752d964c344a6e3', 'width': 480}, 'variants': {}}]}","{'oembed': {'author_name': 'GadgetPimp', 'author_url': 'https://www.youtube.com/c/techsavvy2100', 'height': 200, 'html': '&lt;iframe width=""356"" height=""200"" src=""https://www.youtube.com/embed/3jMvDBR7lbg?feature=oembed&amp;enablejsapi=1"" frameborder=""0"" allow=""accelerometer; autoplay; clipboard-write; encrypted-media; gyroscope; picture-in-picture"" allowfullscreen&gt;&lt;/iframe&gt;', 'provider_name': 'YouTube', 'provider_url': 'https://www.youtube.com/', 'thumbnail_height': 360, 'thumbnail_url': 'https://i.ytimg.com/vi/3jMvDBR7lbg/hqdefault.jpg', 'thumbnail_width': 480, 'title': 'How to List Terra Luna NFTs for sale and more', 'type': 'video', 'version': '1.0', 'width': 356}, 'type': 'youtube.com'}","{'content': '&lt;iframe width=""356"" height=""200"" src=""https://www.youtube.com/embed/3jMvDBR7lbg?feature=oembed&amp;enablejsapi=1"" frameborder=""0"" allow=""accelerometer; autoplay; clipboard-write; encrypted-media; gyroscope; picture-in-picture"" allowfullscreen&gt;&lt;/iframe&gt;', 'height': 200, 'scrolling': False, 'width': 356}","{'oembed': {'author_name': 'GadgetPimp', 'author_url': 'https://www.youtube.com/c/techsavvy2100', 'height': 200, 'html': '&lt;iframe width=""356"" height=""200"" src=""https://www.youtube.com/embed/3jMvDBR7lbg?feature=oembed&amp;enablejsapi=1"" frameborder=""0"" allow=""accelerometer; autoplay; clipboard-write; encrypted-media; gyroscope; picture-in-picture"" allowfullscreen&gt;&lt;/iframe&gt;', 'provider_name': 'YouTube', 'provider_url': 'https://www.youtube.com/', 'thumbnail_height': 360, 'thumbnail_url': 'https://i.ytimg.com/vi/3jMvDBR7lbg/hqdefault.jpg', 'thumbnail_width': 480, 'title': 'How to List Terra Luna NFTs for sale and more', 'type': 'video', 'version': '1.0', 'width': 356}, 'type': 'youtube.com'}","{'content': '&lt;iframe width=""356"" height=""200"" src=""https://www.youtube.com/embed/3jMvDBR7lbg?feature=oembed&amp;enablejsapi=1"" frameborder=""0"" allow=""accelerometer; autoplay; clipboard-write; encrypted-media; gyroscope; picture-in-picture"" allowfullscreen&gt;&lt;/iframe&gt;', 'height': 200, 'media_domain_url': 'https://www.redditmedia.com/mediaembed/uklkij', 'scrolling': False, 'width': 356}",105.0,140.0,,
25,[],False,shotsbymatta,,[],,text,t2_5nr03kvo,False,False,False,[],False,False,1651952557,youtu.be,https://www.reddit.com/r/terraluna/comments/ukkrzv/terra_luna_ama_luna_on_chain_analytics_tutorial/,{},ukkrzv,False,True,False,False,False,True,False,False,#dadada,[],773e7b1a-be27-11eb-a721-0eb5d708beb5,Terra Ecosystem,dark,text,False,False,True,0,0,False,all_ads,/r/terraluna/comments/ukkrzv/terra_luna_ama_luna_on_chain_analytics_tutorial/,False,6,1651952567,1,,True,False,False,terraluna,t5_2y4t5,39915,public,https://b.thumbs.redditmedia.com/nl9UhjRez8ZANm1aQ1AIgZSBT0b-JWRPMV0BPNPkMqE.jpg,Terra Luna AMA: Luna On Chain Analytics Tutorial with Sam From Kash Defi,0,[],1.0,https://youtu.be/ZAL00Vpc1XM,https://youtu.be/ZAL00Vpc1XM,all_ads,6,1651923757.0,rich:video,"{'enabled': False, 'images': [{'id': '-E4djrjueZwsNbFtl-rnBIBrDxcjDI-mz070_2ubw_g', 'resolutions': [{'height': 81, 'url': 'https://external-preview.redd.it/wVFuEqQdUx3iKUKOHT3VnM3uKYwkBIc4ADpJArM3Vmw.jpg?width=108&amp;crop=smart&amp;auto=webp&amp;s=a06eab91ab915d7e5c529c65d4c67db8cd3015f4', 'width': 108}, {'height': 162, 'url': 'https://external-preview.redd.it/wVFuEqQdUx3iKUKOHT3VnM3uKYwkBIc4ADpJArM3Vmw.jpg?width=216&amp;crop=smart&amp;auto=webp&amp;s=be412968a5ba706c42cbc6ec7712fb2ed5e68cce', 'width': 216}, {'height': 240, 'url': 'https://external-preview.redd.it/wVFuEqQdUx3iKUKOHT3VnM3uKYwkBIc4ADpJArM3Vmw.jpg?width=320&amp;crop=smart&amp;auto=webp&amp;s=1171e9b704996fad309a6e48f950bb8551c3ae6c', 'width': 320}], 'source': {'height': 360, 'url': 'https://external-preview.redd.it/wVFuEqQdUx3iKUKOHT3VnM3uKYwkBIc4ADpJArM3Vmw.jpg?auto=webp&amp;s=ade826fb3dba5775e72b493330e66f4abf00bcb2', 'width': 480}, 'variants': {}}]}","{'oembed': {'author_name': 'Ryan Matta', 'author_url': 'https://www.youtube.com/c/RyanMatta', 'height': 200, 'html': '&lt;iframe width=""356"" height=""200"" src=""https://www.youtube.com/embed/ZAL00Vpc1XM?feature=oembed&amp;enablejsapi=1"" frameborder=""0"" allow=""accelerometer; autoplay; clipboard-write; encrypted-media; gyroscope; picture-in-picture"" allowfullscreen&gt;&lt;/iframe&gt;', 'provider_name': 'YouTube', 'provider_url': 'https://www.youtube.com/', 'thumbnail_height': 360, 'thumbnail_url': 'https://i.ytimg.com/vi/ZAL00Vpc1XM/hqdefault.jpg', 'thumbnail_width': 480, 'title': 'Terra Luna AMA: Luna On Chain Analytics Tutorial with Sam From Kash Defi', 'type': 'video', 'version': '1.0', 'width': 356}, 'type': 'youtube.com'}","{'content': '&lt;iframe width=""356"" height=""200"" src=""https://www.youtube.com/embed/ZAL00Vpc1XM?feature=oembed&amp;enablejsapi=1"" frameborder=""0"" allow=""accelerometer; autoplay; clipboard-write; encrypted-media; gyroscope; picture-in-picture"" allowfullscreen&gt;&lt;/iframe&gt;', 'height': 200, 'scrolling': False, 'width': 356}","{'oembed': {'author_name': 'Ryan Matta', 'author_url': 'https://www.youtube.com/c/RyanMatta', 'height': 200, 'html': '&lt;iframe width=""356"" height=""200"" src=""https://www.youtube.com/embed/ZAL00Vpc1XM?feature=oembed&amp;enablejsapi=1"" frameborder=""0"" allow=""accelerometer; autoplay; clipboard-write; encrypted-media; gyroscope; picture-in-picture"" allowfullscreen&gt;&lt;/iframe&gt;', 'provider_name': 'YouTube', 'provider_url': 'https://www.youtube.com/', 'thumbnail_height': 360, 'thumbnail_url': 'https://i.ytimg.com/vi/ZAL00Vpc1XM/hqdefault.jpg', 'thumbnail_width': 480, 'title': 'Terra Luna AMA: Luna On Chain Analytics Tutorial with Sam From Kash Defi', 'type': 'video', 'version': '1.0', 'width': 356}, 'type': 'youtube.com'}","{'content': '&lt;iframe width=""356"" height=""200"" src=""https://www.youtube.com/embed/ZAL00Vpc1XM?feature=oembed&amp;enablejsapi=1"" frameborder=""0"" allow=""accelerometer; autoplay; clipboard-write; encrypted-media; gyroscope; picture-in-picture"" allowfullscreen&gt;&lt;/iframe&gt;', 'height': 200, 'media_domain_url': 'https://www.redditmedia.com/mediaembed/ukkrzv', 'scrolling': False, 'width': 356}",105.0,140.0,,
26,[],False,tradeforincome,,[],,text,t2_10abfn,False,False,False,[],False,False,1651952027,self.terraluna,https://www.reddit.com/r/terraluna/comments/ukklsb/nexus_protocol_cnluna_vs_nluna/,{},ukklsb,False,True,False,False,False,True,True,False,#dadada,[],773e7b1a-be27-11eb-a721-0eb5d708beb5,Terra Ecosystem,dark,text,False,False,True,0,0,False,all_ads,/r/terraluna/comments/ukklsb/nexus_protocol_cnluna_vs_nluna/,False,6,1651952037,1,Should I be doing the compound option on nexus and get back cnluna or would i be better off with getting nluna?i literally found zero on cn Luna on google or YouTube? Thanks for the help guys!,True,False,False,terraluna,t5_2y4t5,39914,public,self,Nexus protocol CNLuna vs Nluna?,0,[],1.0,https://www.reddit.com/r/terraluna/comments/ukklsb/nexus_protocol_cnluna_vs_nluna/,,all_ads,6,1651923227.0,,,,,,,,,,
27,[],False,terranews2020,,[],,text,t2_mtjjrjuj,False,False,False,[],False,False,1651950526,self.terraluna,https://www.reddit.com/r/terraluna/comments/ukk492/why_terras_anchor_protocol_changed_earn_rate_to/,{},ukk492,False,True,False,False,False,True,True,False,#8bb681,[],9d679f2a-be26-11eb-bf7a-0e312f6a845b,Anchor,dark,text,False,False,True,0,0,False,all_ads,/r/terraluna/comments/ukk492/why_terras_anchor_protocol_changed_earn_rate_to/,False,6,1651950537,1,"**Anchor Protoco**l, one of the most popular platforms in the Terra ecosystem, rolled out a change in its Earn Rate. The latter will begin to operate in a semi-dynamic fashion rather than the previously fixed 20% annual percentage yield (APY).

With a massive shift in the protocol’s reward mechanism, the new models aim at making Anchor “more sustainable”. As a result, users started earning an 18% APY as of yesterday, May 1. The earn rate will be modified each month for the foreseeable future.

The team behind this Terra project said the following via their official Twitter account:

&gt;*The Anchor Earn rate adjusts dynamically by up to 1.5% each month based on if the yield reserve appreciated or depreciated. The floor is 15% APY &amp; the ceiling is 20% APY.*

The changes in Anchor’s earn rate are triggered by the protocol’s yield reserve. A .25% modification in this element will be followed by an adjustment in the Earn Rate.

This shift in the Terra protocol was approved, via Proposition 20, on March 24 this year. At the time, Anchor Protocol said:

&amp;#x200B;

[New Terra Debit Card Project](https://preview.redd.it/ssqk5x07r3y81.png?width=826&amp;format=png&amp;auto=webp&amp;s=7b6de55e8cb3f38c97ef9cb3c88b3d1de3b8a962)

[**Get your Terra Debit Card Today!**](https://TerraCard.app)

&amp;#x200B;

&gt;*The addition of a semi-dynamic Earn rate will contribute to the long-term sustainability of Anchor &amp; will benefit users of the protocol by enabling yield reserve growth while continuing to provide an attractive yield on UST.*

As seen below, the total borrowed versus total deposits on Anchor shows significant divergence. This is why the yield reserves on the protocol trend to the downside, especially in times of bearish price action on larger cryptocurrencies.

Some of the users believe that this trend could trigger a deppeging event for UST which could jeopardize the entire Terra ecosystem. The introduction of a semi-dynamic rate is the first step to avoiding this possibility.

## Terra Is Not The Most Attractive Venue For Stablecoin Yield?

Some users believe that the new earn rate might not be enough and have been suggesting the implementation of investment strategies that can contribute to the yield reserves. Another part of the community seems focused on increasing the borrowing rate at Anchor.",True,False,False,terraluna,t5_2y4t5,39912,public,https://b.thumbs.redditmedia.com/PlV_NBT_eD2yi73yF-JNNp5UGfQaWfyLu8DvKqzeTfI.jpg,Why Terra’s Anchor Protocol Changed Earn Rate To 18% APY,0,[],1.0,https://www.reddit.com/r/terraluna/comments/ukk492/why_terras_anchor_protocol_changed_earn_rate_to/,,all_ads,6,1651921726.0,,,,,,,89.0,140.0,,"{'ssqk5x07r3y81': {'e': 'Image', 'id': 'ssqk5x07r3y81', 'm': 'image/png', 'p': [{'u': 'https://preview.redd.it/ssqk5x07r3y81.png?width=108&amp;crop=smart&amp;auto=webp&amp;s=43a6dc260dd8ab8fb79305d9ec015ae108524d7a', 'x': 108, 'y': 69}, {'u': 'https://preview.redd.it/ssqk5x07r3y81.png?width=216&amp;crop=smart&amp;auto=webp&amp;s=ed11a2afe82974b5695fcfe37f3e8edbcdabcecf', 'x': 216, 'y': 138}, {'u': 'https://preview.redd.it/ssqk5x07r3y81.png?width=320&amp;crop=smart&amp;auto=webp&amp;s=af1e8c75d2f1faaf31e4b6625958111faa317aa6', 'x': 320, 'y': 204}, {'u': 'https://preview.redd.it/ssqk5x07r3y81.png?width=640&amp;crop=smart&amp;auto=webp&amp;s=b288bf02959074782c9cd31a7e582028325b5a47', 'x': 640, 'y': 409}], 's': {'u': 'https://preview.redd.it/ssqk5x07r3y81.png?width=826&amp;format=png&amp;auto=webp&amp;s=7b6de55e8cb3f38c97ef9cb3c88b3d1de3b8a962', 'x': 826, 'y': 528}, 'status': 'valid'}}"
28,[],False,tomwrhl,,[],,text,t2_6z3mak3s,False,False,False,[],False,False,1651949513,self.terraluna,https://www.reddit.com/r/terraluna/comments/ukjryx/is_ust_losing_its_peg_for_several_days_in_row_it/,{},ukjryx,False,True,False,False,False,True,True,False,#dadada,[],773e7b1a-be27-11eb-a721-0eb5d708beb5,Terra Ecosystem,dark,text,False,False,True,0,0,False,all_ads,/r/terraluna/comments/ukjryx/is_ust_losing_its_peg_for_several_days_in_row_it/,False,6,1651949523,1,"On Binance its 0.9982 from its highs 1.004. That can make a lot of difference in large sums… should we be worries? I know the whole market/economy is really down, but still :)",True,False,False,terraluna,t5_2y4t5,39913,public,self,Is UST losing its peg? For several days in row it has been slowly going down.,0,[],1.0,https://www.reddit.com/r/terraluna/comments/ukjryx/is_ust_losing_its_peg_for_several_days_in_row_it/,,all_ads,6,1651920713.0,,,,,,,,,,
29,[],False,terranews2020,,[],,text,t2_mtjjrjuj,False,False,False,[],False,False,1651948796,self.terraluna,https://www.reddit.com/r/terraluna/comments/ukjjoj/luna_foundation_guard_further_bolsters_stablecoin/,{},ukjjoj,False,False,False,False,False,False,True,False,#dadada,[],773e7b1a-be27-11eb-a721-0eb5d708beb5,Terra Ecosystem,dark,text,False,False,True,0,0,False,all_ads,/r/terraluna/comments/ukjjoj/luna_foundation_guard_further_bolsters_stablecoin/,False,6,1651948807,1,[removed],True,False,False,terraluna,t5_2y4t5,39912,public,https://b.thumbs.redditmedia.com/TX3NCpmWIKIx17q1LOH-L1lyPPEcryTwnnT-EZ3v56w.jpg,Luna Foundation Guard further bolsters stablecoin reserve by raising $1.5 billion in bitcoin,0,[],1.0,https://www.reddit.com/r/terraluna/comments/ukjjoj/luna_foundation_guard_further_bolsters_stablecoin/,,all_ads,6,1651919996.0,self,"{'enabled': False, 'images': [{'id': 'q3sIdwIoTAJqYV6OuU3_0Ga3Uyj7amXe1SE_8zj-ECg', 'resolutions': [{'height': 172, 'url': 'https://external-preview.redd.it/_kyGID-4FGzITUuDdQmBjIq931J8dARgPMo-uq03JqY.jpg?width=108&amp;crop=smart&amp;auto=webp&amp;s=5b35599dca14d30a687036148b212d87480c967f', 'width': 108}, {'height': 344, 'url': 'https://external-preview.redd.it/_kyGID-4FGzITUuDdQmBjIq931J8dARgPMo-uq03JqY.jpg?width=216&amp;crop=smart&amp;auto=webp&amp;s=2d01f365b12128bf509aaf349e0f4a580f537109', 'width': 216}, {'height': 510, 'url': 'https://external-preview.redd.it/_kyGID-4FGzITUuDdQmBjIq931J8dARgPMo-uq03JqY.jpg?width=320&amp;crop=smart&amp;auto=webp&amp;s=cc5d0fc8665bf0fa065732f675130fd0a14e3d17', 'width': 320}], 'source': {'height': 1006, 'url': 'https://external-preview.redd.it/_kyGID-4FGzITUuDdQmBjIq931J8dARgPMo-uq03JqY.jpg?auto=webp&amp;s=04a38514dc5c61ce3411e8a4a642b52d5d3747f0', 'width': 631}, 'variants': {}}]}",,,,,97.0,140.0,reddit,
30,[],False,Trinitysjm,,[],,text,t2_fczkriu3,False,False,False,[],False,False,1651946939,self.terraluna,https://www.reddit.com/r/terraluna/comments/ukix70/luna_foundation_just_bought_15b_worth_of_btc/,{},ukix70,False,True,False,False,False,True,True,False,#7193ff,[],844cbda8-be27-11eb-b4ba-0e4cc1e38c35,Discussion,dark,text,False,False,True,0,0,False,all_ads,/r/terraluna/comments/ukix70/luna_foundation_just_bought_15b_worth_of_btc/,False,6,1651946950,1,"Luna Foundation Guard (LFG) has bought BTC worth 37,863 and it has revealed interest to amass $10 billion in stablecoin reserves by the end of Quater 3. 
As of now, LFG’s total bitcoin holdings were at 80,394 BTC, which amount to about $3.5 billion. Also, it has a large amount of AVAX, the native token of Avalanche, worth more than $100 million. However, according to the firm, the deal involved a $1 billion over-the-counter swap with Genesis for $1 billion in UST and a $500 million BTC purchase from Three Arrows Capital“ 
In a statement made by Do Kwon, co-founder, and CEO of Terraform Labs, he added that “For the first time, you’re starting to see a pegged currency attempting to observe the Bitcoin standard.” The company is making a strong directional bet that keeping a lot of those foreign reserves in the form of a digital native currency will be a winning recipe.” 
Thus, the reason why Terra is buying Bitcoin is that “Do Kwon has revealed in March that Terra intended to purchase more than $10 billion in bitcoin to serve as reserves for its stablecoin UST. During that time, in a statement, he explained that the funds in the Bitcoin reserves would be used to backstop short-term UST redemptions and a decentralized FX reserve. 
In addition to Bitcoin, other decentralized medium of exchange are Flux, Point Network, Helium, etc. This would be useful as he thinks by introducing new forms of collateral, the reserve will expand Terra stable coins’ potential user base.",True,False,False,terraluna,t5_2y4t5,39910,public,self,Luna Foundation just bought $1.5B worth of BTC,0,[],1.0,https://www.reddit.com/r/terraluna/comments/ukix70/luna_foundation_just_bought_15b_worth_of_btc/,,all_ads,6,1651918139.0,,,,,,,,,,
31,[],False,Difficult_Sale_8346,,[],,text,t2_cly5ppiz,False,False,False,[],False,False,1651946474,self.terraluna,https://www.reddit.com/r/terraluna/comments/ukirkr/ideas_for_luna_tokens_staking/,{},ukirkr,False,True,False,False,False,True,True,False,#7193ff,[],844cbda8-be27-11eb-b4ba-0e4cc1e38c35,Discussion,dark,text,False,False,False,0,0,False,all_ads,/r/terraluna/comments/ukirkr/ideas_for_luna_tokens_staking/,False,6,1651946484,1,,True,False,False,terraluna,t5_2y4t5,39909,public,self,Ideas for Luna tokens - staking,0,[],1.0,https://www.reddit.com/r/terraluna/comments/ukirkr/ideas_for_luna_tokens_staking/,,all_ads,6,1651917674.0,,,,,,,,,,
32,[],False,libertycd,,[],,text,t2_4qluxxwj,False,False,False,[],False,False,1651944111,self.terraluna,https://www.reddit.com/r/terraluna/comments/ukhzqu/anchor_protocol_loans_at_riskliquidation/,{},ukhzqu,False,True,False,False,False,True,True,False,#dadada,[],773e7b1a-be27-11eb-a721-0eb5d708beb5,Terra Ecosystem,dark,text,False,False,True,0,0,False,all_ads,/r/terraluna/comments/ukhzqu/anchor_protocol_loans_at_riskliquidation/,False,6,1651944122,1,"Hey folks,

I started playing around with Kujira and wanting to make some bLUNA bids using aUST. 

I'm trying to look for statistics around bLuna at-risk for liquidation to better set my aUST bid triggers (low/med/high/custom)

I don't have 5000KUJI to stake to gain access to the premium features of Kujira. Is there an alternate website to look at those statistics?",True,False,False,terraluna,t5_2y4t5,39908,public,self,Anchor Protocol Loans at Risk/Liquidation Statistics,0,[],1.0,https://www.reddit.com/r/terraluna/comments/ukhzqu/anchor_protocol_loans_at_riskliquidation/,,all_ads,6,1651915311.0,,,,,,,,,,
33,[],False,KungFuClitoris,,[],,text,t2_7kq79lpa,False,False,False,[],False,False,1651943642,self.terraluna,https://www.reddit.com/r/terraluna/comments/ukhu40/wrapped_ust_stuck_in_metamask_terra_bridge_doesnt/,{},ukhu40,False,True,False,False,False,True,True,False,#ea0027,[],e2e89fae-d1ae-11eb-ac7c-0eaa7b7dd161,Support,light,text,False,False,True,1,0,False,all_ads,/r/terraluna/comments/ukhu40/wrapped_ust_stuck_in_metamask_terra_bridge_doesnt/,False,6,1651943652,1,"Hello, I tried swapping wrapped luna from ETH to Luna network on Terra Bridge through my MetaMask account. I tried connecting multiple times but Terra Bridge read my luna balance as 0 even though I had selected ETH to LUNA network.

I tried swapping the Luna to UST on MetaMask but ran into the same issue on Terra Bridge. I have selected the right networks &amp; MetaMask wallet. Why is Terra Bridge not recognizing my UST balance?",True,False,False,terraluna,t5_2y4t5,39908,public,self,Wrapped UST Stuck in MetaMask. Terra Bridge Doesn't Recognize It. Please help!,0,[],1.0,https://www.reddit.com/r/terraluna/comments/ukhu40/wrapped_ust_stuck_in_metamask_terra_bridge_doesnt/,,all_ads,6,1651914842.0,,,,,,,,,,
