,all_awardings,allow_live_comments,author,author_flair_background_color,author_flair_css_class,author_flair_richtext,author_flair_text,author_flair_text_color,author_flair_type,author_fullname,author_is_blocked,author_patreon_flair,author_premium,awarders,can_mod_post,contest_mode,created_utc,domain,full_link,gildings,id,is_created_from_ads_ui,is_crosspostable,is_meta,is_original_content,is_reddit_media_domain,is_robot_indexable,is_self,is_video,link_flair_background_color,link_flair_css_class,link_flair_richtext,link_flair_template_id,link_flair_text,link_flair_text_color,link_flair_type,locked,media_metadata,media_only,no_follow,num_comments,num_crossposts,over_18,parent_whitelist_status,permalink,pinned,post_hint,preview,pwls,retrieved_on,score,selftext,send_replies,spoiler,stickied,subreddit,subreddit_id,subreddit_subscribers,subreddit_type,suggested_sort,thumbnail,thumbnail_height,thumbnail_width,title,total_awards_received,treatment_tags,upvote_ratio,url,whitelist_status,wls,created
0,[],False,jakekick1999,,,"[{'e': 'text', 't': 'Platinum | QC: CC 59 | r/AMD 18'}]",Platinum | QC: CC 59 | r/AMD 18,dark,richtext,t2_1skbhg06,False,False,False,[],False,False,1651339830,self.CryptoCurrency,https://www.reddit.com/r/CryptoCurrency/comments/uffu9i/my_experience_with_running_a_bot/,{},uffu9i,False,True,False,True,False,True,True,False,#5a74cc,PERSPECTIVE,"[{'e': 'text', 't': 'PERSPECTIVE'}]",1b44cdb2-2a6c-11ec-9baf-0aa21184cd0a,PERSPECTIVE,light,richtext,False,"{'izgcmn25bpw81': {'e': 'Image', 'id': 'izgcmn25bpw81', 'm': 'image/png', 'p': [{'u': 'https://preview.redd.it/izgcmn25bpw81.png?width=108&amp;crop=smart&amp;auto=webp&amp;s=4bc880482b597136b136dde8e87119b11cb0ffd3', 'x': 108, 'y': 9}, {'u': 'https://preview.redd.it/izgcmn25bpw81.png?width=216&amp;crop=smart&amp;auto=webp&amp;s=cfc19549126d0d9756349a0256139f5816325c95', 'x': 216, 'y': 18}, {'u': 'https://preview.redd.it/izgcmn25bpw81.png?width=320&amp;crop=smart&amp;auto=webp&amp;s=9f904f5387648f059ebdb0075a3e7258b752520b', 'x': 320, 'y': 27}], 's': {'u': 'https://preview.redd.it/izgcmn25bpw81.png?width=550&amp;format=png&amp;auto=webp&amp;s=866dba5f511c0ec815b4418857eb66b8784fc07e', 'x': 550, 'y': 47}, 'status': 'valid'}, 'juz0ohz7bpw81': {'e': 'Image', 'id': 'juz0ohz7bpw81', 'm': 'image/png', 'p': [{'u': 'https://preview.redd.it/juz0ohz7bpw81.png?width=108&amp;crop=smart&amp;auto=webp&amp;s=fd49f1aae88fa5bc995af8fb3acba6e7e58849d3', 'x': 108, 'y': 74}, {'u': 'https://preview.redd.it/juz0ohz7bpw81.png?width=216&amp;crop=smart&amp;auto=webp&amp;s=ab0b553ed203467349ca896cdc858194a323e6b0', 'x': 216, 'y': 149}, {'u': 'https://preview.redd.it/juz0ohz7bpw81.png?width=320&amp;crop=smart&amp;auto=webp&amp;s=bb141300f87e69508f12e7b8d501482774ed0cd2', 'x': 320, 'y': 220}], 's': {'u': 'https://preview.redd.it/juz0ohz7bpw81.png?width=600&amp;format=png&amp;auto=webp&amp;s=8d0c2fe11588b935ca08f86a515ecc33cc36e79f', 'x': 600, 'y': 414}, 'status': 'valid'}}",False,True,1,0,False,all_ads,/r/CryptoCurrency/comments/uffu9i/my_experience_with_running_a_bot/,False,self,"{'enabled': False, 'images': [{'id': 'zKIBdKn3euu1ycV0Zzhj8fA3ffms4UonZktYy97XM_I', 'resolutions': [{'height': 81, 'url': 'https://external-preview.redd.it/6x6MxyHBjInN9gqGNFfBWhJIRG1ilIrzzwHAB8ErED4.jpg?width=108&amp;crop=smart&amp;auto=webp&amp;s=fef5b10b63477581c0d07f6a502a98ef0b8010e9', 'width': 108}, {'height': 162, 'url': 'https://external-preview.redd.it/6x6MxyHBjInN9gqGNFfBWhJIRG1ilIrzzwHAB8ErED4.jpg?width=216&amp;crop=smart&amp;auto=webp&amp;s=b607eefeec5acb937b6386f87d9d934756951491', 'width': 216}, {'height': 240, 'url': 'https://external-preview.redd.it/6x6MxyHBjInN9gqGNFfBWhJIRG1ilIrzzwHAB8ErED4.jpg?width=320&amp;crop=smart&amp;auto=webp&amp;s=19c64fe3fab2b7cdec5e0c886443f22484f2fa1b', 'width': 320}], 'source': {'height': 360, 'url': 'https://external-preview.redd.it/6x6MxyHBjInN9gqGNFfBWhJIRG1ilIrzzwHAB8ErED4.jpg?auto=webp&amp;s=5b5b86ab886938bb92e3ecd1d6b0a4411f1864b7', 'width': 480}, 'variants': {}}]}",6,1651339840,1," So I recently watched a Max Maher video about a few kinds of bots that you can run in a bid to replace active trading. There are obvious advantages to this like removing emotions, catching movement when you are not looking at charts example when you are asleep. Further, slightly complex bots can DCA in when prices go down and DCA out when prices go up and so on.

So I tried running a Spot Futures Arbitrage Bot. As he explains in the video, if you put 100$ into the bot, it opens a long spot position of 50$ and a short 50$ futures position (I’ll mention leverage in a sec). Now whichever way the market moves, you aren’t really losing or gaining money. However, due to its leveraged and “bet” on the future, the price of the futures will be different from the spot price. So to keep the prices in parity, exchanges offer a funding fee in a bid to try balance.   


Essentially trying to keep two positions open in a bit to farm the funding fee by keeping these two positions open,

So I tried my hand at this and opened an account at pionex and started my own Spot Futures Arbitrage bot. I chose BTC/USDT and immediately, the barrier was the minimum requirement of 300$ which is a lot of money. Other pairings have even higher minimum prices but no matter. I start with the minimum and deploy the bot.

That day was almost two months ago, similar to the video’s 70 days window:

&amp;#x200B;

[Opened 60 days ago](https://preview.redd.it/izgcmn25bpw81.png?width=550&amp;format=png&amp;auto=webp&amp;s=866dba5f511c0ec815b4418857eb66b8784fc07e)

Now in the video, Max claims on average he gets about 4% in the bear market, which is probably with the default 2x leverage that the bot sets. However, I didn’t want to risk that so I decided to go with 1x leverage so technically the expectation is around 2%. The reality is:

&amp;#x200B;

[And the results are in](https://preview.redd.it/juz0ohz7bpw81.png?width=600&amp;format=png&amp;auto=webp&amp;s=8d0c2fe11588b935ca08f86a515ecc33cc36e79f)

That is pretty close with the history APR being just 0.05 off the estimated 2%. Still it is underwhelming compared with arguably the 10x you can get with the 20% on Anchor with UST. However, the facts and strategy behind the bot are solid. And that is one thing I consider. **It is a solid investment with low risk and stable rewards. In these trying times, it doesn’t hurt to have a bit of fiat in different places getting you some diversification and reduced risk.**

Anyways, there are less complex bots and more complex ones. If you have stories with other bots please do share with us and let's compare how much we made, or lost lol.

The link to the video : [https://www.youtube.com/watch?v=sjJGVXZUpQE](https://www.youtube.com/watch?v=sjJGVXZUpQE)

Discussion about spot futures arbitrage starts at 4 min and 26 second mark",True,False,False,CryptoCurrency,t5_2wlj3,4783368,public,new,https://b.thumbs.redditmedia.com/a0yL_oM7YoyrbegoUoJE1_huxTfm5xiWctXcj0YQ3CE.jpg,11,140,My experience with running a bot,0,[],1.0,https://www.reddit.com/r/CryptoCurrency/comments/uffu9i/my_experience_with_running_a_bot/,all_ads,6,1651311030.0
