,all_awardings,allow_live_comments,author,author_flair_css_class,author_flair_richtext,author_flair_text,author_flair_type,author_fullname,author_is_blocked,author_patreon_flair,author_premium,awarders,can_mod_post,contest_mode,created_utc,domain,full_link,gildings,id,is_created_from_ads_ui,is_crosspostable,is_meta,is_original_content,is_reddit_media_domain,is_robot_indexable,is_self,is_video,link_flair_background_color,link_flair_richtext,link_flair_template_id,link_flair_text,link_flair_text_color,link_flair_type,locked,media_only,no_follow,num_comments,num_crossposts,over_18,parent_whitelist_status,permalink,pinned,post_hint,preview,pwls,retrieved_on,score,selftext,send_replies,spoiler,stickied,subreddit,subreddit_id,subreddit_subscribers,subreddit_type,thumbnail,title,total_awards_received,treatment_tags,upvote_ratio,url,whitelist_status,wls,created,media_metadata,thumbnail_height,thumbnail_width,removed_by_category,url_overridden_by_dest,media,media_embed,secure_media,secure_media_embed
0,[],False,dimkk,,[],,text,t2_ye7c7,False,False,False,[],False,False,1651590377,self.terraluna,https://www.reddit.com/r/terraluna/comments/uhi58g/outpost_terra_blockchain_dapp_administration_and/,{},uhi58g,False,True,False,False,False,True,True,False,#dadada,[],773e7b1a-be27-11eb-a721-0eb5d708beb5,Terra Ecosystem,dark,text,False,False,True,0,0,False,all_ads,/r/terraluna/comments/uhi58g/outpost_terra_blockchain_dapp_administration_and/,False,self,"{'enabled': False, 'images': [{'id': 'liB4nxy0Jc9dSXCz0WK59ukFaD6civewYy_l19CqJjY', 'resolutions': [{'height': 56, 'url': 'https://external-preview.redd.it/c9WU5JYnsHhIVuwWxvQDt0zGxInAyOK2lYQPHamiFaU.jpg?width=108&amp;crop=smart&amp;auto=webp&amp;s=d3f1a291b1a88fde164f413108e9beff1a35004c', 'width': 108}, {'height': 112, 'url': 'https://external-preview.redd.it/c9WU5JYnsHhIVuwWxvQDt0zGxInAyOK2lYQPHamiFaU.jpg?width=216&amp;crop=smart&amp;auto=webp&amp;s=cfbcd6233b92ef1351976d106799ead66828b80c', 'width': 216}, {'height': 166, 'url': 'https://external-preview.redd.it/c9WU5JYnsHhIVuwWxvQDt0zGxInAyOK2lYQPHamiFaU.jpg?width=320&amp;crop=smart&amp;auto=webp&amp;s=66dbe91289353dfa31e3431e5fa4124ce028ac36', 'width': 320}, {'height': 333, 'url': 'https://external-preview.redd.it/c9WU5JYnsHhIVuwWxvQDt0zGxInAyOK2lYQPHamiFaU.jpg?width=640&amp;crop=smart&amp;auto=webp&amp;s=6967bacebcca2a1fd2494dc49ee7896f8eac9819', 'width': 640}, {'height': 500, 'url': 'https://external-preview.redd.it/c9WU5JYnsHhIVuwWxvQDt0zGxInAyOK2lYQPHamiFaU.jpg?width=960&amp;crop=smart&amp;auto=webp&amp;s=8707a16e5b08e4de98324510aecd130328247cf3', 'width': 960}, {'height': 562, 'url': 'https://external-preview.redd.it/c9WU5JYnsHhIVuwWxvQDt0zGxInAyOK2lYQPHamiFaU.jpg?width=1080&amp;crop=smart&amp;auto=webp&amp;s=b9ee35ec62073ba224dd83bba9276549abaa3f3d', 'width': 1080}], 'source': {'height': 1250, 'url': 'https://external-preview.redd.it/c9WU5JYnsHhIVuwWxvQDt0zGxInAyOK2lYQPHamiFaU.jpg?auto=webp&amp;s=b4219b96bbc3f0e8ea4c9635939a225bf6a27087', 'width': 2400}, 'variants': {}}]}",6,1651590388,1,"During last twelve months we have been actively developing and rolling our projects on Terra blockchain. 

We are really like everything about Terra and Terra ecosystem and exciting about its future. Decentralized nature of UST stable coin is the part of why it is market cap have grown exponentially over the last year. 

Our team include people with various blockchain development skills as well as rich enterprise software development experience. Combined we have hundreds of projects delivered in various technologies including blockchain and AI 

We realised that there is some room to improve the way dApp project are delivered and operated, while working on new projects on Terra blockchain. Project teams heavily relying on hand made scripts which are subject to miscommunication and human errors. There are a lot of simple yet important project tasks which can easily be handled by administrative members rather than technical team. There is also some lack of clear controls on how sensitive information is shared between team members. 

Here are some of the examples: 

Sending funds to receiver or changing staking period in one of the staking contracts would usually require developer involvement. This means writing some script, testing and then executing it by qualified developers. In most cases administrators put blind trust on the developers not to make mistake and do everything perfectly. If there is mistake made its only to be realised after update has been deployed to mainnet.  

Another example is how deployment wallet passwords are handled within the team. Many teams rely on developers to write scripts to perform varies contract deployment tasks. This means extremely sensitive passwords must be passed around to enable developer/s to accomplish the task.  

Those risks have been identified by team raised by administrative team and that is why we came up with Outpost. 

Outpost is developed to address above mentioned issues and then to expand and become tool of choice for dApp projects deployment and administration.  

Our goal is to bring to Terra project best features of the existing tools like: 

* [Hardhat](https://hardhat.org/) is industry leading CLI solution for dApp developers 
* [Open Zeppelin Defender](https://openzeppelin.com/defender/) is a unique GUI approach for operations and security for dApp development teams 
* [Jupyter notebook](https://jupyter.org/) is an industry lead GUI solution for Data Science and Engineers - for the AI related workflows 

Terra Outpost is a mix of all these concepts in one place, with open-source solution and robust and secure commercial SaaS platform in the future. 

We are aiming to make Outpost something like Kubernetes to the cloud development or content management system to dApp. We place particular emphasis on separation of team responsivities, UI simplicity and one click deployment. 

We have some success already. MVP version of Outpost has been successfully used to deploy and conduct TGE event and maintain Lunaverse one of the most exciting project on Terra blockchain. 

We are confident that our Team has skills and experience to achieve goals above and this way help to grow teams confidence in Terra ecosystem.  

Check out our site [https://outp0st.io](https://outp0st.io/) 

Or github [https://github.com/genolis/outp0st](https://github.com/genolis/outp0st)  

Thanks for your attention!",True,False,False,terraluna,t5_2y4t5,39652,public,self,Outpost - Terra blockchain dApp administration and deployment tool,0,[],1.0,https://www.reddit.com/r/terraluna/comments/uhi58g/outpost_terra_blockchain_dapp_administration_and/,all_ads,6,1651561577.0,,,,,,,,,
1,[],False,Sylentwolf8,,[],,text,t2_6v8ce,False,False,False,[],False,False,1651588726,self.terraluna,https://www.reddit.com/r/terraluna/comments/uhhken/anchor_apy_has_dropped_2_and_ust_supply_has_grown/,{},uhhken,False,True,False,False,False,True,True,False,#dadada,[],773e7b1a-be27-11eb-a721-0eb5d708beb5,Terra Ecosystem,dark,text,False,False,False,0,0,False,all_ads,/r/terraluna/comments/uhhken/anchor_apy_has_dropped_2_and_ust_supply_has_grown/,False,,,6,1651588737,1,"This has been the biggest concern I've heard in this space. The theory was as Anchor yields drop, UST demand will drop as money exits the space. I realize this is only the first of many drops, but the fact that the UST supply has grown since a reasonably substantial drop should have most feeling pretty good about the future of the ecosystem.",True,False,False,terraluna,t5_2y4t5,39651,public,self,Anchor APY has dropped 2% and UST supply has GROWN,0,[],1.0,https://www.reddit.com/r/terraluna/comments/uhhken/anchor_apy_has_dropped_2_and_ust_supply_has_grown/,all_ads,6,1651559926.0,,,,,,,,,
2,[],False,MethodAccurate2910,,[],,text,t2_c547qv3q,False,False,False,[],False,False,1651588105,self.terraluna,https://www.reddit.com/r/terraluna/comments/uhhcuu/dont_understand_the_gas_schema_in_terra/,{},uhhcuu,False,True,False,False,False,True,True,False,#ea0027,[],e2e89fae-d1ae-11eb-ac7c-0eaa7b7dd161,Support,light,text,False,False,True,1,0,False,all_ads,/r/terraluna/comments/uhhcuu/dont_understand_the_gas_schema_in_terra/,False,,,6,1651588116,1,"Hey there,

I really tried to understand gas and gas prices on Terra but still don't get it. 

* What is the gas block limit?
* How much gas is a simple transaction in the native coin?
* How much gas for a transaction in a non-native token (are there any?)
* How much gas for a swap?
* And where can I see current/historical gas prices? 
* And in addition to gas users pay 0.6% tax (is this correct)?
* Is it correct that the final transaction fee is \[**gas \* gas price + tx\_volume \* 0.06\]** ?",True,False,False,terraluna,t5_2y4t5,39651,public,self,Don't understand the gas schema in Terra,0,[],1.0,https://www.reddit.com/r/terraluna/comments/uhhcuu/dont_understand_the_gas_schema_in_terra/,all_ads,6,1651559305.0,,,,,,,,,
3,[],False,silent_tongue,,[],,text,t2_ef7ac1x4,False,False,False,[],False,False,1651587553,self.terraluna,https://www.reddit.com/r/terraluna/comments/uhh5u4/do_i_earn_rewards_holding_batom/,{},uhh5u4,False,True,False,False,False,True,True,False,#dadada,[],773e7b1a-be27-11eb-a721-0eb5d708beb5,Terra Ecosystem,dark,text,False,False,True,0,0,False,all_ads,/r/terraluna/comments/uhh5u4/do_i_earn_rewards_holding_batom/,False,,,6,1651587563,1,,True,False,False,terraluna,t5_2y4t5,39651,public,self,Do I earn rewards holding bAtom?,0,[],1.0,https://www.reddit.com/r/terraluna/comments/uhh5u4/do_i_earn_rewards_holding_batom/,all_ads,6,1651558753.0,,,,,,,,,
4,[],False,0xArmin,,[],,text,t2_lx02llf0,False,False,False,[],False,False,1651583881,self.terraluna,https://www.reddit.com/r/terraluna/comments/uhfx2d/the_easiest_guide_to_terra_whitepaper_youll_ever/,{},uhfx2d,False,True,False,False,False,True,True,False,#7193ff,[],844cbda8-be27-11eb-b4ba-0e4cc1e38c35,Discussion,dark,text,False,False,True,0,0,False,all_ads,/r/terraluna/comments/uhfx2d/the_easiest_guide_to_terra_whitepaper_youll_ever/,False,,,6,1651583891,1,"Heads up. I'm shilling my Twitter account. [Join me](https://twitter.com/0x_armin) on my journey to educate a million people about crypto.

Did I mention that I've an awesome graphic that'll 10x your understanding of Terra? Let's dive in. 👇

\---

""Fuck the clients.

No one knows if stocks are going up down sideways or in fucking circles.""

Do Kwon whispered to Daniel Shin as he wrote the first line of Terra code.

&amp;#x200B;

[So the legend goes](https://preview.redd.it/uordx7a0f9x81.png?width=1566&amp;format=png&amp;auto=webp&amp;s=82652ae3ad0bc5ea184d65799d5bc9b2c99d734a)

Ok, I made that story up.

But that statement perfectly highlights the state of crypto prices- great for inducing heart attacks, pretty much useless for daily transactions.

They're too damn volatile.

So we need stability. Tons of it. But stability of exactly what?

If we want to facilitate daily transactions, then there’s only one clear answer- stability of purchasing power.

Our purchasing power with cryptocurrencies should be aligned with fiat currencies.

But pegging to only USD is not enough. Likewise to RMB. Why?

Because nations, like your exes, come and go.

Instead of pegging to a single currency, Terra pegs a range of stablecoins to a basket of fiat currencies.

Your purchasing power with Terra is now representative of global purchasing power. That's a pretty cool level up.

Remember the awesome graphic that’ll 10x your understanding of Terra? Ok now you need it to understand how Terra achieves a stable global purchasing power.

&amp;#x200B;

[Your Terra cheatsheet. Drawn by yours truly.](https://preview.redd.it/0f7jd4zff9x81.png?width=1911&amp;format=png&amp;auto=webp&amp;s=fd9d7ffc80502706698c000820fda88618227a65)

Look at the 2 blue pillars- stablecoins liquidity and stablecoins peg. Together, they maintain the stable global purchasing power.

Within each pillar, there is a magic mechanism that makes things just click. Read on.

Let's first zoom in on stablecoins liquidity.

[Look at where the pink arrow is](https://preview.redd.it/rbpya2hlf9x81.png?width=1911&amp;format=png&amp;auto=webp&amp;s=fb3bda72ef112098c06ede4868aef34406289fbe)

Before we talk about the magic mechanism, it’s important to revisit what global purchasing power entails. No matter what currency you hold, you should retain some degree of purchasing power.

Remember when Russian rubles went to shit like, in March 2022? Imagine holding Terra rubles and being unable to swap to other currencies. That’ll be really really bad.

To avoid such situations, Terra promises that anyone who hold a Terra stablecoin can swap to another Terra stablecoin at prevailing market exchange rate. That means if 1 USD = 1 ruble, you can swap the Terra equivalent at the same rate.

But there’s a problem. 

Market exchange rates are not native to the blockchain. You can rely on oracles (usually a few trusted sources) to tell you, but that wouldn’t be very decentralised. So we need the magic mechanism.

The magic mechanism is \*drum-rolls\* a voting mechanism by the miners. At regular time steps, the miners are expected to declare the exchange rate. The weighted median exchange rate is viewed as the “truth”. What’s in it for miners? 

If they vote within 1 standard deviation, they get rewards. If not? They’ll get their stakes burnt. Ouch.

If this sounds confusing to you, just imagine you and your friends with poker chips. And you want to declare the exchange rate of USD to ruble. When you aren't colluding, the safest bet is to declare the real rate.

What if the miners want to collude? Well, people will lose faith in the system. And the tokens that miners own will depreciate. Not fun. 

Just a reminder- facilitating exchange between Terra stablecoins at prevailing exchange rates preserves global purchasing power. It also smoothens out macro-economic events, like the case of Russian ruble going to shit.

Ok, we got one pillar down. We are going to move on to the second pillar- stablecoin peg.

&amp;#x200B;

[Follow the pink rabbit](https://preview.redd.it/by94qwh2g9x81.png?width=1911&amp;format=png&amp;auto=webp&amp;s=ec80757fed228b01ea8d034c15a4542c53676116)

If you've read thus far, you can read the remainder of this guide [here](https://twitter.com/0x_armin/status/1521469621508841473). 

And when you're done, please leave your feedback and questions! Our goal is to educate a million people on crypto. Let’s do it together. 💪",True,False,False,terraluna,t5_2y4t5,39651,public,https://b.thumbs.redditmedia.com/rLD2gLd5bLwwVEe2gkhhKq4HZ0Vyneu_-nauDHTXIDc.jpg,The easiest guide to Terra whitepaper you'll ever read,0,[],1.0,https://www.reddit.com/r/terraluna/comments/uhfx2d/the_easiest_guide_to_terra_whitepaper_youll_ever/,all_ads,6,1651555081.0,"{'0f7jd4zff9x81': {'e': 'Image', 'id': '0f7jd4zff9x81', 'm': 'image/png', 'p': [{'u': 'https://preview.redd.it/0f7jd4zff9x81.png?width=108&amp;crop=smart&amp;auto=webp&amp;s=35ba8fe21dacf4708c8c78d5a372faba5cf67ac5', 'x': 108, 'y': 141}, {'u': 'https://preview.redd.it/0f7jd4zff9x81.png?width=216&amp;crop=smart&amp;auto=webp&amp;s=6fe84c9b4f9118618f12e1ced258a2af722773d7', 'x': 216, 'y': 282}, {'u': 'https://preview.redd.it/0f7jd4zff9x81.png?width=320&amp;crop=smart&amp;auto=webp&amp;s=71fad53206f55bdf257940d8cd71efead01061b4', 'x': 320, 'y': 418}, {'u': 'https://preview.redd.it/0f7jd4zff9x81.png?width=640&amp;crop=smart&amp;auto=webp&amp;s=0e8d8baddce07534cb2923d1b30ead31416ed520', 'x': 640, 'y': 837}, {'u': 'https://preview.redd.it/0f7jd4zff9x81.png?width=960&amp;crop=smart&amp;auto=webp&amp;s=c54954cfcfeb9f2613a83fa813b035ce1339d7a1', 'x': 960, 'y': 1255}, {'u': 'https://preview.redd.it/0f7jd4zff9x81.png?width=1080&amp;crop=smart&amp;auto=webp&amp;s=e55c291be76e9aa81e4f711d14340cd2d8ec17a9', 'x': 1080, 'y': 1412}], 's': {'u': 'https://preview.redd.it/0f7jd4zff9x81.png?width=1911&amp;format=png&amp;auto=webp&amp;s=fd9d7ffc80502706698c000820fda88618227a65', 'x': 1911, 'y': 2500}, 'status': 'valid'}, 'by94qwh2g9x81': {'e': 'Image', 'id': 'by94qwh2g9x81', 'm': 'image/png', 'p': [{'u': 'https://preview.redd.it/by94qwh2g9x81.png?width=108&amp;crop=smart&amp;auto=webp&amp;s=18804d409696c5f9547f2a25eed70dd9f2d7adbc', 'x': 108, 'y': 141}, {'u': 'https://preview.redd.it/by94qwh2g9x81.png?width=216&amp;crop=smart&amp;auto=webp&amp;s=5d6e03b4e8cd55930d7dc74654b8b23e4af0992d', 'x': 216, 'y': 282}, {'u': 'https://preview.redd.it/by94qwh2g9x81.png?width=320&amp;crop=smart&amp;auto=webp&amp;s=2a64705cafa3ac7fac2fb38859eb1dc3a0a9000e', 'x': 320, 'y': 418}, {'u': 'https://preview.redd.it/by94qwh2g9x81.png?width=640&amp;crop=smart&amp;auto=webp&amp;s=380277eee537d2d393141b71e22a8f0d7aaeb029', 'x': 640, 'y': 837}, {'u': 'https://preview.redd.it/by94qwh2g9x81.png?width=960&amp;crop=smart&amp;auto=webp&amp;s=7d65ea06d730b087dde70b53346c60973597b46f', 'x': 960, 'y': 1255}, {'u': 'https://preview.redd.it/by94qwh2g9x81.png?width=1080&amp;crop=smart&amp;auto=webp&amp;s=05daf793311f6de7f8cd81e02713d68aa7a44402', 'x': 1080, 'y': 1412}], 's': {'u': 'https://preview.redd.it/by94qwh2g9x81.png?width=1911&amp;format=png&amp;auto=webp&amp;s=ec80757fed228b01ea8d034c15a4542c53676116', 'x': 1911, 'y': 2500}, 'status': 'valid'}, 'rbpya2hlf9x81': {'e': 'Image', 'id': 'rbpya2hlf9x81', 'm': 'image/png', 'p': [{'u': 'https://preview.redd.it/rbpya2hlf9x81.png?width=108&amp;crop=smart&amp;auto=webp&amp;s=ad565ceaf3310e7fd4c1efbfdec7a791b029693f', 'x': 108, 'y': 141}, {'u': 'https://preview.redd.it/rbpya2hlf9x81.png?width=216&amp;crop=smart&amp;auto=webp&amp;s=e17d535f7bc47cf7395bd502de71e33fc6fbd1c2', 'x': 216, 'y': 282}, {'u': 'https://preview.redd.it/rbpya2hlf9x81.png?width=320&amp;crop=smart&amp;auto=webp&amp;s=c0bf37078eb245cb32fa5874201122ec83541d0d', 'x': 320, 'y': 418}, {'u': 'https://preview.redd.it/rbpya2hlf9x81.png?width=640&amp;crop=smart&amp;auto=webp&amp;s=2039d142b62f52e5a28924555b19b17158df7538', 'x': 640, 'y': 837}, {'u': 'https://preview.redd.it/rbpya2hlf9x81.png?width=960&amp;crop=smart&amp;auto=webp&amp;s=10e5a280df1c3938ddcebe53f070b2ed68f7dbad', 'x': 960, 'y': 1255}, {'u': 'https://preview.redd.it/rbpya2hlf9x81.png?width=1080&amp;crop=smart&amp;auto=webp&amp;s=1bc6067f253804081e87f1c8e23694bbf598641d', 'x': 1080, 'y': 1412}], 's': {'u': 'https://preview.redd.it/rbpya2hlf9x81.png?width=1911&amp;format=png&amp;auto=webp&amp;s=fb3bda72ef112098c06ede4868aef34406289fbe', 'x': 1911, 'y': 2500}, 'status': 'valid'}, 'uordx7a0f9x81': {'e': 'Image', 'id': 'uordx7a0f9x81', 'm': 'image/png', 'p': [{'u': 'https://preview.redd.it/uordx7a0f9x81.png?width=108&amp;crop=smart&amp;auto=webp&amp;s=5a65cffa9eea48f097c23a0929ca917ab498df90', 'x': 108, 'y': 73}, {'u': 'https://preview.redd.it/uordx7a0f9x81.png?width=216&amp;crop=smart&amp;auto=webp&amp;s=ad44d640990a36d9cd33cfcd7bbca1198a7b0116', 'x': 216, 'y': 147}, {'u': 'https://preview.redd.it/uordx7a0f9x81.png?width=320&amp;crop=smart&amp;auto=webp&amp;s=d096a783b47a06d54a4511fb244fa0f1558f32c8', 'x': 320, 'y': 218}, {'u': 'https://preview.redd.it/uordx7a0f9x81.png?width=640&amp;crop=smart&amp;auto=webp&amp;s=bd2767589f5e68f7f1816b7bd081b90f9f883adf', 'x': 640, 'y': 436}, {'u': 'https://preview.redd.it/uordx7a0f9x81.png?width=960&amp;crop=smart&amp;auto=webp&amp;s=e4e81097224dc125a4410d52f465d5ba88419060', 'x': 960, 'y': 654}, {'u': 'https://preview.redd.it/uordx7a0f9x81.png?width=1080&amp;crop=smart&amp;auto=webp&amp;s=138cf04331c34dad60529a8300cfe112b6630e58', 'x': 1080, 'y': 736}], 's': {'u': 'https://preview.redd.it/uordx7a0f9x81.png?width=1566&amp;format=png&amp;auto=webp&amp;s=82652ae3ad0bc5ea184d65799d5bc9b2c99d734a', 'x': 1566, 'y': 1068}, 'status': 'valid'}}",95.0,140.0,,,,,,
5,[],False,helen_everstake,,[],,text,t2_ksbz4l64,False,False,False,[],False,False,1651583423,self.terraluna,https://www.reddit.com/r/terraluna/comments/uhfrur/terra_luna_monthly_highlights_april_2022_by/,{},uhfrur,False,True,False,False,False,True,True,False,#0079d3,[],03824094-abf3-11eb-b835-0e8771f36147,Updates,light,text,False,False,True,0,0,False,all_ads,/r/terraluna/comments/uhfrur/terra_luna_monthly_highlights_april_2022_by/,False,self,"{'enabled': False, 'images': [{'id': 'TphB3u8zM32_txTtyVfXY91cBicjVHwhbRplRiv0DmQ', 'resolutions': [{'height': 56, 'url': 'https://external-preview.redd.it/RLZ-td65QC-SvXRlqDaivNevsAo6Zy3HvdqXRerO3eg.jpg?width=108&amp;crop=smart&amp;auto=webp&amp;s=d5df1a745bf78dc81ffd2044f1f0f26effdf3a56', 'width': 108}], 'source': {'height': 73, 'url': 'https://external-preview.redd.it/RLZ-td65QC-SvXRlqDaivNevsAo6Zy3HvdqXRerO3eg.jpg?auto=webp&amp;s=b5c780397a2700e1aca3e120e8905248f5f503e3', 'width': 140}, 'variants': {}}]}",6,1651583433,1,"**🔔 Monthly Update: What happened in the Terra Ecosystem 🌍 in April 2022!**  

Check out all the major news from Terra (LUNA) ⬇️

https://preview.redd.it/j97g0df5c9x81.jpg?width=1600&amp;format=pjpg&amp;auto=webp&amp;s=d16e13d9e2d2fb6e006512766260ced5712059c9

🔹 UST is now [implemented ](https://twitter.com/iconomicom/status/1509976834351403016?s=20&amp;t=jxNOqSWehPjjTpU236DzZA)on ICONOMI.

🔹 Suberra Protocol [announced](https://twitter.com/SuberraProtocol/status/1510920113486237697?s=20&amp;t=34xwx11pLYTddh7sT1xdRA) recurring payments to send and receive UST on a recurring basis.

🔹 Terra [is](https://twitter.com/dopeboyshanee/status/1510915029411205120?s=20&amp;t=34xwx11pLYTddh7sT1xdRA) on $30 billion TLV.

🔹 Aperture Finance is now [live](https://twitter.com/ApertureFinance/status/1512130921696096256?s=20&amp;t=RqztwKp6ftyjNqiKOfiLdA) with UST.

🔹 Echidna Finance [has partnered](https://twitter.com/echidna_finance/status/1511981944380137472?s=20&amp;t=PTCEj6-DFjwwiT_tCfQycg) with Terra to launch Double Double Rewards Farm.

🔹 Luna Foundation Guard and Terra [bought ](https://twitter.com/CoinDesk/status/1512130328189620240?s=20&amp;t=34xwx11pLYTddh7sT1xdRA)$200M in Avax tokens solidifying the growing partnership between the two layer-1 blockchains.

🔹 Leap Wallet [has closed](https://twitter.com/leap__terra/status/1511362189843591171?s=20&amp;t=34xwx11pLYTddh7sT1xdRA) a $3.2m private sale. They also [announced](https://twitter.com/leap__terra/status/1519383238032035840?s=20&amp;t=swJSH8-D0aQgA2jLMypXcg) a partnership with Flexa.

🔹 Binance Staking launched UST staking with up to 19.63% APY.

🔹 Hodlnaut [announced](https://twitter.com/hodlnautdotcom/status/1512041006677610498) the launch of LUNA and UST.

🔹 Vector Finance [formed](https://twitter.com/vector_fi/status/1512000129913561089) a strategic partnership with Terra.

🔹 Bridge.terra.money now [supports](https://twitter.com/stablekwon/status/1513836374520393729?s=20&amp;t=rJ1qr35eybi4BhLiJOvxXQ) Avalanche, Solana, Osmosis, Fantom Foundation and Moonbeam Network.

🔹 ​​Anchor Protocol has been [listed](https://twitter.com/cryptocom/status/1513820471413911553?s=20&amp;t=rJ1qr35eybi4BhLiJOvxXQ) in the Crypto.com App. It’s possible now to buy ANC with USD, EUR, GBP, and 20+ fiat currencies. Also ANC tokens are now [available](https://twitter.com/mars_protocol/status/1513566816496410636?s=20&amp;t=rJ1qr35eybi4BhLiJOvxXQ) for depositing and borrowing on the Red Bank. Anchor DApp is [live](https://twitter.com/RunOnFlux/status/1517162716917485574?s=20&amp;t=yMakGtrVI-3T5Yv_x9fqjg) on Flux.

🔹 ​​Terra [announced](https://twitter.com/terra_money/status/1514283367700721664?s=20&amp;t=rJ1qr35eybi4BhLiJOvxXQ) the launch of the Terra Global Founder Fellowship program in collaboration with JUMP Crypto, Delphi Digital, Outlier Ventures, LongHash Ventures, SCB 10X, Alpha Venture DAO, Ship Capital, Hashed, Basic Set and Insignia Ventures Partners.

🔹 Beefy Finance [deployed](https://twitter.com/beefyfinance/status/1514623883504234505?s=20&amp;t=rJ1qr35eybi4BhLiJOvxXQ) on Avalanche Network new curve stablecoins: USTw/USDC/USDT.

🔹 UST is now [available](https://twitter.com/BinanceUS/status/1514394818000076800?s=20&amp;t=rJ1qr35eybi4BhLiJOvxXQ) on Finance.US Buy Crypto page. In addition, UST/USD and UST/USDT trading pairs are now [live](https://twitter.com/BinanceUS/status/1514394819556167682?s=20&amp;t=rJ1qr35eybi4BhLiJOvxXQ).

🔹 EthNexus has officially been [pushed](https://twitter.com/NexusProtocol/status/1514679335537545217?s=20&amp;t=rJ1qr35eybi4BhLiJOvxXQ) to prod, which means that it’s now the easiest path for users to bridge their native ETH from Ethereum to Terra.

🔹 Kinetic Money is [live](https://twitter.com/kinetic_money/status/1515720754473623556?s=20&amp;t=yMakGtrVI-3T5Yv_x9fqjg).

🔹 Terra’s UST is [now](https://twitter.com/Blockworks_/status/1516128639338831888?s=20&amp;t=yMakGtrVI-3T5Yv_x9fqjg) the 3rd largest stablecoin, after surpassing BUSD in market cap.

🔹 Terra [became](https://twitter.com/Delphi_Digital/status/1516186766063157249?s=20&amp;t=yMakGtrVI-3T5Yv_x9fqjg) the largest holder of CVX among DAOs in the last 4 months.

🔹 Flipside Crypto, whose investor Terra is, has [raised](https://twitter.com/flipsidecrypto/status/1516409931464904706?s=20&amp;t=Hhi0UKAjg5Wo6EvfhusikQ) $50M.

🔹 Levana Protocol users have [passed](https://twitter.com/Levana_protocol/status/1516499529276796931?s=20&amp;t=yMakGtrVI-3T5Yv_x9fqjg) over 100M UST of total trading volume.

🔹 Terra Money API is [live](https://twitter.com/koinly/status/1516790460957736970?s=20&amp;t=yMakGtrVI-3T5Yv_x9fqjg) on Koinly.

🔹 Terra Station Wallet browser extension is now [supported](https://twitter.com/terra_money/status/1516891886887129088?s=20&amp;t=yMakGtrVI-3T5Yv_x9fqjg) on Firefox.

🔹 Steakwallet [added](https://twitter.com/steakwallet/status/1517169573258317824?s=20&amp;t=yMakGtrVI-3T5Yv_x9fqjg) Terra deposits via Anchor. 

🔹 Alice Finance is now [available](https://twitter.com/alice_finance/status/1517275854853746688?s=20&amp;t=yMakGtrVI-3T5Yv_x9fqjg) on iOS &amp; Android.

🔹 Outlier Ventures [announced](https://twitter.com/OVioHQ/status/1518561334148878338?s=20&amp;t=swJSH8-D0aQgA2jLMypXcg) partnership with Terraform Labs to launch the Terra Base Camp Accelerator programme.

🔹 The first Play-to-Earn AR game Expedition [will launch](https://twitter.com/ExpeditionAR/status/1518474567135600641?s=20&amp;t=swJSH8-D0aQgA2jLMypXcg) on Terra to harness the power of LUNA and UST.

🔹 Fireblocks now [supports](https://twitter.com/FireblocksHQ/status/1518966343172857856?s=20&amp;t=6rBsYscgRhF_OXOgSfB_3g) DeFi on Terra.

🔹 Kado [released](https://twitter.com/kado_money/status/1519014269320323085?s=20&amp;t=swJSH8-D0aQgA2jLMypXcg) merchant mode for UST.

🔹 Proposal to initiate the NEB Liquidity Bootstrapping Pool has successfully [passed](https://twitter.com/nebula_protocol/status/1519260962603548672?s=20&amp;t=swJSH8-D0aQgA2jLMypXcg). LBP is [live](https://twitter.com/nebula_protocol/status/1519285672250871815?s=20&amp;t=5ssXkHmMSUiGjK_qylHakA).

🔹 Reactor Money LBP is [live](https://twitter.com/reactor_money/status/1519677529379942401?s=20&amp;t=swJSH8-D0aQgA2jLMypXcg).

🔹 Bitkub has been [listed](https://twitter.com/BitkubOfficial/status/1519595931364380672?s=20&amp;t=swJSH8-D0aQgA2jLMypXcg) LUNA.

&amp;#x200B;

Like ❤️&amp; retweet 🔃: [https://twitter.com/helen\_everstake/status/1520811482870689795?s=20&amp;t=wRweEHJ8ftUaUhpUlGkomw](https://twitter.com/helen_everstake/status/1520811482870689795?s=20&amp;t=wRweEHJ8ftUaUhpUlGkomw)",True,False,False,terraluna,t5_2y4t5,39650,public,https://b.thumbs.redditmedia.com/S7lNyfzGce6OidUbnYRBaHcWYw3Tl2NR4Y6HmmIY3Po.jpg,Terra (LUNA) Monthly Highlights [April 2022] by Everstake,0,[],1.0,https://www.reddit.com/r/terraluna/comments/uhfrur/terra_luna_monthly_highlights_april_2022_by/,all_ads,6,1651554623.0,"{'j97g0df5c9x81': {'e': 'Image', 'id': 'j97g0df5c9x81', 'm': 'image/jpg', 'p': [{'u': 'https://preview.redd.it/j97g0df5c9x81.jpg?width=108&amp;crop=smart&amp;auto=webp&amp;s=716695b4d46ee48b38327d924c598099d4388245', 'x': 108, 'y': 60}, {'u': 'https://preview.redd.it/j97g0df5c9x81.jpg?width=216&amp;crop=smart&amp;auto=webp&amp;s=cf81d4b90177dfcd2427bf15b52b19be2e66c0ab', 'x': 216, 'y': 121}, {'u': 'https://preview.redd.it/j97g0df5c9x81.jpg?width=320&amp;crop=smart&amp;auto=webp&amp;s=8c3da7806e3e3760c5453d3a0c941f12fb9a2d5a', 'x': 320, 'y': 180}, {'u': 'https://preview.redd.it/j97g0df5c9x81.jpg?width=640&amp;crop=smart&amp;auto=webp&amp;s=18ed122b23249cbe8f980abc65a4324631381ff1', 'x': 640, 'y': 360}, {'u': 'https://preview.redd.it/j97g0df5c9x81.jpg?width=960&amp;crop=smart&amp;auto=webp&amp;s=bdcc5ff41a677fe54c6bf6547ad44a025bcd7bc9', 'x': 960, 'y': 540}, {'u': 'https://preview.redd.it/j97g0df5c9x81.jpg?width=1080&amp;crop=smart&amp;auto=webp&amp;s=bb483e822f6316facd3b35e41e81d1e4201dd13c', 'x': 1080, 'y': 607}], 's': {'u': 'https://preview.redd.it/j97g0df5c9x81.jpg?width=1600&amp;format=pjpg&amp;auto=webp&amp;s=d16e13d9e2d2fb6e006512766260ced5712059c9', 'x': 1600, 'y': 900}, 'status': 'valid'}}",78.0,140.0,,,,,,
6,[],False,Inner_Combination_44,,[],,text,t2_5w4xhlp2,False,False,False,[],False,False,1651583076,self.terraluna,https://www.reddit.com/r/terraluna/comments/uhfnvn/please_help_unlock_this_wormhole/,{},uhfnvn,False,True,False,False,False,True,True,False,#ea0027,[],e2e89fae-d1ae-11eb-ac7c-0eaa7b7dd161,Support,light,text,False,False,True,1,0,False,all_ads,/r/terraluna/comments/uhfnvn/please_help_unlock_this_wormhole/,False,,,6,1651583087,1,"Am trying to use terra bridge to move ust on metamask(bsc) to my terra station wallet. I set up from: BSC to: Terra....the Asset is UST. It says ZERO AVAILABLE.  I have 65 ust in my metamask wallet! Please help. 
Here is my current plot..
Move the UST in my Binance US to Metamask BSC to Terra Bridge to Terra Wallet.
Thanks for any help here. I tried the ""shuttle"" option in Terra Bridge but it was about to ""burn"" my 65 ust! I cancelled right away.
So here we are..back at the wormhole. Stuck!",True,False,False,terraluna,t5_2y4t5,39650,public,self,please help unlock this wormhole!,0,[],1.0,https://www.reddit.com/r/terraluna/comments/uhfnvn/please_help_unlock_this_wormhole/,all_ads,6,1651554276.0,,,,,,,,,
7,[],False,WorkerFree5967,,[],,text,t2_4dyw2ehh,False,False,False,[],False,False,1651580473,self.terraluna,https://www.reddit.com/r/terraluna/comments/uhev39/thoughts_on_lyn_aldens_tweet_on_luna_depeg_risk/,{},uhev39,False,True,False,False,False,True,True,False,#7193ff,[],844cbda8-be27-11eb-b4ba-0e4cc1e38c35,Discussion,dark,text,False,False,True,0,0,False,all_ads,/r/terraluna/comments/uhev39/thoughts_on_lyn_aldens_tweet_on_luna_depeg_risk/,False,self,"{'enabled': False, 'images': [{'id': 'pnOxUnFMUXu7vrYeawrk6nESyp1rr5b7dgRdwZ0bU64', 'resolutions': [{'height': 60, 'url': 'https://external-preview.redd.it/D_Sj3ldXzuAyJiCDoYs1JrFkQHPBmWn_QYNDYmKDDpw.jpg?width=108&amp;crop=smart&amp;auto=webp&amp;s=2abff716d1145b7cdf773cc30cf5f9448038934d', 'width': 108}], 'source': {'height': 79, 'url': 'https://external-preview.redd.it/D_Sj3ldXzuAyJiCDoYs1JrFkQHPBmWn_QYNDYmKDDpw.jpg?auto=webp&amp;s=8bff24e9c385c4b8d871760d5c90d668cb405353', 'width': 140}, 'variants': {}}]}",6,1651580483,1,"What do you guys think about Lyn's comment?

https://mobile.twitter.com/LynAldenContact/status/1520752169623998468",True,False,False,terraluna,t5_2y4t5,39648,public,self,Thoughts on Lyn Alden's tweet on Luna depeg risk,0,[],1.0,https://www.reddit.com/r/terraluna/comments/uhev39/thoughts_on_lyn_aldens_tweet_on_luna_depeg_risk/,all_ads,6,1651551673.0,,,,,,,,,
8,[],False,WorkerFree5967,,[],,text,t2_4dyw2ehh,False,False,False,[],False,False,1651580193,self.terraluna,https://www.reddit.com/r/terraluna/comments/uhes3q/are_there_any_plans_to_replenish_anchor_reserves/,{},uhes3q,False,True,False,False,False,True,True,False,#7193ff,[],844cbda8-be27-11eb-b4ba-0e4cc1e38c35,Discussion,dark,text,False,False,True,0,0,False,all_ads,/r/terraluna/comments/uhes3q/are_there_any_plans_to_replenish_anchor_reserves/,False,,,6,1651580204,1,It's getting a bit scary low now. Has Do Kwon announced anything yet,True,False,False,terraluna,t5_2y4t5,39648,public,self,Are there any plans to replenish Anchor reserves?,0,[],1.0,https://www.reddit.com/r/terraluna/comments/uhes3q/are_there_any_plans_to_replenish_anchor_reserves/,all_ads,6,1651551393.0,,,,,,,,,
9,[],False,Fubbling,,[],,text,t2_bw6z5e0d,False,False,False,[],False,False,1651579447,self.terraluna,https://www.reddit.com/r/terraluna/comments/uhejk1/anchor_apy_is_dropping_heres_how_to_earn_more/,{},uhejk1,False,True,False,False,False,True,True,False,#dadada,[],773e7b1a-be27-11eb-a721-0eb5d708beb5,Terra Ecosystem,dark,text,False,False,True,0,0,False,all_ads,/r/terraluna/comments/uhejk1/anchor_apy_is_dropping_heres_how_to_earn_more/,False,self,"{'enabled': False, 'images': [{'id': '1BoOzTpdCMhA8GtsM0aqFmmLVqWzC7dYLq9IhafzHWE', 'resolutions': [{'height': 56, 'url': 'https://external-preview.redd.it/xafPkjzNsjRS0cF4zONkIjhN0BzdhyJ7e-BRJFSAULQ.jpg?width=108&amp;crop=smart&amp;auto=webp&amp;s=1ca5d038aeb59fef356daf475ac512a0ca4a78d8', 'width': 108}], 'source': {'height': 73, 'url': 'https://external-preview.redd.it/xafPkjzNsjRS0cF4zONkIjhN0BzdhyJ7e-BRJFSAULQ.jpg?auto=webp&amp;s=9b7716492dd2481cfa885cb295e488570e006705', 'width': 140}, 'variants': {}}]}",6,1651579457,1," Hello, Reddit $LUNA community!

I rarely use Reddit, I tend to stick to Twitter. I've recently joined the $LUNA community, which led me to $ANC and now $WHALE. I've been massively impressed and for the last few weeks have been earning $UST through WhiteWhaleTerra

I've had quite a few questions and decided I would make a step by step tutorial for everyone on Twitter. Thought I may as well share here also.

* I've written it in thread format on Twitter here: 

[https://twitter.com/Fubbling/status/1521459211393277952](https://twitter.com/Fubbling/status/1521459211393277952)

* And as an article on Medium: [https://medium.com/@Fubbling/anchor-apy-is-dropping-heres-how-to-earn-more-from-your-ust-9faf1ad07057](https://medium.com/@Fubbling/anchor-apy-is-dropping-heres-how-to-earn-more-from-your-ust-9faf1ad07057)",True,False,False,terraluna,t5_2y4t5,39646,public,self,Anchor APY is Dropping! Here’s how to earn more from $UST.,0,[],1.0,https://www.reddit.com/r/terraluna/comments/uhejk1/anchor_apy_is_dropping_heres_how_to_earn_more/,all_ads,6,1651550647.0,,,,,,,,,
10,[],False,runfastination,,[],,text,t2_t2m8jkb,False,False,False,[],False,False,1651578105,self.terraluna,https://www.reddit.com/r/terraluna/comments/uhe5tk/staking_in_kraken_vs_terra_kraken_has_no/,{},uhe5tk,False,True,False,False,False,True,True,False,#7193ff,[],844cbda8-be27-11eb-b4ba-0e4cc1e38c35,Discussion,dark,text,False,False,True,0,0,False,all_ads,/r/terraluna/comments/uhe5tk/staking_in_kraken_vs_terra_kraken_has_no/,False,,,6,1651578116,1,"From my understanding Kraken doesn't have an unbonding period and offers ""liquidity"" in that you can bond and unbond immediately. So since both offer comparable interest rates, why go with Terra given the 21 bonding period?",True,False,False,terraluna,t5_2y4t5,39645,public,self,Staking in Kraken vs. Terra - Kraken has no unbonding period?,0,[],1.0,https://www.reddit.com/r/terraluna/comments/uhe5tk/staking_in_kraken_vs_terra_kraken_has_no/,all_ads,6,1651549305.0,,,,,,,,,
11,[],False,runfastination,,[],,text,t2_t2m8jkb,False,False,False,[],False,False,1651576878,self.terraluna,https://www.reddit.com/r/terraluna/comments/uhdu6d/liquidity_pool_il_question_does_it_il_happen_with/,{},uhdu6d,False,True,False,False,False,True,True,False,#7193ff,[],844cbda8-be27-11eb-b4ba-0e4cc1e38c35,Discussion,dark,text,False,False,False,0,0,False,all_ads,/r/terraluna/comments/uhdu6d/liquidity_pool_il_question_does_it_il_happen_with/,False,,,6,1651576888,1,"I was reviewing a few IL articles but I'm still a little confused.

If I'm providing liquidity for X-Token paired with UST, and X-Token starts at $100 and then later it becomes $150, is there any IL? Or is the goal of providing liquidity for both pairs to stay stable relative to one another in order to profit?",True,False,False,terraluna,t5_2y4t5,39644,public,self,Liquidity Pool &amp; IL question - Does it IL happen with stablecoins if the asset goes up?,0,[],1.0,https://www.reddit.com/r/terraluna/comments/uhdu6d/liquidity_pool_il_question_does_it_il_happen_with/,all_ads,6,1651548078.0,,,,,,,,,
12,[],False,ResponsibleResort195,,[],,text,t2_fjagradw,False,False,False,[],False,False,1651575036,economictimes.indiatimes.com,https://www.reddit.com/r/terraluna/comments/uhdd99/cryptocurrency_prices_top_cryptocurrency_prices/,{},uhdd99,False,False,False,False,False,False,False,False,#ab912b,[],692c7f0e-e7cb-11eb-a117-0ed30301aa27,News,light,text,False,False,True,0,0,False,all_ads,/r/terraluna/comments/uhdd99/cryptocurrency_prices_top_cryptocurrency_prices/,False,link,"{'enabled': False, 'images': [{'id': 'dpZbPwbwXtQ13P8AKMyHr8YO3XPJE-BueGTI5YrIfMU', 'resolutions': [{'height': 58, 'url': 'https://external-preview.redd.it/e3KO-1rGGnhpuWIvms3M58x0QBnvjFJ0Z4WqyAt6XP0.jpg?width=108&amp;crop=smart&amp;auto=webp&amp;s=90cb4489069af317f5786f42279245d2e78aa0ba', 'width': 108}, {'height': 117, 'url': 'https://external-preview.redd.it/e3KO-1rGGnhpuWIvms3M58x0QBnvjFJ0Z4WqyAt6XP0.jpg?width=216&amp;crop=smart&amp;auto=webp&amp;s=2a730795434edf9cdfd95328aad1542568079642', 'width': 216}, {'height': 173, 'url': 'https://external-preview.redd.it/e3KO-1rGGnhpuWIvms3M58x0QBnvjFJ0Z4WqyAt6XP0.jpg?width=320&amp;crop=smart&amp;auto=webp&amp;s=3379b26c6aac62b3538d3492998a31387aee1fcb', 'width': 320}, {'height': 346, 'url': 'https://external-preview.redd.it/e3KO-1rGGnhpuWIvms3M58x0QBnvjFJ0Z4WqyAt6XP0.jpg?width=640&amp;crop=smart&amp;auto=webp&amp;s=4d35d9ab91881acd2dbe351d09ce935cdf984705', 'width': 640}, {'height': 520, 'url': 'https://external-preview.redd.it/e3KO-1rGGnhpuWIvms3M58x0QBnvjFJ0Z4WqyAt6XP0.jpg?width=960&amp;crop=smart&amp;auto=webp&amp;s=ee808565d3d5aef2643db950dff1bdf440fec607', 'width': 960}], 'source': {'height': 580, 'url': 'https://external-preview.redd.it/e3KO-1rGGnhpuWIvms3M58x0QBnvjFJ0Z4WqyAt6XP0.jpg?auto=webp&amp;s=9d12a44726ca89f3742ef84bb998a5ed9796c5e0', 'width': 1070}, 'variants': {}}]}",6,1651575046,1,,True,False,False,terraluna,t5_2y4t5,39644,public,https://b.thumbs.redditmedia.com/_LFPweWFHRVY_obI7nr1MetxBAKD4A9cTcpvxE1Qz4o.jpg,"cryptocurrency prices: Top cryptocurrency prices today: Bitcoin, Ethereum, Terra, Solana rally up to 6%",0,[],1.0,https://economictimes.indiatimes.com/markets/cryptocurrency/top-cryptocurrency-prices-today-bitcoin-ethereum-terra-solana-rally-up-to-6/articleshow/90949486.cms,all_ads,6,1651546236.0,,75.0,140.0,reddit,https://economictimes.indiatimes.com/markets/cryptocurrency/top-cryptocurrency-prices-today-bitcoin-ethereum-terra-solana-rally-up-to-6/articleshow/90949486.cms,,,,
13,[],False,D_BruV,,[],,text,t2_9ookth16,False,False,False,[],False,False,1651571573,self.terraluna,https://www.reddit.com/r/terraluna/comments/uhck82/bridging_from_bsc_metamask_to_terrastation/,{},uhck82,False,True,False,False,False,True,True,False,#ea0027,[],e2e89fae-d1ae-11eb-ac7c-0eaa7b7dd161,Support,light,text,False,False,True,1,0,False,all_ads,/r/terraluna/comments/uhck82/bridging_from_bsc_metamask_to_terrastation/,False,self,"{'enabled': False, 'images': [{'id': 'WchDpW3giptRPuChPE_8kXBweScTPtcBVBGXkwwD5RQ', 'resolutions': [{'height': 108, 'url': 'https://external-preview.redd.it/M-L1pNIguyGBOBTTicK1mPd1c0h4K_A4IQuFWOLYp_M.jpg?width=108&amp;crop=smart&amp;auto=webp&amp;s=018bd672870643331900763c55dc4e650c1d39a2', 'width': 108}, {'height': 216, 'url': 'https://external-preview.redd.it/M-L1pNIguyGBOBTTicK1mPd1c0h4K_A4IQuFWOLYp_M.jpg?width=216&amp;crop=smart&amp;auto=webp&amp;s=2072bece1fcb208841b0770e56a8ebc6d11007dd', 'width': 216}, {'height': 320, 'url': 'https://external-preview.redd.it/M-L1pNIguyGBOBTTicK1mPd1c0h4K_A4IQuFWOLYp_M.jpg?width=320&amp;crop=smart&amp;auto=webp&amp;s=7364e152e8fde494b970ea39d2fd6c941edb5e55', 'width': 320}, {'height': 640, 'url': 'https://external-preview.redd.it/M-L1pNIguyGBOBTTicK1mPd1c0h4K_A4IQuFWOLYp_M.jpg?width=640&amp;crop=smart&amp;auto=webp&amp;s=221006539ae0f116527841d7e2bb6711d4cbcc8f', 'width': 640}], 'source': {'height': 768, 'url': 'https://external-preview.redd.it/M-L1pNIguyGBOBTTicK1mPd1c0h4K_A4IQuFWOLYp_M.jpg?auto=webp&amp;s=bbace7caa64a94a42fa8b805d12b82cce4c6eded', 'width': 768}, 'variants': {}}]}",6,1651571583,1,"HELP!

Hi, I'm trying to send some UST that I bought on PancakeSwap to TerraStation using the [bridge.terra.money](https://bridge.terra.money), when I select WORMHOLE my balance of UST available is 0, but when I select SHUTTLE it shows my real balance. BUT, there is a warning saying that the SHUTTLE is going to be deprecated, so I wouldn't like to use it. Someone knows what I have to do to use the WORMHOLE to send my UST?   


Thanks",True,False,False,terraluna,t5_2y4t5,39641,public,self,bridging from BSC MetaMask to TerraStation,0,[],1.0,https://www.reddit.com/r/terraluna/comments/uhck82/bridging_from_bsc_metamask_to_terrastation/,all_ads,6,1651542773.0,,,,,,,,,
14,[],False,WorkerFree5967,,[],,text,t2_4dyw2ehh,False,False,False,[],False,False,1651565588,self.terraluna,https://www.reddit.com/r/terraluna/comments/uhb9sz/is_alice_app_useful_in_countries_other_than_us/,{},uhb9sz,False,True,False,False,False,True,True,False,#7193ff,[],844cbda8-be27-11eb-b4ba-0e4cc1e38c35,Discussion,dark,text,False,False,True,0,0,False,all_ads,/r/terraluna/comments/uhb9sz/is_alice_app_useful_in_countries_other_than_us/,False,,,6,1651565599,1,Is there much point in getting Alice app if I'm not in US,True,False,False,terraluna,t5_2y4t5,39633,public,self,Is Alice app useful in countries other than US?,0,[],1.0,https://www.reddit.com/r/terraluna/comments/uhb9sz/is_alice_app_useful_in_countries_other_than_us/,all_ads,6,1651536788.0,,,,,,,,,
15,[],False,rubinonico,,[],,text,t2_13f91d,False,False,False,[],False,False,1651549740,self.terraluna,https://www.reddit.com/r/terraluna/comments/uh7gs8/leveraged_farming_that_isnt_mars/,{},uh7gs8,False,False,False,False,False,False,True,False,#7193ff,[],844cbda8-be27-11eb-b4ba-0e4cc1e38c35,Discussion,dark,text,False,False,True,0,0,False,all_ads,/r/terraluna/comments/uh7gs8/leveraged_farming_that_isnt_mars/,False,,,6,1651549832,1,[removed],True,False,False,terraluna,t5_2y4t5,39625,public,self,Leveraged Farming that isn’t Mars,0,[],1.0,https://www.reddit.com/r/terraluna/comments/uh7gs8/leveraged_farming_that_isnt_mars/,all_ads,6,1651520940.0,,,,reddit,,,,,
16,[],False,rhinestone_cowpie,,[],,text,t2_f686o,False,False,False,[],False,False,1651546197,self.terraluna,https://www.reddit.com/r/terraluna/comments/uh6g9f/i_too_would_accept_an_alice_code_if_you_have_one/,{},uh6g9f,False,True,False,False,False,True,True,False,#8844f6,[],58bcf2d4-be27-11eb-8d50-0e227113ea6b,Alice,light,text,False,False,True,0,0,False,all_ads,/r/terraluna/comments/uh6g9f/i_too_would_accept_an_alice_code_if_you_have_one/,False,,,6,1651546208,1,"Will pay it forward, etc. Thanks in advance! please PM and I'll confirm.",True,False,False,terraluna,t5_2y4t5,39620,public,self,I too would accept an Alice code if you have one handy,0,[],1.0,https://www.reddit.com/r/terraluna/comments/uh6g9f/i_too_would_accept_an_alice_code_if_you_have_one/,all_ads,6,1651517397.0,,,,,,,,,
17,[],False,akaguyver,,[],,text,t2_16igkn,False,False,False,[],False,False,1651545118,self.terraluna,https://www.reddit.com/r/terraluna/comments/uh64xj/httpsappterraofficeworld_scam_looks_like/,{},uh64xj,False,True,False,True,False,True,True,False,#dadada,[],773e7b1a-be27-11eb-a721-0eb5d708beb5,Terra Ecosystem,dark,text,False,False,True,0,0,False,all_ads,/r/terraluna/comments/uh64xj/httpsappterraofficeworld_scam_looks_like/,False,,,6,1651545128,1,be carefull bitdefender flagged this site looks like a cloke of [terraworld.me](https://terraworld.me) \#lunatics $luna #terraluna #terra\_luna\_crypto #terraworld $twd,True,False,False,terraluna,t5_2y4t5,39619,public,self,https://app.terraoffice.world scam? looks like terraworld.me,0,[],1.0,https://www.reddit.com/r/terraluna/comments/uh64xj/httpsappterraofficeworld_scam_looks_like/,all_ads,6,1651516318.0,,,,,,,,,
18,[],False,wallpapersdance,,[],,text,t2_7c2ofv4k,False,False,False,[],False,False,1651542396,self.terraluna,https://www.reddit.com/r/terraluna/comments/uh5ap8/question_about_using_ledger_nano_x_for_anchor/,{},uh5ap8,False,True,False,False,False,True,True,False,#7193ff,[],844cbda8-be27-11eb-b4ba-0e4cc1e38c35,Discussion,dark,text,False,False,True,0,0,False,all_ads,/r/terraluna/comments/uh5ap8/question_about_using_ledger_nano_x_for_anchor/,False,,,6,1651542406,1,"My current understanding is this:

\- we deposit UST onto anchor protocol 

\- we get aUST 

\- To make this more secure, at some point in the process we put the aUST onto a ledger nano X (not sure which point) and it will still earn interest even when on a ledger

\- And the rationale is that the risk of losing the ledger nano x/breaking it/forgetting its seed phrase is less than the risk of using a software wallet? 

\- And there is a reason why ledger can do this but Trezor cannot I heard? Should I know why/is this wrong? 

&amp;#x200B;

What I don't understand is:

1. At what steps do you use the ledger nano X?
2. How does it make things more secure?
3. How can you earn interest on something that is in cold storage/is air gapped? I don't understand 

&amp;#x200B;

4. Also anyone tried using the coinbase debit card to pay for the ledger nano X? Do you still get the XLM rewards even though coinbase has rules against using it on crypto companies?",True,False,False,terraluna,t5_2y4t5,39613,public,self,Question about using ledger nano X for anchor protocol to improve security,0,[],1.0,https://www.reddit.com/r/terraluna/comments/uh5ap8/question_about_using_ledger_nano_x_for_anchor/,all_ads,6,1651513596.0,,,,,,,,,
19,[],False,FINterpreter,,[],,text,t2_9qaqqdtk,False,False,False,[],False,False,1651538842,youtu.be,https://www.reddit.com/r/terraluna/comments/uh46rq/indepth_exploration_of_lunas_price_action_against/,{},uh46rq,False,True,False,False,False,True,False,False,#7193ff,[],844cbda8-be27-11eb-b4ba-0e4cc1e38c35,Discussion,dark,text,False,False,True,0,0,False,all_ads,/r/terraluna/comments/uh46rq/indepth_exploration_of_lunas_price_action_against/,False,rich:video,"{'enabled': False, 'images': [{'id': '0AnNBauxGkP73oCRTUAsixQFiqG4YZkcJ2IY1zEFZxs', 'resolutions': [{'height': 81, 'url': 'https://external-preview.redd.it/Nify2qTgA_kyGeerSENcFfU2Buz8SVpBnZVi4t6ot0Y.jpg?width=108&amp;crop=smart&amp;auto=webp&amp;s=e806629eac91b0ba12d21f04e460fa3994cdb149', 'width': 108}, {'height': 162, 'url': 'https://external-preview.redd.it/Nify2qTgA_kyGeerSENcFfU2Buz8SVpBnZVi4t6ot0Y.jpg?width=216&amp;crop=smart&amp;auto=webp&amp;s=cd5ec082fe01b4a8be3579af89ba4ebc62e23828', 'width': 216}, {'height': 240, 'url': 'https://external-preview.redd.it/Nify2qTgA_kyGeerSENcFfU2Buz8SVpBnZVi4t6ot0Y.jpg?width=320&amp;crop=smart&amp;auto=webp&amp;s=370cfba16e1f292e72af44beaab317d20ac03aa2', 'width': 320}], 'source': {'height': 360, 'url': 'https://external-preview.redd.it/Nify2qTgA_kyGeerSENcFfU2Buz8SVpBnZVi4t6ot0Y.jpg?auto=webp&amp;s=4954dbf4dfad4db0294afae5f59153c3dc70674a', 'width': 480}, 'variants': {}}]}",6,1651538853,1,,True,False,False,terraluna,t5_2y4t5,39612,public,https://b.thumbs.redditmedia.com/y5xGgBvQsHJd4CKHLp7hfPgqPtq3RR6xUoC4ulzB_TQ.jpg,In-Depth exploration of LUNA’s price action against USD/BTC/ETH &amp; MC Dominance 🧐🎓 Lots of underlying strength!!,0,[],1.0,https://youtu.be/OTipLIMT1X4,all_ads,6,1651510042.0,,105.0,140.0,,https://youtu.be/OTipLIMT1X4,"{'oembed': {'author_name': 'FINterpreter', 'author_url': 'https://www.youtube.com/channel/UCS_qxqm0j8cgmlCzhmYzG5A', 'height': 200, 'html': '&lt;iframe width=""356"" height=""200"" src=""https://www.youtube.com/embed/OTipLIMT1X4?feature=oembed&amp;enablejsapi=1"" frameborder=""0"" allow=""accelerometer; autoplay; clipboard-write; encrypted-media; gyroscope; picture-in-picture"" allowfullscreen&gt;&lt;/iframe&gt;', 'provider_name': 'YouTube', 'provider_url': 'https://www.youtube.com/', 'thumbnail_height': 360, 'thumbnail_url': 'https://i.ytimg.com/vi/OTipLIMT1X4/hqdefault.jpg', 'thumbnail_width': 480, 'title': ""What's Next For LUNA?? | Technical Analysis"", 'type': 'video', 'version': '1.0', 'width': 356}, 'type': 'youtube.com'}","{'content': '&lt;iframe width=""356"" height=""200"" src=""https://www.youtube.com/embed/OTipLIMT1X4?feature=oembed&amp;enablejsapi=1"" frameborder=""0"" allow=""accelerometer; autoplay; clipboard-write; encrypted-media; gyroscope; picture-in-picture"" allowfullscreen&gt;&lt;/iframe&gt;', 'height': 200, 'scrolling': False, 'width': 356}","{'oembed': {'author_name': 'FINterpreter', 'author_url': 'https://www.youtube.com/channel/UCS_qxqm0j8cgmlCzhmYzG5A', 'height': 200, 'html': '&lt;iframe width=""356"" height=""200"" src=""https://www.youtube.com/embed/OTipLIMT1X4?feature=oembed&amp;enablejsapi=1"" frameborder=""0"" allow=""accelerometer; autoplay; clipboard-write; encrypted-media; gyroscope; picture-in-picture"" allowfullscreen&gt;&lt;/iframe&gt;', 'provider_name': 'YouTube', 'provider_url': 'https://www.youtube.com/', 'thumbnail_height': 360, 'thumbnail_url': 'https://i.ytimg.com/vi/OTipLIMT1X4/hqdefault.jpg', 'thumbnail_width': 480, 'title': ""What's Next For LUNA?? | Technical Analysis"", 'type': 'video', 'version': '1.0', 'width': 356}, 'type': 'youtube.com'}","{'content': '&lt;iframe width=""356"" height=""200"" src=""https://www.youtube.com/embed/OTipLIMT1X4?feature=oembed&amp;enablejsapi=1"" frameborder=""0"" allow=""accelerometer; autoplay; clipboard-write; encrypted-media; gyroscope; picture-in-picture"" allowfullscreen&gt;&lt;/iframe&gt;', 'height': 200, 'media_domain_url': 'https://www.redditmedia.com/mediaembed/uh46rq', 'scrolling': False, 'width': 356}"
20,[],False,reve_lumineux,,[],,text,t2_eo5n10eb,False,False,False,[],False,False,1651538447,self.terraluna,https://www.reddit.com/r/terraluna/comments/uh42cq/what_happened_with_anchors_collateral_on_november/,{},uh42cq,False,True,False,False,False,True,True,False,#8bb681,[],9d679f2a-be26-11eb-bf7a-0e312f6a845b,Anchor,dark,text,False,False,True,0,0,False,all_ads,/r/terraluna/comments/uh42cq/what_happened_with_anchors_collateral_on_november/,False,,,6,1651538457,1,"&amp;#x200B;

[November 3rd sees the sharp draw-down in total collateral value.](https://preview.redd.it/6s2i5vzdn5x81.png?width=1543&amp;format=png&amp;auto=webp&amp;s=b3e1db24d88f06019a4c41bcdcf0a534cf643576)

I wasn't around for this, so I wanted to get some ideas on what occurred around this time.

The total collateral value changed from 3,197.26m to 365.85m UST, to 3,491.2m UST the next day. The Deposit / Borrow ratio changes remain insignificant (except as they diverge significantly over time). LUNA price was about \~$52, drew down to $41 over the next few weeks, then began its run.

What caused this?",True,False,False,terraluna,t5_2y4t5,39612,public,https://a.thumbs.redditmedia.com/JFk2L9N46jx36Ra3FCt4UpTrGY_3Z1BkPq8_BQ7iJu8.jpg,"What happened with Anchor's collateral on November 3, 2021?",0,[],1.0,https://www.reddit.com/r/terraluna/comments/uh42cq/what_happened_with_anchors_collateral_on_november/,all_ads,6,1651509647.0,"{'6s2i5vzdn5x81': {'e': 'Image', 'id': '6s2i5vzdn5x81', 'm': 'image/png', 'p': [{'u': 'https://preview.redd.it/6s2i5vzdn5x81.png?width=108&amp;crop=smart&amp;auto=webp&amp;s=51672b10d71124e8d8875ff21046a60f9a026b6b', 'x': 108, 'y': 31}, {'u': 'https://preview.redd.it/6s2i5vzdn5x81.png?width=216&amp;crop=smart&amp;auto=webp&amp;s=b99a171c73a7f5090e35531a14858521f096eeae', 'x': 216, 'y': 63}, {'u': 'https://preview.redd.it/6s2i5vzdn5x81.png?width=320&amp;crop=smart&amp;auto=webp&amp;s=1c2302d7d76110b61e0c26c79dcd2742806ebb40', 'x': 320, 'y': 94}, {'u': 'https://preview.redd.it/6s2i5vzdn5x81.png?width=640&amp;crop=smart&amp;auto=webp&amp;s=b7a1854ddae41968488f7d3d88c7b720bf9fb08a', 'x': 640, 'y': 188}, {'u': 'https://preview.redd.it/6s2i5vzdn5x81.png?width=960&amp;crop=smart&amp;auto=webp&amp;s=b475c5c39af33a78cbcd7ded4022aba1420f9cf9', 'x': 960, 'y': 282}, {'u': 'https://preview.redd.it/6s2i5vzdn5x81.png?width=1080&amp;crop=smart&amp;auto=webp&amp;s=7aa162b26845b9704442bef640c9b9c75aceda1e', 'x': 1080, 'y': 317}], 's': {'u': 'https://preview.redd.it/6s2i5vzdn5x81.png?width=1543&amp;format=png&amp;auto=webp&amp;s=b3e1db24d88f06019a4c41bcdcf0a534cf643576', 'x': 1543, 'y': 454}, 'status': 'valid'}}",41.0,140.0,,,,,,
21,[],False,runfastination,,[],,text,t2_t2m8jkb,False,False,False,[],False,False,1651535687,self.terraluna,https://www.reddit.com/r/terraluna/comments/uh37br/alice_review_failed_when_trying_to_connect_bank/,{},uh37br,False,True,False,False,False,True,True,False,#7193ff,[],844cbda8-be27-11eb-b4ba-0e4cc1e38c35,Discussion,dark,text,False,False,True,0,0,False,all_ads,/r/terraluna/comments/uh37br/alice_review_failed_when_trying_to_connect_bank/,False,,,6,1651535697,1,Tried to connect my bank account and it said “review failed” any ideas?,True,False,False,terraluna,t5_2y4t5,39611,public,self,Alice review failed when trying to connect bank?,0,[],1.0,https://www.reddit.com/r/terraluna/comments/uh37br/alice_review_failed_when_trying_to_connect_bank/,all_ads,6,1651506887.0,,,,,,,,,
22,[],False,ohfoodgasm,,[],,text,t2_xyr21,False,False,False,[],False,False,1651533774,self.terraluna,https://www.reddit.com/r/terraluna/comments/uh2lhq/alice_invite_for_boomer_parents/,{},uh2lhq,False,True,False,False,False,True,True,False,#dadada,[],773e7b1a-be27-11eb-a721-0eb5d708beb5,Terra Ecosystem,dark,text,False,False,True,0,0,False,all_ads,/r/terraluna/comments/uh2lhq/alice_invite_for_boomer_parents/,False,,,6,1651533785,1,"Hi guys . Does anyone have an invite to Alice they can spare and also explain the features ? 

It’s for my parents so they can get over this “magic made up internet money“ thing . Trying to also gauge their response so I can see how normies view crypto .",True,False,False,terraluna,t5_2y4t5,39605,public,self,Alice invite for Boomer parents,0,[],1.0,https://www.reddit.com/r/terraluna/comments/uh2lhq/alice_invite_for_boomer_parents/,all_ads,6,1651504974.0,,,,,,,,,
23,[],False,FirefighterBusy710,,[],,text,t2_1g8jauhn,False,False,False,[],False,False,1651528128,self.terraluna,https://www.reddit.com/r/terraluna/comments/uh0nbl/i_send_luna_from_terrastation_to_my_wallet_24hr/,{},uh0nbl,False,True,False,False,False,True,True,False,#ea0027,[],e2e89fae-d1ae-11eb-ac7c-0eaa7b7dd161,Support,light,text,False,False,False,1,0,False,all_ads,/r/terraluna/comments/uh0nbl/i_send_luna_from_terrastation_to_my_wallet_24hr/,False,,,6,1651528139,1,,True,False,False,terraluna,t5_2y4t5,39597,public,self,I send Luna from TerraStation to my wallet 24hr+ passed and I didn't get my Luna. I double checked the memo and the addresses and is all correct.,0,[],1.0,https://www.reddit.com/r/terraluna/comments/uh0nbl/i_send_luna_from_terrastation_to_my_wallet_24hr/,all_ads,6,1651499328.0,,,,,,,,,
24,[],False,RedditsFan2020,,[],,text,t2_6n57zs0x,False,False,False,[],False,False,1651526933,self.terraluna,https://www.reddit.com/r/terraluna/comments/uh07u9/what_happened_to_spectrum_that_it_got_pumped_in/,{},uh07u9,False,False,False,False,False,False,True,False,#7193ff,[],844cbda8-be27-11eb-b4ba-0e4cc1e38c35,Discussion,dark,text,False,False,True,0,0,False,all_ads,/r/terraluna/comments/uh07u9/what_happened_to_spectrum_that_it_got_pumped_in/,False,,,6,1651526944,1,[removed],True,False,False,terraluna,t5_2y4t5,39596,public,self,What happened to Spectrum that it got pumped in the past few months?,0,[],1.0,https://www.reddit.com/r/terraluna/comments/uh07u9/what_happened_to_spectrum_that_it_got_pumped_in/,all_ads,6,1651498133.0,,,,reddit,,,,,
25,[],False,gadgetpimp,,[],,text,t2_7q73l6xa,False,False,False,[],False,False,1651523863,youtube.com,https://www.reddit.com/r/terraluna/comments/ugz2wa/why_is_tokennomics_is_important_luna_ethereum/,{},ugz2wa,False,True,False,False,False,True,False,False,#7193ff,[],844cbda8-be27-11eb-b4ba-0e4cc1e38c35,Discussion,dark,text,False,False,True,0,0,False,all_ads,/r/terraluna/comments/ugz2wa/why_is_tokennomics_is_important_luna_ethereum/,False,rich:video,"{'enabled': False, 'images': [{'id': 'pS6etB3gwWDHgzSztA24MYI-DaUXDDHJ-MAIXr5Zh7k', 'resolutions': [{'height': 81, 'url': 'https://external-preview.redd.it/blVm63UoohBaFuMRtEEauQu-mB5vQZlL8agcK_7Wyb4.jpg?width=108&amp;crop=smart&amp;auto=webp&amp;s=c990f3f8696a17564d983370ba52ac7e6ee0b297', 'width': 108}, {'height': 162, 'url': 'https://external-preview.redd.it/blVm63UoohBaFuMRtEEauQu-mB5vQZlL8agcK_7Wyb4.jpg?width=216&amp;crop=smart&amp;auto=webp&amp;s=8ef43b81a0851c99ac76a9b7b81c3087226ffc5e', 'width': 216}, {'height': 240, 'url': 'https://external-preview.redd.it/blVm63UoohBaFuMRtEEauQu-mB5vQZlL8agcK_7Wyb4.jpg?width=320&amp;crop=smart&amp;auto=webp&amp;s=b4a83a64ccae6196064b1dec6c994a7de6c3d9d7', 'width': 320}], 'source': {'height': 360, 'url': 'https://external-preview.redd.it/blVm63UoohBaFuMRtEEauQu-mB5vQZlL8agcK_7Wyb4.jpg?auto=webp&amp;s=35a0d8ffee2a0ce9404767075b1b03c0d1dc84d1', 'width': 480}, 'variants': {}}]}",6,1651523874,1,,True,False,False,terraluna,t5_2y4t5,39593,public,https://a.thumbs.redditmedia.com/ClO9osHQY5As1OAj8yvwAAebAcCcNJHFdRi3Supqrx0.jpg,Why is Tokennomics is important | #Luna #Ethereum #solana #XRP #Avax #Bi...,0,[],1.0,https://youtube.com/watch?v=F-OaChU8OU4&amp;feature=share,all_ads,6,1651495063.0,,105.0,140.0,,https://youtube.com/watch?v=F-OaChU8OU4&amp;feature=share,"{'oembed': {'author_name': 'GadgetPimp', 'author_url': 'https://www.youtube.com/c/techsavvy2100', 'height': 200, 'html': '&lt;iframe width=""356"" height=""200"" src=""https://www.youtube.com/embed/F-OaChU8OU4?feature=oembed&amp;enablejsapi=1"" frameborder=""0"" allow=""accelerometer; autoplay; clipboard-write; encrypted-media; gyroscope; picture-in-picture"" allowfullscreen&gt;&lt;/iframe&gt;', 'provider_name': 'YouTube', 'provider_url': 'https://www.youtube.com/', 'thumbnail_height': 360, 'thumbnail_url': 'https://i.ytimg.com/vi/F-OaChU8OU4/hqdefault.jpg', 'thumbnail_width': 480, 'title': 'Why is Tokennomics is important | #Luna #Ethereum #solana #XRP #Avax #Bitcoin', 'type': 'video', 'version': '1.0', 'width': 356}, 'type': 'youtube.com'}","{'content': '&lt;iframe width=""356"" height=""200"" src=""https://www.youtube.com/embed/F-OaChU8OU4?feature=oembed&amp;enablejsapi=1"" frameborder=""0"" allow=""accelerometer; autoplay; clipboard-write; encrypted-media; gyroscope; picture-in-picture"" allowfullscreen&gt;&lt;/iframe&gt;', 'height': 200, 'scrolling': False, 'width': 356}","{'oembed': {'author_name': 'GadgetPimp', 'author_url': 'https://www.youtube.com/c/techsavvy2100', 'height': 200, 'html': '&lt;iframe width=""356"" height=""200"" src=""https://www.youtube.com/embed/F-OaChU8OU4?feature=oembed&amp;enablejsapi=1"" frameborder=""0"" allow=""accelerometer; autoplay; clipboard-write; encrypted-media; gyroscope; picture-in-picture"" allowfullscreen&gt;&lt;/iframe&gt;', 'provider_name': 'YouTube', 'provider_url': 'https://www.youtube.com/', 'thumbnail_height': 360, 'thumbnail_url': 'https://i.ytimg.com/vi/F-OaChU8OU4/hqdefault.jpg', 'thumbnail_width': 480, 'title': 'Why is Tokennomics is important | #Luna #Ethereum #solana #XRP #Avax #Bitcoin', 'type': 'video', 'version': '1.0', 'width': 356}, 'type': 'youtube.com'}","{'content': '&lt;iframe width=""356"" height=""200"" src=""https://www.youtube.com/embed/F-OaChU8OU4?feature=oembed&amp;enablejsapi=1"" frameborder=""0"" allow=""accelerometer; autoplay; clipboard-write; encrypted-media; gyroscope; picture-in-picture"" allowfullscreen&gt;&lt;/iframe&gt;', 'height': 200, 'media_domain_url': 'https://www.redditmedia.com/mediaembed/ugz2wa', 'scrolling': False, 'width': 356}"
26,[],False,wallpapersdance,,[],,text,t2_7c2ofv4k,False,False,False,[],False,False,1651523553,self.terraluna,https://www.reddit.com/r/terraluna/comments/ugyyse/i_should_be_happy_the_anchor_protocol_rate_went/,{},ugyyse,False,True,False,False,False,True,True,False,#7193ff,[],844cbda8-be27-11eb-b4ba-0e4cc1e38c35,Discussion,dark,text,False,False,True,0,0,False,all_ads,/r/terraluna/comments/ugyyse/i_should_be_happy_the_anchor_protocol_rate_went/,False,,,6,1651523565,1,"Do Kwon and his team have a good plan for when it gets too low to the point people turn to other yield options right? What's the plan? Luna's price will be safe? 

I have faith they have thought this out well. I'm sure everything is safe. I'm just trying to decrease any stress or uncertainty in my mind 

Afterall, people are still inputting into cefi (I think?) even though its rates are much lower",True,False,False,terraluna,t5_2y4t5,39593,public,self,I should be happy the anchor protocol rate went down to 18% and not touch the money right (more stable)? No chance of any bank run until it goes much much lower right? (but how low till that becomes a risk?),0,[],1.0,https://www.reddit.com/r/terraluna/comments/ugyyse/i_should_be_happy_the_anchor_protocol_rate_went/,all_ads,6,1651494753.0,,,,,,,,,
27,[],False,ExcellentImpression3,,[],,text,t2_8tdfxsju,False,False,False,[],False,False,1651523288,self.terraluna,https://www.reddit.com/r/terraluna/comments/ugyva2/ust_wrong_network_binance_to_xdefi/,{},ugyva2,False,True,False,False,False,True,True,False,#7193ff,[],844cbda8-be27-11eb-b4ba-0e4cc1e38c35,Discussion,dark,text,False,False,False,1,0,False,all_ads,/r/terraluna/comments/ugyva2/ust_wrong_network_binance_to_xdefi/,False,,,6,1651523298,1,"Hi all,

I've purchased UST in Binance and I wanted to sent my UST to my xDefi Wallet. I've select the MATIC (Polygon) network in binance to do that:

&amp;#x200B;

https://preview.redd.it/l742phcrg4x81.png?width=557&amp;format=png&amp;auto=webp&amp;s=8f906f2b3f770e22046ef541db5b9020f2e70f86

&amp;#x200B;

For the adress, I've select the own linked to Polygon in my xDefi wallet

https://preview.redd.it/3c2sxeaog4x81.png?width=482&amp;format=png&amp;auto=webp&amp;s=62865f9a9885f8b6d5c98b3128367e2b5f880823

The transaction is completed but I've never received the founds in my xDefi wallet.

Do you know if it is a network issue, I should have sent it using Luna Terra ? 

Thank you for the support.",True,False,False,terraluna,t5_2y4t5,39593,public,https://b.thumbs.redditmedia.com/ChUwItSW3RwSDzocSmKdDgiqIpI34Ety6As1wzrfPKw.jpg,UST wrong network Binance to xDefi,0,[],1.0,https://www.reddit.com/r/terraluna/comments/ugyva2/ust_wrong_network_binance_to_xdefi/,all_ads,6,1651494488.0,"{'3c2sxeaog4x81': {'e': 'Image', 'id': '3c2sxeaog4x81', 'm': 'image/png', 'p': [{'u': 'https://preview.redd.it/3c2sxeaog4x81.png?width=108&amp;crop=smart&amp;auto=webp&amp;s=91c0ef57ba3c0623cdd5779b7ff9bd69efb8f452', 'x': 108, 'y': 47}, {'u': 'https://preview.redd.it/3c2sxeaog4x81.png?width=216&amp;crop=smart&amp;auto=webp&amp;s=1f8b58f5d201b252b6c0682126715bf8d28d3bf7', 'x': 216, 'y': 94}, {'u': 'https://preview.redd.it/3c2sxeaog4x81.png?width=320&amp;crop=smart&amp;auto=webp&amp;s=7cd453abef0ea3862c3057af6bd4b3788cbd495d', 'x': 320, 'y': 140}], 's': {'u': 'https://preview.redd.it/3c2sxeaog4x81.png?width=482&amp;format=png&amp;auto=webp&amp;s=62865f9a9885f8b6d5c98b3128367e2b5f880823', 'x': 482, 'y': 211}, 'status': 'valid'}, 'l742phcrg4x81': {'e': 'Image', 'id': 'l742phcrg4x81', 'm': 'image/png', 'p': [{'u': 'https://preview.redd.it/l742phcrg4x81.png?width=108&amp;crop=smart&amp;auto=webp&amp;s=d9b3aec10b32d63d379ba4ad7f073c630582b5cf', 'x': 108, 'y': 13}, {'u': 'https://preview.redd.it/l742phcrg4x81.png?width=216&amp;crop=smart&amp;auto=webp&amp;s=067c6f95462bc630408806780e108769f2a09753', 'x': 216, 'y': 27}, {'u': 'https://preview.redd.it/l742phcrg4x81.png?width=320&amp;crop=smart&amp;auto=webp&amp;s=b0714f5b6b518dac1b07e694b0f4e0188dccae3a', 'x': 320, 'y': 40}], 's': {'u': 'https://preview.redd.it/l742phcrg4x81.png?width=557&amp;format=png&amp;auto=webp&amp;s=8f906f2b3f770e22046ef541db5b9020f2e70f86', 'x': 557, 'y': 70}, 'status': 'valid'}}",17.0,140.0,,,,,,
28,[],False,wallpapersdance,,[],,text,t2_7c2ofv4k,False,False,False,[],False,False,1651522640,self.terraluna,https://www.reddit.com/r/terraluna/comments/ugymqd/if_the_us_government_attempted_to_regulate/,{},ugymqd,False,True,False,False,False,True,True,False,#7193ff,[],844cbda8-be27-11eb-b4ba-0e4cc1e38c35,Discussion,dark,text,False,False,False,0,0,False,all_ads,/r/terraluna/comments/ugymqd/if_the_us_government_attempted_to_regulate/,False,,,6,1651522651,1,,True,False,False,terraluna,t5_2y4t5,39594,public,self,"If the US government attempted to regulate stablecoins (ex: Pat Toomey's stablecoin bill), what would happen (if anything) to UST?",0,[],1.0,https://www.reddit.com/r/terraluna/comments/ugymqd/if_the_us_government_attempted_to_regulate/,all_ads,6,1651493840.0,,,,,,,,,
29,[],False,ianm82,,[],,text,t2_xuon2,False,False,False,[],False,False,1651520220,self.terraluna,https://www.reddit.com/r/terraluna/comments/ugxqr1/ill_join_the_growing_chorus_any_friends_out_there/,{},ugxqr1,False,True,False,False,False,True,True,False,#dadada,[],773e7b1a-be27-11eb-a721-0eb5d708beb5,Terra Ecosystem,dark,text,False,False,True,0,0,False,all_ads,/r/terraluna/comments/ugxqr1/ill_join_the_growing_chorus_any_friends_out_there/,False,,,6,1651520231,1,Pretty please :),True,False,False,terraluna,t5_2y4t5,39594,public,self,I'll join the growing Chorus... Any friends out there have an Alice invite code?,0,[],1.0,https://www.reddit.com/r/terraluna/comments/ugxqr1/ill_join_the_growing_chorus_any_friends_out_there/,all_ads,6,1651491420.0,,,,,,,,,
30,[],False,mr_smith1983,,[],,text,t2_13jgds,False,False,False,[],False,False,1651519343,self.terraluna,https://www.reddit.com/r/terraluna/comments/ugxfkg/2_alice_referral_codes_up_for_grabs/,{},ugxfkg,False,True,False,False,False,True,True,False,#7193ff,[],844cbda8-be27-11eb-b4ba-0e4cc1e38c35,Discussion,dark,text,False,False,True,0,0,False,all_ads,/r/terraluna/comments/ugxfkg/2_alice_referral_codes_up_for_grabs/,False,,,6,1651519354,1,I have 2 codes up for grabs. DM me or reply here and I can send one over,True,False,False,terraluna,t5_2y4t5,39594,public,self,2 Alice referral codes up for grabs,0,[],1.0,https://www.reddit.com/r/terraluna/comments/ugxfkg/2_alice_referral_codes_up_for_grabs/,all_ads,6,1651490543.0,,,,,,,,,
31,[],False,andrewvink,,[],,text,t2_eirer,False,False,False,[],False,False,1651519216,youtube.com,https://www.reddit.com/r/terraluna/comments/ugxdw8/anchor_protocol_the_defi_money_market_18_apy/,{},ugxdw8,False,False,False,False,False,False,False,False,#8bb681,[],9d679f2a-be26-11eb-bf7a-0e312f6a845b,Anchor,dark,text,False,False,True,0,0,False,all_ads,/r/terraluna/comments/ugxdw8/anchor_protocol_the_defi_money_market_18_apy/,False,rich:video,"{'enabled': False, 'images': [{'id': 'vj6elwpFUkwOkAmcL9y1OyAPPqGx6cwzf4jNkXpHbtg', 'resolutions': [{'height': 81, 'url': 'https://external-preview.redd.it/P49UIboP7uusupppRJjtSf_0UwkFWanFkvpryBQ64iI.jpg?width=108&amp;crop=smart&amp;auto=webp&amp;s=b09fbbe24342e9548cacc45247eeb62b005e2000', 'width': 108}, {'height': 162, 'url': 'https://external-preview.redd.it/P49UIboP7uusupppRJjtSf_0UwkFWanFkvpryBQ64iI.jpg?width=216&amp;crop=smart&amp;auto=webp&amp;s=4298a36199e693d6aa5987d806ecac1dd18470a8', 'width': 216}, {'height': 240, 'url': 'https://external-preview.redd.it/P49UIboP7uusupppRJjtSf_0UwkFWanFkvpryBQ64iI.jpg?width=320&amp;crop=smart&amp;auto=webp&amp;s=5588ab5d8307559d6d61373f05357cdf3d9a0bf6', 'width': 320}], 'source': {'height': 360, 'url': 'https://external-preview.redd.it/P49UIboP7uusupppRJjtSf_0UwkFWanFkvpryBQ64iI.jpg?auto=webp&amp;s=e7b4d40e685124eaced7db3a5100f251bb8baf93', 'width': 480}, 'variants': {}}]}",6,1651519227,1,,True,False,False,terraluna,t5_2y4t5,39594,public,https://b.thumbs.redditmedia.com/aiDct6i16CUhPXHuTovBtIIFwvXwL2pNHwzfA3rtoHw.jpg,Anchor Protocol - The DeFi Money Market (18% APY),0,[],1.0,https://youtube.com/watch?v=ibpqqEE554k&amp;feature=share,all_ads,6,1651490416.0,,105.0,140.0,reddit,https://youtube.com/watch?v=ibpqqEE554k&amp;feature=share,"{'oembed': {'author_name': 'Andrew Vink', 'author_url': 'https://www.youtube.com/c/AndrewVink', 'height': 200, 'html': '&lt;iframe width=""356"" height=""200"" src=""https://www.youtube.com/embed/ibpqqEE554k?feature=oembed&amp;enablejsapi=1"" frameborder=""0"" allow=""accelerometer; autoplay; clipboard-write; encrypted-media; gyroscope; picture-in-picture"" allowfullscreen&gt;&lt;/iframe&gt;', 'provider_name': 'YouTube', 'provider_url': 'https://www.youtube.com/', 'thumbnail_height': 360, 'thumbnail_url': 'https://i.ytimg.com/vi/ibpqqEE554k/hqdefault.jpg', 'thumbnail_width': 480, 'title': 'Anchor Protocol - The DeFi Money Market (18% APY)', 'type': 'video', 'version': '1.0', 'width': 356}, 'type': 'youtube.com'}","{'content': '&lt;iframe width=""356"" height=""200"" src=""https://www.youtube.com/embed/ibpqqEE554k?feature=oembed&amp;enablejsapi=1"" frameborder=""0"" allow=""accelerometer; autoplay; clipboard-write; encrypted-media; gyroscope; picture-in-picture"" allowfullscreen&gt;&lt;/iframe&gt;', 'height': 200, 'scrolling': False, 'width': 356}","{'oembed': {'author_name': 'Andrew Vink', 'author_url': 'https://www.youtube.com/c/AndrewVink', 'height': 200, 'html': '&lt;iframe width=""356"" height=""200"" src=""https://www.youtube.com/embed/ibpqqEE554k?feature=oembed&amp;enablejsapi=1"" frameborder=""0"" allow=""accelerometer; autoplay; clipboard-write; encrypted-media; gyroscope; picture-in-picture"" allowfullscreen&gt;&lt;/iframe&gt;', 'provider_name': 'YouTube', 'provider_url': 'https://www.youtube.com/', 'thumbnail_height': 360, 'thumbnail_url': 'https://i.ytimg.com/vi/ibpqqEE554k/hqdefault.jpg', 'thumbnail_width': 480, 'title': 'Anchor Protocol - The DeFi Money Market (18% APY)', 'type': 'video', 'version': '1.0', 'width': 356}, 'type': 'youtube.com'}","{'content': '&lt;iframe width=""356"" height=""200"" src=""https://www.youtube.com/embed/ibpqqEE554k?feature=oembed&amp;enablejsapi=1"" frameborder=""0"" allow=""accelerometer; autoplay; clipboard-write; encrypted-media; gyroscope; picture-in-picture"" allowfullscreen&gt;&lt;/iframe&gt;', 'height': 200, 'media_domain_url': 'https://www.redditmedia.com/mediaembed/ugxdw8', 'scrolling': False, 'width': 356}"
32,[],False,coinsmart,,[],,text,t2_1hcgk6ug,False,False,False,[],False,False,1651518590,twitter.com,https://www.reddit.com/r/terraluna/comments/ugx5o0/luna_holds_the_8_spot_in_aprils_market_cap_race/,{},ugx5o0,False,True,False,False,False,True,False,False,#ab912b,[],692c7f0e-e7cb-11eb-a117-0ed30301aa27,News,light,text,False,False,True,0,0,False,all_ads,/r/terraluna/comments/ugx5o0/luna_holds_the_8_spot_in_aprils_market_cap_race/,False,link,"{'enabled': False, 'images': [{'id': 'YXaMe_-3_01agAGMfi49rSvj6ZxwgRQTfjbAUMbUBQg', 'resolutions': [{'height': 60, 'url': 'https://external-preview.redd.it/N0V1ghgJQsS6HA6j_ZAV3B7BnywIDPFJeCd9_vmTgLE.jpg?width=108&amp;crop=smart&amp;auto=webp&amp;s=9ba94ce3b25f1fb28a49b89205f1049c146b1ea9', 'width': 108}], 'source': {'height': 78, 'url': 'https://external-preview.redd.it/N0V1ghgJQsS6HA6j_ZAV3B7BnywIDPFJeCd9_vmTgLE.jpg?auto=webp&amp;s=3175ae0941f7aa99f863c9dc6a02370a88a352c0', 'width': 140}, 'variants': {}}]}",6,1651518601,1,,True,False,False,terraluna,t5_2y4t5,39593,public,https://b.thumbs.redditmedia.com/HjbFkaBEkPvIg-XKTnB1IilF2L93rBaFgtNhxKN3vHU.jpg,$LUNA holds the #8 spot in April's market cap race,0,[],1.0,https://twitter.com/CoinSmart/status/1521200411453145091,all_ads,6,1651489790.0,,78.0,140.0,,https://twitter.com/CoinSmart/status/1521200411453145091,"{'oembed': {'author_name': 'CoinSmart', 'author_url': 'https://twitter.com/CoinSmart', 'cache_age': 3153600000, 'height': None, 'html': '&lt;blockquote class=""twitter-video""&gt;&lt;p lang=""en"" dir=""ltr""&gt;Watch the April Altcoin Race 📽️ 🍿 &lt;a href=""https://twitter.com/search?q=%24USDT&amp;amp;src=ctag&amp;amp;ref_src=twsrc%5Etfw""&gt;$USDT&lt;/a&gt;, &lt;a href=""https://twitter.com/search?q=%24BNB&amp;amp;src=ctag&amp;amp;ref_src=twsrc%5Etfw""&gt;$BNB&lt;/a&gt; &amp;amp; &lt;a href=""https://twitter.com/search?q=%24USDC&amp;amp;src=ctag&amp;amp;ref_src=twsrc%5Etfw""&gt;$USDC&lt;/a&gt; stay unbothered in the top 5&lt;a href=""https://twitter.com/search?q=%24SOL&amp;amp;src=ctag&amp;amp;ref_src=twsrc%5Etfw""&gt;$SOL&lt;/a&gt; remains at #6 while &lt;a href=""https://twitter.com/search?q=%24ADA&amp;amp;src=ctag&amp;amp;ref_src=twsrc%5Etfw""&gt;$ADA&lt;/a&gt;, &lt;a href=""https://twitter.com/search?q=%24XRP&amp;amp;src=ctag&amp;amp;ref_src=twsrc%5Etfw""&gt;$XRP&lt;/a&gt;, and &lt;a href=""https://twitter.com/search?q=%24LUNA&amp;amp;src=ctag&amp;amp;ref_src=twsrc%5Etfw""&gt;$LUNA&lt;/a&gt; battle for the next 7-9 spots on the list!&lt;br&gt;—&lt;br&gt;Source: &lt;a href=""https://twitter.com/coingecko?ref_src=twsrc%5Etfw""&gt;@coingecko&lt;/a&gt; &lt;a href=""https://t.co/mODK5DlYwA""&gt;pic.twitter.com/mODK5DlYwA&lt;/a&gt;&lt;/p&gt;&amp;mdash; CoinSmart (@CoinSmart) &lt;a href=""https://twitter.com/CoinSmart/status/1521200411453145091?ref_src=twsrc%5Etfw""&gt;May 2, 2022&lt;/a&gt;&lt;/blockquote&gt;\n&lt;script async src=""https://platform.twitter.com/widgets.js"" charset=""utf-8""&gt;&lt;/script&gt;\n', 'provider_name': 'Twitter', 'provider_url': 'https://twitter.com', 'type': 'rich', 'url': 'https://twitter.com/CoinSmart/status/1521200411453145091', 'version': '1.0', 'width': 350}, 'type': 'twitter.com'}","{'content': '&lt;blockquote class=""twitter-video""&gt;&lt;p lang=""en"" dir=""ltr""&gt;Watch the April Altcoin Race 📽️ 🍿 &lt;a href=""https://twitter.com/search?q=%24USDT&amp;amp;src=ctag&amp;amp;ref_src=twsrc%5Etfw""&gt;$USDT&lt;/a&gt;, &lt;a href=""https://twitter.com/search?q=%24BNB&amp;amp;src=ctag&amp;amp;ref_src=twsrc%5Etfw""&gt;$BNB&lt;/a&gt; &amp;amp; &lt;a href=""https://twitter.com/search?q=%24USDC&amp;amp;src=ctag&amp;amp;ref_src=twsrc%5Etfw""&gt;$USDC&lt;/a&gt; stay unbothered in the top 5&lt;a href=""https://twitter.com/search?q=%24SOL&amp;amp;src=ctag&amp;amp;ref_src=twsrc%5Etfw""&gt;$SOL&lt;/a&gt; remains at #6 while &lt;a href=""https://twitter.com/search?q=%24ADA&amp;amp;src=ctag&amp;amp;ref_src=twsrc%5Etfw""&gt;$ADA&lt;/a&gt;, &lt;a href=""https://twitter.com/search?q=%24XRP&amp;amp;src=ctag&amp;amp;ref_src=twsrc%5Etfw""&gt;$XRP&lt;/a&gt;, and &lt;a href=""https://twitter.com/search?q=%24LUNA&amp;amp;src=ctag&amp;amp;ref_src=twsrc%5Etfw""&gt;$LUNA&lt;/a&gt; battle for the next 7-9 spots on the list!&lt;br&gt;—&lt;br&gt;Source: &lt;a href=""https://twitter.com/coingecko?ref_src=twsrc%5Etfw""&gt;@coingecko&lt;/a&gt; &lt;a href=""https://t.co/mODK5DlYwA""&gt;pic.twitter.com/mODK5DlYwA&lt;/a&gt;&lt;/p&gt;&amp;mdash; CoinSmart (@CoinSmart) &lt;a href=""https://twitter.com/CoinSmart/status/1521200411453145091?ref_src=twsrc%5Etfw""&gt;May 2, 2022&lt;/a&gt;&lt;/blockquote&gt;\n&lt;script async src=""https://platform.twitter.com/widgets.js"" charset=""utf-8""&gt;&lt;/script&gt;\n', 'height': 200, 'scrolling': False, 'width': 350}","{'oembed': {'author_name': 'CoinSmart', 'author_url': 'https://twitter.com/CoinSmart', 'cache_age': 3153600000, 'height': None, 'html': '&lt;blockquote class=""twitter-video""&gt;&lt;p lang=""en"" dir=""ltr""&gt;Watch the April Altcoin Race 📽️ 🍿 &lt;a href=""https://twitter.com/search?q=%24USDT&amp;amp;src=ctag&amp;amp;ref_src=twsrc%5Etfw""&gt;$USDT&lt;/a&gt;, &lt;a href=""https://twitter.com/search?q=%24BNB&amp;amp;src=ctag&amp;amp;ref_src=twsrc%5Etfw""&gt;$BNB&lt;/a&gt; &amp;amp; &lt;a href=""https://twitter.com/search?q=%24USDC&amp;amp;src=ctag&amp;amp;ref_src=twsrc%5Etfw""&gt;$USDC&lt;/a&gt; stay unbothered in the top 5&lt;a href=""https://twitter.com/search?q=%24SOL&amp;amp;src=ctag&amp;amp;ref_src=twsrc%5Etfw""&gt;$SOL&lt;/a&gt; remains at #6 while &lt;a href=""https://twitter.com/search?q=%24ADA&amp;amp;src=ctag&amp;amp;ref_src=twsrc%5Etfw""&gt;$ADA&lt;/a&gt;, &lt;a href=""https://twitter.com/search?q=%24XRP&amp;amp;src=ctag&amp;amp;ref_src=twsrc%5Etfw""&gt;$XRP&lt;/a&gt;, and &lt;a href=""https://twitter.com/search?q=%24LUNA&amp;amp;src=ctag&amp;amp;ref_src=twsrc%5Etfw""&gt;$LUNA&lt;/a&gt; battle for the next 7-9 spots on the list!&lt;br&gt;—&lt;br&gt;Source: &lt;a href=""https://twitter.com/coingecko?ref_src=twsrc%5Etfw""&gt;@coingecko&lt;/a&gt; &lt;a href=""https://t.co/mODK5DlYwA""&gt;pic.twitter.com/mODK5DlYwA&lt;/a&gt;&lt;/p&gt;&amp;mdash; CoinSmart (@CoinSmart) &lt;a href=""https://twitter.com/CoinSmart/status/1521200411453145091?ref_src=twsrc%5Etfw""&gt;May 2, 2022&lt;/a&gt;&lt;/blockquote&gt;\n&lt;script async src=""https://platform.twitter.com/widgets.js"" charset=""utf-8""&gt;&lt;/script&gt;\n', 'provider_name': 'Twitter', 'provider_url': 'https://twitter.com', 'type': 'rich', 'url': 'https://twitter.com/CoinSmart/status/1521200411453145091', 'version': '1.0', 'width': 350}, 'type': 'twitter.com'}","{'content': '&lt;blockquote class=""twitter-video""&gt;&lt;p lang=""en"" dir=""ltr""&gt;Watch the April Altcoin Race 📽️ 🍿 &lt;a href=""https://twitter.com/search?q=%24USDT&amp;amp;src=ctag&amp;amp;ref_src=twsrc%5Etfw""&gt;$USDT&lt;/a&gt;, &lt;a href=""https://twitter.com/search?q=%24BNB&amp;amp;src=ctag&amp;amp;ref_src=twsrc%5Etfw""&gt;$BNB&lt;/a&gt; &amp;amp; &lt;a href=""https://twitter.com/search?q=%24USDC&amp;amp;src=ctag&amp;amp;ref_src=twsrc%5Etfw""&gt;$USDC&lt;/a&gt; stay unbothered in the top 5&lt;a href=""https://twitter.com/search?q=%24SOL&amp;amp;src=ctag&amp;amp;ref_src=twsrc%5Etfw""&gt;$SOL&lt;/a&gt; remains at #6 while &lt;a href=""https://twitter.com/search?q=%24ADA&amp;amp;src=ctag&amp;amp;ref_src=twsrc%5Etfw""&gt;$ADA&lt;/a&gt;, &lt;a href=""https://twitter.com/search?q=%24XRP&amp;amp;src=ctag&amp;amp;ref_src=twsrc%5Etfw""&gt;$XRP&lt;/a&gt;, and &lt;a href=""https://twitter.com/search?q=%24LUNA&amp;amp;src=ctag&amp;amp;ref_src=twsrc%5Etfw""&gt;$LUNA&lt;/a&gt; battle for the next 7-9 spots on the list!&lt;br&gt;—&lt;br&gt;Source: &lt;a href=""https://twitter.com/coingecko?ref_src=twsrc%5Etfw""&gt;@coingecko&lt;/a&gt; &lt;a href=""https://t.co/mODK5DlYwA""&gt;pic.twitter.com/mODK5DlYwA&lt;/a&gt;&lt;/p&gt;&amp;mdash; CoinSmart (@CoinSmart) &lt;a href=""https://twitter.com/CoinSmart/status/1521200411453145091?ref_src=twsrc%5Etfw""&gt;May 2, 2022&lt;/a&gt;&lt;/blockquote&gt;\n&lt;script async src=""https://platform.twitter.com/widgets.js"" charset=""utf-8""&gt;&lt;/script&gt;\n', 'height': 200, 'media_domain_url': 'https://www.redditmedia.com/mediaembed/ugx5o0', 'scrolling': False, 'width': 350}"
33,[],False,JDubbSurf,,[],,text,t2_9xllk5pt,False,False,False,[],False,False,1651514744,self.terraluna,https://www.reddit.com/r/terraluna/comments/ugvq06/how_to_bridge_funds_from_binanceus_to_terra/,{},ugvq06,False,True,False,False,False,True,True,False,#ea0027,[],e2e89fae-d1ae-11eb-ac7c-0eaa7b7dd161,Support,light,text,False,False,True,1,0,False,all_ads,/r/terraluna/comments/ugvq06/how_to_bridge_funds_from_binanceus_to_terra/,False,,,6,1651514755,1,"Hello. I purchased UST on Biancane.US but it is a BEP20 token and not compatible with the Terra network. I found various articles online that instead of buying UST on Biannce.US, I need to buy BNB, swap it to UST using Pancake Swap and a browser wallet (Metamask for me) which is UST on the BSC network, but when I try to bridge my BSC UST to Terra using the wormhole, the bridge says my UST balance is zero. Not sure where I am going wrong.

I see in an online guide that using Pancake Swap to convert BNB for UST is really wrapped UST, or wUST, but mine just says UST.

Any help is much appreciated! Trying to get funds into the UST Anchor protocol.",True,False,False,terraluna,t5_2y4t5,39588,public,self,How to Bridge Funds from Binance.US to Terra,0,[],1.0,https://www.reddit.com/r/terraluna/comments/ugvq06/how_to_bridge_funds_from_binanceus_to_terra/,all_ads,6,1651485944.0,,,,,,,,,
34,[],False,helen_everstake,,[],,text,t2_ksbz4l64,False,False,False,[],False,False,1651514531,self.terraluna,https://www.reddit.com/r/terraluna/comments/ugvn32/terra_luna_weekly_update_17_april_2022_by/,{},ugvn32,False,True,False,False,False,True,True,False,#0079d3,[],03824094-abf3-11eb-b835-0e8771f36147,Updates,light,text,False,False,True,1,0,False,all_ads,/r/terraluna/comments/ugvn32/terra_luna_weekly_update_17_april_2022_by/,False,self,"{'enabled': False, 'images': [{'id': 'DOD4iGWzy4ICfkPoAnzzIKD-bIvCWDSITQgXUOmo8H8', 'resolutions': [{'height': 56, 'url': 'https://external-preview.redd.it/5Cxp4jQLrmorGBX6zkMqqu23Ybtj_dzSuTIKwjGTTM4.jpg?width=108&amp;crop=smart&amp;auto=webp&amp;s=177fe3a381a0d684bcfdbb50a6f3ef631f6aaea6', 'width': 108}], 'source': {'height': 73, 'url': 'https://external-preview.redd.it/5Cxp4jQLrmorGBX6zkMqqu23Ybtj_dzSuTIKwjGTTM4.jpg?auto=webp&amp;s=1ab14ffddd3f6929e4e6fb4d50c325f54494d92e', 'width': 140}, 'variants': {}}]}",6,1651514542,1,"📢 Fresh news! Check Terra (LUNA) weekly update.  
Here's what happened in the Terra Ecosystem 🌎 last week 👇

https://preview.redd.it/tihq8l6do3x81.jpg?width=1600&amp;format=pjpg&amp;auto=webp&amp;s=be96b395b01ece7bedea0246c16981051938504a

1 🔸 Outlier Ventures [announced](https://twitter.com/OVioHQ/status/1518561334148878338?s=20&amp;t=swJSH8-D0aQgA2jLMypXcg) partnership with Terraform Labs to launch the Terra Base Camp Accelerator programme.

2 🔸 Lido on Terra informed that a proposal to list bSOL as collateral to Anchor Protocol has been [submitted](https://twitter.com/LidoOnTerra/status/1518542514600521734?s=20&amp;t=swJSH8-D0aQgA2jLMypXcg)

3 🔸 The first Play-to-Earn AR game Expedition [will launch](https://twitter.com/ExpeditionAR/status/1518474567135600641?s=20&amp;t=swJSH8-D0aQgA2jLMypXcg) on Terra to harness the power of LUNA and UST.

4 🔸 Limit Orders are [live](https://twitter.com/prism_protocol/status/1518545101798219786?s=20&amp;t=swJSH8-D0aQgA2jLMypXcg) on Prism Swap

5 🔸 Fireblocks now [supports](https://twitter.com/FireblocksHQ/status/1518966343172857856?s=20&amp;t=6rBsYscgRhF_OXOgSfB_3g) DeFi on Terra. Fireblocks also [sees](https://twitter.com/CoinDesk/status/1518938484253331456?s=20&amp;t=swJSH8-D0aQgA2jLMypXcg) $500M stampede into Terra DeFi in the first week.

6 🔸 Kado [released](https://twitter.com/kado_money/status/1519014269320323085?s=20&amp;t=swJSH8-D0aQgA2jLMypXcg) merchant mode for UST.

7 🔸 Vertex Protocol [announced](https://twitter.com/vertex_protocol/status/1518968668239007744?s=20&amp;t=swJSH8-D0aQgA2jLMypXcg) $8.5M Seed led by Hack VC and Dexterity Capital.

8 🔸 $50B+ of total assets [have passed](https://twitter.com/avalancheavax/status/1519393039193722881?s=20&amp;t=swJSH8-D0aQgA2jLMypXcg) through Avalanche Bridge in the nine months since launch.

9 🔸 AntiMatter [will be adding](https://twitter.com/antimatterdefi/status/1519328647106252801?s=20&amp;t=swJSH8-D0aQgA2jLMypXcg) native LUNA DOVs to their vault line-up.

10 🔸 Leap Wallet [announced](https://twitter.com/leap__terra/status/1519383238032035840?s=20&amp;t=swJSH8-D0aQgA2jLMypXcg) a partnership with Flexa.

11 🔸 Nansen [has added](https://twitter.com/nansen_ai/status/1519347930490056704?s=20&amp;t=swJSH8-D0aQgA2jLMypXcg) additional support for Terra: Token God Mode, Wallet Profiler and Hot Contracts dashboards are live.

12 🔸 Proposal to initiate the NEB Liquidity Bootstrapping Pool has successfully [passed](https://twitter.com/nebula_protocol/status/1519260962603548672?s=20&amp;t=swJSH8-D0aQgA2jLMypXcg). LBP is [live](https://twitter.com/nebula_protocol/status/1519285672250871815?s=20&amp;t=5ssXkHmMSUiGjK_qylHakA).

13 🔸 The Apollo xAstro Lockdrop Announcement will be [launched](https://twitter.com/ApolloDAO/status/1519332113006350336?s=20&amp;t=swJSH8-D0aQgA2jLMypXcg) on 2nd of May.

14 🔸 Reactor Money LBP is [live](https://twitter.com/reactor_money/status/1519677529379942401?s=20&amp;t=swJSH8-D0aQgA2jLMypXcg).

15 🔸 Bitkub has been [listed](https://twitter.com/BitkubOfficial/status/1519595931364380672?s=20&amp;t=swJSH8-D0aQgA2jLMypXcg) LUNA.

16 🔸 Retrograde is [bringing](https://twitter.com/retrogrademoney/status/1519761696352616448?s=20&amp;t=swJSH8-D0aQgA2jLMypXcg) the first FRAX to Terra.

17 🔸 Apeture Finance [hit ](https://twitter.com/ApertureFinance/status/1520093287859712000?s=20&amp;t=swJSH8-D0aQgA2jLMypXcg)$100m in TVL on their Anchor and Mirror Protocols DNS three weeks after launch.

&amp;#x200B;

Like ❤️&amp; retweet 🔃: https://twitter.com/helen\_everstake/status/1521188259111620609?s=20&amp;t=w6hpGsOk2ll6grPmbofMOA",True,False,False,terraluna,t5_2y4t5,39588,public,https://b.thumbs.redditmedia.com/PfLq_3OP3HILNrQJ4QKa-oOH86VuXCbfzZvD9Lsg7Ic.jpg,Terra (LUNA) Weekly Update #17 [April 2022] by Everstake,0,[],1.0,https://www.reddit.com/r/terraluna/comments/ugvn32/terra_luna_weekly_update_17_april_2022_by/,all_ads,6,1651485731.0,"{'tihq8l6do3x81': {'e': 'Image', 'id': 'tihq8l6do3x81', 'm': 'image/jpg', 'p': [{'u': 'https://preview.redd.it/tihq8l6do3x81.jpg?width=108&amp;crop=smart&amp;auto=webp&amp;s=6df7d93f68dbf7f0a400299ff0654571ec3e583e', 'x': 108, 'y': 60}, {'u': 'https://preview.redd.it/tihq8l6do3x81.jpg?width=216&amp;crop=smart&amp;auto=webp&amp;s=cd55993dfd6e7a38b6f78e4fa4deb5b0d49b92fb', 'x': 216, 'y': 121}, {'u': 'https://preview.redd.it/tihq8l6do3x81.jpg?width=320&amp;crop=smart&amp;auto=webp&amp;s=3ae360bf8af4374d111eedc484631407af6049bc', 'x': 320, 'y': 180}, {'u': 'https://preview.redd.it/tihq8l6do3x81.jpg?width=640&amp;crop=smart&amp;auto=webp&amp;s=04a6daa387e1831bcc75640544e2dbfed3c83b19', 'x': 640, 'y': 360}, {'u': 'https://preview.redd.it/tihq8l6do3x81.jpg?width=960&amp;crop=smart&amp;auto=webp&amp;s=968ed2db9c497d547373bbd84d53b02f6647aace', 'x': 960, 'y': 540}, {'u': 'https://preview.redd.it/tihq8l6do3x81.jpg?width=1080&amp;crop=smart&amp;auto=webp&amp;s=966c5b0eb1d77ca33a16e1b78b74d58d6d094696', 'x': 1080, 'y': 607}], 's': {'u': 'https://preview.redd.it/tihq8l6do3x81.jpg?width=1600&amp;format=pjpg&amp;auto=webp&amp;s=be96b395b01ece7bedea0246c16981051938504a', 'x': 1600, 'y': 900}, 'status': 'valid'}}",78.0,140.0,,,,,,
35,[],False,wallpapersdance,,[],,text,t2_7c2ofv4k,False,False,False,[],False,False,1651513798,self.terraluna,https://www.reddit.com/r/terraluna/comments/ugvd5e/questions_for_people_who_know_alot_about_anchor/,{},ugvd5e,False,True,False,False,False,True,True,False,#7193ff,[],844cbda8-be27-11eb-b4ba-0e4cc1e38c35,Discussion,dark,text,False,False,True,0,0,False,all_ads,/r/terraluna/comments/ugvd5e/questions_for_people_who_know_alot_about_anchor/,False,,,6,1651513808,1,"1. So if I put the aUST on the ledger nano x, I still earn interest but its safer than being on anchor protocol?
2. What if my ledger nano x breaks, is stolen, or I forget how to use it right. Won't I be screwed?
3. What thought would you tell yourself if part of your resistance was the 150 USD or something price tag of the ledger nano x?
4. What might be some good concrete steps to help me sort through my thoughts?",True,False,False,terraluna,t5_2y4t5,39587,public,self,Questions for people who know alot about anchor protocol and ledger nano x,0,[],1.0,https://www.reddit.com/r/terraluna/comments/ugvd5e/questions_for_people_who_know_alot_about_anchor/,all_ads,6,1651484998.0,,,,,,,,,
36,[],False,runfastination,,[],,text,t2_t2m8jkb,False,False,False,[],False,False,1651513364,self.terraluna,https://www.reddit.com/r/terraluna/comments/ugv7ay/bought_ust_on_binance_how_to_get_it_to_anchor/,{},ugv7ay,False,True,False,False,False,True,True,False,#7193ff,[],844cbda8-be27-11eb-b4ba-0e4cc1e38c35,Discussion,dark,text,False,False,True,0,0,False,all_ads,/r/terraluna/comments/ugv7ay/bought_ust_on_binance_how_to_get_it_to_anchor/,False,,,6,1651513374,1,"Well, I bought UST on Binance thinking it was transferrable via LUNA but it seems it's ERC20, so... How do I get it to Anchor without paying huge gas fees?",True,False,False,terraluna,t5_2y4t5,39587,public,self,Bought UST on Binance - How to get it to Anchor easily&amp; cheaply?,0,[],1.0,https://www.reddit.com/r/terraluna/comments/ugv7ay/bought_ust_on_binance_how_to_get_it_to_anchor/,all_ads,6,1651484564.0,,,,,,,,,
37,[],False,Piae,,[],,text,t2_enaoc,False,False,False,[],False,False,1651512287,self.terraluna,https://www.reddit.com/r/terraluna/comments/ugusx6/giving_away_an_alice_code_but_theres_a_catch/,{},ugusx6,False,False,False,False,False,False,True,False,#8844f6,[],58bcf2d4-be27-11eb-8d50-0e227113ea6b,Alice,light,text,False,False,True,0,0,False,all_ads,/r/terraluna/comments/ugusx6/giving_away_an_alice_code_but_theres_a_catch/,False,,,6,1651512297,1,[removed],True,False,False,terraluna,t5_2y4t5,39584,public,self,"Giving away an Alice code, but there’s a catch!",0,[],1.0,https://www.reddit.com/r/terraluna/comments/ugusx6/giving_away_an_alice_code_but_theres_a_catch/,all_ads,6,1651483487.0,,,,reddit,,,,,
38,[],False,bordoisse,,[],,text,t2_46bmkzyo,False,False,False,[],False,False,1651511700,publish0x.com,https://www.reddit.com/r/terraluna/comments/ugul1o/the_anchor_protocol_for_the_terra_network/,{},ugul1o,False,True,False,False,False,True,False,False,#8bb681,[],9d679f2a-be26-11eb-bf7a-0e312f6a845b,Anchor,dark,text,False,False,True,0,0,False,all_ads,/r/terraluna/comments/ugul1o/the_anchor_protocol_for_the_terra_network/,False,,,6,1651511710,1,,True,False,False,terraluna,t5_2y4t5,39583,public,default,The Anchor Protocol For The Terra Network Blockchain,0,[],1.0,https://www.publish0x.com/digital-asset-investing/the-anchor-protocol-for-the-terra-network-blockchain-xknmqyz,all_ads,6,1651482900.0,,,,,https://www.publish0x.com/digital-asset-investing/the-anchor-protocol-for-the-terra-network-blockchain-xknmqyz,,,,
39,[],False,RevolutionaryMood471,,[],,text,t2_f054z9mg,False,False,False,[],False,False,1651510587,self.terraluna,https://www.reddit.com/r/terraluna/comments/ugu5fb/wormhole_erc20_luna_to_normal_erc20_wrapped_luna/,{},ugu5fb,False,True,False,False,False,True,True,False,#7193ff,[],844cbda8-be27-11eb-b4ba-0e4cc1e38c35,Discussion,dark,text,False,False,True,0,0,False,all_ads,/r/terraluna/comments/ugu5fb/wormhole_erc20_luna_to_normal_erc20_wrapped_luna/,False,,,6,1651510598,1,How do I convert wormhole ERC20 Luna to wrapped Luna?,True,False,False,terraluna,t5_2y4t5,39582,public,self,Wormhole ERC20 Luna to normal ERC20 wrapped Luna,0,[],1.0,https://www.reddit.com/r/terraluna/comments/ugu5fb/wormhole_erc20_luna_to_normal_erc20_wrapped_luna/,all_ads,6,1651481787.0,,,,,,,,,
40,[],False,rampage1998,,[],,text,t2_3snhean,False,False,False,[],False,False,1651509441,self.terraluna,https://www.reddit.com/r/terraluna/comments/ugtq48/on_ramp_confusion_whats_the_right_weth_token_to/,{},ugtq48,False,True,False,False,False,True,True,False,#ea0027,[],e2e89fae-d1ae-11eb-ac7c-0eaa7b7dd161,Support,light,text,False,False,True,1,0,False,all_ads,/r/terraluna/comments/ugtq48/on_ramp_confusion_whats_the_right_weth_token_to/,False,,,6,1651509452,1,"Wormhole Portal  [Portal Token Bridge (wormholebridge.com)](https://wormholebridge.com/#/token-origin-verifier) 

&amp;#x200B;

For a Polygon WETH **0x7ceB23fD6bC0adD59E62ac25578270cFf1b9f619**

The Portal says this will be bridged as **Wrapped ETH Wormhole** 

**terra1jlh9xlyahg2d2qwat8jl4evqzuua452dafzqs5**

&amp;#x200B;

For a Polygon Wrapped ETH Wormhole **0x11CD37bb86F65419713f30673A480EA33c826872**

The Portal says this will be bridged as **Wrapped ETH Portal** 

**terra14tl83xcwqjy0ken9peu4pjjuu755lrry2uy25r**

&amp;#x200B;

Anchor says  bAssets that have been transferred to Terra through Wormhole (webETH) must go through the convert operation to be used as collateral on Anchor. And it wants the token called **webETH**

&amp;#x200B;

So which ETH token should I use to bridge over to Terra use the Portal?",True,False,False,terraluna,t5_2y4t5,39580,public,self,"On ramp confusion, what's the right WETH token to bridge from Polygon to Terra?",0,[],1.0,https://www.reddit.com/r/terraluna/comments/ugtq48/on_ramp_confusion_whats_the_right_weth_token_to/,all_ads,6,1651480641.0,,,,,,,,,
41,[],False,PsLJdogg,,[],,text,t2_es2vk,False,False,False,[],False,False,1651508857,self.terraluna,https://www.reddit.com/r/terraluna/comments/ugti79/2_alice_invite_codes_up_for_grabs/,{},ugti79,False,True,False,False,False,True,True,False,#8844f6,[],58bcf2d4-be27-11eb-8d50-0e227113ea6b,Alice,light,text,False,False,True,0,0,False,all_ads,/r/terraluna/comments/ugti79/2_alice_invite_codes_up_for_grabs/,False,,,6,1651508868,1,"Seeing lots of posts asking for payment in return for an Alice code, so I thought I would switch it up and offer up my 2 invites for free. All I ask is that you pay it forward and offer up yours for free as well. First come, first served!

32CA7D

EE8D69",True,False,False,terraluna,t5_2y4t5,39579,public,self,2 Alice invite codes up for grabs,0,[],1.0,https://www.reddit.com/r/terraluna/comments/ugti79/2_alice_invite_codes_up_for_grabs/,all_ads,6,1651480057.0,,,,,,,,,
