,all_awardings,allow_live_comments,author,author_flair_background_color,author_flair_css_class,author_flair_richtext,author_flair_text,author_flair_text_color,author_flair_type,author_fullname,author_is_blocked,author_patreon_flair,author_premium,awarders,can_mod_post,contest_mode,created_utc,domain,full_link,gildings,id,is_created_from_ads_ui,is_crosspostable,is_meta,is_original_content,is_reddit_media_domain,is_robot_indexable,is_self,is_video,link_flair_background_color,link_flair_css_class,link_flair_richtext,link_flair_template_id,link_flair_text,link_flair_text_color,link_flair_type,locked,media_only,no_follow,num_comments,num_crossposts,over_18,parent_whitelist_status,permalink,pinned,pwls,retrieved_on,score,selftext,send_replies,spoiler,stickied,subreddit,subreddit_id,subreddit_subscribers,subreddit_type,suggested_sort,thumbnail,title,total_awards_received,treatment_tags,upvote_ratio,url,whitelist_status,wls,created,author_flair_template_id,post_hint,preview,removed_by_category
0,[],False,cryptofundamentalism,,,"[{'e': 'text', 't': 'Platinum | Stocks 14'}]",Platinum | Stocks 14,dark,richtext,t2_8av71th0,False,False,False,[],False,False,1652193848,self.CryptoCurrency,https://www.reddit.com/r/CryptoCurrency/comments/umkc4o/can_we_admit_now_that_it_didnt_work_this_sub_was/,{},umkc4o,False,True,False,False,False,True,True,False,#ff66ac,DEBATE,"[{'e': 'text', 't': 'DEBATE'}]",5b762856-d7c9-11e4-822a-22000b2300b2,DEBATE,light,richtext,False,False,True,2,0,False,all_ads,/r/CryptoCurrency/comments/umkc4o/can_we_admit_now_that_it_didnt_work_this_sub_was/,False,6,1652193858,1,"Here is another social medial manipulation that was going on yesterday 

https://www.reddit.com/r/terraluna/comments/umis44/is_this_coordinated_fud_mongering_on_twitter_im/?utm_source=share&amp;utm_medium=ios_app&amp;utm_name=iossmf

I was insulted for saying that I was buying since the token was still pegged on chain just people willing to sell at loss on exchanges … 


We definitely need to remedy to this kind of news manipulation in this sub . Lots of you panic and sold at loss.

About to get out of my position

Thanks for the free money I guess",True,False,False,CryptoCurrency,t5_2wlj3,4821659,public,new,self,Can we admit now that it didn’t work ! this sub was manipulated for the past few days to take down UST/terra ?,0,[],1.0,https://www.reddit.com/r/CryptoCurrency/comments/umkc4o/can_we_admit_now_that_it_didnt_work_this_sub_was/,all_ads,6,1652165048.0,,,,
1,[],False,MediumAdhesiveness5,,Observer,"[{'e': 'text', 't': 'Observer'}]",Observer,dark,richtext,t2_36348p57,False,False,False,[],False,False,1652177875,self.CryptoCurrency,https://www.reddit.com/r/CryptoCurrency/comments/umfeus/lunaust_discussion_megathread/,{},umfeus,False,True,False,False,False,True,True,False,#ff66ac,DEBATE,"[{'e': 'text', 't': 'MEGATHREAD'}]",5b762856-d7c9-11e4-822a-22000b2300b2,MEGATHREAD,light,richtext,False,False,True,2,0,False,all_ads,/r/CryptoCurrency/comments/umfeus/lunaust_discussion_megathread/,False,6,1652177886,1,"In the past several hours, UST stablecoin lost its peg and dropped to as low as 69c to the dollar. As a result, the Luna token also saw severe drawdowns and the entire market braved volatility.

Here is an explanation of what happened to UST/Luna: [https://twitter.com/jonwu\_/status/1523793482850050048](https://twitter.com/jonwu_/status/1523793482850050048)

Other articles: [https://www.coindesk.com/business/2022/05/09/ust-stablecoin-falls-below-dollar-peg-for-second-time-in-48-hours/](https://www.coindesk.com/business/2022/05/09/ust-stablecoin-falls-below-dollar-peg-for-second-time-in-48-hours/)

[https://decrypt.co/99849/terra-stablecoin-peg-slips-despite-loan-bitcoin-reserves](https://decrypt.co/99849/terra-stablecoin-peg-slips-despite-loan-bitcoin-reserves)

Additional resources: r/TerraLuna (the official sub-reddit) 

Note: Since this is a Megathread topic, general posts on this topic will be removed and directed to the megathread.",True,False,False,CryptoCurrency,t5_2wlj3,4820912,public,new,self,Luna/UST Discussion Megathread,0,[],1.0,https://www.reddit.com/r/CryptoCurrency/comments/umfeus/lunaust_discussion_megathread/,all_ads,6,1652149075.0,7161c2cc-a8bb-11e7-93c3-0e3a67e32c3a,self,"{'enabled': False, 'images': [{'id': 'xVgMxtLAfYE_6ReaGkkl9ptk2AGB6X1n2bf17Xq_gS8', 'resolutions': [{'height': 108, 'url': 'https://external-preview.redd.it/Ampdj_ukMxt4b_WIxefV_vKCuBxJqmgMr9CHkRIde_4.jpg?width=108&amp;crop=smart&amp;auto=webp&amp;s=fa9fc75d61396c5f668f4851a08ea530b16936c9', 'width': 108}], 'source': {'height': 140, 'url': 'https://external-preview.redd.it/Ampdj_ukMxt4b_WIxefV_vKCuBxJqmgMr9CHkRIde_4.jpg?auto=webp&amp;s=c2e0183b678c4402007098125e22214afb2056be', 'width': 140}, 'variants': {}}]}",
2,[],False,xtmonkey,,,"[{'e': 'text', 't': 'Platinum | QC: CC 93'}]",Platinum | QC: CC 93,dark,richtext,t2_91h03q,False,False,False,[],False,False,1652136550,self.CryptoCurrency,https://www.reddit.com/r/CryptoCurrency/comments/um3m3x/whats_going_on_with_terraluna/,{},um3m3x,False,False,False,False,False,False,True,False,#7193ff,DISCUSSION,"[{'e': 'text', 't': 'DISCUSSION'}]",87049662-0882-11e5-82e1-0e9d1a9f7761,DISCUSSION,dark,richtext,False,False,True,1,0,False,all_ads,/r/CryptoCurrency/comments/um3m3x/whats_going_on_with_terraluna/,False,6,1652136560,1,[removed],True,False,False,CryptoCurrency,t5_2wlj3,4818956,public,,self,What's going on with TerraLuna?,0,[],1.0,https://www.reddit.com/r/CryptoCurrency/comments/um3m3x/whats_going_on_with_terraluna/,all_ads,6,1652107750.0,,,,moderator
