,all_awardings,allow_live_comments,author,author_flair_background_color,author_flair_css_class,author_flair_richtext,author_flair_text,author_flair_text_color,author_flair_type,author_fullname,author_is_blocked,author_patreon_flair,author_premium,awarders,can_mod_post,contest_mode,created_utc,domain,full_link,gildings,id,is_created_from_ads_ui,is_crosspostable,is_meta,is_original_content,is_reddit_media_domain,is_robot_indexable,is_self,is_video,link_flair_background_color,link_flair_css_class,link_flair_richtext,link_flair_template_id,link_flair_text,link_flair_text_color,link_flair_type,locked,media_only,no_follow,num_comments,num_crossposts,over_18,parent_whitelist_status,permalink,pinned,post_hint,preview,pwls,retrieved_on,score,selftext,send_replies,spoiler,stickied,subreddit,subreddit_id,subreddit_subscribers,subreddit_type,suggested_sort,thumbnail,title,total_awards_received,treatment_tags,upvote_ratio,url,whitelist_status,wls,created,media,media_embed,secure_media,secure_media_embed,thumbnail_height,thumbnail_width,url_overridden_by_dest,removed_by_category,crosspost_parent,crosspost_parent_list,author_cakeday
0,[],False,Odlavso,,,"[{'e': 'text', 't': ' kidney for sale, slightly used. DM for details '}]"," kidney for sale, slightly used. DM for details ",dark,richtext,t2_4r7d40d,False,False,True,[],False,False,1652542144,self.CryptoCurrency,https://www.reddit.com/r/CryptoCurrency/comments/upjlla/the_five_stages_of_grief_what_i_have_observed_on/,{},upjlla,False,True,False,False,False,True,True,False,#cc8b00,ANECDOTAL,"[{'e': 'text', 't': 'ANECDOTAL'}]",613cabf0-1d90-11e4-953d-12313b0eb482,ANECDOTAL,light,richtext,False,False,True,1,0,False,all_ads,/r/CryptoCurrency/comments/upjlla/the_five_stages_of_grief_what_i_have_observed_on/,False,self,"{'enabled': False, 'images': [{'id': 'JmTmgc-twTxG0eLM-zn1KFoHnhlt9s07GdNwRefEXfU', 'resolutions': [{'height': 143, 'url': 'https://external-preview.redd.it/NFaar0-VGljWnhPKmjdaQ1AWhxZiet7J9tMzQURXiz8.jpg?width=108&amp;crop=smart&amp;auto=webp&amp;s=5713ee0ace41eae2aad894f62147210eeb03226e', 'width': 108}, {'height': 287, 'url': 'https://external-preview.redd.it/NFaar0-VGljWnhPKmjdaQ1AWhxZiet7J9tMzQURXiz8.jpg?width=216&amp;crop=smart&amp;auto=webp&amp;s=9740f2a147de2b9ddb5a7ddabb99daa3ee5d8ce1', 'width': 216}], 'source': {'height': 293, 'url': 'https://external-preview.redd.it/NFaar0-VGljWnhPKmjdaQ1AWhxZiet7J9tMzQURXiz8.jpg?auto=webp&amp;s=5c02cb55ebf58d11a450fa709e166f6640b21fe2', 'width': 220}, 'variants': {}}]}",6,1652542155,1,"Crypto winter is here, and browsing through this sub this last week has been entertaining, informative and depressing at times to say the least. 

 The **five stages of grief** model (or the **Kübler-Ross model**) states that those experiencing [grief](https://en.wikipedia.org/wiki/Grief) go through a series of five emotions: [denial](https://en.wikipedia.org/wiki/Denial), [anger](https://en.wikipedia.org/wiki/Anger), [bargaining](https://en.wikipedia.org/wiki/Bargaining), [depression](https://en.wikipedia.org/wiki/Depression_(mood)) and [acceptance](https://en.wikipedia.org/wiki/Acceptance). 

# Denial

&gt;This was most visible on the first day of the crash, many still believed that UST would repeg and LUNA would regain its value. It got worst as LUNA value dropped and this is when you had various crypto/youtubers telling their followers to buy low because LUNA was coming back.  
&gt;  
&gt;The Phrase ""Last time to buy LUNA under $10"" was thrown around, it then turned into ""Last time to buy LUNA under $5"" then ""Last time to buy LUNA under $1""

# Anger

&gt;I think some are still at this stage, they started posting on r/cc about how Crypto is a scam, how they are done with crypto and can't believe they fell for this Ponzi scheme. It looks like a lot of the same people that posted angry post on here also went over to r/buttcoin to vent their anger there and find some support.

# Bargaining

&gt;Some are still at this stage, I believe the majority of the people following Do Kwon and believing he can somehow pull off LUNA 2.0 are at this stage. Others are making small to large gains gambling on the pumps of a dead coin, using the gains as a coping mechanism to feel a bit better about the loses they took.

# Depression

&gt;If you are in this stage and feel truly Depressed, seek someone to talk to.  
&gt;  
&gt;Here we saw the suicide hotline posted on various subs and to be honest it was quite depressing reading some of the post, people took real loses.

# Acceptance

&gt;I believe the majority of people who have been in crypto for a while, those that have gone through previous crashes and have held went straight into this stage. Some holding bitcoin and eth for years simply accepted that this was coming and that they would hold through it coming out wealthier on the other side. This should be the stage that everybody should get to eventually but sadly it looks like some will remain in the anger stage leaving crypto completely.

Well thank you for attending my TED talk and cheer up things should start looking better at some point next year hopefully.",True,False,False,CryptoCurrency,t5_2wlj3,4853258,public,new,self,The Five Stages of Grief - What I have observed on this sub since we got in to the bear market,0,[],1.0,https://www.reddit.com/r/CryptoCurrency/comments/upjlla/the_five_stages_of_grief_what_i_have_observed_on/,all_ads,6,1652513344.0,,,,,,,,,,,
1,[],False,DoctorNicholasVoodoo,,,"[{'e': 'text', 't': 'Platinum | QC: CC 29'}]",Platinum | QC: CC 29,dark,richtext,t2_32xchiy4,False,False,False,[],False,False,1652542066,youtube.com,https://www.reddit.com/r/CryptoCurrency/comments/upjknt/american_institute_of_cryptocurrency_investors/,{},upjknt,False,True,False,False,False,True,False,False,#5a74cc,PERSPECTIVE,"[{'e': 'text', 't': 'PERSPECTIVE'}]",1b44cdb2-2a6c-11ec-9baf-0aa21184cd0a,PERSPECTIVE,light,richtext,False,False,False,1,0,False,all_ads,/r/CryptoCurrency/comments/upjknt/american_institute_of_cryptocurrency_investors/,False,rich:video,"{'enabled': False, 'images': [{'id': 'CKN3x4SKCTYWQg-toe_qurkVmX0QmtSKpmYZvS8DRxY', 'resolutions': [{'height': 81, 'url': 'https://external-preview.redd.it/6hZAgc9SQli-3DwyHycm-01Cxm6UPEHp8eC5gd8XcFI.jpg?width=108&amp;crop=smart&amp;auto=webp&amp;s=28cb6ebb043121ac3448c94554e5a9057fe43e16', 'width': 108}, {'height': 162, 'url': 'https://external-preview.redd.it/6hZAgc9SQli-3DwyHycm-01Cxm6UPEHp8eC5gd8XcFI.jpg?width=216&amp;crop=smart&amp;auto=webp&amp;s=d9e7c9c812dcf2ab138190f9e47f9bb56ff6abb1', 'width': 216}, {'height': 240, 'url': 'https://external-preview.redd.it/6hZAgc9SQli-3DwyHycm-01Cxm6UPEHp8eC5gd8XcFI.jpg?width=320&amp;crop=smart&amp;auto=webp&amp;s=fc69b5627235f5345cbb5292596c4d2a2df943be', 'width': 320}], 'source': {'height': 360, 'url': 'https://external-preview.redd.it/6hZAgc9SQli-3DwyHycm-01Cxm6UPEHp8eC5gd8XcFI.jpg?auto=webp&amp;s=45387c9c49d8bd7b5db8d4b55d28b4c63a72c6da', 'width': 480}, 'variants': {}}]}",6,1652542077,1,,True,False,False,CryptoCurrency,t5_2wlj3,4853250,public,new,https://b.thumbs.redditmedia.com/QFn6pNobmAUR1ghkd1EOMzbM6rVlIYcVwkRwSpDsxXU.jpg,American Institute of Cryptocurrency Investors: One Helluva Friday the 13th! RIP Do Kwon...,0,[],1.0,https://www.youtube.com/watch?v=9INHNeK1Adk,all_ads,6,1652513266.0,"{'oembed': {'author_name': 'Crypto and Coffee TV Livestream', 'author_url': 'https://www.youtube.com/channel/UClq5EuO3JrS8Xk4p055wmog', 'height': 200, 'html': '&lt;iframe width=""356"" height=""200"" src=""https://www.youtube.com/embed/9INHNeK1Adk?feature=oembed&amp;enablejsapi=1"" frameborder=""0"" allow=""accelerometer; autoplay; clipboard-write; encrypted-media; gyroscope; picture-in-picture"" allowfullscreen&gt;&lt;/iframe&gt;', 'provider_name': 'YouTube', 'provider_url': 'https://www.youtube.com/', 'thumbnail_height': 360, 'thumbnail_url': 'https://i.ytimg.com/vi/9INHNeK1Adk/hqdefault.jpg', 'thumbnail_width': 480, 'title': 'American Institute of Cryptocurrency Investors: One Helluva Friday the 13th! RIP Do Kwon...', 'type': 'video', 'version': '1.0', 'width': 356}, 'type': 'youtube.com'}","{'content': '&lt;iframe width=""356"" height=""200"" src=""https://www.youtube.com/embed/9INHNeK1Adk?feature=oembed&amp;enablejsapi=1"" frameborder=""0"" allow=""accelerometer; autoplay; clipboard-write; encrypted-media; gyroscope; picture-in-picture"" allowfullscreen&gt;&lt;/iframe&gt;', 'height': 200, 'scrolling': False, 'width': 356}","{'oembed': {'author_name': 'Crypto and Coffee TV Livestream', 'author_url': 'https://www.youtube.com/channel/UClq5EuO3JrS8Xk4p055wmog', 'height': 200, 'html': '&lt;iframe width=""356"" height=""200"" src=""https://www.youtube.com/embed/9INHNeK1Adk?feature=oembed&amp;enablejsapi=1"" frameborder=""0"" allow=""accelerometer; autoplay; clipboard-write; encrypted-media; gyroscope; picture-in-picture"" allowfullscreen&gt;&lt;/iframe&gt;', 'provider_name': 'YouTube', 'provider_url': 'https://www.youtube.com/', 'thumbnail_height': 360, 'thumbnail_url': 'https://i.ytimg.com/vi/9INHNeK1Adk/hqdefault.jpg', 'thumbnail_width': 480, 'title': 'American Institute of Cryptocurrency Investors: One Helluva Friday the 13th! RIP Do Kwon...', 'type': 'video', 'version': '1.0', 'width': 356}, 'type': 'youtube.com'}","{'content': '&lt;iframe width=""356"" height=""200"" src=""https://www.youtube.com/embed/9INHNeK1Adk?feature=oembed&amp;enablejsapi=1"" frameborder=""0"" allow=""accelerometer; autoplay; clipboard-write; encrypted-media; gyroscope; picture-in-picture"" allowfullscreen&gt;&lt;/iframe&gt;', 'height': 200, 'media_domain_url': 'https://www.redditmedia.com/mediaembed/upjknt', 'scrolling': False, 'width': 356}",105.0,140.0,https://www.youtube.com/watch?v=9INHNeK1Adk,,,,
2,[],False,kissthesky303,,,"[{'e': 'text', 't': 'Silver | QC: CC 28 | r/SSB 117'}]",Silver | QC: CC 28 | r/SSB 117,dark,richtext,t2_9jxr9xai,False,False,False,[],False,False,1652541957,self.CryptoCurrency,https://www.reddit.com/r/CryptoCurrency/comments/upjjfk/do_kwon_is_turning_the_situation_from_a_failed/,{},upjjfk,False,True,False,False,False,True,True,False,#7193ff,DISCUSSION,"[{'e': 'text', 't': 'DISCUSSION'}]",87049662-0882-11e5-82e1-0e9d1a9f7761,DISCUSSION,dark,richtext,False,False,True,0,0,False,all_ads,/r/CryptoCurrency/comments/upjjfk/do_kwon_is_turning_the_situation_from_a_failed/,False,,,6,1652541968,1,"While a police report have been made against Do Kwon, on behalf of UST and Luna investors in Singapore, CZ is publicy asking on twitter where the BTCs are, that were supposed to buyback Luna.

But in the meantime Do Kwon making proposals to fork a worthless coin on a wortless chain? He is supposed to pay whats left back to the investors, but all he does is working on a second version, that is not containing any concept on making anyone whole again. This is starting to smell pretty fishy. Is this rapidly turning from a failing algostable into a fraud?",True,False,False,CryptoCurrency,t5_2wlj3,4853243,public,new,self,Do Kwon is turning the situation from a failed project into a crime,0,[],1.0,https://www.reddit.com/r/CryptoCurrency/comments/upjjfk/do_kwon_is_turning_the_situation_from_a_failed/,all_ads,6,1652513157.0,,,,,,,,,,,
3,[],False,AptTourney,,Warning-level2-2,"[{'e': 'text', 't': 'Tin | 3 months old'}]",Tin | 3 months old,dark,richtext,t2_fr7lx4cq,False,False,False,[],False,False,1652540347,self.CryptoCurrency,https://www.reddit.com/r/CryptoCurrency/comments/upiztq/bear_market_what_future_for_cryptos/,{},upiztq,False,True,False,False,False,True,True,False,#add2e2,ADVICE,"[{'e': 'text', 't': 'ANALYSIS'}]",c1034ee6-9c2a-11e3-a8c4-12313b0e8e20,ANALYSIS,dark,richtext,False,False,False,0,0,False,all_ads,/r/CryptoCurrency/comments/upiztq/bear_market_what_future_for_cryptos/,False,,,6,1652540357,1,"  

The crypto market has been in the red for several days. Bitcoin, Ethereum and other major assets are struggling. So is this the start of a bear market ? What consequences for the crypto market?

Kris Marszalek, the CEO of the Crypto.com platform , called this Thursday, May 12 a “really rough day”, understanding a very difficult day. Over the last 7 days, the capitalization of the crypto market has lost nearly $570 billion, a drop of 33% . This more than degraded period is perhaps not over with a macro-economic and geopolitical context that is still just as complicated.

That being said, the Crypto.com executive is optimistic about the future:

The major difference between what happened in 2018 and today? No one questions the survival of cryptos. The industry will come back even stronger. She always does. Stay safe during this storm.

This is indeed an encouraging prospect for the market and the ecosystem which is no longer at the same stage of development. However, a long-term bearish phase would undoubtedly have serious consequences for the sector as a whole.

Bear market, what future for cryptos?

Bear market: what consequences?

For some analysts, the bear market has arrived . All of the top 100 tokens recorded a drop of more than 10%. Fantom recorded a loss of 44%, Solana almost 34% and Aave almost 35% over the last 7 days. All benefited from a significant rebound this Friday, May 13 with gains of 10 to 30% on the whole market.

We will only be able to confirm the arrival of a bear market after a continuous decline in cryptos over several weeks or months . In particular, the Dow theory defines a long-term downtrend with lower and lower peaks and lower and lower troughs. This is currently not the case especially with Bitcoin.

A bear market would also mean the death of many crypto projects as it has in previous cycles. The coinopsy.com site, for example, lists 753 dead projects in 2018 as a result of the bear market. Admittedly, the market is no longer at the same stage of development, but many projects will not survive a new bear market.

Indeed, at present, the number of projects has exploded, in February 2022 there were more than 10,397 different projects. By way of comparison, there were only 1,658 in March 2018. With such an explosion, it is certain that many of them will not survive a major bear market, especially the less solid projects.

Ironically Terra founder Do Kwon said earlier this month that 95% of crypto projects will die. He added that there was an element of entertainment, too, in watching these businesses die. Some will speak of karma seeing the fate of LUNA, UST and the entire Terra ecosystem in a state of clinical death following the depeg of UST and the collapse of LUNA.

The bear market may already be here. In any case, it seems necessary to prepare for it and act accordingly . The crypto market is no longer at the same stage as in 2018 but it remains a young market and many projects will not survive this new purge. The next few weeks will confirm whether this phase is just a correction or the start of a long-term downtrend.",True,False,False,CryptoCurrency,t5_2wlj3,4853070,public,,self,"Bear market, what future for cryptos?",0,[],1.0,https://www.reddit.com/r/CryptoCurrency/comments/upiztq/bear_market_what_future_for_cryptos/,all_ads,6,1652511547.0,,,,,,,,,,,
4,[],False,AdditionPartition,,,[],,,text,t2_51l3hu3b,False,False,False,[],False,False,1652539713,blockmagnates.com,https://www.reddit.com/r/CryptoCurrency/comments/upisc4/the_family_of_do_kwon_has_asked_for_police/,{},upisc4,False,True,False,False,False,True,False,False,#46d160,MARKETS,"[{'e': 'text', 't': 'MARKETS'}]",1a657c8c-e48d-11e5-a215-0e374d550989,MARKETS,light,richtext,False,False,False,0,0,False,all_ads,/r/CryptoCurrency/comments/upisc4/the_family_of_do_kwon_has_asked_for_police/,False,link,"{'enabled': False, 'images': [{'id': 'DB9NCOstEKBZAuiZxL5V0phwL_f4FhxkV0KpFlrBKYk', 'resolutions': [{'height': 71, 'url': 'https://external-preview.redd.it/jMgKcMzhUC10-34jYEWJY-04yxk92UOXFWex6dN4Fbo.jpg?width=108&amp;crop=smart&amp;auto=webp&amp;s=bc84ba6a7db35a626c1a26166ce57d53101f031d', 'width': 108}, {'height': 143, 'url': 'https://external-preview.redd.it/jMgKcMzhUC10-34jYEWJY-04yxk92UOXFWex6dN4Fbo.jpg?width=216&amp;crop=smart&amp;auto=webp&amp;s=423972fea3185704f1c0b0ec13137cb4a0b228e2', 'width': 216}, {'height': 213, 'url': 'https://external-preview.redd.it/jMgKcMzhUC10-34jYEWJY-04yxk92UOXFWex6dN4Fbo.jpg?width=320&amp;crop=smart&amp;auto=webp&amp;s=9e7e3c45135c482b5fb64ff818f3c0da3cc9ebbf', 'width': 320}, {'height': 426, 'url': 'https://external-preview.redd.it/jMgKcMzhUC10-34jYEWJY-04yxk92UOXFWex6dN4Fbo.jpg?width=640&amp;crop=smart&amp;auto=webp&amp;s=3644124ac5a9ac5abb033afca0343e34a10be516', 'width': 640}], 'source': {'height': 426, 'url': 'https://external-preview.redd.it/jMgKcMzhUC10-34jYEWJY-04yxk92UOXFWex6dN4Fbo.jpg?auto=webp&amp;s=630b0482620e7af944fbf0c7faa90763102419d1', 'width': 640}, 'variants': {}}]}",6,1652539724,1,,True,False,False,CryptoCurrency,t5_2wlj3,4853007,public,,https://b.thumbs.redditmedia.com/lQASg9EIB2QsXK2jqQydTi9474Faki84bFxMTdn7ifE.jpg,The family of Do Kwon has asked for police protection,0,[],1.0,https://blockmagnates.com/luna-and-ust-ceos-family-asking-for-police-protection/,all_ads,6,1652510913.0,,,,,93.0,140.0,https://blockmagnates.com/luna-and-ust-ceos-family-asking-for-police-protection/,,,,
5,[],False,AdditionPartition,,,[],,,text,t2_51l3hu3b,False,False,False,[],False,False,1652539569,blockmagnates.com,https://www.reddit.com/r/CryptoCurrency/comments/upiqnz/do_kwon_family_asking_for_police_protection/,{},upiqnz,False,True,False,False,False,True,False,False,#0aa18f,NEWS,"[{'e': 'text', 't': 'GENERAL-NEWS'}]",f170aab2-246f-11ec-8143-429a193c9848,GENERAL-NEWS,light,richtext,False,False,True,0,0,False,all_ads,/r/CryptoCurrency/comments/upiqnz/do_kwon_family_asking_for_police_protection/,False,link,"{'enabled': False, 'images': [{'id': 'DB9NCOstEKBZAuiZxL5V0phwL_f4FhxkV0KpFlrBKYk', 'resolutions': [{'height': 71, 'url': 'https://external-preview.redd.it/jMgKcMzhUC10-34jYEWJY-04yxk92UOXFWex6dN4Fbo.jpg?width=108&amp;crop=smart&amp;auto=webp&amp;s=bc84ba6a7db35a626c1a26166ce57d53101f031d', 'width': 108}, {'height': 143, 'url': 'https://external-preview.redd.it/jMgKcMzhUC10-34jYEWJY-04yxk92UOXFWex6dN4Fbo.jpg?width=216&amp;crop=smart&amp;auto=webp&amp;s=423972fea3185704f1c0b0ec13137cb4a0b228e2', 'width': 216}, {'height': 213, 'url': 'https://external-preview.redd.it/jMgKcMzhUC10-34jYEWJY-04yxk92UOXFWex6dN4Fbo.jpg?width=320&amp;crop=smart&amp;auto=webp&amp;s=9e7e3c45135c482b5fb64ff818f3c0da3cc9ebbf', 'width': 320}, {'height': 426, 'url': 'https://external-preview.redd.it/jMgKcMzhUC10-34jYEWJY-04yxk92UOXFWex6dN4Fbo.jpg?width=640&amp;crop=smart&amp;auto=webp&amp;s=3644124ac5a9ac5abb033afca0343e34a10be516', 'width': 640}], 'source': {'height': 426, 'url': 'https://external-preview.redd.it/jMgKcMzhUC10-34jYEWJY-04yxk92UOXFWex6dN4Fbo.jpg?auto=webp&amp;s=630b0482620e7af944fbf0c7faa90763102419d1', 'width': 640}, 'variants': {}}]}",6,1652539580,1,,True,False,False,CryptoCurrency,t5_2wlj3,4852990,public,new,https://b.thumbs.redditmedia.com/lQASg9EIB2QsXK2jqQydTi9474Faki84bFxMTdn7ifE.jpg,Do Kwon Family Asking for Police Protection,0,[],1.0,https://blockmagnates.com/luna-and-ust-ceos-family-asking-for-police-protection/,all_ads,6,1652510769.0,,,,,93.0,140.0,https://blockmagnates.com/luna-and-ust-ceos-family-asking-for-police-protection/,,,,
6,[],False,tanhauser_gates_,,Warning-level2-2,"[{'e': 'text', 't': 'Tin'}]",Tin,dark,richtext,t2_yxo1c,False,False,False,[],False,False,1652537827,self.CryptoCurrency,https://www.reddit.com/r/CryptoCurrency/comments/upi6i0/how_much_do_you_think_do_kwon_pulled_out_of_his/,{},upi6i0,False,False,False,False,False,False,True,False,#7193ff,DISCUSSION,"[{'e': 'text', 't': 'DISCUSSION'}]",87049662-0882-11e5-82e1-0e9d1a9f7761,DISCUSSION,dark,richtext,False,False,True,1,0,False,all_ads,/r/CryptoCurrency/comments/upi6i0/how_much_do_you_think_do_kwon_pulled_out_of_his/,False,,,6,1652537837,1,[removed],True,False,False,CryptoCurrency,t5_2wlj3,4852841,public,,self,How much do you think Do Kwon pulled out of his project before the crash?,0,[],1.0,https://www.reddit.com/r/CryptoCurrency/comments/upi6i0/how_much_do_you_think_do_kwon_pulled_out_of_his/,all_ads,6,1652509027.0,,,,,,,,moderator,,,
7,[],False,Atsoc1993,,Warning-level2-2,"[{'e': 'text', 't': 'Tin | SHIB 24'}]",Tin | SHIB 24,dark,richtext,t2_66usqhg6,False,False,False,[],False,False,1652535228,self.CryptoCurrency,https://www.reddit.com/r/CryptoCurrency/comments/uphdkz/opinion_from_hell_luna_luma_will_rise_from_the/,{},uphdkz,False,True,False,False,False,True,True,False,#7193ff,DISCUSSION,"[{'e': 'text', 't': 'DISCUSSION'}]",87049662-0882-11e5-82e1-0e9d1a9f7761,DISCUSSION,dark,richtext,False,False,True,0,0,False,all_ads,/r/CryptoCurrency/comments/uphdkz/opinion_from_hell_luna_luma_will_rise_from_the/,False,,,6,1652535239,1,"My fiancé and I’s pet cat almost died (pyometra) — her name is Luma.

20-30% survival rate, and she’s still hanging in there. She’s eating well (so far), and smells like hell although we can’t bathe her properly aside from wet wipes because of her recently closed incisions. She can barely let out a faint meow, and we can’t even use regular kitty litter anymore—every morning we rip up some newspaper after cleaning her litter box.

Anyways, it gets more dark and graphic. Not sure if I could even post videos/images if I wanted to, if I ever even dared to share something like what she went through. Her vet went as far as to say it could be feline covid (tinfoil hat moment for him). Although this sounds like rambling nonsense and a possibly drunken, incoherent comparison of my cat Luma’s current recovery to Luna’s potentially imminent demise… I have one thing to say.


Buy. At. Least. A. Little. Luna. JUST. In. CASE. (Not financial advice)

Anything can happen, not financial advice, especially coming from someone who just lost a $30,000 loan @ 25% APR without disposable income (see my post history) trying to long Algorand at .68 cents with a 4x margin.

If it goes to 0, it goes to 0, but I’m hearing from some who had Luna who bought a few million at .000006 and are sitting on a generous couple thousand as it’s ‘recovering’ to quadruple 0’s. If it can go $100+ to $0.000006 in a few days, anything can happen in the positive direction. 

Could it go to 0? Maybe. It might even go negative at this point.

Do I know this 20 year old Kwon guy or why people hate him so much? No.

Do I even know what the project entails? No.

Was I a long-time holder? No. But if I was I wouldn’t sell at a loss. I would buy the dip, like the imbecile that I am. Again, not financial advice. At this point though… it’s just whatever. 

Do I want people to not give up on something I know nothing about because I think they can turn this around for everyone and because I made a tiny profit and I am greedy? Yes.

Do I understand the UST mechanics? No, and I don’t care much for technicals either, as long as the project has a name for itself at this point.

Bet on the moon boys and lose it all, we’re in this together. Life’s short so let’s do what we do best. Succeed or go broke trying. 

(Also, please no toxic comments about my cat Luna, you will seriously hurt our feelings, she’s less than a year old, thank you)

**Anything.Can.Happen**

**My condolences to those sitting on heavy debt/loss and trust me although I wasn’t in this Luna business earlier trust me I’m right there with you**


*P.S. “Un.popular Opinion” in the title of your post is a blacklisted word here that will auto-delete your posts in this subreddit.*",True,False,False,CryptoCurrency,t5_2wlj3,4852607,public,new,self,Opinion From Hell: Luna (Luma) Will Rise From The Ashes (Deleted yesterday),0,[],1.0,https://www.reddit.com/r/CryptoCurrency/comments/uphdkz/opinion_from_hell_luna_luma_will_rise_from_the/,all_ads,6,1652506428.0,,,,,,,,,,,
8,[],False,SmallCapTraderHoot,,,[],,,text,t2_9lv0vauc,False,False,False,[],False,False,1652534326,self.CryptoCurrency,https://www.reddit.com/r/CryptoCurrency/comments/uph3p1/do_kwon_proposes_terra_revival_including_token/,{},uph3p1,False,False,False,False,False,False,True,False,#7193ff,DISCUSSION,"[{'e': 'text', 't': 'DISCUSSION'}]",87049662-0882-11e5-82e1-0e9d1a9f7761,DISCUSSION,dark,richtext,False,False,True,1,0,False,all_ads,/r/CryptoCurrency/comments/uph3p1/do_kwon_proposes_terra_revival_including_token/,False,self,"{'enabled': False, 'images': [{'id': 'UZT1OFdjjKwK903ss9ae0qQfDoE65OPW_v_HuF57iGI', 'resolutions': [{'height': 71, 'url': 'https://external-preview.redd.it/aryh0Wdl3ERZa-4tkythNGYLy3i_SnM3uVZJiQjacoQ.jpg?width=108&amp;crop=smart&amp;auto=webp&amp;s=014a0aafb6dac9de4438a10a20bafb23b1836219', 'width': 108}, {'height': 143, 'url': 'https://external-preview.redd.it/aryh0Wdl3ERZa-4tkythNGYLy3i_SnM3uVZJiQjacoQ.jpg?width=216&amp;crop=smart&amp;auto=webp&amp;s=cb5778215ac8f8267de09e513eb689a6082fe302', 'width': 216}, {'height': 213, 'url': 'https://external-preview.redd.it/aryh0Wdl3ERZa-4tkythNGYLy3i_SnM3uVZJiQjacoQ.jpg?width=320&amp;crop=smart&amp;auto=webp&amp;s=fd2d9e0c3a169a33d48285bd5307c7e7c7b89944', 'width': 320}, {'height': 426, 'url': 'https://external-preview.redd.it/aryh0Wdl3ERZa-4tkythNGYLy3i_SnM3uVZJiQjacoQ.jpg?width=640&amp;crop=smart&amp;auto=webp&amp;s=0617e4768334af2d549a7c92ad95206a54c347d5', 'width': 640}, {'height': 639, 'url': 'https://external-preview.redd.it/aryh0Wdl3ERZa-4tkythNGYLy3i_SnM3uVZJiQjacoQ.jpg?width=960&amp;crop=smart&amp;auto=webp&amp;s=b20ac03b41b3b73093283d8714d84087d69ea200', 'width': 960}, {'height': 719, 'url': 'https://external-preview.redd.it/aryh0Wdl3ERZa-4tkythNGYLy3i_SnM3uVZJiQjacoQ.jpg?width=1080&amp;crop=smart&amp;auto=webp&amp;s=cb277e96fd441cd8be91d600f64f6d5092a60c0d', 'width': 1080}], 'source': {'height': 773, 'url': 'https://external-preview.redd.it/aryh0Wdl3ERZa-4tkythNGYLy3i_SnM3uVZJiQjacoQ.jpg?auto=webp&amp;s=f216614be36137489fedf565f004efcffabf9ae4', 'width': 1160}, 'variants': {}}]}",6,1652534336,1,[removed],True,False,False,CryptoCurrency,t5_2wlj3,4852496,public,new,self,"Do Kwon proposes Terra revival, including token redistribution plan",0,[],1.0,https://www.reddit.com/r/CryptoCurrency/comments/uph3p1/do_kwon_proposes_terra_revival_including_token/,all_ads,6,1652505526.0,,,,,,,,moderator,,,
9,[],False,AdditionPartition,,,[],,,text,t2_51l3hu3b,False,False,False,[],False,False,1652534321,blockmagnates.com,https://www.reddit.com/r/CryptoCurrency/comments/uph3nb/don_kwon_family_is_asking_for_police_protection/,{},uph3nb,False,True,False,False,False,True,False,False,#0aa18f,NEWS,"[{'e': 'text', 't': 'GENERAL-NEWS'}]",f170aab2-246f-11ec-8143-429a193c9848,GENERAL-NEWS,light,richtext,False,False,False,0,0,False,all_ads,/r/CryptoCurrency/comments/uph3nb/don_kwon_family_is_asking_for_police_protection/,False,link,"{'enabled': False, 'images': [{'id': 'DB9NCOstEKBZAuiZxL5V0phwL_f4FhxkV0KpFlrBKYk', 'resolutions': [{'height': 71, 'url': 'https://external-preview.redd.it/jMgKcMzhUC10-34jYEWJY-04yxk92UOXFWex6dN4Fbo.jpg?width=108&amp;crop=smart&amp;auto=webp&amp;s=bc84ba6a7db35a626c1a26166ce57d53101f031d', 'width': 108}, {'height': 143, 'url': 'https://external-preview.redd.it/jMgKcMzhUC10-34jYEWJY-04yxk92UOXFWex6dN4Fbo.jpg?width=216&amp;crop=smart&amp;auto=webp&amp;s=423972fea3185704f1c0b0ec13137cb4a0b228e2', 'width': 216}, {'height': 213, 'url': 'https://external-preview.redd.it/jMgKcMzhUC10-34jYEWJY-04yxk92UOXFWex6dN4Fbo.jpg?width=320&amp;crop=smart&amp;auto=webp&amp;s=9e7e3c45135c482b5fb64ff818f3c0da3cc9ebbf', 'width': 320}, {'height': 426, 'url': 'https://external-preview.redd.it/jMgKcMzhUC10-34jYEWJY-04yxk92UOXFWex6dN4Fbo.jpg?width=640&amp;crop=smart&amp;auto=webp&amp;s=3644124ac5a9ac5abb033afca0343e34a10be516', 'width': 640}], 'source': {'height': 426, 'url': 'https://external-preview.redd.it/jMgKcMzhUC10-34jYEWJY-04yxk92UOXFWex6dN4Fbo.jpg?auto=webp&amp;s=630b0482620e7af944fbf0c7faa90763102419d1', 'width': 640}, 'variants': {}}]}",6,1652534332,1,,True,False,False,CryptoCurrency,t5_2wlj3,4852496,public,new,https://b.thumbs.redditmedia.com/lQASg9EIB2QsXK2jqQydTi9474Faki84bFxMTdn7ifE.jpg,Don Kwon Family is asking for police protection,0,[],1.0,https://blockmagnates.com/luna-and-ust-ceos-family-asking-for-police-protection/,all_ads,6,1652505521.0,,,,,93.0,140.0,https://blockmagnates.com/luna-and-ust-ceos-family-asking-for-police-protection/,,,,
10,[],False,StoneWall_MWO,,Warning-level1-1,"[{'e': 'text', 't': 'Bronze'}]",Bronze,dark,richtext,t2_102tyd,False,False,False,[],False,False,1652529511,self.CryptoCurrency,https://www.reddit.com/r/CryptoCurrency/comments/upfqew/new_luna_leadership_is_needed/,{},upfqew,False,True,False,False,False,True,True,False,#7193ff,DISCUSSION,"[{'e': 'text', 't': 'DISCUSSION'}]",87049662-0882-11e5-82e1-0e9d1a9f7761,DISCUSSION,dark,richtext,False,False,False,1,0,False,all_ads,/r/CryptoCurrency/comments/upfqew/new_luna_leadership_is_needed/,False,self,"{'enabled': False, 'images': [{'id': 'vOD-gP9vxwEu-ax9zj4eXcLwVirI_7X_awvlPcqJNgk', 'resolutions': [{'height': 60, 'url': 'https://external-preview.redd.it/45j7Cial92LQHzQ9HnU60U2WxYIlB_Co6T3H7-6SKqs.jpg?width=108&amp;crop=smart&amp;auto=webp&amp;s=ad68c4665211214b194ea0f2c1873b1e947e1da4', 'width': 108}, {'height': 121, 'url': 'https://external-preview.redd.it/45j7Cial92LQHzQ9HnU60U2WxYIlB_Co6T3H7-6SKqs.jpg?width=216&amp;crop=smart&amp;auto=webp&amp;s=a068d95d654a4ba370c78697d4e149d791ec116c', 'width': 216}, {'height': 180, 'url': 'https://external-preview.redd.it/45j7Cial92LQHzQ9HnU60U2WxYIlB_Co6T3H7-6SKqs.jpg?width=320&amp;crop=smart&amp;auto=webp&amp;s=95711aa2ae8e56ecc0a637d69d97653dd0011905', 'width': 320}, {'height': 360, 'url': 'https://external-preview.redd.it/45j7Cial92LQHzQ9HnU60U2WxYIlB_Co6T3H7-6SKqs.jpg?width=640&amp;crop=smart&amp;auto=webp&amp;s=d81cc02b20513a360b0aa2e1be6b624cf59af1c0', 'width': 640}, {'height': 540, 'url': 'https://external-preview.redd.it/45j7Cial92LQHzQ9HnU60U2WxYIlB_Co6T3H7-6SKqs.jpg?width=960&amp;crop=smart&amp;auto=webp&amp;s=446ecefa586b04eec516a9f279c9f1ccf76bfbfb', 'width': 960}, {'height': 607, 'url': 'https://external-preview.redd.it/45j7Cial92LQHzQ9HnU60U2WxYIlB_Co6T3H7-6SKqs.jpg?width=1080&amp;crop=smart&amp;auto=webp&amp;s=2b6e2ad994835cb23ca18e1af8eb889c220e342c', 'width': 1080}], 'source': {'height': 1080, 'url': 'https://external-preview.redd.it/45j7Cial92LQHzQ9HnU60U2WxYIlB_Co6T3H7-6SKqs.jpg?auto=webp&amp;s=e3d43a0888df61e1a2f831e1ec472a0978f9fb4f', 'width': 1920}, 'variants': {}}]}",6,1652529522,1,"Do Kwon and others should step down over their mismanagement and lack of communication.

 

* **Luna, the cryptocurrency associated with TerraUSD, or UST, is now worth $0 as the stablecoin has dramatically lost its $1 peg.**
* **The Terra network stopped processing transactions twice in 24 hours.**
* **Binance, the world’s largest crypto exchange, temporarily delisted UST and Luna.**

Not addressing FUD and trolling billionaires is why this failed. Guess who was at the forefront? Mr. Kwonconnect.

&amp;#x200B;

\&gt; The demise of controversial stablecoin venture Terra has resulted in a meltdown in the crypto market, which erased [billions of dollars](https://www.cnbc.com/2022/05/12/bitcoin-btc-price-falls-below-27000-as-crypto-sell-off-intensifies.html) in value in a single day. 

He also lost the entire market money. Can't argue with him if we're all poor.

&amp;#x200B;

[https://twitter.com/hasufl/status/1405576923024089091](https://twitter.com/hasufl/status/1405576923024089091)

&amp;#x200B;

Plenty of people called this stable coin out and was labeled as FUD. It is too bad the team didn't implement any changes.",True,False,False,CryptoCurrency,t5_2wlj3,4852063,public,new,self,New Luna Leadership is Needed,0,[],1.0,https://www.reddit.com/r/CryptoCurrency/comments/upfqew/new_luna_leadership_is_needed/,all_ads,6,1652500711.0,,,,,,,,,,,
11,[],False,Socialinfluencing,,,"[{'e': 'text', 't': ' Criptrillionaire Life! Css: Moon.'}]", Criptrillionaire Life! Css: Moon.,dark,richtext,t2_4bg8kgqw,False,False,False,[],False,False,1652527731,theblockcrypto.com,https://www.reddit.com/r/CryptoCurrency/comments/upfap1/this_isnt_the_first_time_do_kwon_has_failed_at_a/,{},upfap1,False,True,False,False,False,True,False,False,,GENERAL-NEWS,"[{'e': 'text', 't': '🟢 GENERAL-NEWS'}]",,🟢 GENERAL-NEWS,dark,richtext,False,False,True,0,0,False,all_ads,/r/CryptoCurrency/comments/upfap1/this_isnt_the_first_time_do_kwon_has_failed_at_a/,False,link,"{'enabled': False, 'images': [{'id': 'NQ43a_3nKdhwe60mBLlXyJuabHIqnu-ijRk6KSKKGOI', 'resolutions': [{'height': 60, 'url': 'https://external-preview.redd.it/NVsM6VNayeFVikbzSf55rMWnZGJJ4m7CRWkBWGFGtPI.jpg?width=108&amp;crop=smart&amp;auto=webp&amp;s=a20106e370eceb6c29cd46ea9f102694cad0f1f2', 'width': 108}, {'height': 121, 'url': 'https://external-preview.redd.it/NVsM6VNayeFVikbzSf55rMWnZGJJ4m7CRWkBWGFGtPI.jpg?width=216&amp;crop=smart&amp;auto=webp&amp;s=eb232a816c85c0c161e232c60c6dacfd57f892a9', 'width': 216}, {'height': 179, 'url': 'https://external-preview.redd.it/NVsM6VNayeFVikbzSf55rMWnZGJJ4m7CRWkBWGFGtPI.jpg?width=320&amp;crop=smart&amp;auto=webp&amp;s=2af0148aad4960eddef37a46fbe0fb0c1ea843a3', 'width': 320}, {'height': 359, 'url': 'https://external-preview.redd.it/NVsM6VNayeFVikbzSf55rMWnZGJJ4m7CRWkBWGFGtPI.jpg?width=640&amp;crop=smart&amp;auto=webp&amp;s=085b0a054d6df6d0a04324be748a57eb8a9ed0b3', 'width': 640}, {'height': 539, 'url': 'https://external-preview.redd.it/NVsM6VNayeFVikbzSf55rMWnZGJJ4m7CRWkBWGFGtPI.jpg?width=960&amp;crop=smart&amp;auto=webp&amp;s=b1550fc7a015ce1d8ae1c18cb5f74ad4ec1e176a', 'width': 960}, {'height': 606, 'url': 'https://external-preview.redd.it/NVsM6VNayeFVikbzSf55rMWnZGJJ4m7CRWkBWGFGtPI.jpg?width=1080&amp;crop=smart&amp;auto=webp&amp;s=a9df93baa0bef8a3320348f063bbcaa7679abc35', 'width': 1080}], 'source': {'height': 1079, 'url': 'https://external-preview.redd.it/NVsM6VNayeFVikbzSf55rMWnZGJJ4m7CRWkBWGFGtPI.jpg?auto=webp&amp;s=3ac862fb314b8f90b3c3c6644c42f3609eb9e58b', 'width': 1920}, 'variants': {}}]}",6,1652527741,1,,True,False,False,CryptoCurrency,t5_2wlj3,4851887,public,,https://b.thumbs.redditmedia.com/BuVfnTw5S5RATEiGAnc_N1sa-CRFbRdyyfLJdqaF14c.jpg,This isn't the first time Do Kwon has failed at a stablecoin.,0,[],1.0,https://www.theblockcrypto.com/linked/146380/terraform-labs-ceo-pseudonymously-co-created-failed-stablecoin-project-basis-cash-coindesk-reports,all_ads,6,1652498931.0,,,,,78.0,140.0,https://www.theblockcrypto.com/linked/146380/terraform-labs-ceo-pseudonymously-co-created-failed-stablecoin-project-basis-cash-coindesk-reports,,,,
12,[],False,tryM3B1tch,,,"[{'e': 'text', 't': 'Silver | QC: CC 318 | VET 22 | MiningSubs 17'}]",Silver | QC: CC 318 | VET 22 | MiningSubs 17,dark,richtext,t2_14gv9p,False,False,False,[],False,False,1652526544,self.CryptoCurrency,https://www.reddit.com/r/CryptoCurrency/comments/upf0dd/remember_that_do_kwonalgodtrading_1mil_usdt_bet/,{},upf0dd,False,True,False,False,False,True,True,False,#7193ff,DISCUSSION,"[{'e': 'text', 't': 'DISCUSSION'}]",87049662-0882-11e5-82e1-0e9d1a9f7761,DISCUSSION,dark,richtext,False,False,True,2,0,False,all_ads,/r/CryptoCurrency/comments/upf0dd/remember_that_do_kwonalgodtrading_1mil_usdt_bet/,False,self,"{'enabled': False, 'images': [{'id': '2mscJaW0bicF7ExpwHLGOwif_KjBcTlYezmSAitWnls', 'resolutions': [{'height': 108, 'url': 'https://external-preview.redd.it/3vNt-1cOv6YFTooqKlEZGMN1WTWlou1V8GASfruTBiI.jpg?width=108&amp;crop=smart&amp;auto=webp&amp;s=e457671960eab5901ea3cd7eb5bb222405ad0ad4', 'width': 108}], 'source': {'height': 140, 'url': 'https://external-preview.redd.it/3vNt-1cOv6YFTooqKlEZGMN1WTWlou1V8GASfruTBiI.jpg?auto=webp&amp;s=859b4f38540356c51ef1ac19bc9000379f2f29ad', 'width': 140}, 'variants': {}}]}",6,1652526554,1,"Just a reminder for you guys, here the [catch up post](https://www.reddit.com/r/CryptoCurrency/comments/tduu55/founder_of_terra_do_kwon_just_entered_into_a_1_m/)

TL;DR:
&gt;Do Kwon bets USDT 1Mil against Algod who thinks Terra system is a scam
&gt; Both send 1 mil USDT to CryptoCobie (0 clue why him but guess he's just a neutral player) and holds it in escrow
&gt; On 14th March 2023, if Luna's price is below $88, Algod wins

Then, 12 hours again as of writing, AlgodTrading [tweeted again](https://twitter.com/AlgodTrading/status/1525246091154931714) asking Do to release the funds as Luna won't ever get back up but Luna v2 that they're definitely releasing has a shot

Do you reckon Do will pull some BS about the bet to win?",True,False,False,CryptoCurrency,t5_2wlj3,4851785,public,,self,"Remember that Do Kwon/AlgodTrading $1mil USDT bet? Safe to say, Algod has won",0,[],1.0,https://www.reddit.com/r/CryptoCurrency/comments/upf0dd/remember_that_do_kwonalgodtrading_1mil_usdt_bet/,all_ads,6,1652497744.0,,,,,,,,,,,
13,[],False,Le_Rekt_Guy,,,[],,,text,t2_nt6s2,False,False,False,[],False,False,1652526173,self.CryptoCurrency,https://www.reddit.com/r/CryptoCurrency/comments/upex57/luna_is_up_1400_in_the_past_24_hours_its_not_dead/,{},upex57,False,True,False,False,False,True,True,False,#add2e2,ADVICE,"[{'e': 'text', 't': 'ANALYSIS'}]",c1034ee6-9c2a-11e3-a8c4-12313b0e8e20,ANALYSIS,dark,richtext,False,False,True,0,0,False,all_ads,/r/CryptoCurrency/comments/upex57/luna_is_up_1400_in_the_past_24_hours_its_not_dead/,False,self,"{'enabled': False, 'images': [{'id': 'cOQnHCXG8OVihRSDeA_o3BwIhGig7XEwIdVIQCf85SI', 'resolutions': [{'height': 82, 'url': 'https://external-preview.redd.it/NHkBtXoINLcCYtK-SXtgO9TKv6zeTJ4w70KV4UcMqCc.jpg?width=108&amp;crop=smart&amp;auto=webp&amp;s=313fae47db35b72fc72bea373f2bd65be335ea40', 'width': 108}, {'height': 164, 'url': 'https://external-preview.redd.it/NHkBtXoINLcCYtK-SXtgO9TKv6zeTJ4w70KV4UcMqCc.jpg?width=216&amp;crop=smart&amp;auto=webp&amp;s=83f02951ec6cf277cd2e02073ef6117279dc8579', 'width': 216}, {'height': 243, 'url': 'https://external-preview.redd.it/NHkBtXoINLcCYtK-SXtgO9TKv6zeTJ4w70KV4UcMqCc.jpg?width=320&amp;crop=smart&amp;auto=webp&amp;s=b44e23fb5871927c84a8882ab55489fe62abfc65', 'width': 320}, {'height': 486, 'url': 'https://external-preview.redd.it/NHkBtXoINLcCYtK-SXtgO9TKv6zeTJ4w70KV4UcMqCc.jpg?width=640&amp;crop=smart&amp;auto=webp&amp;s=24c636d78876e8229173f92d7fdb2394223323ea', 'width': 640}, {'height': 729, 'url': 'https://external-preview.redd.it/NHkBtXoINLcCYtK-SXtgO9TKv6zeTJ4w70KV4UcMqCc.jpg?width=960&amp;crop=smart&amp;auto=webp&amp;s=d663fedf4129389d3dd5edfca4c4d63ebcce8612', 'width': 960}], 'source': {'height': 816, 'url': 'https://external-preview.redd.it/NHkBtXoINLcCYtK-SXtgO9TKv6zeTJ4w70KV4UcMqCc.jpg?auto=webp&amp;s=0bd9b9901f9194f58a9f61ad2322882484b16395', 'width': 1074}, 'variants': {}}]}",6,1652526183,1,"**- The coin dips 99%**

**- People buy a metric crap ton of it for literal percentage of pennies on the dollar**

**- wait a day...**

**- [Profit?](https://imgur.com/a/g7Fb226)**

**Just go to coinbase or any other broker that has it. [LUNA has more market volume than BTC as we speak](https://imgur.com/a/cmvwEpt)**

And that's basically it. Do what you want with this information. 

---

I guess while I'm here I'll also talk about what this crap does other than go up.

&gt;[LUNA Price Live Data](https://coinmarketcap.com/currencies/terra-luna/)

""The live Terra price today is $0.000516 USD with a 24-hour trading volume of $5,895,240,536 USD. We update our LUNA to USD price in real-time. Terra is down ,308.92% in the last 24 hours. The current CoinMarketCap ranking is #205, with a live market cap of $3,371,590,020 USD. It has a circulating supply of 6,530,849,796,379 LUNA coins and the max. supply is not available.

If you would like to know where to buy Terra at the current rate, the top cryptocurrency exchanges for trading in Terra stock are currently Binance, OKX, BTCEX, FTX, and Bybit. You can find others listed on our crypto exchanges page.
What Is Terra (LUNA)?

Terra is a blockchain protocol that uses fiat-pegged stablecoins to power price-stable global payments systems. According to its white paper, Terra combines the price stability and wide adoption of fiat currencies with the censorship-resistance of Bitcoin (BTC) and offers fast and affordable settlements.

Development on Terra began in January 2018, and its mainnet officially launched in April 2019. As of September 2021, it offers stablecoins pegged to the U.S. dollar, South Korean won, Mongolian tugrik and the International Monetary Fund's Special Drawing Rights basket of currencies — and it intends to roll out additional options.

Terra's native token, LUNA, is used to stabilize the price of the protocol's stablecoins. LUNA holders are also able to submit and vote on governance proposals, giving it the functionality of a governance token.
Who Are the Founders of Terra?

Terra was founded in January 2018 by Daniel Shin and Do Kwon. The two conceived of the project as a way to drive the rapid adoption of blockchain technology and cryptocurrency through a focus on price stability and usability. Kwon took on the position of CEO of Terraform Labs, the company behind Terra.

Prior to developing Terra, Shin co-founded and headed Ticket Monster, otherwise known as TMON — a major South Korean e-commerce platform. He later co-founded Fast Track Asia, a startup incubator working with entrepreneurs to build fully functional companies.

Kwon previously founded and served as CEO of Anyfi, a startup providing decentralized wireless mesh networking solutions. He has also worked as a software engineer for Microsoft and Apple.""",True,False,False,CryptoCurrency,t5_2wlj3,4851754,public,new,self,"LUNA is up 1400% in the past 24 hours, it's not dead yet",0,[],1.0,https://www.reddit.com/r/CryptoCurrency/comments/upex57/luna_is_up_1400_in_the_past_24_hours_its_not_dead/,all_ads,6,1652497373.0,,,,,,,,,,,
14,[],False,Makoria,,,[],,,text,t2_10gv77,False,False,False,[],False,False,1652522542,reddit.com,https://www.reddit.com/r/CryptoCurrency/comments/upe2tc/a_police_report_have_been_made_against_do_kwon_on/,{},upe2tc,False,True,False,False,False,True,False,False,#c403f5,COMEDY,"[{'e': 'text', 't': 'COMEDY'}]",5c104cfc-d7c8-11e4-9d14-22000b6902b0,COMEDY,dark,richtext,False,False,False,0,0,False,all_ads,/r/CryptoCurrency/comments/upe2tc/a_police_report_have_been_made_against_do_kwon_on/,False,,,6,1652522553,1,,False,False,False,CryptoCurrency,t5_2wlj3,4851475,public,,https://b.thumbs.redditmedia.com/uMMGy1aNOJfdVgJUeBuPmUV03P8GDKlFZ56qCMcs83o.jpg,"A police report have been made against Do Kwon, on behalf of UST and Luna investors in Singapore. What a joke.",0,[],1.0,https://www.reddit.com/gallery/up8y25,all_ads,6,1652493742.0,,,,,140.0,140.0,https://www.reddit.com/gallery/up8y25,,t3_up8y25,"[{'all_awardings': [], 'allow_live_comments': True, 'approved_at_utc': None, 'approved_by': None, 'archived': False, 'author': 'ponzipolice', 'author_flair_background_color': None, 'author_flair_css_class': None, 'author_flair_richtext': [], 'author_flair_template_id': None, 'author_flair_text': None, 'author_flair_text_color': None, 'author_flair_type': 'text', 'author_fullname': 't2_n3c04fd6', 'author_is_blocked': False, 'author_patreon_flair': False, 'author_premium': False, 'awarders': [], 'banned_at_utc': None, 'banned_by': None, 'can_gild': True, 'can_mod_post': False, 'category': None, 'clicked': False, 'content_categories': None, 'contest_mode': False, 'created': 1652500632.0, 'created_utc': 1652500632.0, 'discussion_type': None, 'distinguished': None, 'domain': 'reddit.com', 'downs': 0, 'edited': False, 'gallery_data': {'items': [{'id': 141993554, 'media_id': '5doajn397dz81'}, {'id': 141993555, 'media_id': 'gna9mo397dz81'}, {'id': 141993556, 'media_id': '4y04on397dz81'}]}, 'gilded': 0, 'gildings': {}, 'hidden': False, 'hide_score': False, 'id': 'up8y25', 'is_created_from_ads_ui': False, 'is_crosspostable': True, 'is_gallery': True, 'is_meta': False, 'is_original_content': False, 'is_reddit_media_domain': False, 'is_robot_indexable': True, 'is_self': False, 'is_video': False, 'likes': None, 'link_flair_background_color': '', 'link_flair_css_class': None, 'link_flair_richtext': [], 'link_flair_text': None, 'link_flair_text_color': 'dark', 'link_flair_type': 'text', 'locked': False, 'media': None, 'media_embed': {}, 'media_metadata': {'4y04on397dz81': {'e': 'Image', 'id': '4y04on397dz81', 'm': 'image/jpg', 'p': [{'u': 'https://preview.redd.it/4y04on397dz81.jpg?width=108&amp;crop=smart&amp;auto=webp&amp;s=4ac2ac873e5f2ac0ed022df0ca9e34efdf0feda5', 'x': 108, 'y': 152}, {'u': 'https://preview.redd.it/4y04on397dz81.jpg?width=216&amp;crop=smart&amp;auto=webp&amp;s=8f0b1042bed0d715e5b26d1dbdbe0cee6b407eee', 'x': 216, 'y': 305}, {'u': 'https://preview.redd.it/4y04on397dz81.jpg?width=320&amp;crop=smart&amp;auto=webp&amp;s=b94353eaf790ddac2dba82865294a8202d698ff1', 'x': 320, 'y': 451}], 's': {'u': 'https://preview.redd.it/4y04on397dz81.jpg?width=594&amp;format=pjpg&amp;auto=webp&amp;s=9e0c461483960b71646891b239d3d803484afdfb', 'x': 594, 'y': 839}, 'status': 'valid'}, '5doajn397dz81': {'e': 'Image', 'id': '5doajn397dz81', 'm': 'image/jpg', 'p': [{'u': 'https://preview.redd.it/5doajn397dz81.jpg?width=108&amp;crop=smart&amp;auto=webp&amp;s=786d2ae3f0c2ac14e34e1c6234bc28101f0cc85f', 'x': 108, 'y': 153}, {'u': 'https://preview.redd.it/5doajn397dz81.jpg?width=216&amp;crop=smart&amp;auto=webp&amp;s=4af616fd4e0c185f0a752a16f929482a88ed40f1', 'x': 216, 'y': 306}, {'u': 'https://preview.redd.it/5doajn397dz81.jpg?width=320&amp;crop=smart&amp;auto=webp&amp;s=728cb711b42e335fab4b63a4b1c7c5d5a49acc39', 'x': 320, 'y': 453}], 's': {'u': 'https://preview.redd.it/5doajn397dz81.jpg?width=592&amp;format=pjpg&amp;auto=webp&amp;s=68f015ff59db795e513cdc8843d804c0baa42dc2', 'x': 592, 'y': 839}, 'status': 'valid'}, 'gna9mo397dz81': {'e': 'Image', 'id': 'gna9mo397dz81', 'm': 'image/jpg', 'p': [{'u': 'https://preview.redd.it/gna9mo397dz81.jpg?width=108&amp;crop=smart&amp;auto=webp&amp;s=330472f8339d7dae01a6964d4ec9cb20fd9156ea', 'x': 108, 'y': 151}, {'u': 'https://preview.redd.it/gna9mo397dz81.jpg?width=216&amp;crop=smart&amp;auto=webp&amp;s=bd63c84a951098e1a8191ad5c29b0930ae4276ad', 'x': 216, 'y': 303}, {'u': 'https://preview.redd.it/gna9mo397dz81.jpg?width=320&amp;crop=smart&amp;auto=webp&amp;s=56888b2e195b9ff491f80fd772aebe08a81289c6', 'x': 320, 'y': 450}], 's': {'u': 'https://preview.redd.it/gna9mo397dz81.jpg?width=593&amp;format=pjpg&amp;auto=webp&amp;s=42d972626fa5d1b72ac05a2c8aa42a049a0c6670', 'x': 593, 'y': 834}, 'status': 'valid'}}, 'media_only': False, 'mod_note': None, 'mod_reason_by': None, 'mod_reason_title': None, 'mod_reports': [], 'name': 't3_up8y25', 'no_follow': False, 'num_comments': 231, 'num_crossposts': 2, 'num_reports': None, 'over_18': False, 'parent_whitelist_status': 'all_ads', 'permalink': '/r/SingaporeRaw/comments/up8y25/a_police_report_have_been_made_against_do_kwon_on/', 'pinned': False, 'pwls': 6, 'quarantine': False, 'removal_reason': None, 'removed_by': None, 'removed_by_category': None, 'report_reasons': None, 'saved': False, 'score': 158, 'secure_media': None, 'secure_media_embed': {}, 'selftext': '', 'selftext_html': None, 'send_replies': True, 'spoiler': False, 'stickied': False, 'subreddit': 'SingaporeRaw', 'subreddit_id': 't5_xnx04', 'subreddit_name_prefixed': 'r/SingaporeRaw', 'subreddit_subscribers': 38521, 'subreddit_type': 'public', 'suggested_sort': None, 'thumbnail': 'https://b.thumbs.redditmedia.com/uMMGy1aNOJfdVgJUeBuPmUV03P8GDKlFZ56qCMcs83o.jpg', 'thumbnail_height': 140, 'thumbnail_width': 140, 'title': 'A police report have been made against Do Kwon, on behalf of UST and Luna investors.', 'top_awarded_type': None, 'total_awards_received': 0, 'treatment_tags': [], 'ups': 158, 'upvote_ratio': 0.8, 'url': 'https://www.reddit.com/gallery/up8y25', 'url_overridden_by_dest': 'https://www.reddit.com/gallery/up8y25', 'user_reports': [], 'view_count': None, 'visited': False, 'whitelist_status': 'all_ads', 'wls': 6}]",
15,[],False,Elizabethbwx,,Warning-level2-2,"[{'e': 'text', 't': 'Tin | 3 months old'}]",Tin | 3 months old,dark,richtext,t2_hh3d7gu7,False,False,False,[],False,False,1652521878,theblockcrypto.com,https://www.reddit.com/r/CryptoCurrency/comments/updxf1/after_terras_stablecoin_implosion_battered/,{},updxf1,False,True,False,False,False,True,False,False,,DISCUSSION,"[{'e': 'text', 't': '🟢 DISCUSSION'}]",,🟢 DISCUSSION,dark,richtext,False,False,True,0,0,False,all_ads,/r/CryptoCurrency/comments/updxf1/after_terras_stablecoin_implosion_battered/,False,link,"{'enabled': False, 'images': [{'id': 'DSrBKCUghSBvjdwuhU3AfN7S7v4iZ7n6o0n-tr8NK9A', 'resolutions': [{'height': 60, 'url': 'https://external-preview.redd.it/bvdJa-uoYRTl7DHGwt34UD7pknM5mlF-qMdbQfyOPe4.jpg?width=108&amp;crop=smart&amp;auto=webp&amp;s=0b786cd71ddf90de7dc47962a04f23b487dbff7e', 'width': 108}, {'height': 121, 'url': 'https://external-preview.redd.it/bvdJa-uoYRTl7DHGwt34UD7pknM5mlF-qMdbQfyOPe4.jpg?width=216&amp;crop=smart&amp;auto=webp&amp;s=a4c36066eae017df5b9402d71229e390cf1077ce', 'width': 216}, {'height': 180, 'url': 'https://external-preview.redd.it/bvdJa-uoYRTl7DHGwt34UD7pknM5mlF-qMdbQfyOPe4.jpg?width=320&amp;crop=smart&amp;auto=webp&amp;s=ec030271e176db6cf17863457d2dc4cb0ab1b314', 'width': 320}, {'height': 360, 'url': 'https://external-preview.redd.it/bvdJa-uoYRTl7DHGwt34UD7pknM5mlF-qMdbQfyOPe4.jpg?width=640&amp;crop=smart&amp;auto=webp&amp;s=d0a829fa27ddc9cb014f827e71f2dce2687a1fbf', 'width': 640}, {'height': 540, 'url': 'https://external-preview.redd.it/bvdJa-uoYRTl7DHGwt34UD7pknM5mlF-qMdbQfyOPe4.jpg?width=960&amp;crop=smart&amp;auto=webp&amp;s=d7d66e63ecb6e202448838e1ea8ae791409e48bb', 'width': 960}, {'height': 607, 'url': 'https://external-preview.redd.it/bvdJa-uoYRTl7DHGwt34UD7pknM5mlF-qMdbQfyOPe4.jpg?width=1080&amp;crop=smart&amp;auto=webp&amp;s=e210038840bbd23811c4c42ad0ff1fbccfe3016e', 'width': 1080}], 'source': {'height': 1080, 'url': 'https://external-preview.redd.it/bvdJa-uoYRTl7DHGwt34UD7pknM5mlF-qMdbQfyOPe4.jpg?auto=webp&amp;s=d0ecdc1d1cd874af615ad2a80e2c1b691c89b351', 'width': 1920}, 'variants': {}}]}",6,1652521889,1,,False,False,False,CryptoCurrency,t5_2wlj3,4851421,public,new,https://b.thumbs.redditmedia.com/hSC32OhnJwQVBsbOwRvWVwIEFUNUspZFvqwuK9B41JQ.jpg,"After Terra’s stablecoin implosion, battered investors ask ‘where is Do Kwon?’",0,[],1.0,https://www.theblockcrypto.com/post/146831/terra-ust-implosion-investors-ask-where-is-do-kwon,all_ads,6,1652493078.0,,,,,78.0,140.0,https://www.theblockcrypto.com/post/146831/terra-ust-implosion-investors-ask-where-is-do-kwon,,,,
16,[],False,hashzzz,,Warning-level2-2,"[{'e': 'text', 't': 'Tin'}]",Tin,dark,richtext,t2_4pcz0ap0,False,False,False,[],False,False,1652520917,decrypt.co,https://www.reddit.com/r/CryptoCurrency/comments/updq3d/do_kwon_resurfaces_to_propose_clean_slate_for/,{},updq3d,False,True,False,False,False,True,False,False,#0aa18f,NEWS,"[{'e': 'text', 't': 'GENERAL-NEWS'}]",f170aab2-246f-11ec-8143-429a193c9848,GENERAL-NEWS,light,richtext,False,False,False,0,0,False,all_ads,/r/CryptoCurrency/comments/updq3d/do_kwon_resurfaces_to_propose_clean_slate_for/,False,link,"{'enabled': False, 'images': [{'id': 'hRsva3zrXEn-8AAtxZOalhf7oZY-8v2QwlKw0ev3qpg', 'resolutions': [{'height': 54, 'url': 'https://external-preview.redd.it/ve5qnJZ9pHSYw_gM4-jev5yG9zMWKMGVub-sIz2F8-o.jpg?width=108&amp;crop=smart&amp;auto=webp&amp;s=bfb702cdd95f40a41afe873b9331a8a257560323', 'width': 108}, {'height': 108, 'url': 'https://external-preview.redd.it/ve5qnJZ9pHSYw_gM4-jev5yG9zMWKMGVub-sIz2F8-o.jpg?width=216&amp;crop=smart&amp;auto=webp&amp;s=c134a2f79fb0b6797e419835648bafcb8a635313', 'width': 216}, {'height': 160, 'url': 'https://external-preview.redd.it/ve5qnJZ9pHSYw_gM4-jev5yG9zMWKMGVub-sIz2F8-o.jpg?width=320&amp;crop=smart&amp;auto=webp&amp;s=e25ddfc9bf884e4634ce17a7d175b4ec27990bb3', 'width': 320}, {'height': 320, 'url': 'https://external-preview.redd.it/ve5qnJZ9pHSYw_gM4-jev5yG9zMWKMGVub-sIz2F8-o.jpg?width=640&amp;crop=smart&amp;auto=webp&amp;s=f962376444d9873204649e5dabfb93447b844ec0', 'width': 640}, {'height': 480, 'url': 'https://external-preview.redd.it/ve5qnJZ9pHSYw_gM4-jev5yG9zMWKMGVub-sIz2F8-o.jpg?width=960&amp;crop=smart&amp;auto=webp&amp;s=3ca81a8c5025ddfcd593a1178b6123b4e08428cc', 'width': 960}], 'source': {'height': 512, 'url': 'https://external-preview.redd.it/ve5qnJZ9pHSYw_gM4-jev5yG9zMWKMGVub-sIz2F8-o.jpg?auto=webp&amp;s=714b769472f6cc7a64133ce22ced464d73eda02d', 'width': 1024}, 'variants': {}}]}",6,1652520927,1,,True,False,False,CryptoCurrency,t5_2wlj3,4851336,public,new,https://a.thumbs.redditmedia.com/gSi0EoVBj9_g1A4s6h_q-JEiZqHe9lyJEePViY5sZR0.jpg,Do Kwon Resurfaces to Propose Clean Slate for Terra—Without UST Stablecoin - Decrypt,0,[],1.0,https://decrypt.co/100354/do-kwon-resurfaces-propose-clean-slate-terra-ust-stablecoin,all_ads,6,1652492117.0,,,,,70.0,140.0,https://decrypt.co/100354/do-kwon-resurfaces-propose-clean-slate-terra-ust-stablecoin,,,,
17,[],False,rartedw,,,[],,,text,t2_k0s7elnh,False,False,False,[],False,False,1652520792,self.CryptoCurrency,https://www.reddit.com/r/CryptoCurrency/comments/updp3d/why_are_people_mad_at_do_kwon_and_blame/,{},updp3d,False,True,False,False,False,True,True,False,#7193ff,DISCUSSION,"[{'e': 'text', 't': 'DISCUSSION'}]",87049662-0882-11e5-82e1-0e9d1a9f7761,DISCUSSION,dark,richtext,False,False,True,0,0,False,all_ads,/r/CryptoCurrency/comments/updp3d/why_are_people_mad_at_do_kwon_and_blame/,False,,,6,1652520802,1,"He never forced anyone to invest in his project. He didn't do a rugpull. It wasn't his fault.

""Terra was designed badly""
Then don't fucking invest in a project that is designed badly.

""Do Kwon is a sociopath/asshole""
Ok? Then don't invest in a project whose leader is an asshole. 

All the information about how Luna works is public. If you decide to invest your own money into Luna, it's your fucking fault if you lose it all.

 
People are so fucking stupid nowadays no one was forcing you to invest in Luna. It's your own fault if you invest in a shit project.",True,False,False,CryptoCurrency,t5_2wlj3,4851318,public,new,self,Why are people mad at Do Kwon and blame everything on him?,0,[],1.0,https://www.reddit.com/r/CryptoCurrency/comments/updp3d/why_are_people_mad_at_do_kwon_and_blame/,all_ads,6,1652491992.0,,,,,,,,,,,
18,[],False,rartedw,,,[],,,text,t2_k0s7elnh,False,False,False,[],False,False,1652520516,self.CryptoCurrency,https://www.reddit.com/r/CryptoCurrency/comments/updmwu/why_are_people_mad_at_do_kwon_and_blaming/,{},updmwu,False,False,False,False,False,False,True,False,#7193ff,DISCUSSION,"[{'e': 'text', 't': 'DISCUSSION'}]",87049662-0882-11e5-82e1-0e9d1a9f7761,DISCUSSION,dark,richtext,False,False,True,1,0,False,all_ads,/r/CryptoCurrency/comments/updmwu/why_are_people_mad_at_do_kwon_and_blaming/,False,,,6,1652520527,1,[removed],True,False,False,CryptoCurrency,t5_2wlj3,4851303,public,,self,Why are people mad at Do Kwon and blaming everything on him?,0,[],1.0,https://www.reddit.com/r/CryptoCurrency/comments/updmwu/why_are_people_mad_at_do_kwon_and_blaming/,all_ads,6,1652491716.0,,,,,,,,moderator,,,
19,[],False,CompetitiveDisplay99,,,[],,,text,t2_jm94aktz,False,False,False,[],False,False,1652519339,self.CryptoCurrency,https://www.reddit.com/r/CryptoCurrency/comments/upddq5/hi_everyone_check_luna_charts_right_now_wow/,{},upddq5,False,False,False,False,False,False,True,False,#646d73,MOONS,"[{'e': 'text', 't': 'MOONS 🌕'}]",1e195abc-f3e5-11e5-8899-0e1af474c431,MOONS 🌕,light,richtext,False,False,True,1,0,False,all_ads,/r/CryptoCurrency/comments/upddq5/hi_everyone_check_luna_charts_right_now_wow/,False,self,"{'enabled': False, 'images': [{'id': '11BjHMavGYgk34Ec-tqOzyDxJeVwWgVjsJSb8g_79YI', 'resolutions': [{'height': 108, 'url': 'https://external-preview.redd.it/A8tVsYeaiF6qVxwGnI1jl9kWVuNb31-sQ4ASmxoOpYM.jpg?width=108&amp;crop=smart&amp;auto=webp&amp;s=95a3a750a5860bc6a83dbf36497747a950c5dc2e', 'width': 108}], 'source': {'height': 200, 'url': 'https://external-preview.redd.it/A8tVsYeaiF6qVxwGnI1jl9kWVuNb31-sQ4ASmxoOpYM.jpg?auto=webp&amp;s=05420f0520a4a8b5bb5c0782a6bd3715e411fd8e', 'width': 200}, 'variants': {}}]}",6,1652519350,1,[removed],True,False,False,CryptoCurrency,t5_2wlj3,4851199,public,,self,"Hi Everyone, Check #Luna charts right now. WOW Binance has relisted the coin and Do Kwon reckons he has a fix. This could be the next #Shib/ #Doge/ #Gamestop. #APE IN !!!! ***(not financial advice, only buy what you are comfortable with potentially losing)",0,[],1.0,https://www.reddit.com/r/CryptoCurrency/comments/upddq5/hi_everyone_check_luna_charts_right_now_wow/,all_ads,6,1652490539.0,,,,,,,,reddit,,,
20,[],False,joeisnotsure,,Warning-level2-2,"[{'e': 'text', 't': 'Tin'}]",Tin,dark,richtext,t2_gk6yldo,False,False,False,[],False,False,1652517086,reddit.com,https://www.reddit.com/r/CryptoCurrency/comments/upcw1y/a_police_report_have_been_made_against_do_kwon_on/,{},upcw1y,False,False,False,False,False,False,False,False,#0aa18f,NEWS,"[{'e': 'text', 't': 'GENERAL-NEWS'}]",f170aab2-246f-11ec-8143-429a193c9848,GENERAL-NEWS,light,richtext,False,False,True,1,0,False,all_ads,/r/CryptoCurrency/comments/upcw1y/a_police_report_have_been_made_against_do_kwon_on/,False,,,6,1652517097,1,,True,False,False,CryptoCurrency,t5_2wlj3,4851041,public,new,https://b.thumbs.redditmedia.com/uMMGy1aNOJfdVgJUeBuPmUV03P8GDKlFZ56qCMcs83o.jpg,A police report have been made against Do Kwon on on behalf of UST and Luna investors,0,[],1.0,https://www.reddit.com/r/SingaporeRaw/comments/up8y25/a_police_report_have_been_made_against_do_kwon_on/?utm_medium=android_app&amp;utm_source=share,all_ads,6,1652488286.0,,,,,140.0,140.0,https://www.reddit.com/r/SingaporeRaw/comments/up8y25/a_police_report_have_been_made_against_do_kwon_on/?utm_medium=android_app&amp;utm_source=share,moderator,,,
21,[],False,Hadron_Music,,,[],,,text,t2_8ofvezx,False,False,False,[],False,False,1652512480,self.CryptoCurrency,https://www.reddit.com/r/CryptoCurrency/comments/upbulp/i_have_absolutely_no_clue_how_someone_like_do/,{},upbulp,False,True,False,False,False,True,True,False,#7193ff,DISCUSSION,"[{'e': 'text', 't': 'DISCUSSION'}]",87049662-0882-11e5-82e1-0e9d1a9f7761,DISCUSSION,dark,richtext,False,False,True,0,0,False,all_ads,/r/CryptoCurrency/comments/upbulp/i_have_absolutely_no_clue_how_someone_like_do/,False,,,6,1652512491,1,"Don't get me wrong. No one guarantees you're gonna make it in crypto. No one told you to put your life savings into a project. Do Kwon didn't give you a whitepaper saying ""You're gonna make x10000 gains"" in it. Algorithmic stable coins always carry a high risk of failing. And Do Kwon already made a stablecoin in the past that failed. 

Now the part that I don't understand from Kwon's perspective:

* He knew exactly how fragile UST/LUNA was, yet he was being cocky, narcisstic, arrogant and &amp; egoistic the whole time.
* He had millions and didn't know how to properly spend it on the project, he gambled with it like he had another billion under his pillow.
* Creating and owning a project as big as Terra Luna, without any calculated failsafe.
* He exactly knew, that there are millions of people investing in a project he created. How come he is so sloppy, unprofessional and it seems like he didn't even a give a shit from the beginning?
* If I knew that there a million investors backing up my project...I'm gonna be honest: I'd have a problems sleeping and eating. Just because it's such a huge responsibility. He never even showed signs.
* To be so heartless on social media after his project doomed just shows clear signs of being a sociopath. I'm sorry but after hearing and reading that so many people commited suicide, people who had hope of escaping poverty because they believed in a vision of a man he didn't seem to believe in - it something that would make me cry if I think about those poor souls. 

But good thing is, that Kwon is a millionaire by now - achieved by fucking other people over. 

Just like 99% of all crypto project will lead to.",True,False,False,CryptoCurrency,t5_2wlj3,4850657,public,,self,"I have absolutely no clue, how someone like Do Kwon can pull something like this off and sleep peacefully at nights.",0,[],1.0,https://www.reddit.com/r/CryptoCurrency/comments/upbulp/i_have_absolutely_no_clue_how_someone_like_do/,all_ads,6,1652483680.0,,,,,,,,,,,
22,[],False,Sanglord,,Warning-level2-2,"[{'e': 'text', 't': 'Tin'}]",Tin,dark,richtext,t2_6q09rjl8,False,False,False,[],False,False,1652511956,self.CryptoCurrency,https://www.reddit.com/r/CryptoCurrency/comments/upbqe9/scam_ponzi_fraud_no/,{},upbqe9,False,True,False,False,False,True,True,False,#7193ff,DISCUSSION,"[{'e': 'text', 't': 'DISCUSSION'}]",87049662-0882-11e5-82e1-0e9d1a9f7761,DISCUSSION,dark,richtext,False,False,False,2,0,False,all_ads,/r/CryptoCurrency/comments/upbqe9/scam_ponzi_fraud_no/,False,,,6,1652511967,1,"I want to get this off my chest as we have all seen an incredible amount of posts/comments using these terms against a certain, once high ranking project. 

To preface - I have lost a very small amount to the recent death spiral. $800 capital and around $4,500 unrealised gains. This is nothing compared to some people. To those people - You are worth far more than the dollar value of your portfolio.

To my point. These terms - Ponzi, scam, fraud and more are barely relevant to this unprecedented event. Before you go plastering subs and forums with these words, look them up. 

The most accurate way to describe the Terra ecosystem is far more worrying - a failed experiment. The team at LFG are working tirelessly to bring some semblance of the once glorious project back to life. They have created think tanks and online forums to ensure they consider every possible method of salvation. This is not something you would ever see from a ponzi/scam. 

Do Kwon is not out to get you. He did not concoct an entire eco system just to f*** you over. 

He created something that he thought would work and it didn’t. It’s that simple.",True,False,False,CryptoCurrency,t5_2wlj3,4850616,public,,self,Scam? Ponzi? Fraud? No.,0,[],1.0,https://www.reddit.com/r/CryptoCurrency/comments/upbqe9/scam_ponzi_fraud_no/,all_ads,6,1652483156.0,,,,,,,,,,,
23,[],False,101100101000100101,,Warning-level2-2,"[{'e': 'text', 't': 'Tin'}]",Tin,dark,richtext,t2_drwu0vp5,False,False,False,[],False,False,1652511604,reddit.com,https://www.reddit.com/r/CryptoCurrency/comments/upbn6b/a_police_report_have_been_made_against_do_kwon_on/,{},upbn6b,False,True,False,False,False,True,False,False,#0aa18f,NEWS,"[{'e': 'text', 't': 'GENERAL-NEWS'}]",f170aab2-246f-11ec-8143-429a193c9848,GENERAL-NEWS,light,richtext,False,False,True,1,0,False,all_ads,/r/CryptoCurrency/comments/upbn6b/a_police_report_have_been_made_against_do_kwon_on/,False,,,6,1652511615,1,,True,False,False,CryptoCurrency,t5_2wlj3,4850579,public,new,https://b.thumbs.redditmedia.com/uMMGy1aNOJfdVgJUeBuPmUV03P8GDKlFZ56qCMcs83o.jpg,"A police report have been made against Do Kwon, on behalf of UST and Luna investors.",0,[],1.0,https://www.reddit.com/r/SingaporeRaw/comments/up8y25?is_gallery=true,all_ads,6,1652482804.0,,,,,140.0,140.0,https://www.reddit.com/r/SingaporeRaw/comments/up8y25?is_gallery=true,,,,
24,[],False,timbojimbojones,,Warning-level1-1,"[{'e': 'text', 't': 'Bronze | QC: CC 21 | ADA 25'}]",Bronze | QC: CC 21 | ADA 25,dark,richtext,t2_7w6tp6x8,False,False,False,[],False,False,1652508553,self.CryptoCurrency,https://www.reddit.com/r/CryptoCurrency/comments/upaxo2/to_everyone_that_has_shit_on_cardano/,{},upaxo2,False,True,False,False,False,True,True,False,#7193ff,DISCUSSION,"[{'e': 'text', 't': 'DISCUSSION'}]",87049662-0882-11e5-82e1-0e9d1a9f7761,DISCUSSION,dark,richtext,False,False,True,0,0,False,all_ads,/r/CryptoCurrency/comments/upaxo2/to_everyone_that_has_shit_on_cardano/,False,,,6,1652508564,1,"To everyone that has shit on cardano for being to slow or not have enough TPS, now. You have now  seen what happens when you think you can skip the the peer review process and not worry with formal methods. 

Fuck you Do Kwon you arrogant fuck. I don't have a cent in that ponzinomic chain but a big fuck you from everyone who got screwed over. 

Now do you see why cardano has taken so long and will ultimately be one of the most adopted blockchains there ever was. Nation states arn't going to build on something that can't scale cough cough ethereum, or some centralised bullshit that the most of the rest of the space seems to be, I'm looking at you Solana Avax",True,False,False,CryptoCurrency,t5_2wlj3,4850360,public,,self,to everyone that has shit on Cardano,0,[],1.0,https://www.reddit.com/r/CryptoCurrency/comments/upaxo2/to_everyone_that_has_shit_on_cardano/,all_ads,6,1652479753.0,,,,,,,,,,,
25,[],False,Atsoc1993,,Warning-level2-2,"[{'e': 'text', 't': 'Tin | SHIB 24'}]",Tin | SHIB 24,dark,richtext,t2_66usqhg6,False,False,False,[],False,False,1652491707,self.CryptoCurrency,https://www.reddit.com/r/CryptoCurrency/comments/up6g5c/opinion_from_hell_lunaluma_will_rise_from_the/,{},up6g5c,False,True,False,False,False,True,True,False,#7193ff,DISCUSSION,"[{'e': 'text', 't': 'DISCUSSION'}]",87049662-0882-11e5-82e1-0e9d1a9f7761,DISCUSSION,dark,richtext,False,False,False,0,0,False,all_ads,/r/CryptoCurrency/comments/up6g5c/opinion_from_hell_lunaluma_will_rise_from_the/,False,,,6,1652491718,1,"My fiancé and I’s pet cat almost died (pyometra) — her name is Luma.

20-30% survival rate, and she’s still hanging in there. She’s eating well (so far), and smells like hell although we can’t bathe her properly aside from wet wipes because of her recently closed incisions. She can barely let out a faint meow, and we can’t even use regular kitty litter anymore—every morning we rip up some newspaper after cleaning her litter box.

Anyways, it gets more dark and graphic. Not sure if I could even post videos/images if I wanted to, if I ever even dared to share something like what she went through. Her vet went as far as to say it could be feline covid (tinfoil hat moment for him). Although this sounds like rambling nonsense and a possibly drunken, incoherent comparison of my cat Luma’s current recovery to Luna’s potentially imminent demise… I have one thing to say.


Buy. At. Least. A. Little. Luna. JUST. In. CASE. (Not financial advice)

Anything can happen, not financial advice, especially coming from someone who just lost a $30,000 loan @ 25% APR without disposable income (see my post history) trying to long Algorand at .68 cents with a 4x margin.

If it goes to 0, it goes to 0, but I’m hearing from some who had Luna who bought a few million at .000006 and are sitting on a generous couple thousand as it’s ‘recovering’ to quadruple 0’s. If it can go $100+ to $0.000006 in a few days, anything can happen in the positive direction. 

Could it go to 0? Maybe. It might even go negative at this point.

Do I know this 20 year old Kwon guy or why people hate him so much? No.

Do I even know what the project entails? No.

Was I a long-time holder? No. But if I was I wouldn’t sell at a loss. I would buy the dip, like the imbecile that I am. Again, not financial advise. At this point though… it’s just whatever. 

Do I want people to not give up on something I know nothing about because I think they can turn this around for everyone and because I made a tiny profit and I am greedy? Yes.

Do I understand the UST mechanics? No, and I don’t care much for technicals either, as long as the project has a name for itself at this point.

Bet on the moon boys and lose it all, we’re in this together. Life’s short so let’s do what we do best. Succeed or go broke trying. 

(Also, please no toxic comments about my cat Luna, you will seriously hurt our feelings, she’s less than a year old, thank you)

**Anything.Can.Happen**",True,False,False,CryptoCurrency,t5_2wlj3,4848955,public,new,self,Opinion From Hell; Luna(Luma) Will Rise From The Ashes,0,[],1.0,https://www.reddit.com/r/CryptoCurrency/comments/up6g5c/opinion_from_hell_lunaluma_will_rise_from_the/,all_ads,6,1652462907.0,,,,,,,,,,,
26,[],False,unitys2011,,Warning-level2-2,"[{'e': 'text', 't': 'Tin'}]",Tin,dark,richtext,t2_5n3vz,False,False,False,[],False,False,1652482270,theblockcrypto.com,https://www.reddit.com/r/CryptoCurrency/comments/up3kbc/do_kwon_says_he_is_heartbroken_in_new_statement/,{},up3kbc,False,True,False,False,False,True,False,False,,GENERAL-NEWS,"[{'e': 'text', 't': '🟢 GENERAL-NEWS'}]",,🟢 GENERAL-NEWS,dark,richtext,False,False,True,0,0,False,all_ads,/r/CryptoCurrency/comments/up3kbc/do_kwon_says_he_is_heartbroken_in_new_statement/,False,,,6,1652482281,1,,True,False,False,CryptoCurrency,t5_2wlj3,4848127,public,,default,"Do Kwon says he is 'heartbroken' in new statement, claims no UST or LUNA sold during crisis",0,[],1.0,https://www.theblockcrypto.com/linked/146943/do-kwon-says-he-is-heartbroken-in-new-statement-claims-no-ust-or-luna-sold-during-crisis,all_ads,6,1652453470.0,,,,,,,https://www.theblockcrypto.com/linked/146943/do-kwon-says-he-is-heartbroken-in-new-statement-claims-no-ust-or-luna-sold-during-crisis,,,,
27,[],False,RealWina,,,[],,,text,t2_7lq2k77n,False,False,False,[],False,False,1652480270,twitter.com,https://www.reddit.com/r/CryptoCurrency/comments/up2wlm/do_kwon_i_am_heartbroken_about_the_pain_my/,{},up2wlm,False,False,False,False,False,False,False,False,#0aa18f,NEWS,"[{'e': 'text', 't': 'GENERAL-NEWS'}]",f170aab2-246f-11ec-8143-429a193c9848,GENERAL-NEWS,light,richtext,False,False,True,0,0,False,all_ads,/r/CryptoCurrency/comments/up2wlm/do_kwon_i_am_heartbroken_about_the_pain_my/,False,link,"{'enabled': False, 'images': [{'id': 'Mtc9Jf9qzquUbAZF-et0hI4zpuZtrRStWRtthrpyhNE', 'resolutions': [{'height': 108, 'url': 'https://external-preview.redd.it/yt_wfvKjw4nVDvnHsfNofUVIFOeaATFK8eAw61Ri8-o.jpg?width=108&amp;crop=smart&amp;auto=webp&amp;s=1bb5351e9da3f5945abed9c5f04dbecbe7ee80de', 'width': 108}], 'source': {'height': 140, 'url': 'https://external-preview.redd.it/yt_wfvKjw4nVDvnHsfNofUVIFOeaATFK8eAw61Ri8-o.jpg?auto=webp&amp;s=43c1a1d34e179a36d98c300023749cf6ecc08c5a', 'width': 140}, 'variants': {}}]}",6,1652480281,1,,True,False,False,CryptoCurrency,t5_2wlj3,4847955,public,,https://b.thumbs.redditmedia.com/QSHN6c6Nj3EEC85LD3TTJW_9-T31A7MnBrPCJjDI3OM.jpg,"Do Kwon: ""I am heartbroken about the pain my invention has brought on all of you.""",0,[],1.0,https://twitter.com/stablekwon/status/1525238416991891457,all_ads,6,1652451470.0,"{'oembed': {'author_name': 'Do Kwon 🌕', 'author_url': 'https://twitter.com/stablekwon', 'cache_age': 3153600000, 'height': None, 'html': '&lt;blockquote class=""twitter-video""&gt;&lt;p lang=""en"" dir=""ltr""&gt;1/ I’ve spent the last few days on the phone calling Terra community members – builders, community members, employees, friends and family, that have been devastated by UST depegging.&lt;br&gt;&lt;br&gt;I am heartbroken about the pain my invention has brought on all of you.&lt;/p&gt;&amp;mdash; Do Kwon 🌕 (@stablekwon) &lt;a href=""https://twitter.com/stablekwon/status/1525238416991891457?ref_src=twsrc%5Etfw""&gt;May 13, 2022&lt;/a&gt;&lt;/blockquote&gt;\n&lt;script async src=""https://platform.twitter.com/widgets.js"" charset=""utf-8""&gt;&lt;/script&gt;\n', 'provider_name': 'Twitter', 'provider_url': 'https://twitter.com', 'type': 'rich', 'url': 'https://twitter.com/stablekwon/status/1525238416991891457', 'version': '1.0', 'width': 350}, 'type': 'twitter.com'}","{'content': '&lt;blockquote class=""twitter-video""&gt;&lt;p lang=""en"" dir=""ltr""&gt;1/ I’ve spent the last few days on the phone calling Terra community members – builders, community members, employees, friends and family, that have been devastated by UST depegging.&lt;br&gt;&lt;br&gt;I am heartbroken about the pain my invention has brought on all of you.&lt;/p&gt;&amp;mdash; Do Kwon 🌕 (@stablekwon) &lt;a href=""https://twitter.com/stablekwon/status/1525238416991891457?ref_src=twsrc%5Etfw""&gt;May 13, 2022&lt;/a&gt;&lt;/blockquote&gt;\n&lt;script async src=""https://platform.twitter.com/widgets.js"" charset=""utf-8""&gt;&lt;/script&gt;\n', 'height': 200, 'scrolling': False, 'width': 350}","{'oembed': {'author_name': 'Do Kwon 🌕', 'author_url': 'https://twitter.com/stablekwon', 'cache_age': 3153600000, 'height': None, 'html': '&lt;blockquote class=""twitter-video""&gt;&lt;p lang=""en"" dir=""ltr""&gt;1/ I’ve spent the last few days on the phone calling Terra community members – builders, community members, employees, friends and family, that have been devastated by UST depegging.&lt;br&gt;&lt;br&gt;I am heartbroken about the pain my invention has brought on all of you.&lt;/p&gt;&amp;mdash; Do Kwon 🌕 (@stablekwon) &lt;a href=""https://twitter.com/stablekwon/status/1525238416991891457?ref_src=twsrc%5Etfw""&gt;May 13, 2022&lt;/a&gt;&lt;/blockquote&gt;\n&lt;script async src=""https://platform.twitter.com/widgets.js"" charset=""utf-8""&gt;&lt;/script&gt;\n', 'provider_name': 'Twitter', 'provider_url': 'https://twitter.com', 'type': 'rich', 'url': 'https://twitter.com/stablekwon/status/1525238416991891457', 'version': '1.0', 'width': 350}, 'type': 'twitter.com'}","{'content': '&lt;blockquote class=""twitter-video""&gt;&lt;p lang=""en"" dir=""ltr""&gt;1/ I’ve spent the last few days on the phone calling Terra community members – builders, community members, employees, friends and family, that have been devastated by UST depegging.&lt;br&gt;&lt;br&gt;I am heartbroken about the pain my invention has brought on all of you.&lt;/p&gt;&amp;mdash; Do Kwon 🌕 (@stablekwon) &lt;a href=""https://twitter.com/stablekwon/status/1525238416991891457?ref_src=twsrc%5Etfw""&gt;May 13, 2022&lt;/a&gt;&lt;/blockquote&gt;\n&lt;script async src=""https://platform.twitter.com/widgets.js"" charset=""utf-8""&gt;&lt;/script&gt;\n', 'height': 200, 'media_domain_url': 'https://www.redditmedia.com/mediaembed/up2wlm', 'scrolling': False, 'width': 350}",140.0,140.0,https://twitter.com/stablekwon/status/1525238416991891457,automod_filtered,,,
28,[],False,slavaMZ,,Warning-level2-2,"[{'e': 'text', 't': 'Tin'}]",Tin,dark,richtext,t2_40zo79ei,False,False,False,[],False,False,1652477022,youtu.be,https://www.reddit.com/r/CryptoCurrency/comments/up1stf/terra_luna_is_dead_and_do_kwon_is_screwed_is_this/,{},up1stf,False,True,False,False,False,True,False,False,#7193ff,DISCUSSION,"[{'e': 'text', 't': 'DISCUSSION'}]",87049662-0882-11e5-82e1-0e9d1a9f7761,DISCUSSION,dark,richtext,False,False,True,0,0,False,all_ads,/r/CryptoCurrency/comments/up1stf/terra_luna_is_dead_and_do_kwon_is_screwed_is_this/,False,rich:video,"{'enabled': False, 'images': [{'id': 'bwPTek_5jpPe6oKSrnXs8BXinDpjEXGEejo9melcrlg', 'resolutions': [{'height': 81, 'url': 'https://external-preview.redd.it/qpC6AAJUR24Lq7t5suS_o33j0B0qOmHy-GQmExb2luQ.jpg?width=108&amp;crop=smart&amp;auto=webp&amp;s=099b2ecb7b072cee83b8c9f50ee578f203098cb3', 'width': 108}, {'height': 162, 'url': 'https://external-preview.redd.it/qpC6AAJUR24Lq7t5suS_o33j0B0qOmHy-GQmExb2luQ.jpg?width=216&amp;crop=smart&amp;auto=webp&amp;s=6ddabfc30d3dd0c567b75f972e2d323bdb6189a5', 'width': 216}, {'height': 240, 'url': 'https://external-preview.redd.it/qpC6AAJUR24Lq7t5suS_o33j0B0qOmHy-GQmExb2luQ.jpg?width=320&amp;crop=smart&amp;auto=webp&amp;s=f61c7b69ca7d0f3eb0d45c951fc7d25a0866df94', 'width': 320}], 'source': {'height': 360, 'url': 'https://external-preview.redd.it/qpC6AAJUR24Lq7t5suS_o33j0B0qOmHy-GQmExb2luQ.jpg?auto=webp&amp;s=20dd9ac685750c76cab54cd22e5468c0219bebef', 'width': 480}, 'variants': {}}]}",6,1652477033,1,,True,False,False,CryptoCurrency,t5_2wlj3,4847655,public,new,https://b.thumbs.redditmedia.com/wC19eUuQSOQlBPGZ-onZqnMfRdBHhr3RAhspq2_7qkY.jpg,Terra Luna is Dead and Do Kwon is Screwed... Is This The End of DeFi?,0,[],1.0,https://youtu.be/uYzj2JbYAB0,all_ads,6,1652448222.0,"{'oembed': {'author_name': 'PromoAmbitions', 'author_url': 'https://www.youtube.com/c/PromoAmbitions', 'height': 200, 'html': '&lt;iframe width=""356"" height=""200"" src=""https://www.youtube.com/embed/uYzj2JbYAB0?feature=oembed&amp;enablejsapi=1"" frameborder=""0"" allow=""accelerometer; autoplay; clipboard-write; encrypted-media; gyroscope; picture-in-picture"" allowfullscreen&gt;&lt;/iframe&gt;', 'provider_name': 'YouTube', 'provider_url': 'https://www.youtube.com/', 'thumbnail_height': 360, 'thumbnail_url': 'https://i.ytimg.com/vi/uYzj2JbYAB0/hqdefault.jpg', 'thumbnail_width': 480, 'title': 'Terra Luna is Dead and Do Kwon is Screwed... Is This The End of DeFi?', 'type': 'video', 'version': '1.0', 'width': 356}, 'type': 'youtube.com'}","{'content': '&lt;iframe width=""356"" height=""200"" src=""https://www.youtube.com/embed/uYzj2JbYAB0?feature=oembed&amp;enablejsapi=1"" frameborder=""0"" allow=""accelerometer; autoplay; clipboard-write; encrypted-media; gyroscope; picture-in-picture"" allowfullscreen&gt;&lt;/iframe&gt;', 'height': 200, 'scrolling': False, 'width': 356}","{'oembed': {'author_name': 'PromoAmbitions', 'author_url': 'https://www.youtube.com/c/PromoAmbitions', 'height': 200, 'html': '&lt;iframe width=""356"" height=""200"" src=""https://www.youtube.com/embed/uYzj2JbYAB0?feature=oembed&amp;enablejsapi=1"" frameborder=""0"" allow=""accelerometer; autoplay; clipboard-write; encrypted-media; gyroscope; picture-in-picture"" allowfullscreen&gt;&lt;/iframe&gt;', 'provider_name': 'YouTube', 'provider_url': 'https://www.youtube.com/', 'thumbnail_height': 360, 'thumbnail_url': 'https://i.ytimg.com/vi/uYzj2JbYAB0/hqdefault.jpg', 'thumbnail_width': 480, 'title': 'Terra Luna is Dead and Do Kwon is Screwed... Is This The End of DeFi?', 'type': 'video', 'version': '1.0', 'width': 356}, 'type': 'youtube.com'}","{'content': '&lt;iframe width=""356"" height=""200"" src=""https://www.youtube.com/embed/uYzj2JbYAB0?feature=oembed&amp;enablejsapi=1"" frameborder=""0"" allow=""accelerometer; autoplay; clipboard-write; encrypted-media; gyroscope; picture-in-picture"" allowfullscreen&gt;&lt;/iframe&gt;', 'height': 200, 'media_domain_url': 'https://www.redditmedia.com/mediaembed/up1stf', 'scrolling': False, 'width': 356}",105.0,140.0,https://youtu.be/uYzj2JbYAB0,,,,
29,[],False,SanityfortheWeak,,,[],,,text,t2_m7z5o,False,False,False,[],False,False,1652474085,i.redd.it,https://www.reddit.com/r/CryptoCurrency/comments/up0rm6/do_kwon_and_his_wife_they_are_in_singapore/,{},up0rm6,False,True,False,False,True,True,False,False,#ffd635,REMINDER,"[{'e': 'text', 't': 'REMINDER'}]",c71c0ff8-94c9-11eb-8a95-0e0f28a36a09,REMINDER,dark,richtext,False,False,True,1,0,False,all_ads,/r/CryptoCurrency/comments/up0rm6/do_kwon_and_his_wife_they_are_in_singapore/,False,image,"{'enabled': True, 'images': [{'id': '7a5qA5zBPVvl0uligeCzvw_N_aLI3MsLTZHmDEus2hs', 'resolutions': [{'height': 187, 'url': 'https://preview.redd.it/yshmx6190bz81.jpg?width=108&amp;crop=smart&amp;auto=webp&amp;s=a87e58dca390ddd44d3dcb93cc7115542f67b542', 'width': 108}, {'height': 375, 'url': 'https://preview.redd.it/yshmx6190bz81.jpg?width=216&amp;crop=smart&amp;auto=webp&amp;s=de69668c6e0914f63331a8f266c109d3c72bf7a8', 'width': 216}, {'height': 555, 'url': 'https://preview.redd.it/yshmx6190bz81.jpg?width=320&amp;crop=smart&amp;auto=webp&amp;s=6c6dad3963a41b24d737a1dbfd9cd090d1d29396', 'width': 320}, {'height': 1111, 'url': 'https://preview.redd.it/yshmx6190bz81.jpg?width=640&amp;crop=smart&amp;auto=webp&amp;s=37e40fa4b49c40ba78a627579e5170dd48fc51b9', 'width': 640}, {'height': 1666, 'url': 'https://preview.redd.it/yshmx6190bz81.jpg?width=960&amp;crop=smart&amp;auto=webp&amp;s=88c6cef6c016b7a92d396c027685a2e4391f81c3', 'width': 960}, {'height': 1875, 'url': 'https://preview.redd.it/yshmx6190bz81.jpg?width=1080&amp;crop=smart&amp;auto=webp&amp;s=c17d1d539bccfcb855f0c329d1eac15afd798def', 'width': 1080}], 'source': {'height': 1875, 'url': 'https://preview.redd.it/yshmx6190bz81.jpg?auto=webp&amp;s=910e5a7be653a76e2d225d08f5b8176231d28fe7', 'width': 1080}, 'variants': {}}]}",6,1652474096,1,,True,False,False,CryptoCurrency,t5_2wlj3,4847299,public,new,https://a.thumbs.redditmedia.com/k1XY3VXhpiRPES4LvgeqWoAvlvp7z_xITttQTeeNrc4.jpg,Do Kwon and his wife. (They are in Singapore),0,[],1.0,https://i.redd.it/yshmx6190bz81.jpg,all_ads,6,1652445285.0,,,,,140.0,140.0,https://i.redd.it/yshmx6190bz81.jpg,,,,
30,[],False,Tejas_LiMan,,Warning-level2-2,"[{'e': 'text', 't': 'Tin'}]",Tin,dark,richtext,t2_1c3258tv,False,False,False,[],False,False,1652471549,bobosandwojaks.com,https://www.reddit.com/r/CryptoCurrency/comments/uozvck/do_kwon_the_founder_of_terrausd_bullied_an/,{},uozvck,False,True,False,False,False,True,False,False,#0aa18f,NEWS,"[{'e': 'text', 't': 'GENERAL-NEWS'}]",f170aab2-246f-11ec-8143-429a193c9848,GENERAL-NEWS,light,richtext,False,False,False,0,0,False,all_ads,/r/CryptoCurrency/comments/uozvck/do_kwon_the_founder_of_terrausd_bullied_an/,False,link,"{'enabled': False, 'images': [{'id': 'FiDkwPbsCmzpHCeA_hnUo6iWbNpJBFgqEOSRNmYgR20', 'resolutions': [{'height': 56, 'url': 'https://external-preview.redd.it/cGC75QfNpuSuA0xAL2oVYYUsMSi5ruX_yx3CV76l2a0.jpg?width=108&amp;crop=smart&amp;auto=webp&amp;s=45accb4190792c3746983204f4aa9ca04dd74c07', 'width': 108}, {'height': 113, 'url': 'https://external-preview.redd.it/cGC75QfNpuSuA0xAL2oVYYUsMSi5ruX_yx3CV76l2a0.jpg?width=216&amp;crop=smart&amp;auto=webp&amp;s=78848312493b42eabf1644e41be54f7aa292084b', 'width': 216}, {'height': 167, 'url': 'https://external-preview.redd.it/cGC75QfNpuSuA0xAL2oVYYUsMSi5ruX_yx3CV76l2a0.jpg?width=320&amp;crop=smart&amp;auto=webp&amp;s=9be28a552dd07d228a1a1f1c6a8d8b021ab2cdf4', 'width': 320}], 'source': {'height': 268, 'url': 'https://external-preview.redd.it/cGC75QfNpuSuA0xAL2oVYYUsMSi5ruX_yx3CV76l2a0.jpg?auto=webp&amp;s=6b8aa4d396c4b29d8d2f0b32f4bf77c38994d8ef', 'width': 512}, 'variants': {}}]}",6,1652471560,1,,True,False,False,CryptoCurrency,t5_2wlj3,4846998,public,,https://b.thumbs.redditmedia.com/MQE77D4K59tcGHu2a2Nzn_9vD7ESOtBYV6Gth63yRnc.jpg,"Do Kwon, The Founder Of TerraUSD, Bullied An Economist For Being Poor",0,[],1.0,https://bobosandwojaks.com/do-kwon-the-founder-of-terrausd-bullied-an-economist-for-being-poor/,all_ads,6,1652442749.0,,,,,73.0,140.0,https://bobosandwojaks.com/do-kwon-the-founder-of-terrausd-bullied-an-economist-for-being-poor/,,,,
31,[],False,Livid_Yam,,,[],,,text,t2_6gjawm30,False,False,False,[],False,False,1652470451,google.com,https://www.reddit.com/r/CryptoCurrency/comments/uozhcj/do_kwon_resurfaces_to_propose_clean_slate_for/,{},uozhcj,False,False,False,False,False,False,False,False,#c403f5,COMEDY,"[{'e': 'text', 't': 'COMEDY'}]",5c104cfc-d7c8-11e4-9d14-22000b6902b0,COMEDY,dark,richtext,False,False,True,0,0,False,all_ads,/r/CryptoCurrency/comments/uozhcj/do_kwon_resurfaces_to_propose_clean_slate_for/,False,link,"{'enabled': False, 'images': [{'id': 'hRsva3zrXEn-8AAtxZOalhf7oZY-8v2QwlKw0ev3qpg', 'resolutions': [{'height': 54, 'url': 'https://external-preview.redd.it/ve5qnJZ9pHSYw_gM4-jev5yG9zMWKMGVub-sIz2F8-o.jpg?width=108&amp;crop=smart&amp;auto=webp&amp;s=bfb702cdd95f40a41afe873b9331a8a257560323', 'width': 108}, {'height': 108, 'url': 'https://external-preview.redd.it/ve5qnJZ9pHSYw_gM4-jev5yG9zMWKMGVub-sIz2F8-o.jpg?width=216&amp;crop=smart&amp;auto=webp&amp;s=c134a2f79fb0b6797e419835648bafcb8a635313', 'width': 216}, {'height': 160, 'url': 'https://external-preview.redd.it/ve5qnJZ9pHSYw_gM4-jev5yG9zMWKMGVub-sIz2F8-o.jpg?width=320&amp;crop=smart&amp;auto=webp&amp;s=e25ddfc9bf884e4634ce17a7d175b4ec27990bb3', 'width': 320}, {'height': 320, 'url': 'https://external-preview.redd.it/ve5qnJZ9pHSYw_gM4-jev5yG9zMWKMGVub-sIz2F8-o.jpg?width=640&amp;crop=smart&amp;auto=webp&amp;s=f962376444d9873204649e5dabfb93447b844ec0', 'width': 640}, {'height': 480, 'url': 'https://external-preview.redd.it/ve5qnJZ9pHSYw_gM4-jev5yG9zMWKMGVub-sIz2F8-o.jpg?width=960&amp;crop=smart&amp;auto=webp&amp;s=3ca81a8c5025ddfcd593a1178b6123b4e08428cc', 'width': 960}], 'source': {'height': 512, 'url': 'https://external-preview.redd.it/ve5qnJZ9pHSYw_gM4-jev5yG9zMWKMGVub-sIz2F8-o.jpg?auto=webp&amp;s=714b769472f6cc7a64133ce22ced464d73eda02d', 'width': 1024}, 'variants': {}}]}",6,1652470461,1,,True,False,False,CryptoCurrency,t5_2wlj3,4846864,public,,https://b.thumbs.redditmedia.com/KMtjwv01XPHh5JyFwGIsd9e_wwUp5bl7-Y-YNR6O6PE.jpg,Do Kwon Resurfaces to Propose Clean Slate for Terra—Without UST Stablecoin,0,[],1.0,https://www.google.com/amp/s/decrypt.co/100354/do-kwon-resurfaces-propose-clean-slate-terra-ust-stablecoin%3famp=1,all_ads,6,1652441651.0,,,,,70.0,140.0,https://www.google.com/amp/s/decrypt.co/100354/do-kwon-resurfaces-propose-clean-slate-terra-ust-stablecoin%3famp=1,moderator,,,
32,[],False,Eluchel,,,"[{'e': 'text', 't': 'Platinum | QC: CC 479 | PCmasterrace 28'}]",Platinum | QC: CC 479 | PCmasterrace 28,dark,richtext,t2_2aofzzcp,False,False,False,[],False,False,1652468962,self.CryptoCurrency,https://www.reddit.com/r/CryptoCurrency/comments/uoyyc0/genuine_question_if_everyone_now_is_talking_about/,{},uoyyc0,False,True,False,False,False,True,True,False,#7193ff,DISCUSSION,"[{'e': 'text', 't': 'DISCUSSION'}]",87049662-0882-11e5-82e1-0e9d1a9f7761,DISCUSSION,dark,richtext,False,False,True,0,0,False,all_ads,/r/CryptoCurrency/comments/uoyyc0/genuine_question_if_everyone_now_is_talking_about/,False,,,6,1652468973,1,"I have seen and watched multiple videos recently about how something like Luna/UST was always going to be unsustainable and that 19.5% apy for staking it couldn't work long term. 

If all that is so obvious now, why couldn't people see it before the crash? I know people were warning Do Kwon that Luna could be crashed before it happened, but I didn't get any sentiment that people expected that Luna/UST was going to crash/fail eventually. Did people just not want to believe that such a large crypto could fail or was it less obvious that people make it out to seem now?",True,False,False,CryptoCurrency,t5_2wlj3,4846698,public,,self,"Genuine question, if everyone now is talking about how we should have known UST wasn't going to work, why didn't we see that before the crash?",0,[],1.0,https://www.reddit.com/r/CryptoCurrency/comments/uoyyc0/genuine_question_if_everyone_now_is_talking_about/,all_ads,6,1652440162.0,,,,,,,,,,,
33,[],False,pepethecrypto,,,[],,,text,t2_n2qnjrlt,False,False,False,[],False,False,1652468836,self.CryptoCurrency,https://www.reddit.com/r/CryptoCurrency/comments/uoywqb/binance_probable_legal_action/,{},uoywqb,False,True,False,False,False,True,True,False,#007373,EXCHANGES,"[{'e': 'text', 't': 'EXCHANGES'}]",38a8ac5a-9d5c-11e5-a136-0e9f3a832fc3,EXCHANGES,light,richtext,False,False,True,0,0,False,all_ads,/r/CryptoCurrency/comments/uoywqb/binance_probable_legal_action/,False,,,6,1652468846,1,"Probably anyone has experienced the LUNA and UST craziness but Binance deciding to delist their LUNA ecosystem with USDT and BUSD pairs afterwards might have pushed users to forceful sells and is oddly similar to Robinhood and GME class action lawsuit.

Brief description of what happened:

1. Binance announces in Twitter they delist LUNA and UST pairs with USDT.

Causes price to crash from 0.30$ range to 0.04$ in roughly 30 minutes.

Users available at that moment had a choice - remain holding for their assets or exit the one last remaining door that is open for unknown amount of time.

2. Surley, few hours after Binance delists LUNA/UST pairs with BUSD.

This means that those who weren't able to sell are left with nothing to do with their tokens and left in misery.

3. Hours after delisting BUSD pair they decide to list it back. That caused for UST price to pump in 0.20$ range even.


Main issue in this case is the ""forced"" losses that may have been caused to users that were scalping the assets or were truly convicted that the peg will return (unlikley and doesn't matter). Binance as being one of the biggest CEX making that decision clearly created a chaos and uncertainty in the market that resulted in abnormal sell off and users selling unwillingly whatever they are able to get that is higher than 0.

All in all Binance horribly mishandled the situation making announcments and following actions on short notice, not providing any certainty to market participants. They should have just allowed for everyone to trade and lose their money by themselves allowibg push full responsibility to Do Kwon instead.

Looking forward to some comments, finding this case interesting.",True,False,False,CryptoCurrency,t5_2wlj3,4846682,public,,self,Binance Probable Legal Action?,0,[],1.0,https://www.reddit.com/r/CryptoCurrency/comments/uoywqb/binance_probable_legal_action/,all_ads,6,1652440036.0,,,,,,,,,,,
34,[],False,Onionjuiceboxwfrys,,Warning-level2-2,"[{'e': 'text', 't': 'Tin'}]",Tin,dark,richtext,t2_c484fap5,False,False,False,[],False,False,1652466582,cointelegraph.com,https://www.reddit.com/r/CryptoCurrency/comments/uoy49g/do_kwon_proposes_terra_revival_including_token/,{},uoy49g,False,True,False,False,False,True,False,False,#0aa18f,NEWS,"[{'e': 'text', 't': 'GENERAL-NEWS'}]",f170aab2-246f-11ec-8143-429a193c9848,GENERAL-NEWS,light,richtext,False,False,True,0,0,False,all_ads,/r/CryptoCurrency/comments/uoy49g/do_kwon_proposes_terra_revival_including_token/,False,link,"{'enabled': False, 'images': [{'id': 'UZT1OFdjjKwK903ss9ae0qQfDoE65OPW_v_HuF57iGI', 'resolutions': [{'height': 71, 'url': 'https://external-preview.redd.it/aryh0Wdl3ERZa-4tkythNGYLy3i_SnM3uVZJiQjacoQ.jpg?width=108&amp;crop=smart&amp;auto=webp&amp;s=014a0aafb6dac9de4438a10a20bafb23b1836219', 'width': 108}, {'height': 143, 'url': 'https://external-preview.redd.it/aryh0Wdl3ERZa-4tkythNGYLy3i_SnM3uVZJiQjacoQ.jpg?width=216&amp;crop=smart&amp;auto=webp&amp;s=cb5778215ac8f8267de09e513eb689a6082fe302', 'width': 216}, {'height': 213, 'url': 'https://external-preview.redd.it/aryh0Wdl3ERZa-4tkythNGYLy3i_SnM3uVZJiQjacoQ.jpg?width=320&amp;crop=smart&amp;auto=webp&amp;s=fd2d9e0c3a169a33d48285bd5307c7e7c7b89944', 'width': 320}, {'height': 426, 'url': 'https://external-preview.redd.it/aryh0Wdl3ERZa-4tkythNGYLy3i_SnM3uVZJiQjacoQ.jpg?width=640&amp;crop=smart&amp;auto=webp&amp;s=0617e4768334af2d549a7c92ad95206a54c347d5', 'width': 640}, {'height': 639, 'url': 'https://external-preview.redd.it/aryh0Wdl3ERZa-4tkythNGYLy3i_SnM3uVZJiQjacoQ.jpg?width=960&amp;crop=smart&amp;auto=webp&amp;s=b20ac03b41b3b73093283d8714d84087d69ea200', 'width': 960}, {'height': 719, 'url': 'https://external-preview.redd.it/aryh0Wdl3ERZa-4tkythNGYLy3i_SnM3uVZJiQjacoQ.jpg?width=1080&amp;crop=smart&amp;auto=webp&amp;s=cb277e96fd441cd8be91d600f64f6d5092a60c0d', 'width': 1080}], 'source': {'height': 773, 'url': 'https://external-preview.redd.it/aryh0Wdl3ERZa-4tkythNGYLy3i_SnM3uVZJiQjacoQ.jpg?auto=webp&amp;s=f216614be36137489fedf565f004efcffabf9ae4', 'width': 1160}, 'variants': {}}]}",6,1652466592,1,,True,False,False,CryptoCurrency,t5_2wlj3,4846362,public,new,https://b.thumbs.redditmedia.com/us8dmvqAVgGecWGWI7cNJFl1dIaTniuUD9w9D2Dw83s.jpg,"Do Kwon proposes Terra revival, including token redistribution plan",0,[],1.0,https://cointelegraph.com/news/breaking-do-kwon-purposes-terra-revival-including-token-redistribution-plan,all_ads,6,1652437782.0,,,,,93.0,140.0,https://cointelegraph.com/news/breaking-do-kwon-purposes-terra-revival-including-token-redistribution-plan,,,,True
35,[],False,alicenekocat,,,"[{'e': 'text', 't': 'Platinum | QC: ETH 750, CC 36, ATOM 27 | TraderSubs 460'}]","Platinum | QC: ETH 750, CC 36, ATOM 27 | TraderSubs 460",dark,richtext,t2_2fpnno9k,False,False,False,[],False,False,1652464270,self.CryptoCurrency,https://www.reddit.com/r/CryptoCurrency/comments/uoxb6c/a_word_of_warning_about_gnos_airdrop_on_the/,{},uoxb6c,False,False,False,True,False,False,True,False,#cc8b00,ANECDOTAL,"[{'e': 'text', 't': 'ANECDOTAL'}]",613cabf0-1d90-11e4-953d-12313b0eb482,ANECDOTAL,light,richtext,False,False,True,0,0,False,all_ads,/r/CryptoCurrency/comments/uoxb6c/a_word_of_warning_about_gnos_airdrop_on_the/,False,self,"{'enabled': False, 'images': [{'id': 'WqxyYYLS2On0nHmquY_KhzJuXP3NwjKAw4CLW1iMg_o', 'resolutions': [{'height': 108, 'url': 'https://external-preview.redd.it/DDTDh20N4aAFQu0dDsYyq5WgXj_a_XaPTPv0sdpDwIs.jpg?width=108&amp;crop=smart&amp;auto=webp&amp;s=0a6305391cd99abf1d4b04204e0c0185b47dbaab', 'width': 108}, {'height': 216, 'url': 'https://external-preview.redd.it/DDTDh20N4aAFQu0dDsYyq5WgXj_a_XaPTPv0sdpDwIs.jpg?width=216&amp;crop=smart&amp;auto=webp&amp;s=9963fab1f5e17fe95bc74a8fcc6995622ece4d80', 'width': 216}, {'height': 320, 'url': 'https://external-preview.redd.it/DDTDh20N4aAFQu0dDsYyq5WgXj_a_XaPTPv0sdpDwIs.jpg?width=320&amp;crop=smart&amp;auto=webp&amp;s=965c0d927956df05abe07e3aee2fed973e769335', 'width': 320}], 'source': {'height': 500, 'url': 'https://external-preview.redd.it/DDTDh20N4aAFQu0dDsYyq5WgXj_a_XaPTPv0sdpDwIs.jpg?auto=webp&amp;s=877def27bfc5fabfe642b5451eed204cd83f1380', 'width': 500}, 'variants': {}}]}",6,1652464281,1,[removed],True,False,False,CryptoCurrency,t5_2wlj3,4846122,public,,self,A word of warning about GNO's airdrop on the Cosmos Hub and Jae Kwon,0,[],1.0,https://www.reddit.com/r/CryptoCurrency/comments/uoxb6c/a_word_of_warning_about_gnos_airdrop_on_the/,all_ads,6,1652435470.0,,,,,,,,automod_filtered,,,
36,[],False,CrowdGoesWildWoooo,,,"[{'e': 'text', 't': 'Silver | QC: CC 739 | CelsiusNet. 41 | Stocks 31'}]",Silver | QC: CC 739 | CelsiusNet. 41 | Stocks 31,dark,richtext,t2_72pwbarg,False,False,False,[],False,False,1652461925,self.CryptoCurrency,https://www.reddit.com/r/CryptoCurrency/comments/uowhud/new_proposal_by_do_kwon/,{},uowhud,False,True,False,False,False,True,True,False,#7193ff,DISCUSSION,"[{'e': 'text', 't': 'DISCUSSION'}]",87049662-0882-11e5-82e1-0e9d1a9f7761,DISCUSSION,dark,richtext,False,False,True,0,0,False,all_ads,/r/CryptoCurrency/comments/uowhud/new_proposal_by_do_kwon/,False,self,"{'enabled': False, 'images': [{'id': 'XfMwKoiPYfOqd4PAkrwy3ghvCMHeo7culD97x4f18aM', 'resolutions': [{'height': 108, 'url': 'https://external-preview.redd.it/ZkxigoFxlIdswUY9H_3zWuJQH0XoK2lhYUC73SxgS-o.jpg?width=108&amp;crop=smart&amp;auto=webp&amp;s=cfbd7e585e05cb8dd11e3d0c6a2e5bfcbb350d56', 'width': 108}, {'height': 216, 'url': 'https://external-preview.redd.it/ZkxigoFxlIdswUY9H_3zWuJQH0XoK2lhYUC73SxgS-o.jpg?width=216&amp;crop=smart&amp;auto=webp&amp;s=5fb46438116a95fd436230c9976cf5f502f043fd', 'width': 216}, {'height': 320, 'url': 'https://external-preview.redd.it/ZkxigoFxlIdswUY9H_3zWuJQH0XoK2lhYUC73SxgS-o.jpg?width=320&amp;crop=smart&amp;auto=webp&amp;s=d984d230cfe8f309f4d0d418ba25058cb57fc623', 'width': 320}], 'source': {'height': 600, 'url': 'https://external-preview.redd.it/ZkxigoFxlIdswUY9H_3zWuJQH0XoK2lhYUC73SxgS-o.jpg?auto=webp&amp;s=ce98dfe2b2aa79deaca4561829dee2e91d3f8bbd', 'width': 600}, 'variants': {}}]}",6,1652461936,1,"https://agora.terra.money/t/terra-ecosystem-revival-plan/8701

So finally he broke the silence and he proposed in a forum discussion about his “recovery plan”.

I am already highly skeptical with the blockchain being salvageable, but looking at this proposal it is very underwhelming.

My opinions on this :

1. The proposal assumes that luna and UST still has value.

2. There doesn’t seem to be any actual fix to the protocol, this is basically just resetting the chain to a more convenient state.

3. No mention on how to fix UST. I mean he said to push the fix later, but the counter argument is that the dynamics UST with LUNA is what defines terra, without that terra is just a PoS like avax or Polygon.

Opinions?",True,False,False,CryptoCurrency,t5_2wlj3,4845840,public,,self,New Proposal by Do Kwon,0,[],1.0,https://www.reddit.com/r/CryptoCurrency/comments/uowhud/new_proposal_by_do_kwon/,all_ads,6,1652433125.0,,,,,,,,,,,
37,[],False,blvk_sky,,,[],,,text,t2_b1rsq41h,False,False,False,[],False,False,1652461087,i.redd.it,https://www.reddit.com/r/CryptoCurrency/comments/uow71e/do_kwon_suddenly_turned_wheres_waldo/,{},uow71e,False,True,False,False,True,True,False,False,#c403f5,COMEDY,"[{'e': 'text', 't': 'COMEDY'}]",5c104cfc-d7c8-11e4-9d14-22000b6902b0,COMEDY,dark,richtext,False,False,False,1,0,False,all_ads,/r/CryptoCurrency/comments/uow71e/do_kwon_suddenly_turned_wheres_waldo/,False,image,"{'enabled': True, 'images': [{'id': 'H8_aiAdsOwxK5wmEOK8UiQc7hWhxt7FRT5xCeFdZSHw', 'resolutions': [{'height': 56, 'url': 'https://preview.redd.it/o12qltyox9z81.jpg?width=108&amp;crop=smart&amp;auto=webp&amp;s=fae76459f2a2983f93edb51f65de7f1f37a00514', 'width': 108}, {'height': 113, 'url': 'https://preview.redd.it/o12qltyox9z81.jpg?width=216&amp;crop=smart&amp;auto=webp&amp;s=0380ed27b1b1d185a24bf4ed6a3c86e414f238ef', 'width': 216}, {'height': 167, 'url': 'https://preview.redd.it/o12qltyox9z81.jpg?width=320&amp;crop=smart&amp;auto=webp&amp;s=34657bde6cf3983d5df528ac4a74e128ed3b0c9a', 'width': 320}, {'height': 335, 'url': 'https://preview.redd.it/o12qltyox9z81.jpg?width=640&amp;crop=smart&amp;auto=webp&amp;s=73d00704e18b8d718fd6f9afd29407b8c48307d8', 'width': 640}], 'source': {'height': 341, 'url': 'https://preview.redd.it/o12qltyox9z81.jpg?auto=webp&amp;s=df3c49f5044685923584a882dee1589288bb61bb', 'width': 651}, 'variants': {}}]}",6,1652461098,1,,True,False,False,CryptoCurrency,t5_2wlj3,4845753,public,,https://b.thumbs.redditmedia.com/Q3rNieLVAiGH5C_MZ5xAMxEwOEJAlvhLbBjljUvuflo.jpg,Do Kwon suddenly turned Where's Waldo?,0,[],1.0,https://i.redd.it/o12qltyox9z81.jpg,all_ads,6,1652432287.0,,,,,73.0,140.0,https://i.redd.it/o12qltyox9z81.jpg,,,,
