,all_awardings,allow_live_comments,author,author_flair_background_color,author_flair_css_class,author_flair_richtext,author_flair_text,author_flair_text_color,author_flair_type,author_fullname,author_is_blocked,author_patreon_flair,author_premium,awarders,can_mod_post,contest_mode,created_utc,domain,full_link,gildings,id,is_created_from_ads_ui,is_crosspostable,is_meta,is_original_content,is_reddit_media_domain,is_robot_indexable,is_self,is_video,link_flair_background_color,link_flair_css_class,link_flair_richtext,link_flair_template_id,link_flair_text,link_flair_text_color,link_flair_type,locked,media_only,no_follow,num_comments,num_crossposts,over_18,parent_whitelist_status,permalink,pinned,post_hint,preview,pwls,retrieved_on,score,selftext,send_replies,spoiler,stickied,subreddit,subreddit_id,subreddit_subscribers,subreddit_type,suggested_sort,thumbnail,thumbnail_height,thumbnail_width,title,total_awards_received,treatment_tags,upvote_ratio,url,url_overridden_by_dest,whitelist_status,wls,created,removed_by_category,media,media_embed,secure_media,secure_media_embed,media_metadata
0,[],False,mainst_bets,,Warning-level2-2,"[{'e': 'text', 't': 'Tin | WSB 41'}]",Tin | WSB 41,dark,richtext,t2_4tf86wtg,False,False,False,[],False,False,1652278728,legalfavor.com,https://www.reddit.com/r/CryptoCurrency/comments/unaww7/the_terra_luna_terrausd_crash_what_it_means_for/,{},unaww7,False,True,False,False,False,True,False,False,#720469,POLITICS,"[{'e': 'text', 't': 'POLITICS'}]",efdba982-5d89-11e8-9598-0ee79d121028,POLITICS,light,richtext,False,False,True,0,0,False,all_ads,/r/CryptoCurrency/comments/unaww7/the_terra_luna_terrausd_crash_what_it_means_for/,False,link,"{'enabled': False, 'images': [{'id': 'qCFJuld3foCS5IMyQUpQ51ncgRzdgTRUSEyuT09ecqM', 'resolutions': [{'height': 60, 'url': 'https://external-preview.redd.it/zk96J3mP2nDwurn2mkzr7IZrYItVhGTXnYg7ICCGWzw.jpg?width=108&amp;crop=smart&amp;auto=webp&amp;s=f39007062f8436ab2629cff55913204229335138', 'width': 108}, {'height': 121, 'url': 'https://external-preview.redd.it/zk96J3mP2nDwurn2mkzr7IZrYItVhGTXnYg7ICCGWzw.jpg?width=216&amp;crop=smart&amp;auto=webp&amp;s=ae5971e82d36db2431429ecebd2d94150b5dabc9', 'width': 216}, {'height': 180, 'url': 'https://external-preview.redd.it/zk96J3mP2nDwurn2mkzr7IZrYItVhGTXnYg7ICCGWzw.jpg?width=320&amp;crop=smart&amp;auto=webp&amp;s=74158c12f439b41259837625ed5d46e5d2ab45fc', 'width': 320}, {'height': 360, 'url': 'https://external-preview.redd.it/zk96J3mP2nDwurn2mkzr7IZrYItVhGTXnYg7ICCGWzw.jpg?width=640&amp;crop=smart&amp;auto=webp&amp;s=7e57dbeccd3f6f0d39861e5a69ef242254c1eb15', 'width': 640}, {'height': 540, 'url': 'https://external-preview.redd.it/zk96J3mP2nDwurn2mkzr7IZrYItVhGTXnYg7ICCGWzw.jpg?width=960&amp;crop=smart&amp;auto=webp&amp;s=691902607d73dbe3a3f3e58f5a9f1c00cb71f911', 'width': 960}, {'height': 607, 'url': 'https://external-preview.redd.it/zk96J3mP2nDwurn2mkzr7IZrYItVhGTXnYg7ICCGWzw.jpg?width=1080&amp;crop=smart&amp;auto=webp&amp;s=d285cceb37cce42e4165894e3a1fb8e49de40847', 'width': 1080}], 'source': {'height': 810, 'url': 'https://external-preview.redd.it/zk96J3mP2nDwurn2mkzr7IZrYItVhGTXnYg7ICCGWzw.jpg?auto=webp&amp;s=203e1bc1707ebf89b4934352d74856264b7f6981', 'width': 1440}, 'variants': {}}]}",6,1652278738,1,,False,False,False,CryptoCurrency,t5_2wlj3,4826358,public,new,https://b.thumbs.redditmedia.com/hgvGg9Ktn0DDr9N1eiv-GI7GZz1PN_ZpQJGiKG7rlas.jpg,78.0,140.0,The Terra Luna &amp; TerraUSD Crash — What It Means For Cryptos. Here's What Gensler Had to Say on Stablecoins and What Janet Yellen Brought Up During Her Testimony.,0,[],1.0,https://legalfavor.com/the-terra-luna-terrausd-crash-what-it-means-for-cryptos/,https://legalfavor.com/the-terra-luna-terrausd-crash-what-it-means-for-cryptos/,all_ads,6,1652249928.0,,,,,,
1,[],False,Mapegz,,Warning-level2-2,"[{'e': 'text', 't': 'Tin'}]",Tin,dark,richtext,t2_8eaw0u0j,False,False,False,[],False,False,1652277490,self.CryptoCurrency,https://www.reddit.com/r/CryptoCurrency/comments/unah1m/do_not_invest_in_algorithmic_stablecoins/,{},unah1m,False,True,False,False,False,True,True,False,#cc8b00,SPECULATION,"[{'e': 'text', 't': 'SPECULATION'}]",ebb30328-94d1-11eb-94d6-0e7d4f551e2d,SPECULATION,light,richtext,False,False,True,0,0,False,all_ads,/r/CryptoCurrency/comments/unah1m/do_not_invest_in_algorithmic_stablecoins/,False,,,6,1652277501,1,"Your algorithmic stablecoins are bound for a collapse. It's not worth taking the risk in them. Just look at TerraLuna UST,  a major player. Literally died. 

Look at USDD (TRON's algorithmic stablecoin). It seems super hyped, even pumping the tron price for a short while and seems to provide good apy. Don't buy that shit. It can die as easily as TerraUSD, and those who've staked, you'll definitely get the 60% apy but the coin value will plummet by 99%. Just sell algorithmic stablecoins fast. Most players will do this and this is gonna crash this market. Better be early than sorry.

Rip the TerraLuna community. May the force be with you.",True,False,False,CryptoCurrency,t5_2wlj3,4826239,public,,self,,,do not invest in algorithmic stablecoins,0,[],1.0,https://www.reddit.com/r/CryptoCurrency/comments/unah1m/do_not_invest_in_algorithmic_stablecoins/,,all_ads,6,1652248690.0,,,,,,
2,[],False,LismanAlexandru,,,[],,,text,t2_2o0convw,False,False,False,[],False,False,1652251021,self.CryptoCurrency,https://www.reddit.com/r/CryptoCurrency/comments/un3fuf/can_someone_explain_the_difference_in_the/,{},un3fuf,False,True,False,False,False,True,True,False,#ff66ac,DEBATE,"[{'e': 'text', 't': 'DEBATE'}]",5b762856-d7c9-11e4-822a-22000b2300b2,DEBATE,light,richtext,False,False,False,0,0,False,all_ads,/r/CryptoCurrency/comments/un3fuf/can_someone_explain_the_difference_in_the/,False,,,6,1652251032,1,"Both are algorithmic stablecoins and at first glance I would think they operate under the same principles. But in this market tension DAI is pegging on, while UST is not.

Is there a fundamental difference in the algorithm or does it have to do more with bad financial decisions on behalf of the project or more severe market tension on the underling token that help keep the peg?

Does DAI also have a back-up strategy like the bitcoin volt that Terra has in order to mitigate the volatility of the Luna Token. 

I am not even sure I asked the right questions, so please go ahead and answer however you see fit.",True,False,False,CryptoCurrency,t5_2wlj3,4824575,public,,self,,,Can someone explain the difference in the stabilization algorithm between DAI and TerraUSD ?,0,[],1.0,https://www.reddit.com/r/CryptoCurrency/comments/un3fuf/can_someone_explain_the_difference_in_the/,,all_ads,6,1652222221.0,,,,,,
3,[],False,LismanAlexandru,,,[],,,text,t2_2o0convw,False,False,False,[],False,False,1652250746,self.CryptoCurrency,https://www.reddit.com/r/CryptoCurrency/comments/un3d7c/can_someone_explain_the_difference_in_the/,{},un3d7c,False,True,False,False,False,True,True,False,#ff66ac,DEBATE,"[{'e': 'text', 't': 'DEBATE'}]",5b762856-d7c9-11e4-822a-22000b2300b2,DEBATE,light,richtext,False,False,True,0,0,False,all_ads,/r/CryptoCurrency/comments/un3d7c/can_someone_explain_the_difference_in_the/,False,,,6,1652250756,1,"Both are algorithmic stablecoins and at first glance I would think they operate under the same principles. But in this market tension DAI is pegging on, while UST is not.

Is there a fundamental difference in the algorithm or does it have to do more with bad financial decisions?

Does DAI also have a back-up strategy like the bitcoin volt that Terra has in order to mitigate the volatility of the Luna Token. 

I am not even sure I asked the right questions, so please go ahead and answer however you see fit.",True,False,False,CryptoCurrency,t5_2wlj3,4824558,public,,self,,,Can someone explain the difference in the stabilization algorithm between DAI and TerraUSD ?,0,[],1.0,https://www.reddit.com/r/CryptoCurrency/comments/un3d7c/can_someone_explain_the_difference_in_the/,,all_ads,6,1652221946.0,,,,,,
4,[],False,LismanAlexandru,,,[],,,text,t2_2o0convw,False,False,False,[],False,False,1652250405,self.CryptoCurrency,https://www.reddit.com/r/CryptoCurrency/comments/un39za/can_someone_explain_the_difference_in_the/,{},un39za,False,False,False,False,False,False,True,False,#ff66ac,DEBATE,"[{'e': 'text', 't': 'DEBATE'}]",5b762856-d7c9-11e4-822a-22000b2300b2,DEBATE,light,richtext,False,False,True,1,0,False,all_ads,/r/CryptoCurrency/comments/un39za/can_someone_explain_the_difference_in_the/,False,,,6,1652250416,1,[removed],True,False,False,CryptoCurrency,t5_2wlj3,4824544,public,,self,,,Can someone explain the difference in the stabilization algorithm between DAI and TerraUSD ?,0,[],1.0,https://www.reddit.com/r/CryptoCurrency/comments/un39za/can_someone_explain_the_difference_in_the/,,all_ads,6,1652221605.0,moderator,,,,,
5,[],False,unusual_bubble,,,[],,,text,t2_8b5n2vjj,False,False,False,[],False,False,1652241453,self.CryptoCurrency,https://www.reddit.com/r/CryptoCurrency/comments/un0wl2/wtf_monero_xmr_and_ust_terrausd_linked/,{},un0wl2,False,True,False,False,False,True,True,False,#7193ff,DISCUSSION,"[{'e': 'text', 't': 'DISCUSSION'}]",87049662-0882-11e5-82e1-0e9d1a9f7761,DISCUSSION,dark,richtext,False,False,True,0,0,False,all_ads,/r/CryptoCurrency/comments/un0wl2/wtf_monero_xmr_and_ust_terrausd_linked/,False,,,6,1652241463,1,"Hi! I am not smart enought for this, but before the UST crash the whole market was red except Monero which was suspicious. Now, when UST is going back up by 8.90% and that the whole market is green, Monero is down by 7.64% on CoinMarketCap.

Do you think Monero was used to hide a transaction pushing the UST down? Could there be another possibility? Like using it to push bitcoin down and forcing the Luna team to sell their bitcoins due to their duty to keep UST peg to the dollar?

Does someone smarter want to look at it?",True,False,False,CryptoCurrency,t5_2wlj3,4824150,public,,self,,,Wtf Monero (XMR) and UST (TerraUSD) linked ?,0,[],1.0,https://www.reddit.com/r/CryptoCurrency/comments/un0wl2/wtf_monero_xmr_and_ust_terrausd_linked/,,all_ads,6,1652212653.0,,,,,,
6,[],False,unusual_bubble,,,[],,,text,t2_8b5n2vjj,False,False,False,[],False,False,1652240537,self.CryptoCurrency,https://www.reddit.com/r/CryptoCurrency/comments/un0n4a/monero_xmr_and_ust_terrausd_link/,{},un0n4a,False,False,False,False,False,False,True,False,#7193ff,DISCUSSION,"[{'e': 'text', 't': 'DISCUSSION'}]",87049662-0882-11e5-82e1-0e9d1a9f7761,DISCUSSION,dark,richtext,False,False,True,1,0,False,all_ads,/r/CryptoCurrency/comments/un0n4a/monero_xmr_and_ust_terrausd_link/,False,,,6,1652240548,1,[removed],True,False,False,CryptoCurrency,t5_2wlj3,4824099,public,,self,,,Monero (XMR) and UST (TerraUSD) link ?!,0,[],1.0,https://www.reddit.com/r/CryptoCurrency/comments/un0n4a/monero_xmr_and_ust_terrausd_link/,,all_ads,6,1652211737.0,moderator,,,,,
7,[],False,333Crypto,,Warning-level3,"[{'e': 'text', 't': '1 - 2 years account age. -15 - 35 comment karma.'}]",1 - 2 years account age. -15 - 35 comment karma.,dark,richtext,t2_a1upju1u,False,False,False,[],False,False,1652239532,youtube.com,https://www.reddit.com/r/CryptoCurrency/comments/un0cm3/terrausd_ust_was_attacked_by_soros_citadel_wall/,{},un0cm3,False,True,False,False,False,True,False,False,#0dd3bb,VIDEOS,"[{'e': 'text', 't': 'VIDEOS'}]",fee6c918-f3e4-11e5-8172-0ecf7e00c6db,VIDEOS,dark,richtext,False,False,True,1,0,False,all_ads,/r/CryptoCurrency/comments/un0cm3/terrausd_ust_was_attacked_by_soros_citadel_wall/,False,rich:video,"{'enabled': False, 'images': [{'id': 'pbO43-w_kBqEUrjAgQqXD2DDClwF9UlUFykicZYNnwU', 'resolutions': [{'height': 81, 'url': 'https://external-preview.redd.it/r5J-QHvRF8ihMupOBaeiCtRHzEKTukLBheVJBES1U20.jpg?width=108&amp;crop=smart&amp;auto=webp&amp;s=787fe4f7548c8c31a69f31c6f65ca18ca5fe00bb', 'width': 108}, {'height': 162, 'url': 'https://external-preview.redd.it/r5J-QHvRF8ihMupOBaeiCtRHzEKTukLBheVJBES1U20.jpg?width=216&amp;crop=smart&amp;auto=webp&amp;s=541c8c1dd0c7f3236249bb245382e58083ba4f47', 'width': 216}, {'height': 240, 'url': 'https://external-preview.redd.it/r5J-QHvRF8ihMupOBaeiCtRHzEKTukLBheVJBES1U20.jpg?width=320&amp;crop=smart&amp;auto=webp&amp;s=ad7e9b64be5db651268d0a361f2677962172d6ea', 'width': 320}], 'source': {'height': 360, 'url': 'https://external-preview.redd.it/r5J-QHvRF8ihMupOBaeiCtRHzEKTukLBheVJBES1U20.jpg?auto=webp&amp;s=4ebd8ab6708430d91a01fb3203e01623b73dfff2', 'width': 480}, 'variants': {}}]}",6,1652239542,1,,True,False,False,CryptoCurrency,t5_2wlj3,4824042,public,,https://b.thumbs.redditmedia.com/2RXb21xfbN4Eg9UeiQZrnLRGA_6QcCvrIDxPR-kLXII.jpg,105.0,140.0,TerraUSD (UST) was ATTACKED by Soros? Citadel? Wall Street? Justin Sun? ...,0,[],1.0,https://youtube.com/watch?v=jA7EUzz1_TA&amp;feature=share,https://youtube.com/watch?v=jA7EUzz1_TA&amp;feature=share,all_ads,6,1652210732.0,,"{'oembed': {'author_name': '333 Crypto', 'author_url': 'https://www.youtube.com/channel/UCmJ3yraAAsFlewGAu5K4nYA', 'height': 200, 'html': '&lt;iframe width=""356"" height=""200"" src=""https://www.youtube.com/embed/jA7EUzz1_TA?feature=oembed&amp;enablejsapi=1"" frameborder=""0"" allow=""accelerometer; autoplay; clipboard-write; encrypted-media; gyroscope; picture-in-picture"" allowfullscreen&gt;&lt;/iframe&gt;', 'provider_name': 'YouTube', 'provider_url': 'https://www.youtube.com/', 'thumbnail_height': 360, 'thumbnail_url': 'https://i.ytimg.com/vi/jA7EUzz1_TA/hqdefault.jpg', 'thumbnail_width': 480, 'title': 'TerraUSD (UST) was ATTACKED by Soros? Citadel? Wall Street? Justin Sun? Regulators?', 'type': 'video', 'version': '1.0', 'width': 356}, 'type': 'youtube.com'}","{'content': '&lt;iframe width=""356"" height=""200"" src=""https://www.youtube.com/embed/jA7EUzz1_TA?feature=oembed&amp;enablejsapi=1"" frameborder=""0"" allow=""accelerometer; autoplay; clipboard-write; encrypted-media; gyroscope; picture-in-picture"" allowfullscreen&gt;&lt;/iframe&gt;', 'height': 200, 'scrolling': False, 'width': 356}","{'oembed': {'author_name': '333 Crypto', 'author_url': 'https://www.youtube.com/channel/UCmJ3yraAAsFlewGAu5K4nYA', 'height': 200, 'html': '&lt;iframe width=""356"" height=""200"" src=""https://www.youtube.com/embed/jA7EUzz1_TA?feature=oembed&amp;enablejsapi=1"" frameborder=""0"" allow=""accelerometer; autoplay; clipboard-write; encrypted-media; gyroscope; picture-in-picture"" allowfullscreen&gt;&lt;/iframe&gt;', 'provider_name': 'YouTube', 'provider_url': 'https://www.youtube.com/', 'thumbnail_height': 360, 'thumbnail_url': 'https://i.ytimg.com/vi/jA7EUzz1_TA/hqdefault.jpg', 'thumbnail_width': 480, 'title': 'TerraUSD (UST) was ATTACKED by Soros? Citadel? Wall Street? Justin Sun? Regulators?', 'type': 'video', 'version': '1.0', 'width': 356}, 'type': 'youtube.com'}","{'content': '&lt;iframe width=""356"" height=""200"" src=""https://www.youtube.com/embed/jA7EUzz1_TA?feature=oembed&amp;enablejsapi=1"" frameborder=""0"" allow=""accelerometer; autoplay; clipboard-write; encrypted-media; gyroscope; picture-in-picture"" allowfullscreen&gt;&lt;/iframe&gt;', 'height': 200, 'media_domain_url': 'https://www.redditmedia.com/mediaembed/un0cm3', 'scrolling': False, 'width': 356}",
8,[],False,justme3873qw,,Warning-level2-2,"[{'e': 'text', 't': 'Tin'}]",Tin,dark,richtext,t2_dxhou8gy,False,False,False,[],False,False,1652199311,self.CryptoCurrency,https://www.reddit.com/r/CryptoCurrency/comments/ummdbt/international_suicide_hotlines_list_gets_posted/,{},ummdbt,False,True,False,False,False,True,True,False,#0aa18f,NEWS,"[{'e': 'text', 't': 'GENERAL-NEWS'}]",f170aab2-246f-11ec-8143-429a193c9848,GENERAL-NEWS,light,richtext,False,False,True,1,0,False,all_ads,/r/CryptoCurrency/comments/ummdbt/international_suicide_hotlines_list_gets_posted/,False,,,6,1652199321,1,"After the sharp crash of TerreLuna, International Suicide Hotlines List gets posted on r /terraluna. 

TerraLuna's price has dropped from $66 to $30 (-54%) in a day and $86 to $30 (-65%) in a week. 

This caused a panic among TerraLuna holders. 

Luna's stable coin, TerraUSD (UST) also lost it's peg and dropped to $0.66 (currently at $0.9).

&amp;#x200B;

https://preview.redd.it/h2o14fbr9oy81.png?width=766&amp;format=png&amp;auto=webp&amp;s=6df1a7e06a9fac9e88e4eb90898a0b95891e7816

The whole crypto market is crashed but TerraLuna is crashed even worse. This should be a reminder for all of us to never invest more than you're willing to lose. None of us knows what's gonna happen the next day. So, invest wisely and don't risk you whole life savings. 

Your physical and mental health is more important than everything. Play safe, stay safe.",True,False,False,CryptoCurrency,t5_2wlj3,4821951,public,new,https://b.thumbs.redditmedia.com/s0EvXq3zV7sKcpsKqPFNzjgruq-QXWaGrlGO_ADRXxY.jpg,37.0,140.0,International Suicide Hotlines List gets posted on TerraLuna sub.,0,[],1.0,https://www.reddit.com/r/CryptoCurrency/comments/ummdbt/international_suicide_hotlines_list_gets_posted/,,all_ads,6,1652170511.0,,,,,,"{'h2o14fbr9oy81': {'e': 'Image', 'id': 'h2o14fbr9oy81', 'm': 'image/png', 'p': [{'u': 'https://preview.redd.it/h2o14fbr9oy81.png?width=108&amp;crop=smart&amp;auto=webp&amp;s=dccde08d9d0fd324b743259f62ebb9ab9ad388a4', 'x': 108, 'y': 28}, {'u': 'https://preview.redd.it/h2o14fbr9oy81.png?width=216&amp;crop=smart&amp;auto=webp&amp;s=ef84aea5d7cafe58c00e5b5f5b362a03f06c90d6', 'x': 216, 'y': 57}, {'u': 'https://preview.redd.it/h2o14fbr9oy81.png?width=320&amp;crop=smart&amp;auto=webp&amp;s=a5551fa94e662656f55a0fe17a4f984573c27d20', 'x': 320, 'y': 85}, {'u': 'https://preview.redd.it/h2o14fbr9oy81.png?width=640&amp;crop=smart&amp;auto=webp&amp;s=62c6fb6e5f755d3589bdb958dff2fa3ace52c285', 'x': 640, 'y': 171}], 's': {'u': 'https://preview.redd.it/h2o14fbr9oy81.png?width=766&amp;format=png&amp;auto=webp&amp;s=6df1a7e06a9fac9e88e4eb90898a0b95891e7816', 'x': 766, 'y': 205}, 'status': 'valid'}}"
