,all_awardings,allow_live_comments,author,author_flair_css_class,author_flair_richtext,author_flair_text,author_flair_type,author_fullname,author_is_blocked,author_patreon_flair,author_premium,awarders,can_mod_post,contest_mode,created_utc,domain,full_link,gildings,id,is_created_from_ads_ui,is_crosspostable,is_meta,is_original_content,is_reddit_media_domain,is_robot_indexable,is_self,is_video,link_flair_background_color,link_flair_richtext,link_flair_template_id,link_flair_text,link_flair_text_color,link_flair_type,locked,media_only,no_follow,num_comments,num_crossposts,over_18,parent_whitelist_status,permalink,pinned,pwls,retrieved_on,score,selftext,send_replies,spoiler,stickied,subreddit,subreddit_id,subreddit_subscribers,subreddit_type,thumbnail,title,total_awards_received,treatment_tags,upvote_ratio,url,whitelist_status,wls,created,post_hint,preview,thumbnail_height,thumbnail_width,url_overridden_by_dest,removed_by_category,media,media_embed,secure_media,secure_media_embed
0,[],False,CryptoSnake98,,[],,text,t2_bag4hdyx,False,False,False,[],False,False,1652111767,self.terraluna,https://www.reddit.com/r/terraluna/comments/ulueb1/are_there_problems_with_anchor/,{},ulueb1,False,True,False,False,False,True,True,False,#ea0027,[],e2e89fae-d1ae-11eb-ac7c-0eaa7b7dd161,Support,light,text,False,False,True,1,0,False,all_ads,/r/terraluna/comments/ulueb1/are_there_problems_with_anchor/,False,6,1652111778,1,"This might be my stupidest thing ever but here goes.

Is the password used for anchor protocol the same as the one for terra wallet? Because I can't access my funds and I'm getting kinda nervous.

I tried the password on terra station and it works but when i try to make a transaction from anchor it says incorrect password which makes me think they're different and I'm kinda fucked. What can I do?",True,False,False,terraluna,t5_2y4t5,40173,public,self,are there problems with anchor?,0,[],1.0,https://www.reddit.com/r/terraluna/comments/ulueb1/are_there_problems_with_anchor/,all_ads,6,1652082967.0,,,,,,,,,,
1,[],False,hobgobbo1,,[],,text,t2_euqv15tq,False,False,False,[],False,False,1652109454,self.terraluna,https://www.reddit.com/r/terraluna/comments/ultjtb/profiting_from_ust_losing_its_peg/,{},ultjtb,False,True,False,False,False,True,True,False,#dadada,[],773e7b1a-be27-11eb-a721-0eb5d708beb5,Terra Ecosystem,dark,text,False,False,True,0,0,False,all_ads,/r/terraluna/comments/ultjtb/profiting_from_ust_losing_its_peg/,False,6,1652109464,1,"If i have 100 UST right now, and the peg is $0.99, where can I burn that to get $100 USD worth of LUNA, and therefore profit by 1%?

When I go to terra station and look at the swap, it doesn't seem to give me more LUNA for 1UST than 1USD would.

I go to terra station &gt; swap &gt; market: UST &gt; LUNA, put in 100UST, and the amount of LUNA it says I will get is pretty much the same as the current market price. Shouldn't it be 1% higher if the peg is 1% down?

Am I missing something?",True,False,False,terraluna,t5_2y4t5,40167,public,self,Profiting from UST losing its peg,0,[],1.0,https://www.reddit.com/r/terraluna/comments/ultjtb/profiting_from_ust_losing_its_peg/,all_ads,6,1652080654.0,,,,,,,,,,
2,[],False,3xasperated,,[],,text,t2_8cvf2bim,False,False,False,[],False,False,1652109301,i.redd.it,https://www.reddit.com/r/terraluna/comments/ulthup/question_has_anyone_atomic_swapped_ust_with/,{},ulthup,False,True,False,False,True,True,False,False,#7193ff,[],844cbda8-be27-11eb-b4ba-0e4cc1e38c35,Discussion,dark,text,False,False,True,0,0,False,all_ads,/r/terraluna/comments/ulthup/question_has_anyone_atomic_swapped_ust_with/,False,6,1652109312,1,,True,False,False,terraluna,t5_2y4t5,40167,public,https://b.thumbs.redditmedia.com/-j0NBma7-ZVL6SKxLO2r-jxN-zx8q3Y1R3b3liwHJ0E.jpg,[QUESTION] Has anyone atomic swapped $UST with Liquality yet?,0,[],1.0,https://i.redd.it/rl4u4tj3vgy81.png,all_ads,6,1652080501.0,image,"{'enabled': True, 'images': [{'id': 'f1iVCzs-7vZ3FP6-MYiOz9a_-6neNDlKSu2uyl2LLn0', 'resolutions': [{'height': 55, 'url': 'https://preview.redd.it/rl4u4tj3vgy81.png?width=108&amp;crop=smart&amp;auto=webp&amp;s=348d7960a4989d74f1f365133746ed86d28b0afa', 'width': 108}, {'height': 111, 'url': 'https://preview.redd.it/rl4u4tj3vgy81.png?width=216&amp;crop=smart&amp;auto=webp&amp;s=8000b9b07ef28cdda3d21751b5a9125eb5530b44', 'width': 216}, {'height': 164, 'url': 'https://preview.redd.it/rl4u4tj3vgy81.png?width=320&amp;crop=smart&amp;auto=webp&amp;s=34a9bb4c952feec2a28ecebdb36a0bd1ac808994', 'width': 320}], 'source': {'height': 248, 'url': 'https://preview.redd.it/rl4u4tj3vgy81.png?auto=webp&amp;s=26bc7135dbddf393b6f9e0263a993f993147560f', 'width': 481}, 'variants': {}}]}",72.0,140.0,https://i.redd.it/rl4u4tj3vgy81.png,,,,,
3,[],False,jonskiv,,[],,text,t2_jhjn5whv,False,False,False,[],False,False,1652106363,self.terraluna,https://www.reddit.com/r/terraluna/comments/ulsg60/mirror_limit_order_question_why_not_triggered/,{},ulsg60,False,True,False,False,False,True,True,False,#172240,[],849b75de-be26-11eb-b869-0e2b9c8104af,Mirror,light,text,False,False,True,0,0,False,all_ads,/r/terraluna/comments/ulsg60/mirror_limit_order_question_why_not_triggered/,False,6,1652106374,1,"Placed Buy limit order on Mirror for mAssets, and the order didn’t go through when pool price (oracle + premium) went below limit order price, any reason for this?",True,False,False,terraluna,t5_2y4t5,40165,public,self,Mirror limit order question - why not triggered?,0,[],1.0,https://www.reddit.com/r/terraluna/comments/ulsg60/mirror_limit_order_question_why_not_triggered/,all_ads,6,1652077563.0,,,,,,,,,,
4,[],False,PVKT,,[],,text,t2_9x95d,False,False,False,[],False,False,1652105641,self.terraluna,https://www.reddit.com/r/terraluna/comments/uls7aa/need_ideas_what_to_do_with_my_luna/,{},uls7aa,False,True,False,False,False,True,True,False,#dadada,[],773e7b1a-be27-11eb-a721-0eb5d708beb5,Terra Ecosystem,dark,text,False,False,True,0,0,False,all_ads,/r/terraluna/comments/uls7aa/need_ideas_what_to_do_with_my_luna/,False,6,1652105653,1,I'm all mobile right now. What's the best way to utilize my Luna? I want to set and forget and hopefully get some airdrops? Is keplr the best option as far as ease of use? Also I can't withdraw my Luna from kucoin so is it better to swap to UST and move out that way? I'm super new and hoping to protect myself in this bear market,True,False,False,terraluna,t5_2y4t5,40164,public,self,need ideas what to do with my Luna?,0,[],1.0,https://www.reddit.com/r/terraluna/comments/uls7aa/need_ideas_what_to_do_with_my_luna/,all_ads,6,1652076841.0,,,,,,,,,,
5,[],False,RedditsFan2020,,[],,text,t2_6n57zs0x,False,False,False,[],False,False,1652104497,self.terraluna,https://www.reddit.com/r/terraluna/comments/ulrsmq/which_one_is_a_better_place_to_park_astro_between/,{},ulrsmq,False,True,False,False,False,True,True,False,#7193ff,[],844cbda8-be27-11eb-b4ba-0e4cc1e38c35,Discussion,dark,text,False,False,True,0,0,False,all_ads,/r/terraluna/comments/ulrsmq/which_one_is_a_better_place_to_park_astro_between/,False,6,1652104507,1," Hi,

I have a bag of Astro and am deciding between

(1) Put it in the ASTRO-UST pool of Astroport

(2) Convert it to xAstro

The APR of #1 tends to be a bit higher than #2 (if it's calculated correctly because it seems so high). However #1 has impermanent lost. Which one would you put your Astro in?

I'm leaning toward #2 because of the market condition; the Astro token price is decreasing. Please let me know your opinions/thoughts. 

&amp;#x200B;

Thanks.",True,False,False,terraluna,t5_2y4t5,40161,public,self,Which one is a better place to park Astro between ASTRO-UST pool and xAstro?,0,[],1.0,https://www.reddit.com/r/terraluna/comments/ulrsmq/which_one_is_a_better_place_to_park_astro_between/,all_ads,6,1652075697.0,,,,,,,,,,
6,[],False,terranews02,,[],,text,t2_mvya4vji,False,False,False,[],False,False,1652102798,self.terraluna,https://www.reddit.com/r/terraluna/comments/ulr86g/terra_ecosystem_faces_pressure_as_stablecoin/,{},ulr86g,False,False,False,False,False,False,True,False,#dadada,[],773e7b1a-be27-11eb-a721-0eb5d708beb5,Terra Ecosystem,dark,text,False,False,True,0,0,False,all_ads,/r/terraluna/comments/ulr86g/terra_ecosystem_faces_pressure_as_stablecoin/,False,6,1652102809,1,[removed],True,False,False,terraluna,t5_2y4t5,40160,public,https://b.thumbs.redditmedia.com/6ROpDL5i4xOl6E6Gq0Ag35LP58DdF3sB4UgrT7nZLHI.jpg,Terra Ecosystem Faces Pressure as Stablecoin Depegs,0,[],1.0,https://www.reddit.com/r/terraluna/comments/ulr86g/terra_ecosystem_faces_pressure_as_stablecoin/,all_ads,6,1652073998.0,,,140.0,140.0,,reddit,,,,
7,[],False,terranews02,,[],,text,t2_mvya4vji,False,False,False,[],False,False,1652101872,self.terraluna,https://www.reddit.com/r/terraluna/comments/ulqx0m/as_anchor_protocol_sees_reduction_in_apy_heres/,{},ulqx0m,False,False,False,False,False,False,True,False,#8bb681,[],9d679f2a-be26-11eb-bf7a-0e312f6a845b,Anchor,dark,text,False,False,True,0,0,False,all_ads,/r/terraluna/comments/ulqx0m/as_anchor_protocol_sees_reduction_in_apy_heres/,False,6,1652101882,1,[removed],True,False,False,terraluna,t5_2y4t5,40160,public,https://b.thumbs.redditmedia.com/HOyBFu1Z55LBXhrqHhcjHxUpB2FWw-kKgbcNzEs4UCg.jpg,"As Anchor protocol sees reduction in APY, here’s what it needs to jump back",0,[],1.0,https://www.reddit.com/r/terraluna/comments/ulqx0m/as_anchor_protocol_sees_reduction_in_apy_heres/,all_ads,6,1652073072.0,self,"{'enabled': False, 'images': [{'id': 'PRJcfZCwdcfjcKNndT8E0H9sh9YD7Sl5fmlAMdXJrO0', 'resolutions': [{'height': 172, 'url': 'https://external-preview.redd.it/RIg08dJT5Yxz0LL9KxcrsWA1SXSZQBevNeqW1MdFApw.jpg?width=108&amp;crop=smart&amp;auto=webp&amp;s=c23196b65685d2c4457f6084949ea1cb49029d9b', 'width': 108}, {'height': 344, 'url': 'https://external-preview.redd.it/RIg08dJT5Yxz0LL9KxcrsWA1SXSZQBevNeqW1MdFApw.jpg?width=216&amp;crop=smart&amp;auto=webp&amp;s=7a60aa8f5922558e7fe52764fb0aa41193706eb4', 'width': 216}, {'height': 510, 'url': 'https://external-preview.redd.it/RIg08dJT5Yxz0LL9KxcrsWA1SXSZQBevNeqW1MdFApw.jpg?width=320&amp;crop=smart&amp;auto=webp&amp;s=1f891f70e7ca4f5b7be24d9a758259a11a00ebef', 'width': 320}], 'source': {'height': 1006, 'url': 'https://external-preview.redd.it/RIg08dJT5Yxz0LL9KxcrsWA1SXSZQBevNeqW1MdFApw.jpg?auto=webp&amp;s=3dbcf045cabb42dba405fb4d5c73f30a3e0f2885', 'width': 631}, 'variants': {}}]}",140.0,140.0,,reddit,,,,
8,[],False,g3qtagz,,[],,text,t2_modnipsm,False,False,False,[],False,False,1652100061,i.redd.it,https://www.reddit.com/r/terraluna/comments/ulqc74/awesome_new_game_on_luna_spot_the_difference/,{},ulqc74,False,False,False,False,True,False,False,False,#7193ff,[],844cbda8-be27-11eb-b4ba-0e4cc1e38c35,Discussion,dark,text,False,False,True,0,0,False,all_ads,/r/terraluna/comments/ulqc74/awesome_new_game_on_luna_spot_the_difference/,False,6,1652100071,1,,True,False,False,terraluna,t5_2y4t5,40158,public,https://b.thumbs.redditmedia.com/Yc3B8TQiShKKE1Hz96rrllofktHX7Jij_zq-iuAhs1I.jpg,Awesome new game on LUNA: Spot the difference!,0,[],1.0,https://i.redd.it/y47cjg1v3gy81.jpg,all_ads,6,1652071261.0,image,"{'enabled': True, 'images': [{'id': 'hp2PnadYmMIBpoXoYh_k_ANCRjhIsS_e7UZbcsMoC3Q', 'resolutions': [{'height': 152, 'url': 'https://preview.redd.it/y47cjg1v3gy81.jpg?width=108&amp;crop=smart&amp;auto=webp&amp;s=12fd4a78ad63293694fcb12596e490986ce97f31', 'width': 108}, {'height': 305, 'url': 'https://preview.redd.it/y47cjg1v3gy81.jpg?width=216&amp;crop=smart&amp;auto=webp&amp;s=980eb2a82fe6b7571f3c4b9dcaf95f491c783c2b', 'width': 216}, {'height': 452, 'url': 'https://preview.redd.it/y47cjg1v3gy81.jpg?width=320&amp;crop=smart&amp;auto=webp&amp;s=791968ec76a7bcf2cd8a35e9fe8766f429128d9a', 'width': 320}, {'height': 905, 'url': 'https://preview.redd.it/y47cjg1v3gy81.jpg?width=640&amp;crop=smart&amp;auto=webp&amp;s=19826e492fc7a0f345f95f8946c404fd9e6ee111', 'width': 640}, {'height': 1357, 'url': 'https://preview.redd.it/y47cjg1v3gy81.jpg?width=960&amp;crop=smart&amp;auto=webp&amp;s=7be805de729231e2b16a15a58f2902cba99c6b3e', 'width': 960}, {'height': 1527, 'url': 'https://preview.redd.it/y47cjg1v3gy81.jpg?width=1080&amp;crop=smart&amp;auto=webp&amp;s=d7621d2325790cad145761671f9beb12a54e9946', 'width': 1080}], 'source': {'height': 2339, 'url': 'https://preview.redd.it/y47cjg1v3gy81.jpg?auto=webp&amp;s=e24aeae882c3bff5546f3125a435b9768b654cbc', 'width': 1654}, 'variants': {}}]}",140.0,140.0,https://i.redd.it/y47cjg1v3gy81.jpg,reddit,,,,
9,[],False,amphibian303,,[],,text,t2_8naq45gk,False,False,False,[],False,False,1652096538,self.terraluna,https://www.reddit.com/r/terraluna/comments/ulpaos/ust_question_can_someone_explain/,{},ulpaos,False,True,False,False,False,True,True,False,#7193ff,[],844cbda8-be27-11eb-b4ba-0e4cc1e38c35,Discussion,dark,text,False,False,True,0,0,False,all_ads,/r/terraluna/comments/ulpaos/ust_question_can_someone_explain/,False,6,1652096549,1,Is UST backed 1:1 by USD?,True,False,False,terraluna,t5_2y4t5,40156,public,self,"UST question, can someone explain?",0,[],1.0,https://www.reddit.com/r/terraluna/comments/ulpaos/ust_question_can_someone_explain/,all_ads,6,1652067738.0,,,,,,,,,,
10,[],False,muscrue,,[],,text,t2_35txk64s,False,False,False,[],False,False,1652094589,i.redd.it,https://www.reddit.com/r/terraluna/comments/ulosin/okx_automatically_redeemed_all_ust_i_had_a_small/,{},ulosin,False,True,False,False,True,True,False,False,#ab912b,[],692c7f0e-e7cb-11eb-a117-0ed30301aa27,News,light,text,False,False,True,0,0,False,all_ads,/r/terraluna/comments/ulosin/okx_automatically_redeemed_all_ust_i_had_a_small/,False,6,1652094600,1,,True,False,False,terraluna,t5_2y4t5,40154,public,https://a.thumbs.redditmedia.com/uhFwhLrlC6yhIK6L0PrTT5l0fky94VHb1x36n5M_in8.jpg,"OKX automatically redeemed all UST. I had a small amount there, already staked everything back but considered to let y’all know about this",0,[],1.0,https://i.redd.it/dn8r2ykwnfy81.jpg,all_ads,6,1652065789.0,image,"{'enabled': True, 'images': [{'id': 'hQ9lhl2OUzbH9mxbfu7jbp6H-cRup3TbOS4CbpGyZl4', 'resolutions': [{'height': 216, 'url': 'https://preview.redd.it/dn8r2ykwnfy81.jpg?width=108&amp;crop=smart&amp;auto=webp&amp;s=c841fd4d8f3bc3d6613027fcf2e66d9b040d0af0', 'width': 108}, {'height': 432, 'url': 'https://preview.redd.it/dn8r2ykwnfy81.jpg?width=216&amp;crop=smart&amp;auto=webp&amp;s=fc587f39dd0acabf61485899d3220c3bd21bbfa1', 'width': 216}, {'height': 640, 'url': 'https://preview.redd.it/dn8r2ykwnfy81.jpg?width=320&amp;crop=smart&amp;auto=webp&amp;s=daec3d85e943a9373bc6768bad214498404e3aaa', 'width': 320}, {'height': 1280, 'url': 'https://preview.redd.it/dn8r2ykwnfy81.jpg?width=640&amp;crop=smart&amp;auto=webp&amp;s=afb21432ce00a73e964dfd158196c0f05e2670a4', 'width': 640}, {'height': 1920, 'url': 'https://preview.redd.it/dn8r2ykwnfy81.jpg?width=960&amp;crop=smart&amp;auto=webp&amp;s=250364470cb966b93afff1e3c00757960eee9481', 'width': 960}, {'height': 2160, 'url': 'https://preview.redd.it/dn8r2ykwnfy81.jpg?width=1080&amp;crop=smart&amp;auto=webp&amp;s=d178db8e6627772fb8025d01c1affa7fae2457c6', 'width': 1080}], 'source': {'height': 2532, 'url': 'https://preview.redd.it/dn8r2ykwnfy81.jpg?auto=webp&amp;s=9d52f92d23fdc5f35f22212b10dbea5a9f405196', 'width': 1170}, 'variants': {}}]}",140.0,140.0,https://i.redd.it/dn8r2ykwnfy81.jpg,,,,,
11,[],False,Loud_Dingo7261,,[],,text,t2_d55dsqur,False,False,False,[],False,False,1652087805,thenewscrypto.com,https://www.reddit.com/r/terraluna/comments/uln63q/subquery_extends_its_indexing_services_to_terra/,{},uln63q,False,True,False,False,False,True,False,False,#dadada,[],773e7b1a-be27-11eb-a721-0eb5d708beb5,Terra Ecosystem,dark,text,False,False,True,0,0,False,all_ads,/r/terraluna/comments/uln63q/subquery_extends_its_indexing_services_to_terra/,False,6,1652087815,1,,False,False,False,terraluna,t5_2y4t5,40148,public,https://b.thumbs.redditmedia.com/gH8VVWl5BMi0vtm_5mcDUi5lu9XRT0fkKG9IgbSHIXI.jpg,SubQuery Extends Its Indexing Services to Terra Ecosystem Starting Today,0,[],1.0,https://thenewscrypto.com/subquery-extends-its-indexing-services-to-terra-ecosystem-starting-today/,all_ads,6,1652059005.0,link,"{'enabled': False, 'images': [{'id': '8_DwMIZGZml36-kjjAP_nMx1biZVAhiEXcvf9f3RiuM', 'resolutions': [{'height': 60, 'url': 'https://external-preview.redd.it/A3nlwPmyOeV7ZoO-bkemT95mrpk4TqYeNjBiHveUu78.jpg?width=108&amp;crop=smart&amp;auto=webp&amp;s=37cf6a0a67c91370710368366910c3608f97ba7e', 'width': 108}, {'height': 121, 'url': 'https://external-preview.redd.it/A3nlwPmyOeV7ZoO-bkemT95mrpk4TqYeNjBiHveUu78.jpg?width=216&amp;crop=smart&amp;auto=webp&amp;s=6c4232d4548f3ab05542edea3b4f90b30a965380', 'width': 216}, {'height': 180, 'url': 'https://external-preview.redd.it/A3nlwPmyOeV7ZoO-bkemT95mrpk4TqYeNjBiHveUu78.jpg?width=320&amp;crop=smart&amp;auto=webp&amp;s=256fdba3f5df73eaf228ac701970449362e0cd76', 'width': 320}, {'height': 360, 'url': 'https://external-preview.redd.it/A3nlwPmyOeV7ZoO-bkemT95mrpk4TqYeNjBiHveUu78.jpg?width=640&amp;crop=smart&amp;auto=webp&amp;s=e78845605f2527e17a32eb7aafec27139c65cc29', 'width': 640}], 'source': {'height': 411, 'url': 'https://external-preview.redd.it/A3nlwPmyOeV7ZoO-bkemT95mrpk4TqYeNjBiHveUu78.jpg?auto=webp&amp;s=9d623e74cd379e65c737c04e61eafa4f690d1d0d', 'width': 730}, 'variants': {}}]}",78.0,140.0,https://thenewscrypto.com/subquery-extends-its-indexing-services-to-terra-ecosystem-starting-today/,,,,,
12,[],False,thuynguyen174,,[],,text,t2_5v8pwsq2,False,False,False,[],False,False,1652080737,news.coincu.com,https://www.reddit.com/r/terraluna/comments/ullmou/luna_prices_fell_nearly_50_as_ust_stablecoin/,{},ullmou,False,True,False,False,False,True,False,False,#7193ff,[],844cbda8-be27-11eb-b4ba-0e4cc1e38c35,Discussion,dark,text,False,False,True,0,0,False,all_ads,/r/terraluna/comments/ullmou/luna_prices_fell_nearly_50_as_ust_stablecoin/,False,6,1652080747,1,,True,False,False,terraluna,t5_2y4t5,40138,public,https://a.thumbs.redditmedia.com/p78k5-XkMypeKsXH3j0MtIj4-K7XYgx8Tw36w7FaEg4.jpg,LUNA Prices Fell Nearly 50% As UST Stablecoin Reduced Its Peg,0,[],1.0,https://news.coincu.com/87237-luna-prices-fell-nearly-50/,all_ads,6,1652051937.0,link,"{'enabled': False, 'images': [{'id': 'oZFc8KuT6y9WyQilX93CfPrsEkw9imx3fqps9NR7i2c', 'resolutions': [{'height': 60, 'url': 'https://external-preview.redd.it/-CP8ss2EY9zSqhcNS15XrKyhT9qzFvRLTl3X5-9JvOk.jpg?width=108&amp;crop=smart&amp;auto=webp&amp;s=14525230db650fff672be0085cf2d7674c25f80d', 'width': 108}, {'height': 121, 'url': 'https://external-preview.redd.it/-CP8ss2EY9zSqhcNS15XrKyhT9qzFvRLTl3X5-9JvOk.jpg?width=216&amp;crop=smart&amp;auto=webp&amp;s=0465b097cbcd78bc83c951d9742f1b07f7309b1b', 'width': 216}, {'height': 180, 'url': 'https://external-preview.redd.it/-CP8ss2EY9zSqhcNS15XrKyhT9qzFvRLTl3X5-9JvOk.jpg?width=320&amp;crop=smart&amp;auto=webp&amp;s=fa3f6c2505b57efb2443d7a2ca9dc79ec67aed73', 'width': 320}, {'height': 360, 'url': 'https://external-preview.redd.it/-CP8ss2EY9zSqhcNS15XrKyhT9qzFvRLTl3X5-9JvOk.jpg?width=640&amp;crop=smart&amp;auto=webp&amp;s=d6b065ef95738914903d9d6ea8bd49567559c4e3', 'width': 640}, {'height': 540, 'url': 'https://external-preview.redd.it/-CP8ss2EY9zSqhcNS15XrKyhT9qzFvRLTl3X5-9JvOk.jpg?width=960&amp;crop=smart&amp;auto=webp&amp;s=9fe3e10f5e7e76a9dea24b748e38eee0a39dbdba', 'width': 960}, {'height': 607, 'url': 'https://external-preview.redd.it/-CP8ss2EY9zSqhcNS15XrKyhT9qzFvRLTl3X5-9JvOk.jpg?width=1080&amp;crop=smart&amp;auto=webp&amp;s=4470d4fbc37853fef29899b934ff415038d3c6e1', 'width': 1080}], 'source': {'height': 619, 'url': 'https://external-preview.redd.it/-CP8ss2EY9zSqhcNS15XrKyhT9qzFvRLTl3X5-9JvOk.jpg?auto=webp&amp;s=d75c0356248fb708c0072aa0e6fd06f6d8fa7cb6', 'width': 1100}, 'variants': {}}]}",78.0,140.0,https://news.coincu.com/87237-luna-prices-fell-nearly-50/,,,,,
13,[],False,E_Anonymous_2,,[],,text,t2_lls3yg03,False,False,False,[],False,False,1652066807,self.terraluna,https://www.reddit.com/r/terraluna/comments/uli6jl/obvious_fraud_wallet_for_astro_on_google/,{},uli6jl,False,True,False,False,False,True,True,False,#7193ff,[],844cbda8-be27-11eb-b4ba-0e4cc1e38c35,Discussion,dark,text,False,False,True,0,0,False,all_ads,/r/terraluna/comments/uli6jl/obvious_fraud_wallet_for_astro_on_google/,False,6,1652066818,1,"There is a fraudulent wallet fir Astro deposits on Google Ads (so the first option)

This is the wallet: terra1fz57nt6t3nnxel6q77wsmxxdesn7rgy0h27x30

Be careful and if there is anything we can do about this as a community? Probably not but figured I would issue a warning.",True,False,False,terraluna,t5_2y4t5,40126,public,self,Obvious Fraud Wallet for Astro on Google,0,[],1.0,https://www.reddit.com/r/terraluna/comments/uli6jl/obvious_fraud_wallet_for_astro_on_google/,all_ads,6,1652038007.0,,,,,,,,,,
14,[],False,BenL90,,[],,text,t2_n9jml,False,False,False,[],False,False,1652065842,theblockcrypto.com,https://www.reddit.com/r/terraluna/comments/ulhwrx/will_luna_kept_burning_to_zero_ust_stablecoin/,{},ulhwrx,False,False,False,False,False,False,False,False,#7193ff,[],844cbda8-be27-11eb-b4ba-0e4cc1e38c35,Discussion,dark,text,False,False,True,0,0,False,all_ads,/r/terraluna/comments/ulhwrx/will_luna_kept_burning_to_zero_ust_stablecoin/,False,6,1652065853,1,,True,False,False,terraluna,t5_2y4t5,40125,public,https://b.thumbs.redditmedia.com/HeMq3QdP70YuYLwT28pVrTBRQn9T8Ko2pyiOj4_32LY.jpg,Will LUNA Kept Burning to Zero? UST stablecoin struggles to maintain $1 parity amid crypto market turbulence,0,[],1.0,https://www.theblockcrypto.com/linked/145676/ust-stablecoin-struggles-to-maintain-1-parity-amid-crypto-market-turbulence,all_ads,6,1652037042.0,link,"{'enabled': False, 'images': [{'id': 'VHobJWooWV5qzynE6CCDlCsHae7_tdAAFflo7YXaXW4', 'resolutions': [{'height': 60, 'url': 'https://external-preview.redd.it/n69CgFfKIFqD9lj_e1U_5w7pb29YXGZn_ZgqM8FGFt4.jpg?width=108&amp;crop=smart&amp;auto=webp&amp;s=ba1d2408be92f6a776426039bba834e9100769fc', 'width': 108}, {'height': 121, 'url': 'https://external-preview.redd.it/n69CgFfKIFqD9lj_e1U_5w7pb29YXGZn_ZgqM8FGFt4.jpg?width=216&amp;crop=smart&amp;auto=webp&amp;s=2c48373b7a21ccdf28ea08563c87aa2dc317ad79', 'width': 216}, {'height': 180, 'url': 'https://external-preview.redd.it/n69CgFfKIFqD9lj_e1U_5w7pb29YXGZn_ZgqM8FGFt4.jpg?width=320&amp;crop=smart&amp;auto=webp&amp;s=21c5c8571e509eb5489bd8e361033b33cdf520cd', 'width': 320}, {'height': 360, 'url': 'https://external-preview.redd.it/n69CgFfKIFqD9lj_e1U_5w7pb29YXGZn_ZgqM8FGFt4.jpg?width=640&amp;crop=smart&amp;auto=webp&amp;s=ce5172d0673cf100a575d19467e41f114c79e425', 'width': 640}, {'height': 540, 'url': 'https://external-preview.redd.it/n69CgFfKIFqD9lj_e1U_5w7pb29YXGZn_ZgqM8FGFt4.jpg?width=960&amp;crop=smart&amp;auto=webp&amp;s=7facd84976e41bd6ed792bd21015898138fcf9f2', 'width': 960}, {'height': 607, 'url': 'https://external-preview.redd.it/n69CgFfKIFqD9lj_e1U_5w7pb29YXGZn_ZgqM8FGFt4.jpg?width=1080&amp;crop=smart&amp;auto=webp&amp;s=7936158650882c26da1480ebd4b5616f7ef11359', 'width': 1080}], 'source': {'height': 1080, 'url': 'https://external-preview.redd.it/n69CgFfKIFqD9lj_e1U_5w7pb29YXGZn_ZgqM8FGFt4.jpg?auto=webp&amp;s=66f7fe05bb6eddc479d388316aecc5021fbf8e20', 'width': 1920}, 'variants': {}}]}",78.0,140.0,https://www.theblockcrypto.com/linked/145676/ust-stablecoin-struggles-to-maintain-1-parity-amid-crypto-market-turbulence,reddit,,,,
15,[],False,Reasonable_Sentence4,,[],,text,t2_7r60nc7b,False,False,False,[],False,False,1652064747,self.terraluna,https://www.reddit.com/r/terraluna/comments/ulhlis/terra_down_despite_high_volume/,{},ulhlis,False,False,False,False,False,False,True,False,#7193ff,[],844cbda8-be27-11eb-b4ba-0e4cc1e38c35,Discussion,dark,text,False,False,True,0,0,False,all_ads,/r/terraluna/comments/ulhlis/terra_down_despite_high_volume/,False,6,1652064758,1,[removed],True,False,False,terraluna,t5_2y4t5,40126,public,self,"Terra down, despite high volume?",0,[],1.0,https://www.reddit.com/r/terraluna/comments/ulhlis/terra_down_despite_high_volume/,all_ads,6,1652035947.0,,,,,,reddit,,,,
16,[],False,2fy54gh6,,[],,text,t2_ixb0aq81,False,False,False,[],False,False,1652062433,youtu.be,https://www.reddit.com/r/terraluna/comments/ulgx8r/techlead_on_the_terra_ust_depeg_contagion/,{},ulgx8r,False,True,False,False,False,True,False,False,#ab912b,[],692c7f0e-e7cb-11eb-a117-0ed30301aa27,News,light,text,False,False,True,0,0,False,all_ads,/r/terraluna/comments/ulgx8r/techlead_on_the_terra_ust_depeg_contagion/,False,6,1652062444,1,,True,False,False,terraluna,t5_2y4t5,40116,public,https://b.thumbs.redditmedia.com/Ddl8X4oqAa6e8Md3zNXok8uZqpOVPW3tEACUDdxo_AE.jpg,TechLead on the Terra UST depeg contagion,0,[],1.0,https://youtu.be/sgQaFQhbSPk,all_ads,6,1652033633.0,rich:video,"{'enabled': False, 'images': [{'id': 'lio1X7PZ7Pqhtc-LfSuUwr4pglIR6R7O3NIs7UyP4xs', 'resolutions': [{'height': 81, 'url': 'https://external-preview.redd.it/tnR6r4lPcJh-2_gEJzsfFRL8K353dnMv-_YIYsoksS4.jpg?width=108&amp;crop=smart&amp;auto=webp&amp;s=4dd9bada31e7e06a570e962dd2299e80ad48b865', 'width': 108}, {'height': 162, 'url': 'https://external-preview.redd.it/tnR6r4lPcJh-2_gEJzsfFRL8K353dnMv-_YIYsoksS4.jpg?width=216&amp;crop=smart&amp;auto=webp&amp;s=731e1bf3de54a9a075dcb67ef1712da24e4a4f58', 'width': 216}, {'height': 240, 'url': 'https://external-preview.redd.it/tnR6r4lPcJh-2_gEJzsfFRL8K353dnMv-_YIYsoksS4.jpg?width=320&amp;crop=smart&amp;auto=webp&amp;s=7daccf9f38e374db7d12551ea29132433687aaf0', 'width': 320}], 'source': {'height': 360, 'url': 'https://external-preview.redd.it/tnR6r4lPcJh-2_gEJzsfFRL8K353dnMv-_YIYsoksS4.jpg?auto=webp&amp;s=eb87c25bbd8d2077c0f73cc0bf5986966b373b6b', 'width': 480}, 'variants': {}}]}",105.0,140.0,https://youtu.be/sgQaFQhbSPk,,"{'oembed': {'author_name': 'TechLead', 'author_url': 'https://www.youtube.com/c/TechLead', 'height': 200, 'html': '&lt;iframe width=""356"" height=""200"" src=""https://www.youtube.com/embed/sgQaFQhbSPk?feature=oembed&amp;enablejsapi=1"" frameborder=""0"" allow=""accelerometer; autoplay; clipboard-write; encrypted-media; gyroscope; picture-in-picture"" allowfullscreen&gt;&lt;/iframe&gt;', 'provider_name': 'YouTube', 'provider_url': 'https://www.youtube.com/', 'thumbnail_height': 360, 'thumbnail_url': 'https://i.ytimg.com/vi/sgQaFQhbSPk/hqdefault.jpg', 'thumbnail_width': 480, 'title': '*WARNING* CRYPTO DEATH SPIRAL. NIGHTMARE CRASH and my game plan.', 'type': 'video', 'version': '1.0', 'width': 356}, 'type': 'youtube.com'}","{'content': '&lt;iframe width=""356"" height=""200"" src=""https://www.youtube.com/embed/sgQaFQhbSPk?feature=oembed&amp;enablejsapi=1"" frameborder=""0"" allow=""accelerometer; autoplay; clipboard-write; encrypted-media; gyroscope; picture-in-picture"" allowfullscreen&gt;&lt;/iframe&gt;', 'height': 200, 'scrolling': False, 'width': 356}","{'oembed': {'author_name': 'TechLead', 'author_url': 'https://www.youtube.com/c/TechLead', 'height': 200, 'html': '&lt;iframe width=""356"" height=""200"" src=""https://www.youtube.com/embed/sgQaFQhbSPk?feature=oembed&amp;enablejsapi=1"" frameborder=""0"" allow=""accelerometer; autoplay; clipboard-write; encrypted-media; gyroscope; picture-in-picture"" allowfullscreen&gt;&lt;/iframe&gt;', 'provider_name': 'YouTube', 'provider_url': 'https://www.youtube.com/', 'thumbnail_height': 360, 'thumbnail_url': 'https://i.ytimg.com/vi/sgQaFQhbSPk/hqdefault.jpg', 'thumbnail_width': 480, 'title': '*WARNING* CRYPTO DEATH SPIRAL. NIGHTMARE CRASH and my game plan.', 'type': 'video', 'version': '1.0', 'width': 356}, 'type': 'youtube.com'}","{'content': '&lt;iframe width=""356"" height=""200"" src=""https://www.youtube.com/embed/sgQaFQhbSPk?feature=oembed&amp;enablejsapi=1"" frameborder=""0"" allow=""accelerometer; autoplay; clipboard-write; encrypted-media; gyroscope; picture-in-picture"" allowfullscreen&gt;&lt;/iframe&gt;', 'height': 200, 'media_domain_url': 'https://www.redditmedia.com/mediaembed/ulgx8r', 'scrolling': False, 'width': 356}"
17,[],False,tykeryerson,,[],,text,t2_3rdyq,False,False,False,[],False,False,1652062385,self.terraluna,https://www.reddit.com/r/terraluna/comments/ulgwqu/my_theory_on_this_recent_luna_dip/,{},ulgwqu,False,True,False,False,False,True,True,False,#7193ff,[],844cbda8-be27-11eb-b4ba-0e4cc1e38c35,Discussion,dark,text,False,False,True,0,0,False,all_ads,/r/terraluna/comments/ulgwqu/my_theory_on_this_recent_luna_dip/,False,6,1652062395,1,"Tron just launched their stablecoin USDD and allegedly there flagship earn interest rate is to be pegged at **30%** and launching May 12... meanwhile Anchor just kicked off their first [planned] monthly rate decrease. Seems that some big UST money simply decided to get on that +10%. 680M abruptly cashing out is bound to mint a ton of new LUNA, and naturally cause the price of Luna to plummet some...",True,False,False,terraluna,t5_2y4t5,40116,public,self,My theory on this recent Luna dip...,0,[],1.0,https://www.reddit.com/r/terraluna/comments/ulgwqu/my_theory_on_this_recent_luna_dip/,all_ads,6,1652033585.0,,,,,,,,,,
18,[],False,OppositeAlps4035,,[],,text,t2_c51n7fjr,False,False,False,[],False,False,1652058159,self.terraluna,https://www.reddit.com/r/terraluna/comments/ulfocp/hypothetical_scenario_what_will_happen_when_yield/,{},ulfocp,False,True,False,False,False,True,True,False,#7193ff,[],844cbda8-be27-11eb-b4ba-0e4cc1e38c35,Discussion,dark,text,False,False,True,0,0,False,all_ads,/r/terraluna/comments/ulfocp/hypothetical_scenario_what_will_happen_when_yield/,False,6,1652058170,1,"question as per title.

Will that decimate UST ?",True,False,False,terraluna,t5_2y4t5,40112,public,self,Hypothetical scenario: What will happen when Yield Reserve is not refilled and stays at zero ?,0,[],1.0,https://www.reddit.com/r/terraluna/comments/ulfocp/hypothetical_scenario_what_will_happen_when_yield/,all_ads,6,1652029359.0,,,,,,,,,,
19,[],False,Howitdobiglyboo,,[],,text,t2_29g3s5h4,False,False,False,[],False,False,1652056992,self.terraluna,https://www.reddit.com/r/terraluna/comments/ulfc55/transferring_osmo_to_terra_station/,{},ulfc55,False,True,False,False,False,True,True,False,#ea0027,[],e2e89fae-d1ae-11eb-ac7c-0eaa7b7dd161,Support,light,text,False,False,True,1,0,False,all_ads,/r/terraluna/comments/ulfc55/transferring_osmo_to_terra_station/,False,6,1652057002,1,"Basically the title. 

I wanna transfer my OSMO I gained from LPs in osmosis to terra station without issue. Do I need to do IBC transfer on my Kepler wallet (if so, what channel) to terra address on kepler and then transfer to terra station address or can I transfer OSMO straight to terra station from the Kepler wallet?",True,False,False,terraluna,t5_2y4t5,40112,public,self,Transferring OSMO to Terra Station,0,[],1.0,https://www.reddit.com/r/terraluna/comments/ulfc55/transferring_osmo_to_terra_station/,all_ads,6,1652028192.0,,,,,,,,,,
20,[],False,ForgetMik2,,[],,text,t2_81znaxqb,False,False,False,[],False,False,1652054668,self.terraluna,https://www.reddit.com/r/terraluna/comments/ulenn4/best_way_to_swap_one_for_ust_and_move_to_terra/,{},ulenn4,False,True,False,False,False,True,True,False,#ea0027,[],e2e89fae-d1ae-11eb-ac7c-0eaa7b7dd161,Support,light,text,False,False,True,1,0,False,all_ads,/r/terraluna/comments/ulenn4/best_way_to_swap_one_for_ust_and_move_to_terra/,False,6,1652054679,1,I'm trying to understanb the best way to swap ONE on ONE mainnet on Metamask for UST that I can move to Terra Station. Any help please?,True,False,False,terraluna,t5_2y4t5,40113,public,self,Best way to swap ONE for UST and move to Terra Station,0,[],1.0,https://www.reddit.com/r/terraluna/comments/ulenn4/best_way_to_swap_one_for_ust_and_move_to_terra/,all_ads,6,1652025868.0,,,,,,,,,,
21,[],False,gadgetpimp,,[],,text,t2_7q73l6xa,False,False,False,[],False,False,1652052595,youtube.com,https://www.reddit.com/r/terraluna/comments/ule1mv/reached_my_goal_of_500_luna_staked_thanks_the/,{},ule1mv,False,True,False,False,False,True,False,False,#dadada,[],773e7b1a-be27-11eb-a721-0eb5d708beb5,Terra Ecosystem,dark,text,False,False,True,0,0,False,all_ads,/r/terraluna/comments/ule1mv/reached_my_goal_of_500_luna_staked_thanks_the/,False,6,1652052605,1,,True,False,False,terraluna,t5_2y4t5,40111,public,https://b.thumbs.redditmedia.com/m4qrnglE6Bj8S999xUQnmZdeIZRH53SyIfQlpSh3DFQ.jpg,Reached my Goal of 500 Luna staked thanks the crypto crash,0,[],1.0,https://youtube.com/watch?v=Hx-3FKIUodk&amp;feature=share,all_ads,6,1652023795.0,rich:video,"{'enabled': False, 'images': [{'id': 'zKQRBHd3opm0g3_pfNKyqQeYbeTH8UhxQ-u0spUXADI', 'resolutions': [{'height': 81, 'url': 'https://external-preview.redd.it/PUZxXrscWwflfckcOjXOO8OvKc8e_xFcunid2IdVuuY.jpg?width=108&amp;crop=smart&amp;auto=webp&amp;s=d68f89bf4c97d0ead428bfd9d2823a33db7bac62', 'width': 108}, {'height': 162, 'url': 'https://external-preview.redd.it/PUZxXrscWwflfckcOjXOO8OvKc8e_xFcunid2IdVuuY.jpg?width=216&amp;crop=smart&amp;auto=webp&amp;s=53a4b4322053fe2b8a873b498c0e3c021f4dc95e', 'width': 216}, {'height': 240, 'url': 'https://external-preview.redd.it/PUZxXrscWwflfckcOjXOO8OvKc8e_xFcunid2IdVuuY.jpg?width=320&amp;crop=smart&amp;auto=webp&amp;s=03bfcffe97a2ce0f6440ce00ba95ea6e2f959095', 'width': 320}], 'source': {'height': 360, 'url': 'https://external-preview.redd.it/PUZxXrscWwflfckcOjXOO8OvKc8e_xFcunid2IdVuuY.jpg?auto=webp&amp;s=a4e6dd553fa591306ded7bea3d86df131b207793', 'width': 480}, 'variants': {}}]}",105.0,140.0,https://youtube.com/watch?v=Hx-3FKIUodk&amp;feature=share,,"{'oembed': {'author_name': 'GadgetPimp', 'author_url': 'https://www.youtube.com/c/techsavvy2100', 'height': 200, 'html': '&lt;iframe width=""356"" height=""200"" src=""https://www.youtube.com/embed/Hx-3FKIUodk?feature=oembed&amp;enablejsapi=1"" frameborder=""0"" allow=""accelerometer; autoplay; clipboard-write; encrypted-media; gyroscope; picture-in-picture"" allowfullscreen&gt;&lt;/iframe&gt;', 'provider_name': 'YouTube', 'provider_url': 'https://www.youtube.com/', 'thumbnail_height': 360, 'thumbnail_url': 'https://i.ytimg.com/vi/Hx-3FKIUodk/hqdefault.jpg', 'thumbnail_width': 480, 'title': 'Reached my Goal of 500 Luna staked. Thanks to Bitcoin Crash', 'type': 'video', 'version': '1.0', 'width': 356}, 'type': 'youtube.com'}","{'content': '&lt;iframe width=""356"" height=""200"" src=""https://www.youtube.com/embed/Hx-3FKIUodk?feature=oembed&amp;enablejsapi=1"" frameborder=""0"" allow=""accelerometer; autoplay; clipboard-write; encrypted-media; gyroscope; picture-in-picture"" allowfullscreen&gt;&lt;/iframe&gt;', 'height': 200, 'scrolling': False, 'width': 356}","{'oembed': {'author_name': 'GadgetPimp', 'author_url': 'https://www.youtube.com/c/techsavvy2100', 'height': 200, 'html': '&lt;iframe width=""356"" height=""200"" src=""https://www.youtube.com/embed/Hx-3FKIUodk?feature=oembed&amp;enablejsapi=1"" frameborder=""0"" allow=""accelerometer; autoplay; clipboard-write; encrypted-media; gyroscope; picture-in-picture"" allowfullscreen&gt;&lt;/iframe&gt;', 'provider_name': 'YouTube', 'provider_url': 'https://www.youtube.com/', 'thumbnail_height': 360, 'thumbnail_url': 'https://i.ytimg.com/vi/Hx-3FKIUodk/hqdefault.jpg', 'thumbnail_width': 480, 'title': 'Reached my Goal of 500 Luna staked. Thanks to Bitcoin Crash', 'type': 'video', 'version': '1.0', 'width': 356}, 'type': 'youtube.com'}","{'content': '&lt;iframe width=""356"" height=""200"" src=""https://www.youtube.com/embed/Hx-3FKIUodk?feature=oembed&amp;enablejsapi=1"" frameborder=""0"" allow=""accelerometer; autoplay; clipboard-write; encrypted-media; gyroscope; picture-in-picture"" allowfullscreen&gt;&lt;/iframe&gt;', 'height': 200, 'media_domain_url': 'https://www.redditmedia.com/mediaembed/ule1mv', 'scrolling': False, 'width': 356}"
22,[],False,BenDoverR8Now,,[],,text,t2_5rd5aq8w,False,False,False,[],False,False,1652051434,fiaz.substack.com,https://www.reddit.com/r/terraluna/comments/uldp4g/astroport_protocol_the_liquidity_hub_of_terra/,{},uldp4g,False,True,False,False,False,True,False,False,#dadada,[],773e7b1a-be27-11eb-a721-0eb5d708beb5,Terra Ecosystem,dark,text,False,False,True,0,0,False,all_ads,/r/terraluna/comments/uldp4g/astroport_protocol_the_liquidity_hub_of_terra/,False,6,1652051445,1,,True,False,False,terraluna,t5_2y4t5,40108,public,https://b.thumbs.redditmedia.com/cIx05kRw_bRLp2CRxiASZrVL7SndWGNkBt75KTY0BIE.jpg,Astroport Protocol: The Liquidity Hub of Terra,0,[],1.0,https://fiaz.substack.com/p/astroport-the-liquidity-hub-of-terra?s=w,all_ads,6,1652022634.0,link,"{'enabled': False, 'images': [{'id': '_oARDTJOKpL12xjpq3lmajdDwb9HGAu_35u4rsiindI', 'resolutions': [{'height': 60, 'url': 'https://external-preview.redd.it/YcBT66N-I5GKrzk0y9y6SqlhIx1YOadesY9xHLzv63w.jpg?width=108&amp;crop=smart&amp;auto=webp&amp;s=4c8ea0ab86021009801a348f8b415c2eb097d76d', 'width': 108}, {'height': 121, 'url': 'https://external-preview.redd.it/YcBT66N-I5GKrzk0y9y6SqlhIx1YOadesY9xHLzv63w.jpg?width=216&amp;crop=smart&amp;auto=webp&amp;s=705e15b52def6cbcfe567ba35b7d3732f4f9cab1', 'width': 216}, {'height': 179, 'url': 'https://external-preview.redd.it/YcBT66N-I5GKrzk0y9y6SqlhIx1YOadesY9xHLzv63w.jpg?width=320&amp;crop=smart&amp;auto=webp&amp;s=a0bc36f48e7fb572ac5208d3b46cb91d9714a3eb', 'width': 320}, {'height': 359, 'url': 'https://external-preview.redd.it/YcBT66N-I5GKrzk0y9y6SqlhIx1YOadesY9xHLzv63w.jpg?width=640&amp;crop=smart&amp;auto=webp&amp;s=a2b30cf40c2e679d4d85be3786201e99f18576fa', 'width': 640}, {'height': 539, 'url': 'https://external-preview.redd.it/YcBT66N-I5GKrzk0y9y6SqlhIx1YOadesY9xHLzv63w.jpg?width=960&amp;crop=smart&amp;auto=webp&amp;s=e23d105f6eb48f6406e0a027d62aa3ebf872b2a6', 'width': 960}], 'source': {'height': 600, 'url': 'https://external-preview.redd.it/YcBT66N-I5GKrzk0y9y6SqlhIx1YOadesY9xHLzv63w.jpg?auto=webp&amp;s=6c5dc66b0f49943d704aacf5ab41335f3e5764a7', 'width': 1067}, 'variants': {}}]}",78.0,140.0,https://fiaz.substack.com/p/astroport-the-liquidity-hub-of-terra?s=w,,,,,
23,[],False,ObamaWhisperer,,[],,text,t2_1jgk8c8m,False,False,False,[],False,False,1652050143,self.terraluna,https://www.reddit.com/r/terraluna/comments/ulda5r/anyone_have_an_alice_invite_code_or_have_a_good/,{},ulda5r,False,True,False,False,False,True,True,False,#8844f6,[],58bcf2d4-be27-11eb-8d50-0e227113ea6b,Alice,light,text,False,False,True,0,0,False,all_ads,/r/terraluna/comments/ulda5r/anyone_have_an_alice_invite_code_or_have_a_good/,False,6,1652050154,1,"I’m sorry to be asking this, I feel like a bother, but I did not realize that Kado has a $500 per day maximum. I like Kado for the flat $2 fee. Everywhere else I look has a % fee and that doesn’t seem capital efficient to me. 

I could just wait multiple days but time is of the essence! Or I’m just impatient (not a speculation, I AM impatient lol)",True,False,False,terraluna,t5_2y4t5,40106,public,self,Anyone have an Alice invite code or have a good on ramp alternative to Kado?,0,[],1.0,https://www.reddit.com/r/terraluna/comments/ulda5r/anyone_have_an_alice_invite_code_or_have_a_good/,all_ads,6,1652021343.0,,,,,,,,,,
24,[],False,g3qtagz,,[],,text,t2_modnipsm,False,False,False,[],False,False,1652047926,i.redd.it,https://www.reddit.com/r/terraluna/comments/ulckb1/ust_potentially_this_cycles_bitconnect/,{},ulckb1,False,True,False,False,True,True,False,False,#dadada,[],773e7b1a-be27-11eb-a721-0eb5d708beb5,Terra Ecosystem,dark,text,False,False,True,0,0,False,all_ads,/r/terraluna/comments/ulckb1/ust_potentially_this_cycles_bitconnect/,False,6,1652047936,1,,True,False,False,terraluna,t5_2y4t5,40102,public,https://b.thumbs.redditmedia.com/b85MHLFq4SZzqIKQaTcet6DH0kJ-uz6nhCkJMilVxpw.jpg,UST potentially this cycles Bitconnect?,0,[],1.0,https://i.redd.it/5q23o3x2tby81.jpg,all_ads,6,1652019126.0,image,"{'enabled': True, 'images': [{'id': 'vp32Pd6KbYoougUoV7m_4tGlMSO7syPM4WnONX6UkP8', 'resolutions': [{'height': 152, 'url': 'https://preview.redd.it/5q23o3x2tby81.jpg?width=108&amp;crop=smart&amp;auto=webp&amp;s=ee2479a29b1bc019148566ec4a5b7fe4062a7718', 'width': 108}, {'height': 305, 'url': 'https://preview.redd.it/5q23o3x2tby81.jpg?width=216&amp;crop=smart&amp;auto=webp&amp;s=efbde4fe1b3922e16b6b4f27a907cfb07432f6fd', 'width': 216}, {'height': 452, 'url': 'https://preview.redd.it/5q23o3x2tby81.jpg?width=320&amp;crop=smart&amp;auto=webp&amp;s=a5202d8262b8350d3996f4a596f77bf3fb3f3391', 'width': 320}, {'height': 905, 'url': 'https://preview.redd.it/5q23o3x2tby81.jpg?width=640&amp;crop=smart&amp;auto=webp&amp;s=f76aa267d94bdec4371549a7662ff7a6c2e816d1', 'width': 640}, {'height': 1357, 'url': 'https://preview.redd.it/5q23o3x2tby81.jpg?width=960&amp;crop=smart&amp;auto=webp&amp;s=e32105e4185df817d795170f087207c1f979fb03', 'width': 960}, {'height': 1527, 'url': 'https://preview.redd.it/5q23o3x2tby81.jpg?width=1080&amp;crop=smart&amp;auto=webp&amp;s=094c12bbf0d03e24b233ed9c811f4dbc54a5043f', 'width': 1080}], 'source': {'height': 2339, 'url': 'https://preview.redd.it/5q23o3x2tby81.jpg?auto=webp&amp;s=a62de8e68b069b1aa7c58621ecd0eec6c4e209c5', 'width': 1654}, 'variants': {}}]}",140.0,140.0,https://i.redd.it/5q23o3x2tby81.jpg,,,,,
25,[],False,TopCash91,,[],,text,t2_asxkilxw,False,False,False,[],False,False,1652044984,self.terraluna,https://www.reddit.com/r/terraluna/comments/ulbkpk/earn_18_eth_13_btc_20_usdct_no_minimums_no_lockups/,{},ulbkpk,False,False,False,False,False,False,True,False,#ab912b,[],692c7f0e-e7cb-11eb-a117-0ed30301aa27,News,light,text,False,False,True,0,0,False,all_ads,/r/terraluna/comments/ulbkpk/earn_18_eth_13_btc_20_usdct_no_minimums_no_lockups/,False,6,1652044994,1,[removed],True,False,False,terraluna,t5_2y4t5,40099,public,self,Earn 18% ETH | 13% BTC | 20% USDC/T | NO Minimums | NO Lockups,0,[],1.0,https://www.reddit.com/r/terraluna/comments/ulbkpk/earn_18_eth_13_btc_20_usdct_no_minimums_no_lockups/,all_ads,6,1652016184.0,,,,,,reddit,,,,
26,[],False,vampyregod,,[],,text,t2_1gwnxhok,False,False,False,[],False,False,1652039514,self.terraluna,https://www.reddit.com/r/terraluna/comments/ul9nr8/luna_staking_on_ts_vs_anchor_collateral/,{},ul9nr8,False,False,False,False,False,False,True,False,#dadada,[],773e7b1a-be27-11eb-a721-0eb5d708beb5,Terra Ecosystem,dark,text,False,False,True,0,0,False,all_ads,/r/terraluna/comments/ul9nr8/luna_staking_on_ts_vs_anchor_collateral/,False,6,1652039525,1,[removed],True,False,False,terraluna,t5_2y4t5,40092,public,self,luna staking on ts vs anchor collateral?,0,[],1.0,https://www.reddit.com/r/terraluna/comments/ul9nr8/luna_staking_on_ts_vs_anchor_collateral/,all_ads,6,1652010714.0,,,,,,reddit,,,,
27,[],False,ianm82,,[],,text,t2_xuon2,False,False,False,[],False,False,1652033026,i.redd.it,https://www.reddit.com/r/terraluna/comments/ul7eij/has_terra_station_crashed_havent_bee_able_to/,{},ul7eij,False,True,False,False,True,True,False,False,#dadada,[],773e7b1a-be27-11eb-a721-0eb5d708beb5,Terra Ecosystem,dark,text,False,False,True,0,0,False,all_ads,/r/terraluna/comments/ul7eij/has_terra_station_crashed_havent_bee_able_to/,False,6,1652033036,1,,True,False,False,terraluna,t5_2y4t5,40077,public,https://b.thumbs.redditmedia.com/uCE71WvNHpqp0b-fb8yQfG9R7hYqLWxLPHPRFn2-J3E.jpg,Has Terra Station crashed??? Haven't bee able to access wallet on any of the platforms,0,[],1.0,https://i.redd.it/jtfjsugqkay81.png,all_ads,6,1652004226.0,image,"{'enabled': True, 'images': [{'id': 'ESkT_For8IEPoW6XYHvuRJiMIN-2pXVN7IAJ_LJzSVI', 'resolutions': [{'height': 56, 'url': 'https://preview.redd.it/jtfjsugqkay81.png?width=108&amp;crop=smart&amp;auto=webp&amp;s=762de975d5b6346a4ab1d115ce1a998c251a7fc3', 'width': 108}, {'height': 112, 'url': 'https://preview.redd.it/jtfjsugqkay81.png?width=216&amp;crop=smart&amp;auto=webp&amp;s=9f89a72cf1a6d7709c74125692df05e2751932b4', 'width': 216}, {'height': 167, 'url': 'https://preview.redd.it/jtfjsugqkay81.png?width=320&amp;crop=smart&amp;auto=webp&amp;s=1d3418f297f1ebfe32fec763c0e6a0bc4843fa9a', 'width': 320}], 'source': {'height': 302, 'url': 'https://preview.redd.it/jtfjsugqkay81.png?auto=webp&amp;s=3174cf82f39154613c71deb1503fa0934eeea82e', 'width': 578}, 'variants': {}}]}",73.0,140.0,https://i.redd.it/jtfjsugqkay81.png,,,,,
28,[],False,CryptoChad2,,[],,text,t2_keentg32,False,False,False,[],False,False,1652030482,publish0x.com,https://www.reddit.com/r/terraluna/comments/ul6ij2/luna_loses_5_billion_in_2_days/,{},ul6ij2,False,True,False,False,False,True,False,False,#ab912b,[],692c7f0e-e7cb-11eb-a117-0ed30301aa27,News,light,text,False,False,True,0,0,False,all_ads,/r/terraluna/comments/ul6ij2/luna_loses_5_billion_in_2_days/,False,6,1652030492,1,,True,False,False,terraluna,t5_2y4t5,40068,public,default,LUNA Loses $5 Billion In 2 Days!,0,[],1.0,https://www.publish0x.com/cryptonews-the-latest-about-the-cryptoverse/luna-loses-5-dollars-billion-in-2-days-xnneenj,all_ads,6,1652001682.0,,,,,https://www.publish0x.com/cryptonews-the-latest-about-the-cryptoverse/luna-loses-5-dollars-billion-in-2-days-xnneenj,,,,,
