,all_awardings,allow_live_comments,author,author_flair_background_color,author_flair_css_class,author_flair_richtext,author_flair_text,author_flair_text_color,author_flair_type,author_fullname,author_is_blocked,author_patreon_flair,author_premium,awarders,can_mod_post,contest_mode,created_utc,domain,full_link,gildings,id,is_created_from_ads_ui,is_crosspostable,is_meta,is_original_content,is_reddit_media_domain,is_robot_indexable,is_self,is_video,link_flair_background_color,link_flair_css_class,link_flair_richtext,link_flair_text,link_flair_text_color,link_flair_type,locked,media_only,no_follow,num_comments,num_crossposts,over_18,parent_whitelist_status,permalink,pinned,post_hint,preview,pwls,retrieved_on,score,selftext,send_replies,spoiler,stickied,subreddit,subreddit_id,subreddit_subscribers,subreddit_type,suggested_sort,thumbnail,thumbnail_height,thumbnail_width,title,total_awards_received,treatment_tags,upvote_ratio,url,url_overridden_by_dest,whitelist_status,wls,created,link_flair_template_id,media_metadata,media,media_embed,removed_by_category,secure_media,secure_media_embed
0,[],False,jejejajajojo,,Warning-level2-2,"[{'e': 'text', 't': 'Tin | NANO 23'}]",Tin | NANO 23,dark,richtext,t2_c31xndb3,False,False,False,[],False,False,1652283402,coindesk.com,https://www.reddit.com/r/CryptoCurrency/comments/uncmge/usts_do_kwon_was_behind_earlier_failed_stablecoin/,{},uncmge,False,True,False,False,False,True,False,False,,GENERAL-NEWS,"[{'e': 'text', 't': '🟢 GENERAL-NEWS'}]",🟢 GENERAL-NEWS,dark,richtext,False,False,True,0,0,False,all_ads,/r/CryptoCurrency/comments/uncmge/usts_do_kwon_was_behind_earlier_failed_stablecoin/,False,link,"{'enabled': False, 'images': [{'id': 'Pj6x3wJSqwAPVfMfixD7LMx8ArYiwAlrD9ADfH6W1yk', 'resolutions': [{'height': 56, 'url': 'https://external-preview.redd.it/I64Teve1HeadUCvzCMqLh4R_rbeV4Rfc3-WRVVhznkA.jpg?width=108&amp;crop=smart&amp;auto=webp&amp;s=5dfd3bac866fc57ceeac47fb3522f8af1f842364', 'width': 108}, {'height': 113, 'url': 'https://external-preview.redd.it/I64Teve1HeadUCvzCMqLh4R_rbeV4Rfc3-WRVVhznkA.jpg?width=216&amp;crop=smart&amp;auto=webp&amp;s=38460e8804302a447f1855d0a586d756636bc763', 'width': 216}, {'height': 167, 'url': 'https://external-preview.redd.it/I64Teve1HeadUCvzCMqLh4R_rbeV4Rfc3-WRVVhznkA.jpg?width=320&amp;crop=smart&amp;auto=webp&amp;s=24f0f2838f99f75f116b99c9aee7b4ade86add9a', 'width': 320}, {'height': 334, 'url': 'https://external-preview.redd.it/I64Teve1HeadUCvzCMqLh4R_rbeV4Rfc3-WRVVhznkA.jpg?width=640&amp;crop=smart&amp;auto=webp&amp;s=96c7fbe70c33169f857c16c8667d905706184a4f', 'width': 640}, {'height': 502, 'url': 'https://external-preview.redd.it/I64Teve1HeadUCvzCMqLh4R_rbeV4Rfc3-WRVVhznkA.jpg?width=960&amp;crop=smart&amp;auto=webp&amp;s=3edd3348b6fa4aca6b47b957d61a14be2ff8332b', 'width': 960}, {'height': 565, 'url': 'https://external-preview.redd.it/I64Teve1HeadUCvzCMqLh4R_rbeV4Rfc3-WRVVhznkA.jpg?width=1080&amp;crop=smart&amp;auto=webp&amp;s=b0d01e30653a322ccc7d881116b3bdc803b6b2c0', 'width': 1080}], 'source': {'height': 628, 'url': 'https://external-preview.redd.it/I64Teve1HeadUCvzCMqLh4R_rbeV4Rfc3-WRVVhznkA.jpg?auto=webp&amp;s=634357e7ecc6ea4f6ea24dd8a99aba508d1fbe75', 'width': 1200}, 'variants': {}}]}",6,1652283412,1,,True,False,False,CryptoCurrency,t5_2wlj3,4826765,public,new,https://b.thumbs.redditmedia.com/PfXxcSfti4nxNByAEhLVAsaNMiXnxZGhDG7bTZAE7yQ.jpg,73.0,140.0,"UST’s Do Kwon Was Behind Earlier Failed Stablecoin, Ex-Terra Colleagues Say",0,[],1.0,https://www.coindesk.com/tech/2022/05/11/usts-do-kwon-was-behind-earlier-failed-stablecoin-ex-terra-colleagues-say/,https://www.coindesk.com/tech/2022/05/11/usts-do-kwon-was-behind-earlier-failed-stablecoin-ex-terra-colleagues-say/,all_ads,6,1652254602.0,,,,,,,
1,[],False,hearsdemons,,Warning-level2-2,"[{'e': 'text', 't': 'Tin | Politics 29'}]",Tin | Politics 29,dark,richtext,t2_67os85w2,False,False,True,[],False,False,1652282865,self.CryptoCurrency,https://www.reddit.com/r/CryptoCurrency/comments/uncfdy/suspicions_pointing_to_citadel_behind_crash/,{},uncfdy,False,True,False,False,False,True,True,False,#7193ff,DISCUSSION,"[{'e': 'text', 't': 'DISCUSSION'}]",DISCUSSION,dark,richtext,False,False,False,0,0,False,all_ads,/r/CryptoCurrency/comments/uncfdy/suspicions_pointing_to_citadel_behind_crash/,False,,,6,1652282875,1,"As Terra Luna crashes and burns, people are starting to connect the dots to who the supposed bad actor was behind the Luna crash. And eyes are turning to Citadel. 

This is how this supposedly unfolds. Citadel borrowed 100k Bitcoin. Then, trades 25k Bitcoin for UST. At this moment, Citadel opens a short. Then, starts dumping 75k Bitcoin aggressively. 

Once Bitcoin reached 30k, Citadel then starts dumping UST to make it lose its peg. Now, Kwon is forced to sell 25k Bitcoin at a major loss to recover the peg. This further dumps the price of Bitcoin. Behind the scenes, Citadel is still shorting all the way. 

At this time, these are just rumors of what had happened. As time moves forward, it will be more clear what happened and who was responsible for it. 

Sources: r/Superstonks, u/g35fan",True,False,False,CryptoCurrency,t5_2wlj3,4826709,public,new,self,,,Suspicions pointing to Citadel behind crash,0,[],1.0,https://www.reddit.com/r/CryptoCurrency/comments/uncfdy/suspicions_pointing_to_citadel_behind_crash/,,all_ads,6,1652254065.0,87049662-0882-11e5-82e1-0e9d1a9f7761,,,,,,
2,[],False,isthatrhetorical,,,"[{'e': 'text', 't': 'Silver | QC: CC 923, CCMeta 49 | NANO 29'}]","Silver | QC: CC 923, CCMeta 49 | NANO 29",dark,richtext,t2_13tana,False,False,False,[],False,False,1652282771,coindesk.com,https://www.reddit.com/r/CryptoCurrency/comments/unce5q/usts_do_kwon_was_behind_earlier_failed_stablecoin/,{},unce5q,False,True,False,False,False,True,False,False,,GENERAL-NEWS,"[{'e': 'text', 't': '🟢 GENERAL-NEWS'}]",🟢 GENERAL-NEWS,dark,richtext,False,False,True,0,0,False,all_ads,/r/CryptoCurrency/comments/unce5q/usts_do_kwon_was_behind_earlier_failed_stablecoin/,False,link,"{'enabled': False, 'images': [{'id': 'Pj6x3wJSqwAPVfMfixD7LMx8ArYiwAlrD9ADfH6W1yk', 'resolutions': [{'height': 56, 'url': 'https://external-preview.redd.it/I64Teve1HeadUCvzCMqLh4R_rbeV4Rfc3-WRVVhznkA.jpg?width=108&amp;crop=smart&amp;auto=webp&amp;s=5dfd3bac866fc57ceeac47fb3522f8af1f842364', 'width': 108}, {'height': 113, 'url': 'https://external-preview.redd.it/I64Teve1HeadUCvzCMqLh4R_rbeV4Rfc3-WRVVhznkA.jpg?width=216&amp;crop=smart&amp;auto=webp&amp;s=38460e8804302a447f1855d0a586d756636bc763', 'width': 216}, {'height': 167, 'url': 'https://external-preview.redd.it/I64Teve1HeadUCvzCMqLh4R_rbeV4Rfc3-WRVVhznkA.jpg?width=320&amp;crop=smart&amp;auto=webp&amp;s=24f0f2838f99f75f116b99c9aee7b4ade86add9a', 'width': 320}, {'height': 334, 'url': 'https://external-preview.redd.it/I64Teve1HeadUCvzCMqLh4R_rbeV4Rfc3-WRVVhznkA.jpg?width=640&amp;crop=smart&amp;auto=webp&amp;s=96c7fbe70c33169f857c16c8667d905706184a4f', 'width': 640}, {'height': 502, 'url': 'https://external-preview.redd.it/I64Teve1HeadUCvzCMqLh4R_rbeV4Rfc3-WRVVhznkA.jpg?width=960&amp;crop=smart&amp;auto=webp&amp;s=3edd3348b6fa4aca6b47b957d61a14be2ff8332b', 'width': 960}, {'height': 565, 'url': 'https://external-preview.redd.it/I64Teve1HeadUCvzCMqLh4R_rbeV4Rfc3-WRVVhznkA.jpg?width=1080&amp;crop=smart&amp;auto=webp&amp;s=b0d01e30653a322ccc7d881116b3bdc803b6b2c0', 'width': 1080}], 'source': {'height': 628, 'url': 'https://external-preview.redd.it/I64Teve1HeadUCvzCMqLh4R_rbeV4Rfc3-WRVVhznkA.jpg?auto=webp&amp;s=634357e7ecc6ea4f6ea24dd8a99aba508d1fbe75', 'width': 1200}, 'variants': {}}]}",6,1652282782,1,,True,False,False,CryptoCurrency,t5_2wlj3,4826699,public,new,https://b.thumbs.redditmedia.com/PfXxcSfti4nxNByAEhLVAsaNMiXnxZGhDG7bTZAE7yQ.jpg,73.0,140.0,"UST’s Do Kwon Was Behind Earlier Failed Stablecoin, Ex-Terra Colleagues Say",0,[],1.0,https://www.coindesk.com/tech/2022/05/11/usts-do-kwon-was-behind-earlier-failed-stablecoin-ex-terra-colleagues-say/,https://www.coindesk.com/tech/2022/05/11/usts-do-kwon-was-behind-earlier-failed-stablecoin-ex-terra-colleagues-say/,all_ads,6,1652253971.0,,,,,,,
3,[],False,Chipmaker,,Transitioning,[],,dark,text,t2_z2ssq,False,False,False,[],False,False,1652282538,coindesk.com,https://www.reddit.com/r/CryptoCurrency/comments/uncb2h/usts_do_kwon_was_behind_earlier_failed_stablecoin/,{},uncb2h,False,True,False,False,False,True,False,False,,GENERAL-NEWS,"[{'e': 'text', 't': '🟢 GENERAL-NEWS'}]",🟢 GENERAL-NEWS,dark,richtext,False,False,True,0,0,False,all_ads,/r/CryptoCurrency/comments/uncb2h/usts_do_kwon_was_behind_earlier_failed_stablecoin/,False,link,"{'enabled': False, 'images': [{'id': 'Pj6x3wJSqwAPVfMfixD7LMx8ArYiwAlrD9ADfH6W1yk', 'resolutions': [{'height': 56, 'url': 'https://external-preview.redd.it/I64Teve1HeadUCvzCMqLh4R_rbeV4Rfc3-WRVVhznkA.jpg?width=108&amp;crop=smart&amp;auto=webp&amp;s=5dfd3bac866fc57ceeac47fb3522f8af1f842364', 'width': 108}, {'height': 113, 'url': 'https://external-preview.redd.it/I64Teve1HeadUCvzCMqLh4R_rbeV4Rfc3-WRVVhznkA.jpg?width=216&amp;crop=smart&amp;auto=webp&amp;s=38460e8804302a447f1855d0a586d756636bc763', 'width': 216}, {'height': 167, 'url': 'https://external-preview.redd.it/I64Teve1HeadUCvzCMqLh4R_rbeV4Rfc3-WRVVhznkA.jpg?width=320&amp;crop=smart&amp;auto=webp&amp;s=24f0f2838f99f75f116b99c9aee7b4ade86add9a', 'width': 320}, {'height': 334, 'url': 'https://external-preview.redd.it/I64Teve1HeadUCvzCMqLh4R_rbeV4Rfc3-WRVVhznkA.jpg?width=640&amp;crop=smart&amp;auto=webp&amp;s=96c7fbe70c33169f857c16c8667d905706184a4f', 'width': 640}, {'height': 502, 'url': 'https://external-preview.redd.it/I64Teve1HeadUCvzCMqLh4R_rbeV4Rfc3-WRVVhznkA.jpg?width=960&amp;crop=smart&amp;auto=webp&amp;s=3edd3348b6fa4aca6b47b957d61a14be2ff8332b', 'width': 960}, {'height': 565, 'url': 'https://external-preview.redd.it/I64Teve1HeadUCvzCMqLh4R_rbeV4Rfc3-WRVVhznkA.jpg?width=1080&amp;crop=smart&amp;auto=webp&amp;s=b0d01e30653a322ccc7d881116b3bdc803b6b2c0', 'width': 1080}], 'source': {'height': 628, 'url': 'https://external-preview.redd.it/I64Teve1HeadUCvzCMqLh4R_rbeV4Rfc3-WRVVhznkA.jpg?auto=webp&amp;s=634357e7ecc6ea4f6ea24dd8a99aba508d1fbe75', 'width': 1200}, 'variants': {}}]}",6,1652282548,1,,False,False,False,CryptoCurrency,t5_2wlj3,4826676,public,new,https://b.thumbs.redditmedia.com/PfXxcSfti4nxNByAEhLVAsaNMiXnxZGhDG7bTZAE7yQ.jpg,73.0,140.0,"UST’s Do Kwon Was Behind Earlier Failed Stablecoin, Ex-Terra Colleagues Say",0,[],1.0,https://www.coindesk.com/tech/2022/05/11/usts-do-kwon-was-behind-earlier-failed-stablecoin-ex-terra-colleagues-say/,https://www.coindesk.com/tech/2022/05/11/usts-do-kwon-was-behind-earlier-failed-stablecoin-ex-terra-colleagues-say/,all_ads,6,1652253738.0,,,,,,,
4,[],False,DessieFahy,,,"[{'e': 'text', 't': 'Silver | QC: CC 351 | SHIB 39'}]",Silver | QC: CC 351 | SHIB 39,dark,richtext,t2_8m37bp7u,False,False,False,[],False,False,1652281576,self.CryptoCurrency,https://www.reddit.com/r/CryptoCurrency/comments/unbybe/im_not_a_bitcoin_maxi_but/,{},unbybe,False,True,False,False,False,True,True,False,#ff66ac,DEBATE,"[{'e': 'text', 't': 'DEBATE'}]",DEBATE,light,richtext,False,False,True,0,0,False,all_ads,/r/CryptoCurrency/comments/unbybe/im_not_a_bitcoin_maxi_but/,False,,,6,1652281587,1,"This whole debacle is further proof of the simplicity and foresight of BTC. 

Do Kwon has been a single point of failure in my opinion. If the VC manipulation is to be believed this outlines the risk we have with dominate figureheads. Satoshi nullifies this.

In a strange way I think this will also ultimately be good for adoption and the wider ecosystem in longer term. VCs now actively playing.

In the meantime just take a deep breath. I've lost a stack, many if us will have lost a stack but the sun rises again tomorrow.

Uppa crypto!!",True,False,False,CryptoCurrency,t5_2wlj3,4826596,public,new,self,,,I'm not a Bitcoin maxi but...,0,[],1.0,https://www.reddit.com/r/CryptoCurrency/comments/unbybe/im_not_a_bitcoin_maxi_but/,,all_ads,6,1652252776.0,5b762856-d7c9-11e4-822a-22000b2300b2,,,,,,
5,[],False,hoanglpr,, Investor,"[{'e': 'text', 't': ' Crypto'}]", Crypto,dark,richtext,t2_1zn37s4,False,False,False,[],False,False,1652281446,self.CryptoCurrency,https://www.reddit.com/r/CryptoCurrency/comments/unbwib/it_is_a_guy_who_explored_the_way_to_break_terra/,{},unbwib,False,True,False,False,False,True,True,False,#7193ff,DISCUSSION,"[{'e': 'text', 't': 'DISCUSSION'}]",DISCUSSION,dark,richtext,False,False,True,1,0,False,all_ads,/r/CryptoCurrency/comments/unbwib/it_is_a_guy_who_explored_the_way_to_break_terra/,False,,,6,1652281457,1,"Twitter account named [@FreddieRaynolds](https://twitter.com/FreddieRaynolds) told Do Kwon how a billionaire could attack LUNA and its stablecoin - UST  in November 2021. Instead of investigating the theory, Kwon mocked him. And now here we are - LUNA collapsed so its stablecoin - UST.

If you go and read a whole thread that Freddie showed how one could do, you would learn a lot. 

[https://twitter.com/FreddieRaynolds/status/1463960623402913797](https://twitter.com/FreddieRaynolds/status/1463960623402913797)

https://preview.redd.it/jjyzmh8c3vy81.png?width=898&amp;format=png&amp;auto=webp&amp;s=64f4fde05c356d545c511445c7a795cbc89a2814",True,False,False,CryptoCurrency,t5_2wlj3,4826589,public,,https://b.thumbs.redditmedia.com/QMM_pcbp0zEUXaFxcLSCYgRZ3VWDRsVBTIH29aZ0mtw.jpg,85.0,140.0,It is a guy who explored the way to break Terra_money using Soros style back in November 2021,0,[],1.0,https://www.reddit.com/r/CryptoCurrency/comments/unbwib/it_is_a_guy_who_explored_the_way_to_break_terra/,,all_ads,6,1652252646.0,87049662-0882-11e5-82e1-0e9d1a9f7761,"{'jjyzmh8c3vy81': {'e': 'Image', 'id': 'jjyzmh8c3vy81', 'm': 'image/png', 'p': [{'u': 'https://preview.redd.it/jjyzmh8c3vy81.png?width=108&amp;crop=smart&amp;auto=webp&amp;s=12f029dfb23fb6a440bd562a80709e67dfe8cd55', 'x': 108, 'y': 65}, {'u': 'https://preview.redd.it/jjyzmh8c3vy81.png?width=216&amp;crop=smart&amp;auto=webp&amp;s=8aee9bdc5dba9415aa1debaf75d92c3b941e92de', 'x': 216, 'y': 131}, {'u': 'https://preview.redd.it/jjyzmh8c3vy81.png?width=320&amp;crop=smart&amp;auto=webp&amp;s=a6d5d0daa3a66fb0681362fd4093074a6d6332da', 'x': 320, 'y': 195}, {'u': 'https://preview.redd.it/jjyzmh8c3vy81.png?width=640&amp;crop=smart&amp;auto=webp&amp;s=22f7e8e942506548ae238ac95e94725f6b848950', 'x': 640, 'y': 390}], 's': {'u': 'https://preview.redd.it/jjyzmh8c3vy81.png?width=898&amp;format=png&amp;auto=webp&amp;s=64f4fde05c356d545c511445c7a795cbc89a2814', 'x': 898, 'y': 548}, 'status': 'valid'}}",,,,,
6,[],False,Nemesis916,,Warning-level2-2,"[{'e': 'text', 't': 'Tin | CC critic'}]",Tin | CC critic,dark,richtext,t2_574rjo93,False,False,True,[],False,False,1652280543,self.CryptoCurrency,https://www.reddit.com/r/CryptoCurrency/comments/unbkfg/how_do_you_all_feel_knowing_blackrock_and_citadel/,{},unbkfg,False,True,False,False,False,True,True,False,#5a74cc,PERSPECTIVE,"[{'e': 'text', 't': 'PERSPECTIVE'}]",PERSPECTIVE,light,richtext,False,False,True,0,0,False,all_ads,/r/CryptoCurrency/comments/unbkfg/how_do_you_all_feel_knowing_blackrock_and_citadel/,False,,,6,1652280553,1,"I’m not a fan of UST or Luna but I know market manipulation when I see it. These two firms colluded to destroy a part of our ecosystem. Plain and simple. They set a trap for old Do Kwon and he let his greed get the best of him. Are we really going to let this slide? 

Look at what they’ve done to make it seem like crypto is a ponzi or crypto isn’t safe for the average investor. This gives regulators a chance to take more of our rights away and give them to companies like BlackRock and Citadel. If you give them an inch they take a yard. These people think they can destroy crypto, we don’t have to take it.",True,False,False,CryptoCurrency,t5_2wlj3,4826521,public,,self,,,How do you all feel knowing BlackRock and Citadel is behind the attack on UST?,0,[],1.0,https://www.reddit.com/r/CryptoCurrency/comments/unbkfg/how_do_you_all_feel_knowing_blackrock_and_citadel/,,all_ads,6,1652251743.0,1b44cdb2-2a6c-11ec-9baf-0aa21184cd0a,,,,,,
7,[],False,randomguy28282,,,[],,,text,t2_eib88635,False,False,False,[],False,False,1652279938,self.CryptoCurrency,https://www.reddit.com/r/CryptoCurrency/comments/unbcgq/terra_luna_is_at_1/,{},unbcgq,False,True,False,False,False,True,True,False,#0096ae,REMINDER,"[{'e': 'text', 't': 'REMINDER'}]",REMINDER,light,richtext,False,False,True,0,0,False,all_ads,/r/CryptoCurrency/comments/unbcgq/terra_luna_is_at_1/,False,,,6,1652279948,1,"Terra Luna has fallen to 1$.

Could this be the end for Terra Luna?

From what I see, this is going to be the huge test for Do Kwon and the Luna team. 

I still believe in Luna, I think the proejct will need to do a lot, but I personally still like the project. Time will tell..

I don’t think anyone expected this, last month Luna broke ATH’s and it’s now down 99%. 

I lost money I was ok with losing, but this shows you why you should never bet heavily into 1 ecosystem. These Venture Capitalists will switch in an instant.

Always remember, never become a Maxi. Diversification is key!",True,False,False,CryptoCurrency,t5_2wlj3,4826460,public,new,self,,,Terra Luna is at $1,0,[],1.0,https://www.reddit.com/r/CryptoCurrency/comments/unbcgq/terra_luna_is_at_1/,,all_ads,6,1652251138.0,f8383538-5cd9-11e8-b037-0e5fb51a12ae,,,,,,
8,[],False,zombiehog,,noflair,[],,dark,text,t2_aojnr,False,False,False,[],False,False,1652278956,mobile.twitter.com,https://www.reddit.com/r/CryptoCurrency/comments/unazwe/do_kwon_on_twitter/,{},unazwe,False,False,False,False,False,False,False,False,#c403f5,COMEDY,"[{'e': 'text', 't': 'COMEDY'}]",COMEDY,dark,richtext,False,False,True,0,0,False,all_ads,/r/CryptoCurrency/comments/unazwe/do_kwon_on_twitter/,False,link,"{'enabled': False, 'images': [{'id': 'Mtc9Jf9qzquUbAZF-et0hI4zpuZtrRStWRtthrpyhNE', 'resolutions': [{'height': 108, 'url': 'https://external-preview.redd.it/yt_wfvKjw4nVDvnHsfNofUVIFOeaATFK8eAw61Ri8-o.jpg?width=108&amp;crop=smart&amp;auto=webp&amp;s=1bb5351e9da3f5945abed9c5f04dbecbe7ee80de', 'width': 108}], 'source': {'height': 140, 'url': 'https://external-preview.redd.it/yt_wfvKjw4nVDvnHsfNofUVIFOeaATFK8eAw61Ri8-o.jpg?auto=webp&amp;s=43c1a1d34e179a36d98c300023749cf6ecc08c5a', 'width': 140}, 'variants': {}}]}",6,1652278967,1,,True,False,False,CryptoCurrency,t5_2wlj3,4826372,public,,https://b.thumbs.redditmedia.com/jlWfPYQkrSt2IKVfcrBSY0HZnkmcwaQQcYExxBLe8pI.jpg,140.0,140.0,Do Kwon 🌕 on Twitter,0,[],1.0,https://mobile.twitter.com/stablekwon/status/1464897977793728514,https://mobile.twitter.com/stablekwon/status/1464897977793728514,all_ads,6,1652250156.0,5c104cfc-d7c8-11e4-9d14-22000b6902b0,,"{'oembed': {'author_name': 'Do Kwon 🌕', 'author_url': 'https://twitter.com/stablekwon', 'cache_age': 3153600000, 'height': None, 'html': '&lt;blockquote class=""twitter-video""&gt;&lt;p lang=""en"" dir=""ltr""&gt;Probably the most retarded thread ive read this decade.&lt;br&gt;&lt;br&gt;Silence is a perfectly acceptable option if stupid.&lt;br&gt;&lt;br&gt;Billionaires in my following, go ahead, see what happens &lt;a href=""https://t.co/wtt9OhX4kg""&gt;https://t.co/wtt9OhX4kg&lt;/a&gt;&lt;/p&gt;&amp;mdash; Do Kwon 🌕 (@stablekwon) &lt;a href=""https://twitter.com/stablekwon/status/1464897977793728514?ref_src=twsrc%5Etfw""&gt;November 28, 2021&lt;/a&gt;&lt;/blockquote&gt;\n&lt;script async src=""https://platform.twitter.com/widgets.js"" charset=""utf-8""&gt;&lt;/script&gt;\n', 'provider_name': 'Twitter', 'provider_url': 'https://twitter.com', 'type': 'rich', 'url': 'https://twitter.com/stablekwon/status/1464897977793728514', 'version': '1.0', 'width': 350}, 'type': 'twitter.com'}","{'content': '&lt;blockquote class=""twitter-video""&gt;&lt;p lang=""en"" dir=""ltr""&gt;Probably the most retarded thread ive read this decade.&lt;br&gt;&lt;br&gt;Silence is a perfectly acceptable option if stupid.&lt;br&gt;&lt;br&gt;Billionaires in my following, go ahead, see what happens &lt;a href=""https://t.co/wtt9OhX4kg""&gt;https://t.co/wtt9OhX4kg&lt;/a&gt;&lt;/p&gt;&amp;mdash; Do Kwon 🌕 (@stablekwon) &lt;a href=""https://twitter.com/stablekwon/status/1464897977793728514?ref_src=twsrc%5Etfw""&gt;November 28, 2021&lt;/a&gt;&lt;/blockquote&gt;\n&lt;script async src=""https://platform.twitter.com/widgets.js"" charset=""utf-8""&gt;&lt;/script&gt;\n', 'height': 200, 'scrolling': False, 'width': 350}",automod_filtered,"{'oembed': {'author_name': 'Do Kwon 🌕', 'author_url': 'https://twitter.com/stablekwon', 'cache_age': 3153600000, 'height': None, 'html': '&lt;blockquote class=""twitter-video""&gt;&lt;p lang=""en"" dir=""ltr""&gt;Probably the most retarded thread ive read this decade.&lt;br&gt;&lt;br&gt;Silence is a perfectly acceptable option if stupid.&lt;br&gt;&lt;br&gt;Billionaires in my following, go ahead, see what happens &lt;a href=""https://t.co/wtt9OhX4kg""&gt;https://t.co/wtt9OhX4kg&lt;/a&gt;&lt;/p&gt;&amp;mdash; Do Kwon 🌕 (@stablekwon) &lt;a href=""https://twitter.com/stablekwon/status/1464897977793728514?ref_src=twsrc%5Etfw""&gt;November 28, 2021&lt;/a&gt;&lt;/blockquote&gt;\n&lt;script async src=""https://platform.twitter.com/widgets.js"" charset=""utf-8""&gt;&lt;/script&gt;\n', 'provider_name': 'Twitter', 'provider_url': 'https://twitter.com', 'type': 'rich', 'url': 'https://twitter.com/stablekwon/status/1464897977793728514', 'version': '1.0', 'width': 350}, 'type': 'twitter.com'}","{'content': '&lt;blockquote class=""twitter-video""&gt;&lt;p lang=""en"" dir=""ltr""&gt;Probably the most retarded thread ive read this decade.&lt;br&gt;&lt;br&gt;Silence is a perfectly acceptable option if stupid.&lt;br&gt;&lt;br&gt;Billionaires in my following, go ahead, see what happens &lt;a href=""https://t.co/wtt9OhX4kg""&gt;https://t.co/wtt9OhX4kg&lt;/a&gt;&lt;/p&gt;&amp;mdash; Do Kwon 🌕 (@stablekwon) &lt;a href=""https://twitter.com/stablekwon/status/1464897977793728514?ref_src=twsrc%5Etfw""&gt;November 28, 2021&lt;/a&gt;&lt;/blockquote&gt;\n&lt;script async src=""https://platform.twitter.com/widgets.js"" charset=""utf-8""&gt;&lt;/script&gt;\n', 'height': 200, 'media_domain_url': 'https://www.redditmedia.com/mediaembed/unazwe', 'scrolling': False, 'width': 350}"
9,[],False,evilninjarobot,,Warning-level1-1,"[{'e': 'text', 't': 'Bronze | QC: CC 17'}]",Bronze | QC: CC 17,dark,richtext,t2_5w603fw0,False,False,False,[],False,False,1652278735,cryptopotato.com,https://www.reddit.com/r/CryptoCurrency/comments/unawzo/do_kwon_reveals_terras_proposed_rescue_plan_to/,{},unawzo,False,False,False,False,False,False,False,False,#0aa18f,NEWS,"[{'e': 'text', 't': 'GENERAL-NEWS'}]",GENERAL-NEWS,light,richtext,False,False,True,0,0,False,all_ads,/r/CryptoCurrency/comments/unawzo/do_kwon_reveals_terras_proposed_rescue_plan_to/,False,link,"{'enabled': False, 'images': [{'id': 'ROS-XH05ZTeTBV1qUHPCmuIZ8j0kgMUhgd9IFEW6Zqs', 'resolutions': [{'height': 64, 'url': 'https://external-preview.redd.it/_Am7VJJVXjmJ4qu6bRqcyz7bx_G9ek-IXg3FEbtqXow.jpg?width=108&amp;crop=smart&amp;auto=webp&amp;s=3237a3c7a7fbdf55fda356a5bcbee99ce0700e7b', 'width': 108}, {'height': 129, 'url': 'https://external-preview.redd.it/_Am7VJJVXjmJ4qu6bRqcyz7bx_G9ek-IXg3FEbtqXow.jpg?width=216&amp;crop=smart&amp;auto=webp&amp;s=73958e46536d687bd0612ef657eef8d0bf01435c', 'width': 216}, {'height': 191, 'url': 'https://external-preview.redd.it/_Am7VJJVXjmJ4qu6bRqcyz7bx_G9ek-IXg3FEbtqXow.jpg?width=320&amp;crop=smart&amp;auto=webp&amp;s=9e20f7198938bda3be6b585634b9ca683e62d159', 'width': 320}, {'height': 383, 'url': 'https://external-preview.redd.it/_Am7VJJVXjmJ4qu6bRqcyz7bx_G9ek-IXg3FEbtqXow.jpg?width=640&amp;crop=smart&amp;auto=webp&amp;s=bb64bf97a6cfcd718e28b876dafb225d2275909d', 'width': 640}, {'height': 575, 'url': 'https://external-preview.redd.it/_Am7VJJVXjmJ4qu6bRqcyz7bx_G9ek-IXg3FEbtqXow.jpg?width=960&amp;crop=smart&amp;auto=webp&amp;s=62cefeb47d6e5b6e1fcb63366ef6e77c95d74c75', 'width': 960}, {'height': 647, 'url': 'https://external-preview.redd.it/_Am7VJJVXjmJ4qu6bRqcyz7bx_G9ek-IXg3FEbtqXow.jpg?width=1080&amp;crop=smart&amp;auto=webp&amp;s=4c328df29008b919f479800f2eff81d36a092402', 'width': 1080}], 'source': {'height': 720, 'url': 'https://external-preview.redd.it/_Am7VJJVXjmJ4qu6bRqcyz7bx_G9ek-IXg3FEbtqXow.jpg?auto=webp&amp;s=599360133ee0aa78ad9cc8ab51dbf978ecd76246', 'width': 1201}, 'variants': {}}]}",6,1652278746,1,,True,False,False,CryptoCurrency,t5_2wlj3,4826358,public,,https://a.thumbs.redditmedia.com/0FdEnbgIaVGCY95Lg9Omyq3S9gCRobuvWuHGZJHerr8.jpg,83.0,140.0,Do Kwon Reveals Terra's Proposed Rescue Plan to Save LUNA and UST,0,[],1.0,https://cryptopotato.com/do-kwon-reveals-terras-proposed-rescue-plan-to-save-luna-and-ust/,https://cryptopotato.com/do-kwon-reveals-terras-proposed-rescue-plan-to-save-luna-and-ust/,all_ads,6,1652249935.0,f170aab2-246f-11ec-8143-429a193c9848,,,,automod_filtered,,
10,[],False,MrClue1,,,[],,,text,t2_zq943,False,False,False,[],False,False,1652277461,self.CryptoCurrency,https://www.reddit.com/r/CryptoCurrency/comments/unago4/terraluna_crash_explained/,{},unago4,False,True,False,False,False,True,True,False,#ff66ac,DEBATE,"[{'e': 'text', 't': 'DEBATE'}]",DEBATE,light,richtext,False,False,False,0,0,False,all_ads,/r/CryptoCurrency/comments/unago4/terraluna_crash_explained/,False,,,6,1652277471,1,"**The last post was automatically deleted, so ill try again...**

Blackrock and Citadel borrowed 100K BTC from Gemini (it appears in their loan book). They swapped 25K of that BTC into UST, this was all done quietly in anticipation of the attack. When the time was right, they called up Do Kwon at Terra Foundation and said they wanted to sell a lot of BTC for UST. As it was a large trade they told him they didn't want to move the market and asked if he would like to buy their large block of BTC at a discount for UST. Do Kwan took the bait. He gave them a huge chunk of UST, thus lowering the UST liquidity significantly. At that point, Blackrock/Citadel dumped all of the BTC and UST causing massive slippage and triggering a cascade of forced selling in both assets. The real problem was Blackrock/Citadel knew that Anchor, which holds a lot of LUNA, was a Ponzi scheme (they offer 20% staking APY...) and this crash would trigger more withdrawals than Anchor can repay. These forced withdrawals and selling would trigger a massive selloff in Luna, thus further breaking the $1 peg and wrecking the market further. Blackrock and Citadel can now buy the BTC back cheaply to repay the Ioan and pocket the difference. Meanwhile, billions of longs and Bitcoin VaR were wiped out. This was pure market manipulation.",True,False,False,CryptoCurrency,t5_2wlj3,4826236,public,new,self,,,Terra(LUNA) Crash Explained,0,[],1.0,https://www.reddit.com/r/CryptoCurrency/comments/unago4/terraluna_crash_explained/,,all_ads,6,1652248661.0,5b762856-d7c9-11e4-822a-22000b2300b2,,,,,,
11,[],False,ledonskim754,,Warning-level2-2,"[{'e': 'text', 't': 'Tin'}]",Tin,dark,richtext,t2_28i0jj3j,False,False,False,[],False,False,1652277221,tokenist.com,https://www.reddit.com/r/CryptoCurrency/comments/unadkq/luna_falls_below_1_after_do_kwon_endorses/,{},unadkq,False,True,False,False,False,True,False,False,#0aa18f,NEWS,"[{'e': 'text', 't': 'GENERAL-NEWS'}]",GENERAL-NEWS,light,richtext,False,False,True,0,0,False,all_ads,/r/CryptoCurrency/comments/unadkq/luna_falls_below_1_after_do_kwon_endorses/,False,link,"{'enabled': False, 'images': [{'id': 'qA_ZQO5LlsTZHzCPQchPPZdOw_Zjlo780FNLdvr7wec', 'resolutions': [{'height': 71, 'url': 'https://external-preview.redd.it/TwxAacSr2EAUKcgG2Fkd6akXTjuTZVI7gI32V5wtwso.jpg?width=108&amp;crop=smart&amp;auto=webp&amp;s=34e401a6564d55cd02831ece1636a1e6259cd3c4', 'width': 108}, {'height': 143, 'url': 'https://external-preview.redd.it/TwxAacSr2EAUKcgG2Fkd6akXTjuTZVI7gI32V5wtwso.jpg?width=216&amp;crop=smart&amp;auto=webp&amp;s=3675bf0633e7b5615f019c2344f4a856b275dc4b', 'width': 216}, {'height': 213, 'url': 'https://external-preview.redd.it/TwxAacSr2EAUKcgG2Fkd6akXTjuTZVI7gI32V5wtwso.jpg?width=320&amp;crop=smart&amp;auto=webp&amp;s=0d61ab8b9a82e90ffa1e471f69fe366be5b22d90', 'width': 320}, {'height': 426, 'url': 'https://external-preview.redd.it/TwxAacSr2EAUKcgG2Fkd6akXTjuTZVI7gI32V5wtwso.jpg?width=640&amp;crop=smart&amp;auto=webp&amp;s=2cfba7ae24d2e7a1d9801c869fca030575cb4585', 'width': 640}], 'source': {'height': 565, 'url': 'https://external-preview.redd.it/TwxAacSr2EAUKcgG2Fkd6akXTjuTZVI7gI32V5wtwso.jpg?auto=webp&amp;s=56ef98249c8e75f467d338b047558b7e895d5b78', 'width': 848}, 'variants': {}}]}",6,1652277232,1,,True,False,False,CryptoCurrency,t5_2wlj3,4826217,public,,https://a.thumbs.redditmedia.com/LeLYl3UyKuwqLbFmf5dPKKNBMjj78C71gkwPqpnpur4.jpg,93.0,140.0,LUNA Falls Below $1 After Do Kwon Endorses Proposal to Save UST,0,[],1.0,https://tokenist.com/luna-falls-below-1-after-do-kwon-endorses-proposal-to-save-ust/,https://tokenist.com/luna-falls-below-1-after-do-kwon-endorses-proposal-to-save-ust/,all_ads,6,1652248421.0,f170aab2-246f-11ec-8143-429a193c9848,,,,,,
12,[],False,Meltdownmyself,,Warning-level2-2,"[{'e': 'text', 't': 'Tin'}]",Tin,dark,richtext,t2_c0gxjj32,False,False,False,[],False,False,1652275934,cryptosnewz.com,https://www.reddit.com/r/CryptoCurrency/comments/un9xkl/do_kwon_plans_to_sacrifice_everyting_to_support/,{},un9xkl,False,True,False,False,False,True,False,False,#0aa18f,NEWS,"[{'e': 'text', 't': 'GENERAL-NEWS'}]",GENERAL-NEWS,light,richtext,False,False,True,0,0,False,all_ads,/r/CryptoCurrency/comments/un9xkl/do_kwon_plans_to_sacrifice_everyting_to_support/,False,link,"{'enabled': False, 'images': [{'id': 'JaJeTc8nxH2ghbSa5lTclFHzWqx_zhJL_uZbxDjke9Q', 'resolutions': [{'height': 72, 'url': 'https://external-preview.redd.it/cUN7RGjc78dZxxpGC7DNCZWowHHb48J_J0wv3f63Tkw.jpg?width=108&amp;crop=smart&amp;auto=webp&amp;s=5ff99bd84ec7c7eaf301f2d0eb30ac9fd2a27a6e', 'width': 108}, {'height': 144, 'url': 'https://external-preview.redd.it/cUN7RGjc78dZxxpGC7DNCZWowHHb48J_J0wv3f63Tkw.jpg?width=216&amp;crop=smart&amp;auto=webp&amp;s=8fc51abcae9c8ddf3fbb3c06b0c5f4b4f345876f', 'width': 216}, {'height': 213, 'url': 'https://external-preview.redd.it/cUN7RGjc78dZxxpGC7DNCZWowHHb48J_J0wv3f63Tkw.jpg?width=320&amp;crop=smart&amp;auto=webp&amp;s=f7ecd6df750f249bc0547ebfc2052825ba73a440', 'width': 320}, {'height': 426, 'url': 'https://external-preview.redd.it/cUN7RGjc78dZxxpGC7DNCZWowHHb48J_J0wv3f63Tkw.jpg?width=640&amp;crop=smart&amp;auto=webp&amp;s=3c46e4192f3f2fde97c763850c1989ce20a42502', 'width': 640}, {'height': 640, 'url': 'https://external-preview.redd.it/cUN7RGjc78dZxxpGC7DNCZWowHHb48J_J0wv3f63Tkw.jpg?width=960&amp;crop=smart&amp;auto=webp&amp;s=c90a911537b5b49d3ee1b009eb20f9cd68cc6e10', 'width': 960}, {'height': 720, 'url': 'https://external-preview.redd.it/cUN7RGjc78dZxxpGC7DNCZWowHHb48J_J0wv3f63Tkw.jpg?width=1080&amp;crop=smart&amp;auto=webp&amp;s=930ec350d90cf41b74abd40f238115fb5f64350c', 'width': 1080}], 'source': {'height': 800, 'url': 'https://external-preview.redd.it/cUN7RGjc78dZxxpGC7DNCZWowHHb48J_J0wv3f63Tkw.jpg?auto=webp&amp;s=1228295b0a2cfad7747daec62ede349213c86809', 'width': 1200}, 'variants': {}}]}",6,1652275944,1,,True,False,False,CryptoCurrency,t5_2wlj3,4826093,public,new,https://b.thumbs.redditmedia.com/nEiAoa7XNRdCnKqIncb2_xlGdCUWZ8RsgktqjxElRRc.jpg,93.0,140.0,Do Kwon Plans To Sacrifice Everyting To Support UST,0,[],1.0,https://cryptosnewz.com/breaking-terras-do-kwon-plans-to-sacrifice-luna-to-support-ust-peg/,https://cryptosnewz.com/breaking-terras-do-kwon-plans-to-sacrifice-luna-to-support-ust-peg/,all_ads,6,1652247134.0,f170aab2-246f-11ec-8143-429a193c9848,,,,,,
13,[],False,Meltdownmyself,,Warning-level2-2,"[{'e': 'text', 't': 'Tin'}]",Tin,dark,richtext,t2_c0gxjj32,False,False,False,[],False,False,1652275365,coingape.com,https://www.reddit.com/r/CryptoCurrency/comments/un9qsr/do_kwon_plans_to_sacrifice_everything_to_save_ust/,{},un9qsr,False,False,False,False,False,False,False,False,#0aa18f,NEWS,"[{'e': 'text', 't': 'GENERAL-NEWS'}]",GENERAL-NEWS,light,richtext,False,False,True,0,0,False,all_ads,/r/CryptoCurrency/comments/un9qsr/do_kwon_plans_to_sacrifice_everything_to_save_ust/,False,link,"{'enabled': False, 'images': [{'id': 'JaJeTc8nxH2ghbSa5lTclFHzWqx_zhJL_uZbxDjke9Q', 'resolutions': [{'height': 72, 'url': 'https://external-preview.redd.it/cUN7RGjc78dZxxpGC7DNCZWowHHb48J_J0wv3f63Tkw.jpg?width=108&amp;crop=smart&amp;auto=webp&amp;s=5ff99bd84ec7c7eaf301f2d0eb30ac9fd2a27a6e', 'width': 108}, {'height': 144, 'url': 'https://external-preview.redd.it/cUN7RGjc78dZxxpGC7DNCZWowHHb48J_J0wv3f63Tkw.jpg?width=216&amp;crop=smart&amp;auto=webp&amp;s=8fc51abcae9c8ddf3fbb3c06b0c5f4b4f345876f', 'width': 216}, {'height': 213, 'url': 'https://external-preview.redd.it/cUN7RGjc78dZxxpGC7DNCZWowHHb48J_J0wv3f63Tkw.jpg?width=320&amp;crop=smart&amp;auto=webp&amp;s=f7ecd6df750f249bc0547ebfc2052825ba73a440', 'width': 320}, {'height': 426, 'url': 'https://external-preview.redd.it/cUN7RGjc78dZxxpGC7DNCZWowHHb48J_J0wv3f63Tkw.jpg?width=640&amp;crop=smart&amp;auto=webp&amp;s=3c46e4192f3f2fde97c763850c1989ce20a42502', 'width': 640}, {'height': 640, 'url': 'https://external-preview.redd.it/cUN7RGjc78dZxxpGC7DNCZWowHHb48J_J0wv3f63Tkw.jpg?width=960&amp;crop=smart&amp;auto=webp&amp;s=c90a911537b5b49d3ee1b009eb20f9cd68cc6e10', 'width': 960}, {'height': 720, 'url': 'https://external-preview.redd.it/cUN7RGjc78dZxxpGC7DNCZWowHHb48J_J0wv3f63Tkw.jpg?width=1080&amp;crop=smart&amp;auto=webp&amp;s=930ec350d90cf41b74abd40f238115fb5f64350c', 'width': 1080}], 'source': {'height': 800, 'url': 'https://external-preview.redd.it/cUN7RGjc78dZxxpGC7DNCZWowHHb48J_J0wv3f63Tkw.jpg?auto=webp&amp;s=1228295b0a2cfad7747daec62ede349213c86809', 'width': 1200}, 'variants': {}}]}",6,1652275376,1,,True,False,False,CryptoCurrency,t5_2wlj3,4826033,public,,https://b.thumbs.redditmedia.com/nEiAoa7XNRdCnKqIncb2_xlGdCUWZ8RsgktqjxElRRc.jpg,93.0,140.0,Do Kwon Plans To Sacrifice Everything To Save UST,0,[],1.0,https://coingape.com/breaking-terras-do-kwon-plans-to-sacrifice-luna-to-support-ust-peg/,https://coingape.com/breaking-terras-do-kwon-plans-to-sacrifice-luna-to-support-ust-peg/,all_ads,6,1652246565.0,f170aab2-246f-11ec-8143-429a193c9848,,,,reddit,,
14,[],False,youanus,,,[],,,text,t2_fksc12dj,False,False,False,[],False,False,1652266309,news.bitcoin.com,https://www.reddit.com/r/CryptoCurrency/comments/un73d6/ust_move_closer_to_zero_as_do_kwon_asks_holders/,{},un73d6,False,True,False,False,False,True,False,False,#7193ff,DISCUSSION,"[{'e': 'text', 't': 'DISCUSSION'}]",DISCUSSION,dark,richtext,False,False,False,0,0,False,all_ads,/r/CryptoCurrency/comments/un73d6/ust_move_closer_to_zero_as_do_kwon_asks_holders/,False,link,"{'enabled': False, 'images': [{'id': 'vdKRmvmHowIDO6bTco5MNULfDCHJBzAgfvmxD0LYSrg', 'resolutions': [{'height': 60, 'url': 'https://external-preview.redd.it/C4BGx3QerugnxA3ZDL75MF39vTVWADmc0OjFXoDIlI8.jpg?width=108&amp;crop=smart&amp;auto=webp&amp;s=23528d49374ca7f5ce276d74e7d1a66db92431ec', 'width': 108}, {'height': 121, 'url': 'https://external-preview.redd.it/C4BGx3QerugnxA3ZDL75MF39vTVWADmc0OjFXoDIlI8.jpg?width=216&amp;crop=smart&amp;auto=webp&amp;s=4220a60396207445729475edecd88a45a390e809', 'width': 216}, {'height': 180, 'url': 'https://external-preview.redd.it/C4BGx3QerugnxA3ZDL75MF39vTVWADmc0OjFXoDIlI8.jpg?width=320&amp;crop=smart&amp;auto=webp&amp;s=3505764d4a8f14bd235304befae9c472328f18dd', 'width': 320}, {'height': 360, 'url': 'https://external-preview.redd.it/C4BGx3QerugnxA3ZDL75MF39vTVWADmc0OjFXoDIlI8.jpg?width=640&amp;crop=smart&amp;auto=webp&amp;s=b7a2da5afbac04e47e49ef2600a579aa4ebd4349', 'width': 640}, {'height': 540, 'url': 'https://external-preview.redd.it/C4BGx3QerugnxA3ZDL75MF39vTVWADmc0OjFXoDIlI8.jpg?width=960&amp;crop=smart&amp;auto=webp&amp;s=4ff0bd244b5d122b2275858545c31e318f4c6a63', 'width': 960}, {'height': 607, 'url': 'https://external-preview.redd.it/C4BGx3QerugnxA3ZDL75MF39vTVWADmc0OjFXoDIlI8.jpg?width=1080&amp;crop=smart&amp;auto=webp&amp;s=54953b9b9b098273ca72c50ac58a19bc1c85719b', 'width': 1080}], 'source': {'height': 720, 'url': 'https://external-preview.redd.it/C4BGx3QerugnxA3ZDL75MF39vTVWADmc0OjFXoDIlI8.jpg?auto=webp&amp;s=6d39fddf604f4bb831304d2a8bf36b5c41587bce', 'width': 1280}, 'variants': {}}]}",6,1652266319,1,,True,False,False,CryptoCurrency,t5_2wlj3,4825354,public,,https://b.thumbs.redditmedia.com/hYg7e20SY0RAMP-5InYnzkcOYMzFNGhodrZrdwu-AQc.jpg,78.0,140.0,"UST Move Closer to Zero, as Do Kwon Asks Holders to 'Stay Strong'",0,[],1.0,https://news.bitcoin.com/luna-ust-move-closer-to-zero-as-do-kwon-asks-holders-to-stay-strong/,https://news.bitcoin.com/luna-ust-move-closer-to-zero-as-do-kwon-asks-holders-to-stay-strong/,all_ads,6,1652237509.0,87049662-0882-11e5-82e1-0e9d1a9f7761,,,,,,
15,[],False,shickard,,Warning-level2-2,"[{'e': 'text', 't': 'Tin'}]",Tin,dark,richtext,t2_7pa1g,False,False,False,[],False,False,1652264847,self.CryptoCurrency,https://www.reddit.com/r/CryptoCurrency/comments/un6qhi/do_kwon_addresses_lunaust_nightmare_on_twitter/,{},un6qhi,False,False,False,False,False,False,True,False,#0aa18f,NEWS,"[{'e': 'text', 't': 'GENERAL-NEWS'}]",GENERAL-NEWS,light,richtext,False,False,True,0,0,False,all_ads,/r/CryptoCurrency/comments/un6qhi/do_kwon_addresses_lunaust_nightmare_on_twitter/,False,self,"{'enabled': False, 'images': [{'id': 'Mtc9Jf9qzquUbAZF-et0hI4zpuZtrRStWRtthrpyhNE', 'resolutions': [{'height': 108, 'url': 'https://external-preview.redd.it/yt_wfvKjw4nVDvnHsfNofUVIFOeaATFK8eAw61Ri8-o.jpg?width=108&amp;crop=smart&amp;auto=webp&amp;s=1bb5351e9da3f5945abed9c5f04dbecbe7ee80de', 'width': 108}], 'source': {'height': 140, 'url': 'https://external-preview.redd.it/yt_wfvKjw4nVDvnHsfNofUVIFOeaATFK8eAw61Ri8-o.jpg?auto=webp&amp;s=43c1a1d34e179a36d98c300023749cf6ecc08c5a', 'width': 140}, 'variants': {}}]}",6,1652264857,1,[removed],True,False,False,CryptoCurrency,t5_2wlj3,4825277,public,,self,,,Do Kwon addresses Luna/UST nightmare on Twitter (transcribe inside),0,[],1.0,https://www.reddit.com/r/CryptoCurrency/comments/un6qhi/do_kwon_addresses_lunaust_nightmare_on_twitter/,,all_ads,6,1652236047.0,f170aab2-246f-11ec-8143-429a193c9848,,,,automod_filtered,,
16,[],False,moist_hat,,Warning-level2-2,"[{'e': 'text', 't': 'Tin'}]",Tin,dark,richtext,t2_3mfnl,False,False,False,[],False,False,1652264154,twitter.com,https://www.reddit.com/r/CryptoCurrency/comments/un6kem/luna_update_from_kwon/,{},un6kem,False,False,False,False,False,False,False,False,#014980,UPDATE,"[{'e': 'text', 't': 'PROJECT-UPDATE'}]",PROJECT-UPDATE,light,richtext,False,False,True,0,0,False,all_ads,/r/CryptoCurrency/comments/un6kem/luna_update_from_kwon/,False,link,"{'enabled': False, 'images': [{'id': 'Mtc9Jf9qzquUbAZF-et0hI4zpuZtrRStWRtthrpyhNE', 'resolutions': [{'height': 108, 'url': 'https://external-preview.redd.it/yt_wfvKjw4nVDvnHsfNofUVIFOeaATFK8eAw61Ri8-o.jpg?width=108&amp;crop=smart&amp;auto=webp&amp;s=1bb5351e9da3f5945abed9c5f04dbecbe7ee80de', 'width': 108}], 'source': {'height': 140, 'url': 'https://external-preview.redd.it/yt_wfvKjw4nVDvnHsfNofUVIFOeaATFK8eAw61Ri8-o.jpg?auto=webp&amp;s=43c1a1d34e179a36d98c300023749cf6ecc08c5a', 'width': 140}, 'variants': {}}]}",6,1652264165,1,,False,False,False,CryptoCurrency,t5_2wlj3,4825243,public,,https://b.thumbs.redditmedia.com/bUY2INEchcKUZ-abo2Dn-Lp70NoVcW2mAaw0wyyoTIk.jpg,140.0,140.0,Luna update from Kwon,0,[],1.0,https://twitter.com/stablekwon/status/1524331171189956609?t=KoLhLVHdMZ9XgL3qNx8QkQ&amp;s=19,https://twitter.com/stablekwon/status/1524331171189956609?t=KoLhLVHdMZ9XgL3qNx8QkQ&amp;s=19,all_ads,6,1652235354.0,0de51794-8fa8-11eb-8c8b-0e387731294b,,"{'oembed': {'author_name': 'Do Kwon 🌕', 'author_url': 'https://twitter.com/stablekwon', 'cache_age': 3153600000, 'height': None, 'html': '&lt;blockquote class=""twitter-video""&gt;&lt;p lang=""en"" dir=""ltr""&gt;1/ Dear Terra Community:&lt;/p&gt;&amp;mdash; Do Kwon 🌕 (@stablekwon) &lt;a href=""https://twitter.com/stablekwon/status/1524331171189956609?ref_src=twsrc%5Etfw""&gt;May 11, 2022&lt;/a&gt;&lt;/blockquote&gt;\n&lt;script async src=""https://platform.twitter.com/widgets.js"" charset=""utf-8""&gt;&lt;/script&gt;\n', 'provider_name': 'Twitter', 'provider_url': 'https://twitter.com', 'type': 'rich', 'url': 'https://twitter.com/stablekwon/status/1524331171189956609', 'version': '1.0', 'width': 350}, 'type': 'twitter.com'}","{'content': '&lt;blockquote class=""twitter-video""&gt;&lt;p lang=""en"" dir=""ltr""&gt;1/ Dear Terra Community:&lt;/p&gt;&amp;mdash; Do Kwon 🌕 (@stablekwon) &lt;a href=""https://twitter.com/stablekwon/status/1524331171189956609?ref_src=twsrc%5Etfw""&gt;May 11, 2022&lt;/a&gt;&lt;/blockquote&gt;\n&lt;script async src=""https://platform.twitter.com/widgets.js"" charset=""utf-8""&gt;&lt;/script&gt;\n', 'height': 200, 'scrolling': False, 'width': 350}",automod_filtered,"{'oembed': {'author_name': 'Do Kwon 🌕', 'author_url': 'https://twitter.com/stablekwon', 'cache_age': 3153600000, 'height': None, 'html': '&lt;blockquote class=""twitter-video""&gt;&lt;p lang=""en"" dir=""ltr""&gt;1/ Dear Terra Community:&lt;/p&gt;&amp;mdash; Do Kwon 🌕 (@stablekwon) &lt;a href=""https://twitter.com/stablekwon/status/1524331171189956609?ref_src=twsrc%5Etfw""&gt;May 11, 2022&lt;/a&gt;&lt;/blockquote&gt;\n&lt;script async src=""https://platform.twitter.com/widgets.js"" charset=""utf-8""&gt;&lt;/script&gt;\n', 'provider_name': 'Twitter', 'provider_url': 'https://twitter.com', 'type': 'rich', 'url': 'https://twitter.com/stablekwon/status/1524331171189956609', 'version': '1.0', 'width': 350}, 'type': 'twitter.com'}","{'content': '&lt;blockquote class=""twitter-video""&gt;&lt;p lang=""en"" dir=""ltr""&gt;1/ Dear Terra Community:&lt;/p&gt;&amp;mdash; Do Kwon 🌕 (@stablekwon) &lt;a href=""https://twitter.com/stablekwon/status/1524331171189956609?ref_src=twsrc%5Etfw""&gt;May 11, 2022&lt;/a&gt;&lt;/blockquote&gt;\n&lt;script async src=""https://platform.twitter.com/widgets.js"" charset=""utf-8""&gt;&lt;/script&gt;\n', 'height': 200, 'media_domain_url': 'https://www.redditmedia.com/mediaembed/un6kem', 'scrolling': False, 'width': 350}"
17,[],False,Set1Less,,,[],,,text,t2_7itayt3n,False,False,True,[],False,False,1652261679,self.CryptoCurrency,https://www.reddit.com/r/CryptoCurrency/comments/un5zp9/fallout_from_the_algostablecoin_apocalypse_some/,{},un5zp9,False,True,False,False,False,True,True,False,#5a74cc,PERSPECTIVE,"[{'e': 'text', 't': 'PERSPECTIVE'}]",PERSPECTIVE,light,richtext,False,False,False,0,0,False,all_ads,/r/CryptoCurrency/comments/un5zp9/fallout_from_the_algostablecoin_apocalypse_some/,False,,,6,1652261690,1,"The present situation is a turning point in crypto markets history. Many have lost a lot of funds and this is sure to attract a lot of heat towards crypto. Its comparable to Bitconnect bust, but the key difference is that Bitconnect didnt peddle itself as a stablecoin asking people to park their savings there. 

1 - Luna shitshow is over. Price may hobble up and down but the schadenfreude can only last so long, pretty soon it will all die down. The magnitude of losses is not even clear right now. People buying these dips are just degenerate gambling, this is not ""investing"".


2 - A whole lot of dapps/websites/mobile apps collected user funds in USDC/ USDT, even via credit cards and funelled those into Anchor UST to gain interest, and then pay out users. Orion Money, Pillow Fund, GRO, Alice, StableGains etc.. these are all apps that promised to pay users 15% based on Anchor returns. All of them are under water, and higly likely they are all insolvent. The true extent of the damage remains to be assessed. It will get even worse if we find out Celsius, Nexo etc used UST for a tranche of their funds. 


3 - A lot of reports/articles will come out on how crypto as a whole is unsustainable. They will try to claim all crypto projects are the same and will implode. This however couldnt be further from the truth. Even in stablecoins, some projects like Maker DAO have been running silently for years based on sound practices that have stood the test of time. The DAI stablecoin is always over collateralised to a great extent, just to prevent these kind of runs. Unfortunately in the bull run, loud noise was appreciated more than a silent system that just does what its supposed to do. People like Do Kwon were turned into heroes, while those building DAI silently got little to no attention. Expect the tide to completely shift now that unsustainable ponzis will no longer be in vogue. 

4 - Regulatory scrutiny will increase and accelerate. Most cryptos will be booboo stuff for a long time (months maybe even a year or so). 

5 - High APY in stablecoins is just not sustainable. So many people went from Crypto.com to Anchor after CDC slashed their interest rates. In retrospect, they went out of the frying pan straight into the fire. There is an important lesson here. Higher rates are always a result of higher risk, and your entire capital is can be lost in a matter of days. 

6 - Biggest winner of this shitshow is Ethereum and projects on Ethereum. L2 scaling is already live, developing fast and most of sustainable defi is being built on Ethereum+L2s, and going to scale for millions of users with very low fees in the next couple of years. What exists on other chains is just copycat projects and forks of existing Ethereum projects that the market will soon realize is a poor copycat product because of both lack of network security + availability of a better option on L2s.",True,False,False,CryptoCurrency,t5_2wlj3,4825124,public,,self,,,Fallout from the algo-stablecoin apocalypse. Some points:,0,[],1.0,https://www.reddit.com/r/CryptoCurrency/comments/un5zp9/fallout_from_the_algostablecoin_apocalypse_some/,,all_ads,6,1652232879.0,1b44cdb2-2a6c-11ec-9baf-0aa21184cd0a,,,,,,
18,[],False,youanus,,,[],,,text,t2_fksc12dj,False,False,False,[],False,False,1652253753,decrypt.co,https://www.reddit.com/r/CryptoCurrency/comments/un455a/cardanos_hoskinson_claps_back_at_terras_kwon_over/,{},un455a,False,True,False,False,False,True,False,False,#7193ff,DISCUSSION,"[{'e': 'text', 't': 'DISCUSSION'}]",DISCUSSION,dark,richtext,False,False,False,0,0,False,all_ads,/r/CryptoCurrency/comments/un455a/cardanos_hoskinson_claps_back_at_terras_kwon_over/,False,link,"{'enabled': False, 'images': [{'id': 'AjDgi5a1Bw9pMcrCrwJdG8fzU-yJIrrVsFy5YhTz4NQ', 'resolutions': [{'height': 54, 'url': 'https://external-preview.redd.it/s5R_8w8ltGxTsxAqIVT_Tyq91Felz1_afLehTM7jN7o.jpg?width=108&amp;crop=smart&amp;auto=webp&amp;s=59f8b0215405c4b57912e5b33dd7fa2005d0e649', 'width': 108}, {'height': 108, 'url': 'https://external-preview.redd.it/s5R_8w8ltGxTsxAqIVT_Tyq91Felz1_afLehTM7jN7o.jpg?width=216&amp;crop=smart&amp;auto=webp&amp;s=9d0bfd675144dec4e9c464ef275256613b2ed0ac', 'width': 216}, {'height': 160, 'url': 'https://external-preview.redd.it/s5R_8w8ltGxTsxAqIVT_Tyq91Felz1_afLehTM7jN7o.jpg?width=320&amp;crop=smart&amp;auto=webp&amp;s=632f2d8265408033a4471b056b9ab5e16578bcb3', 'width': 320}, {'height': 320, 'url': 'https://external-preview.redd.it/s5R_8w8ltGxTsxAqIVT_Tyq91Felz1_afLehTM7jN7o.jpg?width=640&amp;crop=smart&amp;auto=webp&amp;s=3ee1a86767dfbb19f32873cf1cb07636ef24f4f2', 'width': 640}, {'height': 480, 'url': 'https://external-preview.redd.it/s5R_8w8ltGxTsxAqIVT_Tyq91Felz1_afLehTM7jN7o.jpg?width=960&amp;crop=smart&amp;auto=webp&amp;s=66f8433711a60524c3e5743ef34b032aaf03a661', 'width': 960}], 'source': {'height': 512, 'url': 'https://external-preview.redd.it/s5R_8w8ltGxTsxAqIVT_Tyq91Felz1_afLehTM7jN7o.jpg?auto=webp&amp;s=12055e85396508f82ac256e6b559d4de330bb6c7', 'width': 1024}, 'variants': {}}]}",6,1652253763,1,,True,False,False,CryptoCurrency,t5_2wlj3,4824703,public,,https://a.thumbs.redditmedia.com/pR-MGYaYme2Th8BIpziuS-V4UtoXEM9yEzVdNzbeZU0.jpg,70.0,140.0,Cardano's Hoskinson Claps Back at Terra's Kwon Over 'Negative Correlation' Tweet,0,[],1.0,https://decrypt.co/99944/cardano-founder-hoskinson-claps-back-at-terra-founder-kwon-over-negative-correlation-tweet,https://decrypt.co/99944/cardano-founder-hoskinson-claps-back-at-terra-founder-kwon-over-negative-correlation-tweet,all_ads,6,1652224953.0,87049662-0882-11e5-82e1-0e9d1a9f7761,,,,,,
19,[],False,mirrormirror88,,Warning-level1-1,"[{'e': 'text', 't': 'Bronze'}]",Bronze,dark,richtext,t2_11mjgg,False,False,False,[],False,False,1652235919,self.CryptoCurrency,https://www.reddit.com/r/CryptoCurrency/comments/umz8yq/a_calm_warning/,{},umz8yq,False,True,False,False,False,True,True,False,#7193ff,DISCUSSION,"[{'e': 'text', 't': 'DISCUSSION'}]",DISCUSSION,dark,richtext,False,False,True,1,0,False,all_ads,/r/CryptoCurrency/comments/umz8yq/a_calm_warning/,False,,,6,1652235930,1,"Terra's stablecoin UST has dipped a second time in 48 hours and is now trading at 78 cents again. An implosion of this is looking likely as the [Luna foundation Guard](https://twitter.com/LFG_org?ref_src=twsrc%5Egoogle%7Ctwcamp%5Eserp%7Ctwgr%5Eauthor) spent all of their reserve BTC yesterday trying to repeg UST. I don't know what they can do now - maybe Do Kwon still has some favors and tricks he can deploy. 

Anyways just this week Anchor held about 14B UST and had lent out 3B UST. If we add up all of the stablecoins in the top 100 they total up to be $156B, UST is around 13B. I don't know enough about how truly interconnected or separate UST is from the whole ecosystem but it has a significant marketcap. IMO I'm gonna eat the withdrawal and deposit fees for a part of my portfolio to make sure nothing crazy is triggered. 

I already ate a loss trying to get out of UST and I'm glad I wasn't locked into a LP pool like many were. We're all watching LUNA and UST collapse as if they won't affect the ecosystem. The final straw for the crash in 2017 was Bitconnect imploding in a similar fashion. Since UST is a stable coin used in may defi activities and a lot of CEX's have it will definitely have contagion effects if it goes to 0. I don't know how bad it might be, it might be nothing but I'll take my 1-2% withdrawal fees just to have my peace of mind.",True,False,False,CryptoCurrency,t5_2wlj3,4823856,public,new,self,,,A calm warning,0,[],1.0,https://www.reddit.com/r/CryptoCurrency/comments/umz8yq/a_calm_warning/,,all_ads,6,1652207119.0,87049662-0882-11e5-82e1-0e9d1a9f7761,,,,,,
20,[],False,Boo_Dough,,Warning-level2-2,"[{'e': 'text', 't': 'Tin'}]",Tin,dark,richtext,t2_ivmre2l,False,False,False,[],False,False,1652232268,self.CryptoCurrency,https://www.reddit.com/r/CryptoCurrency/comments/umy386/if_an_altcoin_has_a_fanbase_name_i_have_no/,{},umy386,False,True,False,False,False,True,True,False,#cc8b00,ANECDOTAL,"[{'e': 'text', 't': 'ANECDOTAL'}]",ANECDOTAL,light,richtext,False,False,True,0,0,False,all_ads,/r/CryptoCurrency/comments/umy386/if_an_altcoin_has_a_fanbase_name_i_have_no/,False,self,"{'enabled': False, 'images': [{'id': 'Mtc9Jf9qzquUbAZF-et0hI4zpuZtrRStWRtthrpyhNE', 'resolutions': [{'height': 108, 'url': 'https://external-preview.redd.it/yt_wfvKjw4nVDvnHsfNofUVIFOeaATFK8eAw61Ri8-o.jpg?width=108&amp;crop=smart&amp;auto=webp&amp;s=1bb5351e9da3f5945abed9c5f04dbecbe7ee80de', 'width': 108}], 'source': {'height': 140, 'url': 'https://external-preview.redd.it/yt_wfvKjw4nVDvnHsfNofUVIFOeaATFK8eAw61Ri8-o.jpg?auto=webp&amp;s=43c1a1d34e179a36d98c300023749cf6ecc08c5a', 'width': 140}, 'variants': {}}]}",6,1652232279,1,"I have been in crypto for a year and I started out owning so many altcoins but slowly I realized im phasing more into a BTC/ETH maxi and today I found another reason why I am that.

I really can't take an altcoin seriously if a founder calls its hodlers by a name. For example this tweet from Do Kwon is just stupid to me.

https://twitter.com/stablekwon/status/1524164780189126657?s=21&amp;t=jG3Xx3FXUdhjwAJtSkzIxw

Link Marines

Algonaut

Lunatics


I can't think of anymore as i'm writing this and i'll add to it if I see any I missed. 

I understand my portfolio is boring. But I can't help but feel investing in these altcoins like they are sports teams is just stupid and has no long term vision.",True,False,False,CryptoCurrency,t5_2wlj3,4823664,public,new,self,,,If an altcoin has a fanbase name I have no interest in owning it.,0,[],1.0,https://www.reddit.com/r/CryptoCurrency/comments/umy386/if_an_altcoin_has_a_fanbase_name_i_have_no/,,all_ads,6,1652203468.0,613cabf0-1d90-11e4-953d-12313b0eb482,,,,,,
