,all_awardings,allow_live_comments,author,author_flair_background_color,author_flair_css_class,author_flair_richtext,author_flair_text,author_flair_text_color,author_flair_type,author_fullname,author_is_blocked,author_patreon_flair,author_premium,awarders,can_mod_post,contest_mode,created_utc,domain,full_link,gildings,id,is_created_from_ads_ui,is_crosspostable,is_meta,is_original_content,is_reddit_media_domain,is_robot_indexable,is_self,is_video,link_flair_background_color,link_flair_css_class,link_flair_richtext,link_flair_template_id,link_flair_text,link_flair_text_color,link_flair_type,locked,media_only,no_follow,num_comments,num_crossposts,over_18,parent_whitelist_status,permalink,pinned,pwls,retrieved_on,score,selftext,send_replies,spoiler,stickied,subreddit,subreddit_id,subreddit_subscribers,subreddit_type,suggested_sort,thumbnail,title,total_awards_received,treatment_tags,upvote_ratio,url,whitelist_status,wls,created,removed_by_category,post_hint,preview,thumbnail_height,thumbnail_width,url_overridden_by_dest
0,[],False,nathanielx9,,,"[{'e': 'text', 't': 'Platinum|QC:CC421,BTC59,Coinbase32|NANO8|ExchSubs32'}]","Platinum|QC:CC421,BTC59,Coinbase32|NANO8|ExchSubs32",dark,richtext,t2_xd3yy,False,False,False,[],False,False,1652101172,self.CryptoCurrency,https://www.reddit.com/r/CryptoCurrency/comments/ulqocx/can_tethers_audit_unpeg_them_to_a_dollar/,{},ulqocx,False,True,False,False,False,True,True,False,#7193ff,DISCUSSION,"[{'e': 'text', 't': 'DISCUSSION'}]",87049662-0882-11e5-82e1-0e9d1a9f7761,DISCUSSION,dark,richtext,False,False,False,1,0,False,all_ads,/r/CryptoCurrency/comments/ulqocx/can_tethers_audit_unpeg_them_to_a_dollar/,False,6,1652101182,1,"There is wide range of debate and I do welcome everyone to watch coffeezilla’s video on tether. Near the bottom of the market last bull run tether did ramp of the money printer. Again to this day there hasn’t been an actual audit, since I don’t trust and offshore auditor since they can be payed off.

According to the audit, tether”has” the money, but it’s diversified into many different t investments with a small amount of cash. With global markets crashing along with crypto this would mean that Tether would be down massively and their marketcap doesn’t represent how liquid they are.

I’m curious what effect an unpegged Tether would do with the recent Terra being unpegged. Why do you guys still back tether, since it’s the most used stablecoin? What effect will it have it becomes unpegged?",True,False,False,CryptoCurrency,t5_2wlj3,4816855,public,new,self,Can Tether’s “audit” unpeg them to a dollar?,0,[],1.0,https://www.reddit.com/r/CryptoCurrency/comments/ulqocx/can_tethers_audit_unpeg_them_to_a_dollar/,all_ads,6,1652072372.0,,,,,,
1,[],False,BLUTATO,,Warning-level2-2,"[{'e': 'text', 't': 'Tin'}]",Tin,dark,richtext,t2_z7hhm,False,False,False,[],False,False,1652098810,self.CryptoCurrency,https://www.reddit.com/r/CryptoCurrency/comments/ulpyjr/what_is_up_with_terraluna/,{},ulpyjr,False,False,False,False,False,False,True,False,#7193ff,DISCUSSION,"[{'e': 'text', 't': 'DISCUSSION'}]",87049662-0882-11e5-82e1-0e9d1a9f7761,DISCUSSION,dark,richtext,False,False,True,1,0,False,all_ads,/r/CryptoCurrency/comments/ulpyjr/what_is_up_with_terraluna/,False,6,1652098820,1,[removed],True,False,False,CryptoCurrency,t5_2wlj3,4816759,public,new,self,What is up with Terra(LUNA)?,0,[],1.0,https://www.reddit.com/r/CryptoCurrency/comments/ulpyjr/what_is_up_with_terraluna/,all_ads,6,1652070010.0,moderator,,,,,
2,[],False,CryptoAddict420,,,"[{'e': 'text', 't': 'Platinum | QC: CC 213'}]",Platinum | QC: CC 213,dark,richtext,t2_bkszrvg3,False,False,False,[],False,False,1652093101,benzinga.com,https://www.reddit.com/r/CryptoCurrency/comments/uloeqp/terra_plans_750m_bitcoin_loan_to_market_makers_to/,{},uloeqp,False,True,False,False,False,True,False,False,#0aa18f,NEWS,"[{'e': 'text', 't': 'GENERAL-NEWS'}]",f170aab2-246f-11ec-8143-429a193c9848,GENERAL-NEWS,light,richtext,False,False,True,1,0,False,all_ads,/r/CryptoCurrency/comments/uloeqp/terra_plans_750m_bitcoin_loan_to_market_makers_to/,False,6,1652093111,1,,True,False,False,CryptoCurrency,t5_2wlj3,4816520,public,new,https://b.thumbs.redditmedia.com/yhFVghNx27pMKs_JuwmUGOxdy02TPye0K2eqDbx8pHQ.jpg,Terra Plans $750M Bitcoin 'Loan' To Market Makers To Defend UST Peg,0,[],1.0,https://www.benzinga.com/markets/cryptocurrency/22/05/27067896/terra-plans-750m-bitcoin-loan-to-market-makers-to-defend-ust-peg,all_ads,6,1652064301.0,,link,"{'enabled': False, 'images': [{'id': 'oXXeO_FxkSfCJe8dqUeNHOrkgcNTAvj2FGxp34F_6Zw', 'resolutions': [{'height': 72, 'url': 'https://external-preview.redd.it/cZwwP7O7ZpLvxBQnOYgLxtE8dnp758R6mu9I_vCwgJQ.jpg?width=108&amp;crop=smart&amp;auto=webp&amp;s=0c287451fb0e98cc6a583718fdbc435e2e4ecefe', 'width': 108}, {'height': 144, 'url': 'https://external-preview.redd.it/cZwwP7O7ZpLvxBQnOYgLxtE8dnp758R6mu9I_vCwgJQ.jpg?width=216&amp;crop=smart&amp;auto=webp&amp;s=14876f7f7a62c15187e237ec83b560a2262f3f19', 'width': 216}, {'height': 213, 'url': 'https://external-preview.redd.it/cZwwP7O7ZpLvxBQnOYgLxtE8dnp758R6mu9I_vCwgJQ.jpg?width=320&amp;crop=smart&amp;auto=webp&amp;s=66e8509a80ba7437c6adba79aa3e3ebf4051c021', 'width': 320}, {'height': 426, 'url': 'https://external-preview.redd.it/cZwwP7O7ZpLvxBQnOYgLxtE8dnp758R6mu9I_vCwgJQ.jpg?width=640&amp;crop=smart&amp;auto=webp&amp;s=03db5bcb7008921262e680cb8f76fa402dee6867', 'width': 640}, {'height': 640, 'url': 'https://external-preview.redd.it/cZwwP7O7ZpLvxBQnOYgLxtE8dnp758R6mu9I_vCwgJQ.jpg?width=960&amp;crop=smart&amp;auto=webp&amp;s=87980db7174aeafd8df09aebe0900d8296881f15', 'width': 960}, {'height': 720, 'url': 'https://external-preview.redd.it/cZwwP7O7ZpLvxBQnOYgLxtE8dnp758R6mu9I_vCwgJQ.jpg?width=1080&amp;crop=smart&amp;auto=webp&amp;s=e3ba32a6488ad8b6892d3038ffa99b99829a57d9', 'width': 1080}], 'source': {'height': 800, 'url': 'https://external-preview.redd.it/cZwwP7O7ZpLvxBQnOYgLxtE8dnp758R6mu9I_vCwgJQ.jpg?auto=webp&amp;s=8a4ec91a8a97f177b67e20ae100d7ac2949e1101', 'width': 1200}, 'variants': {}}]}",93.0,140.0,https://www.benzinga.com/markets/cryptocurrency/22/05/27067896/terra-plans-750m-bitcoin-loan-to-market-makers-to-defend-ust-peg
3,[],False,Babad00k123,,Transitioning,"[{'e': 'text', 't': ' '}]", ,dark,richtext,t2_gu59ck,False,False,False,[],False,False,1652080595,self.CryptoCurrency,https://www.reddit.com/r/CryptoCurrency/comments/ulllib/what_happens_when_marketcap_of_terrausd_higher/,{},ulllib,False,True,False,False,False,True,True,False,#7193ff,DISCUSSION,"[{'e': 'text', 't': 'DISCUSSION'}]",87049662-0882-11e5-82e1-0e9d1a9f7761,DISCUSSION,dark,richtext,False,False,True,1,0,False,all_ads,/r/CryptoCurrency/comments/ulllib/what_happens_when_marketcap_of_terrausd_higher/,False,6,1652080605,1,"Hello yall,


Ive been wondering, I dont fully understand how the whole Terra and TerraUSD work, but I understand TerraUSD is backed by Terra somehow.

How does that work? 

What will happen if the marketcap of TerraUSD is higher than that of Terra?


Do I understand correctly that the 18,5 bln of TerraUSD is backend by Terra value + about 2,5 Mrd in Btc that the Terra Foundation bought up? 


Who is controlling the issue of TerraUSD. It kind of feels like USDT and TerraUSD is to crypto what the FED is to wallstreet xD


Thanks for your input guys",True,False,False,CryptoCurrency,t5_2wlj3,4816050,public,,self,What happens when marketcap of TerraUSD higher than Terra?,0,[],1.0,https://www.reddit.com/r/CryptoCurrency/comments/ulllib/what_happens_when_marketcap_of_terrausd_higher/,all_ads,6,1652051795.0,,,,,,
4,[],False,Fun-Drummer7171,,Warning-level2-2,"[{'e': 'text', 't': 'Tin | 5 months old | LRC 52'}]",Tin | 5 months old | LRC 52,dark,richtext,t2_gf1zvg9l,False,False,False,[],False,False,1652073335,self.CryptoCurrency,https://www.reddit.com/r/CryptoCurrency/comments/uljwce/would_you_invest_in_helium_or_polkadot_or_both/,{},uljwce,False,True,False,False,False,True,True,False,#7193ff,DISCUSSION,"[{'e': 'text', 't': 'DISCUSSION'}]",87049662-0882-11e5-82e1-0e9d1a9f7761,DISCUSSION,dark,richtext,False,False,False,1,0,False,all_ads,/r/CryptoCurrency/comments/uljwce/would_you_invest_in_helium_or_polkadot_or_both/,False,6,1652073345,1,"I know these blockchains are not competing with each other, however, I’m looking to add  some new crypto during this dip. 
Both of them are at around $13/coin. 
I perfectly know I am late for both of them, however I have been waiting on the prices to get this low to start accumulating some more. 

Besides the usual Terra, Solana and Avalanche, which of the two you think it’s worth holding for the next 5/8 years? 

I have also been researching on mining Helium but I see it’s not worth it in my area and the rewards would be too little. 

If you have some other recommendations on new interesting projects, please share here. Thank you!",True,False,False,CryptoCurrency,t5_2wlj3,4815769,public,new,self,Would you invest in Helium or Polkadot? Or both?,0,[],1.0,https://www.reddit.com/r/CryptoCurrency/comments/uljwce/would_you_invest_in_helium_or_polkadot_or_both/,all_ads,6,1652044535.0,,,,,,
5,[],False,randomguy28282,,,[],,,text,t2_eib88635,False,False,False,[],False,False,1652063226,self.CryptoCurrency,https://www.reddit.com/r/CryptoCurrency/comments/ulh5k1/terra_luna_explained/,{},ulh5k1,False,False,False,False,False,False,True,False,#edd400,EDUCATIONAL,"[{'e': 'text', 't': 'EDUCATIONAL'}]",fcc301e2-a5e0-11ec-82c9-06b6a4903a7e,EDUCATIONAL,dark,richtext,False,False,True,2,0,False,all_ads,/r/CryptoCurrency/comments/ulh5k1/terra_luna_explained/,False,6,1652063236,1,[removed],True,False,False,CryptoCurrency,t5_2wlj3,4815298,public,new,self,Terra Luna Explained,0,[],1.0,https://www.reddit.com/r/CryptoCurrency/comments/ulh5k1/terra_luna_explained/,all_ads,6,1652034426.0,moderator,,,,,
6,[],False,Brinothedino,,,"[{'e': 'text', 't': 'Platinum | QC: CC 936'}]",Platinum | QC: CC 936,dark,richtext,t2_f586a,False,False,False,[],False,False,1652041085,self.CryptoCurrency,https://www.reddit.com/r/CryptoCurrency/comments/ula7dr/fyi_if_you_are_considering_panic_selling_your/,{},ula7dr,False,True,False,False,False,True,True,False,#46d160,ADVICE,"[{'e': 'text', 't': 'ADVICE'}]",e9570888-9c2a-11e3-809c-12313d1661cc,ADVICE,dark,richtext,False,False,True,1,0,False,all_ads,/r/CryptoCurrency/comments/ula7dr/fyi_if_you_are_considering_panic_selling_your/,False,6,1652041096,1,"Last time Luna plummeted was when it dropped to ~$6 CAD and UST briefly became unpegged. I saw the news about UST and said to myself ""well shit, I better get out while I can"". I sold the absolute bottom, and in the next few months LUNA then went ahead and did a 20x from the bottom. Needless to say, this still haunts me and I still dont own any LUNA today because I could never justify buying back in so high.

At the end of the day, you do you, but consider that if you are willing to hold long term you will likely see a rebound. Every coins goes through some rough patches, and It is highly unlikely that the momentum behind the terra ecosystem is gone forever from this one crappy event. Just the 2 sats from someone who got burned last time around. 

Peace.",True,False,False,CryptoCurrency,t5_2wlj3,4814331,public,new,self,"FYI: if you are considering panic selling your LUNA, learn from my mistakes!",0,[],1.0,https://www.reddit.com/r/CryptoCurrency/comments/ula7dr/fyi_if_you_are_considering_panic_selling_your/,all_ads,6,1652012285.0,,,,,,
7,[],False,Old7777,,,[],,,text,t2_hvvflmz,False,False,False,[],False,False,1652031801,mesonstars.com,https://www.reddit.com/r/Bitcoin/comments/ul6z48/blockchain_token_terra_collects_10_with_loss/,{},ul6z48,False,False,False,False,False,False,False,False,,,[],,,dark,text,False,False,True,0,0,False,all_ads,/r/Bitcoin/comments/ul6z48/blockchain_token_terra_collects_10_with_loss/,False,6,1652031812,1,,True,False,False,Bitcoin,t5_2s3qj,4172197,public,,default,Blockchain token Terra collects 10% with loss receipt of its stablecoin UST,0,[],1.0,https://mesonstars.com/inteteresting/blockchain-token-terra-collects-10-with-loss-receipt-of-its-stablecoin-ust/,all_ads,6,1652003001.0,moderator,,,,,https://mesonstars.com/inteteresting/blockchain-token-terra-collects-10-with-loss-receipt-of-its-stablecoin-ust/
