,all_awardings,allow_live_comments,author,author_flair_css_class,author_flair_richtext,author_flair_text,author_flair_type,author_fullname,author_is_blocked,author_patreon_flair,author_premium,awarders,can_mod_post,contest_mode,created_utc,domain,full_link,gildings,id,is_created_from_ads_ui,is_crosspostable,is_meta,is_original_content,is_reddit_media_domain,is_robot_indexable,is_self,is_video,link_flair_background_color,link_flair_css_class,link_flair_richtext,link_flair_template_id,link_flair_text,link_flair_text_color,link_flair_type,locked,media_only,no_follow,num_comments,num_crossposts,over_18,parent_whitelist_status,permalink,pinned,pwls,removed_by_category,retrieved_on,score,selftext,send_replies,spoiler,stickied,subreddit,subreddit_id,subreddit_subscribers,subreddit_type,thumbnail,title,total_awards_received,treatment_tags,upvote_ratio,url,whitelist_status,wls,created,author_flair_background_color,author_flair_text_color,suggested_sort
0,[],False,MrFerry20,,[],,text,t2_ujpha,False,False,False,[],False,False,1652543806,self.CryptoCurrency,https://www.reddit.com/r/CryptoCurrency/comments/upk5yq/where_can_you_buy_terraluna_now/,{},upk5yq,False,False,False,False,False,False,True,False,#94e044,PRO-ARGUMENTS,"[{'e': 'text', 't': 'PRO-ARGUMENTS'}]",11935244-a248-11ec-b773-8a67bbaa00f3,PRO-ARGUMENTS,dark,richtext,False,False,True,1,0,False,all_ads,/r/CryptoCurrency/comments/upk5yq/where_can_you_buy_terraluna_now/,False,6,moderator,1652543816,1,[removed],True,False,False,CryptoCurrency,t5_2wlj3,4853461,public,self,Where can you buy TerraLuna now?,0,[],1.0,https://www.reddit.com/r/CryptoCurrency/comments/upk5yq/where_can_you_buy_terraluna_now/,all_ads,6,1652515006.0,,,
1,[],False,AlexAndertheAble,,[],,text,t2_czzy0,False,False,False,[],False,False,1652494247,self.CryptoCurrency,https://www.reddit.com/r/CryptoCurrency/comments/up76nt/can_someone_eli5_why_does_terra_ust_have_any/,{},up76nt,False,True,False,False,False,True,True,False,#7193ff,DISCUSSION,"[{'e': 'text', 't': 'DISCUSSION'}]",87049662-0882-11e5-82e1-0e9d1a9f7761,DISCUSSION,dark,richtext,False,False,True,0,0,False,all_ads,/r/CryptoCurrency/comments/up76nt/can_someone_eli5_why_does_terra_ust_have_any/,False,6,,1652494259,1,"I know people are mostly burnt out on the TerraLuna story by now.  But this is something that doesn't quite make sense on it's face. Fro someone who knows the basics on the two protocols, this seems like a weird mystery.  Hopefully, with your ELI5, it will help others understand the Crypto market in general more deeply, even though UST isn't really relevant anymore.

Sorry for the dummy question. Just can't find answers anywhere on google or in the other forums. I appreciate you taking the time to educate an idiot like myself. Thanks!",True,False,False,CryptoCurrency,t5_2wlj3,4849152,public,self,"Can someone ELI5: Why does Terra UST have any value at all anymore? I'm shocked to see it in the top 50 on CoinMarketCap. Isn't the value derived from the arbitrage using Luna, which is now dead?",0,[],1.0,https://www.reddit.com/r/CryptoCurrency/comments/up76nt/can_someone_eli5_why_does_terra_ust_have_any/,all_ads,6,1652465447.0,,,
2,[],False,ismirschlecht,,"[{'e': 'text', 't': 'Platinum | QC: BTC 523'}]",Platinum | QC: BTC 523,richtext,t2_cmz0cj8u,False,False,False,[],False,False,1652477244,self.CryptoCurrency,https://www.reddit.com/r/CryptoCurrency/comments/up1vfx/theyve_been_warned_but_they_didnt_listen/,{},up1vfx,False,True,False,False,False,True,True,False,#46d160,ADVICE,"[{'e': 'text', 't': 'ADVICE'}]",e9570888-9c2a-11e3-809c-12313d1661cc,ADVICE,dark,richtext,False,False,False,0,0,False,all_ads,/r/CryptoCurrency/comments/up1vfx/theyve_been_warned_but_they_didnt_listen/,False,6,,1652477255,1,"Here's a post of someone explaining how UST could be depegged for good: [risks\_how\_real\_are\_they](https://www.reddit.com/r/terraluna/comments/s2bnbw/terra_luna_ust_ecosystem_risks_how_real_are_they/)

One of the top comments was 

&gt; Rumor going around that Do just bought more than $1 billion in Btc to  help maintain peg in times of crisis. Appreciate your analysis but he’s  playing 5D chess while we all play checkers 

Or how about this? Bet you've seen responses like this a lot in certain subs:

&gt; So question is what's your buy price you put in already for LUNA? lol.   Since you state you've been looking, I'm going to assume you have 0  LUNA. 

I'm spending a lot of time in old reddit posts, reading how people reacted to events like ""FUD"", bullruns or crashes - and you should do that, too. It's easier to learn from other investor's failures than learning it by losing money yourself.

Another good advice is the ""advanced search"" on Twitter. Just check the guy you want to follow by searching something and then chosing ""Advanced search"" from the menu. You can insert a twitter account and also dates (like the weeks before the 2021 crash).",True,False,False,CryptoCurrency,t5_2wlj3,4847676,public,self,They've been warned - but they didn't listen.,0,[],1.0,https://www.reddit.com/r/CryptoCurrency/comments/up1vfx/theyve_been_warned_but_they_didnt_listen/,all_ads,6,1652448444.0,,dark,new
3,[],False,No_Confusion_6801,,[],,text,t2_h352u82b,False,False,False,[],False,False,1652462972,self.CryptoCurrency,https://www.reddit.com/r/CryptoCurrency/comments/uowutl/terraluna_ended_my_life/,{},uowutl,False,True,False,False,False,True,True,False,#7193ff,DISCUSSION,"[{'e': 'text', 't': 'DISCUSSION'}]",87049662-0882-11e5-82e1-0e9d1a9f7761,DISCUSSION,dark,richtext,False,False,True,0,0,False,all_ads,/r/CryptoCurrency/comments/uowutl/terraluna_ended_my_life/,False,6,,1652462983,1,"I'm so depressed that I can't even tell you how I am, there is no way to describe so much sadness, my whole life and my funds of 20 thousand dollars went overboard, I can't even go to a psychologist, I think that in a few days I will finish everything This without further delay, I know I shouldn't do this and I know that even if I want to many of you won't mind, but if you want to help me with something I will do it I'll leave you my BTC address: 15YSSwSibEBGGEkgQ3JSvhnXks1G9Gwz95 I would like to go to a psychologist at least I would like to have an ice cream sitting in the park while I reflect on my life I just want to find another reason to live. 😔 
The worst of all is that I live in Argentina, a place where it takes years to have that kind of money. I feel so bad.",True,False,False,CryptoCurrency,t5_2wlj3,4845971,public,self,terraluna ended my life,0,[],1.0,https://www.reddit.com/r/CryptoCurrency/comments/uowutl/terraluna_ended_my_life/,all_ads,6,1652434172.0,,,new
4,[],False,Findjin,,"[{'e': 'text', 't': 'Platinum | QC: CC 149 | XEM 12'}]",Platinum | QC: CC 149 | XEM 12,richtext,t2_a42qozcl,False,False,False,[],False,False,1652459404,self.CryptoCurrency,https://www.reddit.com/r/CryptoCurrency/comments/uovlmu/which_exchange_do_you_trust_most_at_times_like/,{},uovlmu,False,True,False,False,False,True,True,False,#46d160,ADVICE,"[{'e': 'text', 't': 'ADVICE'}]",e9570888-9c2a-11e3-809c-12313d1661cc,ADVICE,dark,richtext,False,False,True,0,0,False,all_ads,/r/CryptoCurrency/comments/uovlmu/which_exchange_do_you_trust_most_at_times_like/,False,6,,1652459416,1,"As we all know, things have been pretty hairy in crypto this past week! But with prices dropping, I feel this is a good time to accumulate. 

I’m planning to DCA gradually over the coming year to take advantage of lower prices but also account for volatility, which is high and likely to remain high for some time. 

I don’t have a hardware wallet so I’m still wedded to CEXs for now. But as we also know, some exchanges are also experiencing liquidity problems resulting from recent price drops, increased withdrawals and the collapse of terraluna etc. Some exchanges have blocked trading and withdrawals as a result, and I’ve seen a lot of speculation about the risk of CEXs going bankrupt and people’s investments going down with them - notably those with non-custodial investment models.

I’m not sure how much of a reality this is, but I’m interested to hear from the community which centralised exchanges people trust the most with their investments at times like these.

I’m sure there will be many who advocate for getting a hardware wallet and moving things off exchange - but I’m not yet at that stage in my crypto journey and would still need to go through and exchange to acquire crypto; so my question still stands and my main query is about trust in exchanges rather than the pros and cons of exchanges versus hardware wallets.

Please share your opinions on which centralised exchanges you trust most, and which you trust least right now.",True,False,False,CryptoCurrency,t5_2wlj3,4845524,public,self,Which exchange do you trust most at times like these?,0,[],1.0,https://www.reddit.com/r/CryptoCurrency/comments/uovlmu/which_exchange_do_you_trust_most_at_times_like/,all_ads,6,1652430604.0,,dark,new
