,all_awardings,allow_live_comments,author,author_flair_css_class,author_flair_richtext,author_flair_text,author_flair_type,author_fullname,author_is_blocked,author_patreon_flair,author_premium,awarders,can_mod_post,contest_mode,created_utc,domain,full_link,gildings,id,is_created_from_ads_ui,is_crosspostable,is_meta,is_original_content,is_reddit_media_domain,is_robot_indexable,is_self,is_video,link_flair_background_color,link_flair_css_class,link_flair_richtext,link_flair_template_id,link_flair_text,link_flair_text_color,link_flair_type,locked,media_only,no_follow,num_comments,num_crossposts,over_18,parent_whitelist_status,permalink,pinned,pwls,removed_by_category,retrieved_on,score,selftext,send_replies,spoiler,stickied,subreddit,subreddit_id,subreddit_subscribers,subreddit_type,thumbnail,title,total_awards_received,treatment_tags,upvote_ratio,url,whitelist_status,wls,created,suggested_sort
0,[],False,XXXMasonXXX,,[],,text,t2_54bga,False,False,True,[],False,False,1652613211,self.CryptoCurrency,https://www.reddit.com/r/CryptoCurrency/comments/uq3w0g/how_much_did_you_lose_with_terraluna_serious/,{},uq3w0g,False,False,False,False,False,False,True,False,#7193ff,DISCUSSION,"[{'e': 'text', 't': 'DISCUSSION'}]",87049662-0882-11e5-82e1-0e9d1a9f7761,DISCUSSION,dark,richtext,False,False,True,1,0,False,all_ads,/r/CryptoCurrency/comments/uq3w0g/how_much_did_you_lose_with_terraluna_serious/,False,6,moderator,1652613222,1,[removed],True,False,False,CryptoCurrency,t5_2wlj3,4859609,public,self,How much did you lose with TerraLuna? - (Serious),0,[],1.0,https://www.reddit.com/r/CryptoCurrency/comments/uq3w0g/how_much_did_you_lose_with_terraluna_serious/,all_ads,6,1652584411.0,
1,[],False,EnoRaloz,,[],,text,t2_8f19e27h,False,False,False,[],False,False,1652583359,self.CryptoCurrency,https://www.reddit.com/r/CryptoCurrency/comments/upwogw/do_kwon_and_terraluna_twitter_up_thousands_of/,{},upwogw,False,False,False,False,False,False,True,False,#7193ff,DISCUSSION,"[{'e': 'text', 't': 'DISCUSSION'}]",87049662-0882-11e5-82e1-0e9d1a9f7761,DISCUSSION,dark,richtext,False,False,True,1,0,False,all_ads,/r/CryptoCurrency/comments/upwogw/do_kwon_and_terraluna_twitter_up_thousands_of/,False,6,moderator,1652583369,1,[removed],True,False,False,CryptoCurrency,t5_2wlj3,4857226,public,self,do Kwon and terraluna Twitter up thousands of followers,0,[],1.0,https://www.reddit.com/r/CryptoCurrency/comments/upwogw/do_kwon_and_terraluna_twitter_up_thousands_of/,all_ads,6,1652554559.0,
2,[],False,BillySheldy,,[],,text,t2_a0ydjmuu,False,False,False,[],False,False,1652560007,self.CryptoCurrency,https://www.reddit.com/r/CryptoCurrency/comments/uppnns/hello/,{},uppnns,False,True,False,False,False,True,True,False,#0079d3,mod2,"[{'e': 'text', 't': 'READ COMMENTS'}]",d6b76dc0-2346-11ec-a10d-eeaad07d4fe0,READ COMMENTS,light,richtext,False,False,False,0,0,False,all_ads,/r/CryptoCurrency/comments/uppnns/hello/,False,6,,1652560017,1,"how to kill a stableCOIN  ... the story behind TerraLuna implosion:

""Blackrock and Citadel borrowed 100K BTC from Gemini (Gemini have just denied apprently on twitter… ). They swapped 25K of that BTC into UST; this was all done quietly in anticipation of the attack.
When the time was right, they called up Do Kwon at Terra Foundation and said they wanted to sell a lot of BTC for UST. As it was a large trade they told him they didn't want to move the market and asked if he would like to buy their large block of BTC at a discount for UST. Do Kwan took the bait. He gave them a huge chunk of UST, thus lowering the UST liquidity significantly. At that point, Blackrock/Citadel dumped all of the BTC and UST causing massive slippage and triggering a cascade of forced selling in both assets. The real problem was Blackrock/Citadel knew that Anchor, which holds a lot of LUNA , was a Ponzi scheme (they offer 20% staking APY for Christsake) and this crash would trigger more withdrawals than Anchor can repay. These forced withdrawals and selling would trigger a massive selloff in Luna, thus further breaking the $1 peg and wrecking the market further.
Blackrock and Citadel can now buy the BTC back cheaply to repay the loan and pocket the difference. Meanwhile, billions of longs and Bitcoin VaR were wiped out.""

At this moment the road to defi is VERY far away .. and it's also a very stupid idea to use bitcoin as an underlying asset for a stable coin...",True,False,False,CryptoCurrency,t5_2wlj3,4855104,public,self,Hello,0,[],1.0,https://www.reddit.com/r/CryptoCurrency/comments/uppnns/hello/,all_ads,6,1652531207.0,new
3,[],False,BillySheldy,,[],,text,t2_a0ydjmuu,False,False,False,[],False,False,1652553238,self.CryptoCurrency,https://www.reddit.com/r/CryptoCurrency/comments/upne95/blackrock_and_citadel_are_behind_the_crypto_fall/,{},upne95,False,True,False,False,False,True,True,False,#ff66ac,DEBATE,"[{'e': 'text', 't': 'DEBATE'}]",5b762856-d7c9-11e4-822a-22000b2300b2,DEBATE,light,richtext,False,False,False,0,0,False,all_ads,/r/CryptoCurrency/comments/upne95/blackrock_and_citadel_are_behind_the_crypto_fall/,False,6,,1652553249,1,"how to kill a stableCOIN  ... the story behind TerraLuna implosion:

""Blackrock and Citadel borrowed 100K BTC from Gemini (Gemini have just denied apprently on twitter… ). They swapped 25K of that BTC into UST; this was all done quietly in anticipation of the attack.
When the time was right, they called up Do Kwon at Terra Foundation and said they wanted to sell a lot of BTC for UST. As it was a large trade they told him they didn't want to move the market and asked if he would like to buy their large block of BTC at a discount for UST. Do Kwan took the bait. He gave them a huge chunk of UST, thus lowering the UST liquidity significantly. At that point, Blackrock/Citadel dumped all of the BTC and UST causing massive slippage and triggering a cascade of forced selling in both assets. The real problem was Blackrock/Citadel knew that Anchor, which holds a lot of LUNA , was a Ponzi scheme (they offer 20% staking APY for Christsake) and this crash would trigger more withdrawals than Anchor can repay. These forced withdrawals and selling would trigger a massive selloff in Luna, thus further breaking the $1 peg and wrecking the market further.
Blackrock and Citadel can now buy the BTC back cheaply to repay the loan and pocket the difference. Meanwhile, billions of longs and Bitcoin VaR were wiped out.""

At this moment the road to defi is VERY far away .. and it's also a very stupid idea to use bitcoin as an underlying asset for a stable coin...",True,False,False,CryptoCurrency,t5_2wlj3,4854440,public,self,Blackrock and Citadel are behind the crypto fall but why?,0,[],1.0,https://www.reddit.com/r/CryptoCurrency/comments/upne95/blackrock_and_citadel_are_behind_the_crypto_fall/,all_ads,6,1652524438.0,new
4,[],False,BillySheldy,,[],,text,t2_a0ydjmuu,False,False,False,[],False,False,1652552760,self.CryptoCurrency,https://www.reddit.com/r/CryptoCurrency/comments/upn8ii/black_rock_and_citadel_are_behind_the_crypto_fall/,{},upn8ii,False,True,False,False,False,True,True,False,#add2e2,ADVICE,"[{'e': 'text', 't': 'ANALYSIS'}]",c1034ee6-9c2a-11e3-a8c4-12313b0e8e20,ANALYSIS,dark,richtext,False,False,True,0,0,False,all_ads,/r/CryptoCurrency/comments/upn8ii/black_rock_and_citadel_are_behind_the_crypto_fall/,False,6,,1652552770,1,"how to kill a stableCOIN  ... the story behind TerraLuna implosion:

""Blackrock and Citadel borrowed 100K BTC from Gemini (Gemini have just denied apprently on twitter… ). They swapped 25K of that BTC into UST; this was all done quietly in anticipation of the attack.
When the time was right, they called up Do Kwon at Terra Foundation and said they wanted to sell a lot of BTC for UST. As it was a large trade they told him they didn't want to move the market and asked if he would like to buy their large block of BTC at a discount for UST. Do Kwan took the bait. He gave them a huge chunk of UST, thus lowering the UST liquidity significantly. At that point, Blackrock/Citadel dumped all of the BTC and UST causing massive slippage and triggering a cascade of forced selling in both assets. The real problem was Blackrock/Citadel knew that Anchor, which holds a lot of LUNA , was a Ponzi scheme (they offer 20% staking APY for Christsake) and this crash would trigger more withdrawals than Anchor can repay. These forced withdrawals and selling would trigger a massive selloff in Luna, thus further breaking the $1 peg and wrecking the market further.
Blackrock and Citadel can now buy the BTC back cheaply to repay the loan and pocket the difference. Meanwhile, billions of longs and Bitcoin VaR were wiped out.""

At this moment the road to defi is VERY far away .. and it's also a very stupid idea to use bitcoin as an underlying asset for a stable coin...",True,False,False,CryptoCurrency,t5_2wlj3,4854398,public,self,Black rock and Citadel are behind the crypto fall,0,[],1.0,https://www.reddit.com/r/CryptoCurrency/comments/upn8ii/black_rock_and_citadel_are_behind_the_crypto_fall/,all_ads,6,1652523960.0,new
