,all_awardings,allow_live_comments,author,author_flair_css_class,author_flair_richtext,author_flair_text,author_flair_type,author_fullname,author_is_blocked,author_patreon_flair,author_premium,awarders,can_mod_post,contest_mode,created_utc,domain,full_link,gildings,id,is_created_from_ads_ui,is_crosspostable,is_meta,is_original_content,is_reddit_media_domain,is_robot_indexable,is_self,is_video,link_flair_background_color,link_flair_css_class,link_flair_richtext,link_flair_template_id,link_flair_text,link_flair_text_color,link_flair_type,locked,media_only,no_follow,num_comments,num_crossposts,over_18,parent_whitelist_status,permalink,pinned,post_hint,preview,pwls,retrieved_on,score,selftext,send_replies,spoiler,stickied,subreddit,subreddit_id,subreddit_subscribers,subreddit_type,suggested_sort,thumbnail,title,total_awards_received,treatment_tags,upvote_ratio,url,whitelist_status,wls,created
0,[],False,sejin8642,,[],,text,t2_422ky,False,False,False,[],False,False,1652877726,self.CryptoCurrency,https://www.reddit.com/r/CryptoCurrency/comments/usc04r/south_koreas_newly_appointed_minister_of_the/,{},usc04r,False,True,False,False,False,True,True,False,#0dd3bb,VIDEOS,"[{'e': 'text', 't': 'VIDEOS'}]",fee6c918-f3e4-11e5-8172-0ecf7e00c6db,VIDEOS,dark,richtext,False,False,True,0,0,False,all_ads,/r/CryptoCurrency/comments/usc04r/south_koreas_newly_appointed_minister_of_the/,False,self,"{'enabled': False, 'images': [{'id': 'DrNjhZ4U4POKL6YcMMP64frI-GG-5PaSMTI9qlt5nU4', 'resolutions': [{'height': 81, 'url': 'https://external-preview.redd.it/jZwAAiXleu2so-AxvuMzCmR_7ZtpmbPeKj0Bnrt7UXU.jpg?width=108&amp;crop=smart&amp;auto=webp&amp;s=2a3e3662abef9d54f198bb4e72cbac49d2611055', 'width': 108}, {'height': 162, 'url': 'https://external-preview.redd.it/jZwAAiXleu2so-AxvuMzCmR_7ZtpmbPeKj0Bnrt7UXU.jpg?width=216&amp;crop=smart&amp;auto=webp&amp;s=1c10c7f244f7b5bbbe5c1fe928796bd63d5175d5', 'width': 216}, {'height': 240, 'url': 'https://external-preview.redd.it/jZwAAiXleu2so-AxvuMzCmR_7ZtpmbPeKj0Bnrt7UXU.jpg?width=320&amp;crop=smart&amp;auto=webp&amp;s=a129862f8a4f43b39c597f4a41ee2cb36d1ab221', 'width': 320}], 'source': {'height': 360, 'url': 'https://external-preview.redd.it/jZwAAiXleu2so-AxvuMzCmR_7ZtpmbPeKj0Bnrt7UXU.jpg?auto=webp&amp;s=dc99c87fc03a1cea97374d1d46520fd6c4a428d3', 'width': 480}, 'variants': {}}]}",6,1652877737,1,"South Korea's newly appointed Minister of the department of Justice is to investigate TerraLuna debacle for his very first assignment (the below Korean news press video is about it)

[https://www.youtube.com/watch?v=UKHsSE1n-Ck](https://www.youtube.com/watch?v=UKHsSE1n-Ck)

In this news press it seems that Han Dong-Hoon, newly appointed Minister of the department of Justice, wants to investigate TerraLuna debacle as he is reconstructing financial crime investigative team. He and many of his colleagues believe that many investors of Luna seem to have fallen into the Luna ponzi scheme.",True,False,False,CryptoCurrency,t5_2wlj3,4882837,public,new,self,South Korea's newly appointed Minister of the department of Justice is to investigate TerraLuna debacle for his very first assignment,0,[],1.0,https://www.reddit.com/r/CryptoCurrency/comments/usc04r/south_koreas_newly_appointed_minister_of_the/,all_ads,6,1652848926.0
