,all_awardings,allow_live_comments,author,author_flair_css_class,author_flair_richtext,author_flair_text,author_flair_type,author_fullname,author_is_blocked,author_patreon_flair,author_premium,awarders,can_mod_post,contest_mode,created_utc,domain,full_link,gildings,id,is_created_from_ads_ui,is_crosspostable,is_meta,is_original_content,is_reddit_media_domain,is_robot_indexable,is_self,is_video,link_flair_background_color,link_flair_css_class,link_flair_richtext,link_flair_template_id,link_flair_text,link_flair_text_color,link_flair_type,locked,media_only,no_follow,num_comments,num_crossposts,over_18,parent_whitelist_status,permalink,pinned,pwls,retrieved_on,score,selftext,send_replies,spoiler,stickied,subreddit,subreddit_id,subreddit_subscribers,subreddit_type,suggested_sort,thumbnail,title,total_awards_received,treatment_tags,upvote_ratio,url,whitelist_status,wls,created,author_flair_background_color,author_flair_text_color,post_hint,preview,removed_by_category,thumbnail_height,thumbnail_width,url_overridden_by_dest,crosspost_parent,crosspost_parent_list
0,[],False,EUROHODLER,,[],,text,t2_907tseyp,False,False,False,[],False,False,1652783085,self.CryptoCurrency,https://www.reddit.com/r/CryptoCurrency/comments/urjc8o/kraken_lets_you_trade_cryptos_with_usd_euros_and/,{},urjc8o,False,True,False,False,False,True,True,False,#7193ff,DISCUSSION,"[{'e': 'text', 't': 'DISCUSSION'}]",87049662-0882-11e5-82e1-0e9d1a9f7761,DISCUSSION,dark,richtext,False,False,True,1,0,False,all_ads,/r/CryptoCurrency/comments/urjc8o/kraken_lets_you_trade_cryptos_with_usd_euros_and/,False,6,1652783096,1,"I mean, we are constantly under the menace of a stablecoin's depeg, and Tether won't show it's papers and is constantly minting billions like they were Monopoly's mony, and TerraLuna fucked up like 40b of our monies screwing up all the cryptosphere and Jesus you have to deposit fiat on CEX in the first place, so you got them on there, so, why?! why? I mean: WHY? 

Wtf, it tilts me big time, how can you be ok with that? I am not. I hate stablecoins, they look like crypto parasites to me. We should start quitting CEX that won't allow for fiat trading. /rant",True,False,False,CryptoCurrency,t5_2wlj3,4875997,public,new,self,"Kraken lets you trade cryptos with usd, euros and no stablecoin, and it's rock solid as they come. So why on earth do we need stablecoins? Seriously, I don't get it, it looks fucked up to me.",0,[],1.0,https://www.reddit.com/r/CryptoCurrency/comments/urjc8o/kraken_lets_you_trade_cryptos_with_usd_euros_and/,all_ads,6,1652754285.0,,,,,,,,,,
1,[],False,ForeignAdagio9169,Warning-level2-2,"[{'e': 'text', 't': 'Tin | DOGE critic | r/WSB 23'}]",Tin | DOGE critic | r/WSB 23,richtext,t2_8fjefikl,False,False,False,[],False,False,1652778014,reddit.com,https://www.reddit.com/r/CryptoCurrency/comments/uri7hd/its_happening_people_are_making_1m_bets_on_the/,{},uri7hd,False,False,False,False,False,False,False,False,#7193ff,DISCUSSION,"[{'e': 'text', 't': 'DISCUSSION'}]",87049662-0882-11e5-82e1-0e9d1a9f7761,DISCUSSION,dark,richtext,False,False,True,1,0,False,all_ads,/r/CryptoCurrency/comments/uri7hd/its_happening_people_are_making_1m_bets_on_the/,False,6,1652778025,1,,True,False,False,CryptoCurrency,t5_2wlj3,4875610,public,,https://b.thumbs.redditmedia.com/yoIU-MzU-SYC1wXvQ538QZHhvn6OnUezdSs6sHecjxc.jpg,It’s happening. People are making $1m bets on the TerraLuna sub.,0,[],1.0,https://www.reddit.com/r/terraluna/comments/ure607/were_all_gonna_make_it_lunatics/?utm_source=share&amp;utm_medium=ios_app&amp;utm_name=iossmf,all_ads,6,1652749214.0,,dark,link,"{'enabled': False, 'images': [{'id': 'G02jT0cnfafjY59mVh8LNlGV6JOHHlbbb-VUJyUdGhI', 'resolutions': [{'height': 34, 'url': 'https://external-preview.redd.it/C3YlPb_K6dUQMANyqpdI7DT2xbR3uooDigYooIONWGI.png?width=108&amp;crop=smart&amp;auto=webp&amp;s=97699eae4a80dc0a2825c0c0e9ed2b6b5eba123d', 'width': 108}, {'height': 68, 'url': 'https://external-preview.redd.it/C3YlPb_K6dUQMANyqpdI7DT2xbR3uooDigYooIONWGI.png?width=216&amp;crop=smart&amp;auto=webp&amp;s=563fb7d65c3131c56b2372c2dc1ee71420f8f5cd', 'width': 216}, {'height': 101, 'url': 'https://external-preview.redd.it/C3YlPb_K6dUQMANyqpdI7DT2xbR3uooDigYooIONWGI.png?width=320&amp;crop=smart&amp;auto=webp&amp;s=29429c8f6028bf8cc41c055501805ed3f101ea3d', 'width': 320}, {'height': 203, 'url': 'https://external-preview.redd.it/C3YlPb_K6dUQMANyqpdI7DT2xbR3uooDigYooIONWGI.png?width=640&amp;crop=smart&amp;auto=webp&amp;s=c1229348a35ff26947be3255bf3107991e4a20cf', 'width': 640}, {'height': 305, 'url': 'https://external-preview.redd.it/C3YlPb_K6dUQMANyqpdI7DT2xbR3uooDigYooIONWGI.png?width=960&amp;crop=smart&amp;auto=webp&amp;s=3af3e6c2f820474f245b9cd1d8430770834fe20a', 'width': 960}, {'height': 344, 'url': 'https://external-preview.redd.it/C3YlPb_K6dUQMANyqpdI7DT2xbR3uooDigYooIONWGI.png?width=1080&amp;crop=smart&amp;auto=webp&amp;s=28c58d5c99a768c3d61b26fb0e85c12eeb47a7ab', 'width': 1080}], 'source': {'height': 369, 'url': 'https://external-preview.redd.it/C3YlPb_K6dUQMANyqpdI7DT2xbR3uooDigYooIONWGI.png?auto=webp&amp;s=40d9ca61e8f27a959f5b708c8a40788667789081', 'width': 1158}, 'variants': {}}]}",moderator,44.0,140.0,https://www.reddit.com/r/terraluna/comments/ure607/were_all_gonna_make_it_lunatics/?utm_source=share&amp;utm_medium=ios_app&amp;utm_name=iossmf,,
2,[],False,ForeignAdagio9169,Warning-level2-2,"[{'e': 'text', 't': 'Tin | DOGE critic | r/WSB 23'}]",Tin | DOGE critic | r/WSB 23,richtext,t2_8fjefikl,False,False,False,[],False,False,1652777842,i.redd.it,https://www.reddit.com/r/CryptoCurrency/comments/uri622/were_all_gonna_make_it_lunatics_its_happening_1m/,{},uri622,False,True,False,False,True,True,False,False,#c403f5,COMEDY,"[{'e': 'text', 't': 'COMEDY'}]",5c104cfc-d7c8-11e4-9d14-22000b6902b0,COMEDY,dark,richtext,False,False,False,1,0,False,all_ads,/r/CryptoCurrency/comments/uri622/were_all_gonna_make_it_lunatics_its_happening_1m/,False,6,1652777852,1,,True,False,False,CryptoCurrency,t5_2wlj3,4875595,public,new,https://b.thumbs.redditmedia.com/yoIU-MzU-SYC1wXvQ538QZHhvn6OnUezdSs6sHecjxc.jpg,We're all gonna make it lunatics🚀🚀🚀🌕 - it’s happening $1m moon shots are happening in the TerraLuna sub 🥴,0,[],1.0,https://i.redd.it/8di8403uoyz81.png,all_ads,6,1652749042.0,,dark,image,"{'enabled': True, 'images': [{'id': 'G02jT0cnfafjY59mVh8LNlGV6JOHHlbbb-VUJyUdGhI', 'resolutions': [{'height': 34, 'url': 'https://preview.redd.it/8di8403uoyz81.png?width=108&amp;crop=smart&amp;auto=webp&amp;s=93373ac1be49cfd52e1988526f3a9ff33edbe868', 'width': 108}, {'height': 68, 'url': 'https://preview.redd.it/8di8403uoyz81.png?width=216&amp;crop=smart&amp;auto=webp&amp;s=951c9a778829d42a712d893ddf9ac6944a3261bb', 'width': 216}, {'height': 101, 'url': 'https://preview.redd.it/8di8403uoyz81.png?width=320&amp;crop=smart&amp;auto=webp&amp;s=b011b0e9e126923b5cb84e61beb3a16bd963626e', 'width': 320}, {'height': 203, 'url': 'https://preview.redd.it/8di8403uoyz81.png?width=640&amp;crop=smart&amp;auto=webp&amp;s=f93231481f76a8a5fd2f1f530495b60f709fdb15', 'width': 640}, {'height': 305, 'url': 'https://preview.redd.it/8di8403uoyz81.png?width=960&amp;crop=smart&amp;auto=webp&amp;s=93d21287d017bd74950396aebbfcaa19dbe09da1', 'width': 960}, {'height': 344, 'url': 'https://preview.redd.it/8di8403uoyz81.png?width=1080&amp;crop=smart&amp;auto=webp&amp;s=35f2bbbe4dcbf4d65900d71057a944708d835a42', 'width': 1080}], 'source': {'height': 369, 'url': 'https://preview.redd.it/8di8403uoyz81.png?auto=webp&amp;s=91c8fbfd41a766800277ec9e48883432ae7f57c4', 'width': 1158}, 'variants': {}}]}",,44.0,140.0,https://i.redd.it/8di8403uoyz81.png,t3_ure607,"[{'all_awardings': [], 'allow_live_comments': False, 'approved_at_utc': None, 'approved_by': None, 'archived': False, 'author': 'Nuka_darkRum', 'author_flair_background_color': None, 'author_flair_css_class': None, 'author_flair_richtext': [], 'author_flair_template_id': None, 'author_flair_text': None, 'author_flair_text_color': None, 'author_flair_type': 'text', 'author_fullname': 't2_7510dkss', 'author_is_blocked': False, 'author_patreon_flair': False, 'author_premium': False, 'awarders': [], 'banned_at_utc': None, 'banned_by': None, 'can_gild': True, 'can_mod_post': False, 'category': None, 'clicked': False, 'content_categories': None, 'contest_mode': False, 'created': 1652760782.0, 'created_utc': 1652760782.0, 'discussion_type': None, 'distinguished': None, 'domain': 'i.redd.it', 'downs': 0, 'edited': False, 'gilded': 0, 'gildings': {}, 'hidden': False, 'hide_score': False, 'id': 'ure607', 'is_created_from_ads_ui': False, 'is_crosspostable': True, 'is_meta': False, 'is_original_content': False, 'is_reddit_media_domain': True, 'is_robot_indexable': True, 'is_self': False, 'is_video': False, 'likes': None, 'link_flair_background_color': '#7193ff', 'link_flair_css_class': '', 'link_flair_richtext': [], 'link_flair_template_id': '844cbda8-be27-11eb-b4ba-0e4cc1e38c35', 'link_flair_text': 'Discussion', 'link_flair_text_color': 'dark', 'link_flair_type': 'text', 'locked': False, 'media': None, 'media_embed': {}, 'media_only': False, 'mod_note': None, 'mod_reason_by': None, 'mod_reason_title': None, 'mod_reports': [], 'name': 't3_ure607', 'no_follow': False, 'num_comments': 62, 'num_crossposts': 1, 'num_reports': None, 'over_18': False, 'parent_whitelist_status': 'no_ads', 'permalink': '/r/terraluna/comments/ure607/were_all_gonna_make_it_lunatics/', 'pinned': False, 'post_hint': 'image', 'preview': {'enabled': True, 'images': [{'id': 'G02jT0cnfafjY59mVh8LNlGV6JOHHlbbb-VUJyUdGhI', 'resolutions': [{'height': 34, 'url': 'https://preview.redd.it/8di8403uoyz81.png?width=108&amp;crop=smart&amp;auto=webp&amp;s=93373ac1be49cfd52e1988526f3a9ff33edbe868', 'width': 108}, {'height': 68, 'url': 'https://preview.redd.it/8di8403uoyz81.png?width=216&amp;crop=smart&amp;auto=webp&amp;s=951c9a778829d42a712d893ddf9ac6944a3261bb', 'width': 216}, {'height': 101, 'url': 'https://preview.redd.it/8di8403uoyz81.png?width=320&amp;crop=smart&amp;auto=webp&amp;s=b011b0e9e126923b5cb84e61beb3a16bd963626e', 'width': 320}, {'height': 203, 'url': 'https://preview.redd.it/8di8403uoyz81.png?width=640&amp;crop=smart&amp;auto=webp&amp;s=f93231481f76a8a5fd2f1f530495b60f709fdb15', 'width': 640}, {'height': 305, 'url': 'https://preview.redd.it/8di8403uoyz81.png?width=960&amp;crop=smart&amp;auto=webp&amp;s=93d21287d017bd74950396aebbfcaa19dbe09da1', 'width': 960}, {'height': 344, 'url': 'https://preview.redd.it/8di8403uoyz81.png?width=1080&amp;crop=smart&amp;auto=webp&amp;s=35f2bbbe4dcbf4d65900d71057a944708d835a42', 'width': 1080}], 'source': {'height': 369, 'url': 'https://preview.redd.it/8di8403uoyz81.png?auto=webp&amp;s=91c8fbfd41a766800277ec9e48883432ae7f57c4', 'width': 1158}, 'variants': {}}]}, 'pwls': 0, 'quarantine': False, 'removal_reason': None, 'removed_by': None, 'removed_by_category': None, 'report_reasons': None, 'saved': False, 'score': 32, 'secure_media': None, 'secure_media_embed': {}, 'selftext': '', 'selftext_html': None, 'send_replies': True, 'spoiler': False, 'stickied': False, 'subreddit': 'terraluna', 'subreddit_id': 't5_2y4t5', 'subreddit_name_prefixed': 'r/terraluna', 'subreddit_subscribers': 71862, 'subreddit_type': 'public', 'suggested_sort': None, 'thumbnail': 'https://b.thumbs.redditmedia.com/yoIU-MzU-SYC1wXvQ538QZHhvn6OnUezdSs6sHecjxc.jpg', 'thumbnail_height': 44, 'thumbnail_width': 140, 'title': ""We're all gonna make it lunatics🚀🚀🚀🌕"", 'top_awarded_type': None, 'total_awards_received': 0, 'treatment_tags': [], 'ups': 32, 'upvote_ratio': 0.72, 'url': 'https://i.redd.it/8di8403uoyz81.png', 'url_overridden_by_dest': 'https://i.redd.it/8di8403uoyz81.png', 'user_reports': [], 'view_count': None, 'visited': False, 'whitelist_status': 'no_ads', 'wls': 0}]"
