,all_awardings,allow_live_comments,author,author_flair_background_color,author_flair_css_class,author_flair_richtext,author_flair_text,author_flair_text_color,author_flair_type,author_fullname,author_is_blocked,author_patreon_flair,author_premium,awarders,can_mod_post,contest_mode,created_utc,domain,full_link,gildings,id,is_created_from_ads_ui,is_crosspostable,is_meta,is_original_content,is_reddit_media_domain,is_robot_indexable,is_self,is_video,link_flair_background_color,link_flair_css_class,link_flair_richtext,link_flair_template_id,link_flair_text,link_flair_text_color,link_flair_type,locked,media_only,no_follow,num_comments,num_crossposts,over_18,parent_whitelist_status,permalink,pinned,pwls,retrieved_on,score,selftext,send_replies,spoiler,stickied,subreddit,subreddit_id,subreddit_subscribers,subreddit_type,suggested_sort,thumbnail,title,total_awards_received,treatment_tags,upvote_ratio,url,whitelist_status,wls,created,removed_by_category,post_hint,preview
0,[],False,ForeignAdagio9169,,Warning-level2-2,"[{'e': 'text', 't': 'Tin | r/WSB 11'}]",Tin | r/WSB 11,dark,richtext,t2_8fjefikl,False,False,False,[],False,False,1652711153,self.CryptoCurrency,https://www.reddit.com/r/CryptoCurrency/comments/uqx6zv/moon_bois_have_moved_into_the_terraluna_sub/,{},uqx6zv,False,True,False,False,False,True,True,False,#c403f5,COMEDY,"[{'e': 'text', 't': 'COMEDY'}]",5c104cfc-d7c8-11e4-9d14-22000b6902b0,COMEDY,dark,richtext,False,False,True,0,0,False,all_ads,/r/CryptoCurrency/comments/uqx6zv/moon_bois_have_moved_into_the_terraluna_sub/,False,6,1652711164,1,"I have a pretty bad feeling that if something drastic doesn't happen in the next few days, weeks (Like Luna being delisted) then its going to transform into another safeelonmoonshitdogeinu-coin sub.

I wonder if the YouTube personalities are driving this as a good investment to try and save their bags using their mindless legions to buy? Are these going to be the next wave of bag holders? 

I cant help but wonder, if there is some half hearted effort to fix the issue and burn the supply, then maybe years from now Luna will exist as, well something else but with bag holders crashing it again and again with their 3million tokens lol. the longer I type this, the more I realise how doomed it all is. ☠",True,False,False,CryptoCurrency,t5_2wlj3,4869060,public,new,self,Moon boi's have moved into the TerraLuna sub 🚀🌕,0,[],1.0,https://www.reddit.com/r/CryptoCurrency/comments/uqx6zv/moon_bois_have_moved_into_the_terraluna_sub/,all_ads,6,1652682353.0,,,
1,[],False,ForeignAdagio9169,,Warning-level2-2,"[{'e': 'text', 't': 'Tin | r/WSB 11'}]",Tin | r/WSB 11,dark,richtext,t2_8fjefikl,False,False,False,[],False,False,1652710681,self.CryptoCurrency,https://www.reddit.com/r/CryptoCurrency/comments/uqx0yb/moon_bois_have_moved_into_the_terraluna_sub/,{},uqx0yb,False,False,False,False,False,False,True,False,#7193ff,DISCUSSION,"[{'e': 'text', 't': 'DISCUSSION'}]",87049662-0882-11e5-82e1-0e9d1a9f7761,DISCUSSION,dark,richtext,False,False,True,1,0,False,all_ads,/r/CryptoCurrency/comments/uqx0yb/moon_bois_have_moved_into_the_terraluna_sub/,False,6,1652710692,1,[removed],True,False,False,CryptoCurrency,t5_2wlj3,4869009,public,,self,Moon boi's have moved into the TerraLuna sub.,0,[],1.0,https://www.reddit.com/r/CryptoCurrency/comments/uqx0yb/moon_bois_have_moved_into_the_terraluna_sub/,all_ads,6,1652681881.0,moderator,,
2,[],False,bakathegreat,,,[],,,text,t2_3o7jkn37,False,False,False,[],False,False,1652707942,self.CryptoCurrency,https://www.reddit.com/r/CryptoCurrency/comments/uqw2kj/binanceterraluna_livestream/,{},uqw2kj,False,False,False,False,False,False,True,False,#0aa18f,NEWS,"[{'e': 'text', 't': 'GENERAL-NEWS'}]",f170aab2-246f-11ec-8143-429a193c9848,GENERAL-NEWS,light,richtext,False,False,True,1,0,False,all_ads,/r/CryptoCurrency/comments/uqw2kj/binanceterraluna_livestream/,False,6,1652707953,1,[removed],True,False,False,CryptoCurrency,t5_2wlj3,4868753,public,,self,"""Binance/Terraluna"" livestream",0,[],1.0,https://www.reddit.com/r/CryptoCurrency/comments/uqw2kj/binanceterraluna_livestream/,all_ads,6,1652679142.0,moderator,self,"{'enabled': False, 'images': [{'id': 'BG6vja1cA8ngeGxaylSFIf8bGArNTI-AdTprlUbCwLU', 'resolutions': [{'height': 68, 'url': 'https://external-preview.redd.it/1gHraQz_rKvhlfbHR8x3K6Da9K6c9e8k1X2a0wTZgOQ.jpg?width=108&amp;crop=smart&amp;auto=webp&amp;s=e30815da13d04250a3dbaba99f209716175a4f58', 'width': 108}, {'height': 136, 'url': 'https://external-preview.redd.it/1gHraQz_rKvhlfbHR8x3K6Da9K6c9e8k1X2a0wTZgOQ.jpg?width=216&amp;crop=smart&amp;auto=webp&amp;s=5f54b66a7555562bfc55ff21fe95695f644bb597', 'width': 216}, {'height': 201, 'url': 'https://external-preview.redd.it/1gHraQz_rKvhlfbHR8x3K6Da9K6c9e8k1X2a0wTZgOQ.jpg?width=320&amp;crop=smart&amp;auto=webp&amp;s=9cab4477a209101e9728b6c0b22d9e735b7daf24', 'width': 320}, {'height': 403, 'url': 'https://external-preview.redd.it/1gHraQz_rKvhlfbHR8x3K6Da9K6c9e8k1X2a0wTZgOQ.jpg?width=640&amp;crop=smart&amp;auto=webp&amp;s=d7756dd167a60fbca14e4b5e98eb90b411f8dbd1', 'width': 640}, {'height': 605, 'url': 'https://external-preview.redd.it/1gHraQz_rKvhlfbHR8x3K6Da9K6c9e8k1X2a0wTZgOQ.jpg?width=960&amp;crop=smart&amp;auto=webp&amp;s=8aa133839b94e6bc7b0eb5d1c2dde37f0cbe1d03', 'width': 960}, {'height': 680, 'url': 'https://external-preview.redd.it/1gHraQz_rKvhlfbHR8x3K6Da9K6c9e8k1X2a0wTZgOQ.jpg?width=1080&amp;crop=smart&amp;auto=webp&amp;s=0c38c95052dc1955e508cb4efaf899d08c85cce4', 'width': 1080}], 'source': {'height': 1210, 'url': 'https://external-preview.redd.it/1gHraQz_rKvhlfbHR8x3K6Da9K6c9e8k1X2a0wTZgOQ.jpg?auto=webp&amp;s=b60d129362ae2f4192d5f45f362a9816ec9f0b76', 'width': 1920}, 'variants': {}}]}"
3,[],False,bakathegreat,,,[],,,text,t2_3o7jkn37,False,False,False,[],False,False,1652707632,self.CryptoCurrency,https://www.reddit.com/r/CryptoCurrency/comments/uqvypp/binanceterraluna_giveaway_lmao/,{},uqvypp,False,False,False,False,False,False,True,False,#0aa18f,NEWS,"[{'e': 'text', 't': 'GENERAL-NEWS'}]",f170aab2-246f-11ec-8143-429a193c9848,GENERAL-NEWS,light,richtext,False,False,True,1,0,False,all_ads,/r/CryptoCurrency/comments/uqvypp/binanceterraluna_giveaway_lmao/,False,6,1652707643,1,[removed],True,False,False,CryptoCurrency,t5_2wlj3,4868730,public,,self,Binance/terraluna Giveaway lmao,0,[],1.0,https://www.reddit.com/r/CryptoCurrency/comments/uqvypp/binanceterraluna_giveaway_lmao/,all_ads,6,1652678832.0,moderator,self,"{'enabled': False, 'images': [{'id': 'BG6vja1cA8ngeGxaylSFIf8bGArNTI-AdTprlUbCwLU', 'resolutions': [{'height': 68, 'url': 'https://external-preview.redd.it/1gHraQz_rKvhlfbHR8x3K6Da9K6c9e8k1X2a0wTZgOQ.jpg?width=108&amp;crop=smart&amp;auto=webp&amp;s=e30815da13d04250a3dbaba99f209716175a4f58', 'width': 108}, {'height': 136, 'url': 'https://external-preview.redd.it/1gHraQz_rKvhlfbHR8x3K6Da9K6c9e8k1X2a0wTZgOQ.jpg?width=216&amp;crop=smart&amp;auto=webp&amp;s=5f54b66a7555562bfc55ff21fe95695f644bb597', 'width': 216}, {'height': 201, 'url': 'https://external-preview.redd.it/1gHraQz_rKvhlfbHR8x3K6Da9K6c9e8k1X2a0wTZgOQ.jpg?width=320&amp;crop=smart&amp;auto=webp&amp;s=9cab4477a209101e9728b6c0b22d9e735b7daf24', 'width': 320}, {'height': 403, 'url': 'https://external-preview.redd.it/1gHraQz_rKvhlfbHR8x3K6Da9K6c9e8k1X2a0wTZgOQ.jpg?width=640&amp;crop=smart&amp;auto=webp&amp;s=d7756dd167a60fbca14e4b5e98eb90b411f8dbd1', 'width': 640}, {'height': 605, 'url': 'https://external-preview.redd.it/1gHraQz_rKvhlfbHR8x3K6Da9K6c9e8k1X2a0wTZgOQ.jpg?width=960&amp;crop=smart&amp;auto=webp&amp;s=8aa133839b94e6bc7b0eb5d1c2dde37f0cbe1d03', 'width': 960}, {'height': 680, 'url': 'https://external-preview.redd.it/1gHraQz_rKvhlfbHR8x3K6Da9K6c9e8k1X2a0wTZgOQ.jpg?width=1080&amp;crop=smart&amp;auto=webp&amp;s=0c38c95052dc1955e508cb4efaf899d08c85cce4', 'width': 1080}], 'source': {'height': 1210, 'url': 'https://external-preview.redd.it/1gHraQz_rKvhlfbHR8x3K6Da9K6c9e8k1X2a0wTZgOQ.jpg?auto=webp&amp;s=b60d129362ae2f4192d5f45f362a9816ec9f0b76', 'width': 1920}, 'variants': {}}]}"
4,[],False,pyroxl,,Warning-level2-2,"[{'e': 'text', 't': 'Tin | ADA 27'}]",Tin | ADA 27,dark,richtext,t2_c0wst,False,False,False,[],False,False,1652694215,self.CryptoCurrency,https://www.reddit.com/r/CryptoCurrency/comments/uqs3kb/if_you_didnt_experience_2014_or_2018_look_at_the/,{},uqs3kb,False,True,False,False,False,True,True,False,#46d160,ADVICE,"[{'e': 'text', 't': 'ADVICE'}]",e9570888-9c2a-11e3-809c-12313d1661cc,ADVICE,dark,richtext,False,False,True,0,0,False,all_ads,/r/CryptoCurrency/comments/uqs3kb/if_you_didnt_experience_2014_or_2018_look_at_the/,False,6,1652694225,1,"Terra has given us a unique microcosm into what true capitulation looks like, and the emotions and posts there very clearly mirror the lowest lows of crypto winter last cycle. If you're wondering how you will feel if this bear market continues for 3-12 months, go look at their reddit. That's how you'll feel. 

What makes this part of the cycle feel different is that over leveraged bets caused the crash after BTC hit 20k. This time, it's rising interest rates. The primary advantage we have as retail investors is that we can see the interests rates rising with decent clarity. The amount of leverage back then felt nebulous. Notice how few people blame this on whale manipulation in comparison to let time. Don't expect the lows to be as unclear as last time, since we can basically look to the NASDAQ to know where we will go day to day.",True,False,False,CryptoCurrency,t5_2wlj3,4867522,public,new,self,"If you didn't experience 2014 or 2018, look at the terraluna reddit as an example",0,[],1.0,https://www.reddit.com/r/CryptoCurrency/comments/uqs3kb/if_you_didnt_experience_2014_or_2018_look_at_the/,all_ads,6,1652665415.0,,,
