,all_awardings,allow_live_comments,author,author_flair_background_color,author_flair_css_class,author_flair_richtext,author_flair_text,author_flair_text_color,author_flair_type,author_fullname,author_is_blocked,author_patreon_flair,author_premium,awarders,can_mod_post,contest_mode,created_utc,domain,full_link,gildings,id,is_created_from_ads_ui,is_crosspostable,is_meta,is_original_content,is_reddit_media_domain,is_robot_indexable,is_self,is_video,link_flair_background_color,link_flair_css_class,link_flair_richtext,link_flair_template_id,link_flair_text,link_flair_text_color,link_flair_type,locked,media_only,no_follow,num_comments,num_crossposts,over_18,parent_whitelist_status,permalink,pinned,pwls,retrieved_on,score,selftext,send_replies,spoiler,stickied,subreddit,subreddit_id,subreddit_subscribers,subreddit_type,thumbnail,title,total_awards_received,treatment_tags,upvote_ratio,url,whitelist_status,wls,created
0,[],False,Babad00k123,,Transitioning,"[{'e': 'text', 't': ' '}]", ,dark,richtext,t2_gu59ck,False,False,False,[],False,False,1652080595,self.CryptoCurrency,https://www.reddit.com/r/CryptoCurrency/comments/ulllib/what_happens_when_marketcap_of_terrausd_higher/,{},ulllib,False,True,False,False,False,True,True,False,#7193ff,DISCUSSION,"[{'e': 'text', 't': 'DISCUSSION'}]",87049662-0882-11e5-82e1-0e9d1a9f7761,DISCUSSION,dark,richtext,False,False,True,1,0,False,all_ads,/r/CryptoCurrency/comments/ulllib/what_happens_when_marketcap_of_terrausd_higher/,False,6,1652080605,1,"Hello yall,


Ive been wondering, I dont fully understand how the whole Terra and TerraUSD work, but I understand TerraUSD is backed by Terra somehow.

How does that work? 

What will happen if the marketcap of TerraUSD is higher than that of Terra?


Do I understand correctly that the 18,5 bln of TerraUSD is backend by Terra value + about 2,5 Mrd in Btc that the Terra Foundation bought up? 


Who is controlling the issue of TerraUSD. It kind of feels like USDT and TerraUSD is to crypto what the FED is to wallstreet xD


Thanks for your input guys",True,False,False,CryptoCurrency,t5_2wlj3,4816050,public,self,What happens when marketcap of TerraUSD higher than Terra?,0,[],1.0,https://www.reddit.com/r/CryptoCurrency/comments/ulllib/what_happens_when_marketcap_of_terrausd_higher/,all_ads,6,1652051795.0
