,all_awardings,allow_live_comments,author,author_flair_background_color,author_flair_css_class,author_flair_richtext,author_flair_text,author_flair_text_color,author_flair_type,author_fullname,author_is_blocked,author_patreon_flair,author_premium,awarders,can_mod_post,contest_mode,created_utc,domain,full_link,gildings,id,is_created_from_ads_ui,is_crosspostable,is_meta,is_original_content,is_reddit_media_domain,is_robot_indexable,is_self,is_video,link_flair_background_color,link_flair_css_class,link_flair_richtext,link_flair_text,link_flair_text_color,link_flair_type,locked,media_only,no_follow,num_comments,num_crossposts,over_18,parent_whitelist_status,permalink,pinned,post_hint,preview,pwls,retrieved_on,score,selftext,send_replies,spoiler,stickied,subreddit,subreddit_id,subreddit_subscribers,subreddit_type,suggested_sort,thumbnail,thumbnail_height,thumbnail_width,title,total_awards_received,treatment_tags,upvote_ratio,url,url_overridden_by_dest,whitelist_status,wls,created,link_flair_template_id,removed_by_category,media,media_embed,secure_media,secure_media_embed,banned_by
0,[],False,skdesign808,, Bitcoin,"[{'e': 'text', 't': ' Crypto Legend'}]", Crypto Legend,dark,richtext,t2_13jgmixn,False,False,False,[],False,False,1652457428,theblockcrypto.com,https://www.reddit.com/r/CryptoCurrency/comments/uouw6r/after_terras_stablecoin_implosion_battered/,{},uouw6r,False,True,False,False,False,True,False,False,,GENERAL-NEWS,"[{'e': 'text', 't': '🟢 GENERAL-NEWS'}]",🟢 GENERAL-NEWS,dark,richtext,False,False,True,0,0,False,all_ads,/r/CryptoCurrency/comments/uouw6r/after_terras_stablecoin_implosion_battered/,False,link,"{'enabled': False, 'images': [{'id': 'DSrBKCUghSBvjdwuhU3AfN7S7v4iZ7n6o0n-tr8NK9A', 'resolutions': [{'height': 60, 'url': 'https://external-preview.redd.it/bvdJa-uoYRTl7DHGwt34UD7pknM5mlF-qMdbQfyOPe4.jpg?width=108&amp;crop=smart&amp;auto=webp&amp;s=0b786cd71ddf90de7dc47962a04f23b487dbff7e', 'width': 108}, {'height': 121, 'url': 'https://external-preview.redd.it/bvdJa-uoYRTl7DHGwt34UD7pknM5mlF-qMdbQfyOPe4.jpg?width=216&amp;crop=smart&amp;auto=webp&amp;s=a4c36066eae017df5b9402d71229e390cf1077ce', 'width': 216}, {'height': 180, 'url': 'https://external-preview.redd.it/bvdJa-uoYRTl7DHGwt34UD7pknM5mlF-qMdbQfyOPe4.jpg?width=320&amp;crop=smart&amp;auto=webp&amp;s=ec030271e176db6cf17863457d2dc4cb0ab1b314', 'width': 320}, {'height': 360, 'url': 'https://external-preview.redd.it/bvdJa-uoYRTl7DHGwt34UD7pknM5mlF-qMdbQfyOPe4.jpg?width=640&amp;crop=smart&amp;auto=webp&amp;s=d0a829fa27ddc9cb014f827e71f2dce2687a1fbf', 'width': 640}, {'height': 540, 'url': 'https://external-preview.redd.it/bvdJa-uoYRTl7DHGwt34UD7pknM5mlF-qMdbQfyOPe4.jpg?width=960&amp;crop=smart&amp;auto=webp&amp;s=d7d66e63ecb6e202448838e1ea8ae791409e48bb', 'width': 960}, {'height': 607, 'url': 'https://external-preview.redd.it/bvdJa-uoYRTl7DHGwt34UD7pknM5mlF-qMdbQfyOPe4.jpg?width=1080&amp;crop=smart&amp;auto=webp&amp;s=e210038840bbd23811c4c42ad0ff1fbccfe3016e', 'width': 1080}], 'source': {'height': 1080, 'url': 'https://external-preview.redd.it/bvdJa-uoYRTl7DHGwt34UD7pknM5mlF-qMdbQfyOPe4.jpg?auto=webp&amp;s=d0ecdc1d1cd874af615ad2a80e2c1b691c89b351', 'width': 1920}, 'variants': {}}]}",6,1652457439,1,,True,False,False,CryptoCurrency,t5_2wlj3,4845249,public,new,https://b.thumbs.redditmedia.com/hSC32OhnJwQVBsbOwRvWVwIEFUNUspZFvqwuK9B41JQ.jpg,78.0,140.0,"After Terra’s stablecoin implosion, battered investors ask ‘where is Do Kwon?’",0,[],1.0,https://www.theblockcrypto.com/post/146831/terra-ust-implosion-investors-ask-where-is-do-kwon?utm_source=coinmarketcap&amp;utm_medium=rss,https://www.theblockcrypto.com/post/146831/terra-ust-implosion-investors-ask-where-is-do-kwon?utm_source=coinmarketcap&amp;utm_medium=rss,all_ads,6,1652428628.0,,,,,,,
1,[],False,AltyMcAltButt,,Warning-level2-2,"[{'e': 'text', 't': 'Tin'}]",Tin,dark,richtext,t2_3djcigzs,False,False,False,[],False,False,1652457143,self.CryptoCurrency,https://www.reddit.com/r/CryptoCurrency/comments/uoushz/im_here_from_the_future_to_bring_you_this_news/,{},uoushz,False,True,False,False,False,True,True,False,#7193ff,DISCUSSION,"[{'e': 'text', 't': 'DISCUSSION'}]",DISCUSSION,dark,richtext,False,False,False,1,0,False,all_ads,/r/CryptoCurrency/comments/uoushz/im_here_from_the_future_to_bring_you_this_news/,False,,,6,1652457153,1,"""Anonymous founder of \[insert name of new, questionably sketchy project\] outed as Do Kwon, previous founder of the now defunct Terra blockchain.""

We've seen it again and again. Remember these headlines from earlier this year?

[Wonderland Treasury Manager Outed as QuadrigaCX Co-Founder](https://cryptobriefing.com/wonderland-treasury-manager-outed-quadrigacx-cofounder/)

[Wonderland Rattled After Co-Founder Tied to Failed QuadrigaCX Exchange](https://www.coindesk.com/markets/2022/01/27/wonderland-rattled-after-cofounder-tied-to-alleged-quadrigacx-190m-exit-scam/)

[How Did a Former Quadriga Exec End Up Running a DeFi Protocol? Wonderland Founder Explains](https://www.yahoo.com/video/did-former-quadriga-exec-end-173105712.html)

Do Kwon made a lot of money in this space and guys like him don't just go away. He may be quiet now. He may even disappear entirely for a time, but he'll be back. Do you all think his credibility is ruined to the point that no project will touch him? 

If so, seems likely he would get involved anonymously down the road. I do like that the space allows for anonymity, but in this respect it's a double edged sword and you never know who you could be dealing with.",True,False,False,CryptoCurrency,t5_2wlj3,4845218,public,new,self,,,I'm here from the future to bring you this news headline two years from now,0,[],1.0,https://www.reddit.com/r/CryptoCurrency/comments/uoushz/im_here_from_the_future_to_bring_you_this_news/,,all_ads,6,1652428343.0,87049662-0882-11e5-82e1-0e9d1a9f7761,,,,,,
2,[],False,santerv666,,,[],,,text,t2_6yhspab1,False,False,False,[],False,False,1652448368,self.Bitcoin,https://www.reddit.com/r/Bitcoin/comments/uorpve/cant_kwon_burn_ust_and_6t_luna/,{},uorpve,False,False,False,False,False,False,True,False,,,[],,dark,text,False,False,True,0,0,False,all_ads,/r/Bitcoin/comments/uorpve/cant_kwon_burn_ust_and_6t_luna/,False,,,6,1652448378,1,[removed],True,False,False,Bitcoin,t5_2s3qj,4186350,public,,self,,,cant Kwon burn UST and 6T Luna?,0,[],1.0,https://www.reddit.com/r/Bitcoin/comments/uorpve/cant_kwon_burn_ust_and_6t_luna/,,all_ads,6,1652419568.0,,moderator,,,,,
3,[],False,santerv666,,Warning-level2-2,"[{'e': 'text', 't': 'Tin'}]",Tin,dark,richtext,t2_6yhspab1,False,False,False,[],False,False,1652447734,self.CryptoCurrency,https://www.reddit.com/r/CryptoCurrency/comments/uori8k/cant_do_kwon_just_burn_6t_luna/,{},uori8k,False,True,False,False,False,True,True,False,#7193ff,DISCUSSION,"[{'e': 'text', 't': 'DISCUSSION'}]",DISCUSSION,dark,richtext,False,False,True,0,0,False,all_ads,/r/CryptoCurrency/comments/uori8k/cant_do_kwon_just_burn_6t_luna/,False,,,6,1652447745,1,"If they just burned 6trillion LUNAs out of circulation now, jack up Lunas price, wouldn't that work to restore the peg to 1UST??? Idk Im just guessing here, I don't know anything.


Word fillerWord fillerWord filler


Word fillerWord fillerWord filler


Word fillerWord fillerWord filler

Word fillerWord fillerWord filler

Word fillerWord fillerWord filler


Word fillerWord fillerWord filler


Word fillerWord fillerWord filler

Word fillerWord fillerWord filler


Word fillerWord fillerWord filler


Word fillerWord fillerWord filler


Word fillerWord fillerWord filler

Word fillerWord fillerWord filler

Word fillerWord fillerWord filler


Word fillerWord fillerWord filler


Word fillerWord fillerWord filler

Word fillerWord fillerWord filler


Word fillerWord fillerWord filler


Word fillerWord fillerWord filler


Word fillerWord fillerWord filler

Word fillerWord fillerWord filler

Word fillerWord fillerWord filler


Word fillerWord fillerWord filler


Word fillerWord fillerWord filler

Word fillerWord fillerWord filler


Word fillerWord fillerWord filler


Word fillerWord fillerWord filler


Word fillerWord fillerWord filler

Word fillerWord fillerWord filler

Word fillerWord fillerWord filler


Word fillerWord fillerWord filler


Word fillerWord fillerWord filler

Word fillerWord fillerWord filler

Word fillerWord fillerWord filler


Word fillerWord fillerWord filler


Word fillerWord fillerWord filler

Word fillerWord fillerWord filler

Word fillerWord fillerWord filler


Word fillerWord fillerWord filler


Word fillerWord fillerWord filler

Word fillerWord fillerWord filler",True,False,False,CryptoCurrency,t5_2wlj3,4843974,public,new,self,,,Cant Do Kwon just burn 6T LUNA??,0,[],1.0,https://www.reddit.com/r/CryptoCurrency/comments/uori8k/cant_do_kwon_just_burn_6t_luna/,,all_ads,6,1652418934.0,87049662-0882-11e5-82e1-0e9d1a9f7761,,,,,,
4,[],False,santerv666,,Warning-level2-2,"[{'e': 'text', 't': 'Tin'}]",Tin,dark,richtext,t2_6yhspab1,False,False,False,[],False,False,1652447560,self.CryptoCurrency,https://www.reddit.com/r/CryptoCurrency/comments/uorg5n/cant_do_kwon_just_send_6trillion_lunas_to_a_burn/,{},uorg5n,False,False,False,False,False,False,True,False,#7193ff,DISCUSSION,"[{'e': 'text', 't': 'DISCUSSION'}]",DISCUSSION,dark,richtext,False,False,True,1,0,False,all_ads,/r/CryptoCurrency/comments/uorg5n/cant_do_kwon_just_send_6trillion_lunas_to_a_burn/,False,,,6,1652447570,1,[removed],True,False,False,CryptoCurrency,t5_2wlj3,4843956,public,,self,,,Cant Do Kwon just send 6trillion LUNAs to a burn wallet?,0,[],1.0,https://www.reddit.com/r/CryptoCurrency/comments/uorg5n/cant_do_kwon_just_send_6trillion_lunas_to_a_burn/,,all_ads,6,1652418760.0,87049662-0882-11e5-82e1-0e9d1a9f7761,moderator,,,,,
5,[],False,Novel-Counter-8093,,Warning-level2-2,"[{'e': 'text', 't': 'Tin | CC critic | LRC 9'}]",Tin | CC critic | LRC 9,dark,richtext,t2_dflpcz1j,False,False,False,[],False,False,1652443398,self.CryptoCurrency,https://www.reddit.com/r/CryptoCurrency/comments/uoq6f8/the_only_way_luna_can_be_truly_fixedis_for_short/,{},uoq6f8,False,True,False,False,False,True,True,False,#7193ff,DISCUSSION,"[{'e': 'text', 't': 'DISCUSSION'}]",DISCUSSION,dark,richtext,False,False,True,0,0,False,all_ads,/r/CryptoCurrency/comments/uoq6f8/the_only_way_luna_can_be_truly_fixedis_for_short/,False,,,6,1652443409,1,"thats right. the algorhythm is obviously flawed. yeah sure he can change the algorhythm and have this fixed ASAP, but that would mean he admits to fraud and he could end up in prison (or something like that). so i doubt he will do that. so whats the solution? he has to formally step down, admit hes incompetent, and someone else has to take over. all ties to Short Dong should be totally severed and he should have zero involvement in the project whatsoever. only then when you ha e a new project leader can the algorhythm be changed without anyone risking jailtime, and LUNA will have a bigger chance of bouncing back. as for the trust, lol, the trust will come back as long as everyone starts making money again like before, and this whole incident will be written off as a ""hiccup"" and the team will be praised for the response and recovery.  so lets hope for the best because my 100,000 LUNA are also waiting for the big return to $1.",True,False,False,CryptoCurrency,t5_2wlj3,4843461,public,new,self,,,the only way LUNA can be truly fixed...is for Short Dong Kwon to first step down.,0,[],1.0,https://www.reddit.com/r/CryptoCurrency/comments/uoq6f8/the_only_way_luna_can_be_truly_fixedis_for_short/,,all_ads,6,1652414598.0,87049662-0882-11e5-82e1-0e9d1a9f7761,,,,,,
6,[],False,VinodJasonDsouza,,Training,"[{'e': 'text', 't': 'Redditor for 3 months.'}]",Redditor for 3 months.,dark,richtext,t2_ctys6mcd,False,False,False,[],False,False,1652441767,watcherguru.com,https://www.reddit.com/r/CryptoCurrency/comments/uoppsq/opinion_dear_do_kwon_words_matter_failing/,{},uoppsq,False,True,False,False,False,True,False,False,#0aa18f,NEWS,"[{'e': 'text', 't': 'GENERAL-NEWS'}]",GENERAL-NEWS,light,richtext,False,False,True,0,0,False,all_ads,/r/CryptoCurrency/comments/uoppsq/opinion_dear_do_kwon_words_matter_failing/,False,,,6,1652441778,1,,True,False,False,CryptoCurrency,t5_2wlj3,4843253,public,new,default,,,"Opinion: Dear Do Kwon: Words Matter, Failing Companies Are Not 'Entertainment'",0,[],1.0,https://watcherguru.com/news/do-kwon-called-failing-companies-entertainment-now-requires-a-hail-mary,https://watcherguru.com/news/do-kwon-called-failing-companies-entertainment-now-requires-a-hail-mary,all_ads,6,1652412967.0,f170aab2-246f-11ec-8143-429a193c9848,,,,,,
7,[],False,Lisecjedekokos,,Warning-level2-2,"[{'e': 'text', 't': 'Tin'}]",Tin,dark,richtext,t2_a1szgxb7,False,False,False,[],False,False,1652440732,self.CryptoCurrency,https://www.reddit.com/r/CryptoCurrency/comments/uopfpw/what_happens_with_do_kwon/,{},uopfpw,False,True,False,False,False,True,True,False,#ff66ac,DEBATE,"[{'e': 'text', 't': 'DEBATE'}]",DEBATE,light,richtext,False,False,True,0,0,False,all_ads,/r/CryptoCurrency/comments/uopfpw/what_happens_with_do_kwon/,False,,,6,1652440742,1,"So fellas the last 3-4 days we all know what happened ... Very sad for all those people that lost fortunes.. 

But my question is this .. You want to tell me that a 20 year old Singaporean guy can make mistake that cost thousands of people billions of dollars and he will not be held accountable for his actions or for his creation ? 

It can not be like this ... Surely people will search for him as long he is alive and there is no place on Earth where he will be safe. People were killed for much much more smaller amounts of money than this ... I think the guy is not even realizing in how big of a trouble he is now ...",True,False,False,CryptoCurrency,t5_2wlj3,4843140,public,,self,,,What happens with Do Kwon ?,0,[],0.99,https://www.reddit.com/r/CryptoCurrency/comments/uopfpw/what_happens_with_do_kwon/,,all_ads,6,1652411932.0,5b762856-d7c9-11e4-822a-22000b2300b2,,,,,,
8,[],False,NarrowBike2259,,Warning-level2-2,"[{'e': 'text', 't': 'Tin'}]",Tin,dark,richtext,t2_78ibfqu4,False,False,False,[],False,False,1652438274,benzinga.com,https://www.reddit.com/r/CryptoCurrency/comments/uoot25/terra_luna_founder_do_kwon_asks_for_emergency/,{},uoot25,False,True,False,False,False,True,False,False,#c403f5,COMEDY,"[{'e': 'text', 't': 'COMEDY'}]",COMEDY,dark,richtext,False,False,True,1,0,False,all_ads,/r/CryptoCurrency/comments/uoot25/terra_luna_founder_do_kwon_asks_for_emergency/,False,link,"{'enabled': False, 'images': [{'id': 'j9PNUbul4iexMvk9uhidKvLsccRigOA8c5RxIGqhvdI', 'resolutions': [{'height': 72, 'url': 'https://external-preview.redd.it/yf607JteKzO9QhE6qKfWIjfZ26HriuGBUZfhRY4gZB8.jpg?width=108&amp;crop=smart&amp;auto=webp&amp;s=d26d37ae234e74457eaefc79ef917a3782bc62e1', 'width': 108}, {'height': 144, 'url': 'https://external-preview.redd.it/yf607JteKzO9QhE6qKfWIjfZ26HriuGBUZfhRY4gZB8.jpg?width=216&amp;crop=smart&amp;auto=webp&amp;s=138e19a587c0ec02c907cbccdfbfc93cff10ba40', 'width': 216}, {'height': 213, 'url': 'https://external-preview.redd.it/yf607JteKzO9QhE6qKfWIjfZ26HriuGBUZfhRY4gZB8.jpg?width=320&amp;crop=smart&amp;auto=webp&amp;s=f54555339560a595ad108f1d203ed43ecb921cee', 'width': 320}, {'height': 426, 'url': 'https://external-preview.redd.it/yf607JteKzO9QhE6qKfWIjfZ26HriuGBUZfhRY4gZB8.jpg?width=640&amp;crop=smart&amp;auto=webp&amp;s=00fb8d932a2680bea11e6e2f11897bc8a9c49bfd', 'width': 640}, {'height': 640, 'url': 'https://external-preview.redd.it/yf607JteKzO9QhE6qKfWIjfZ26HriuGBUZfhRY4gZB8.jpg?width=960&amp;crop=smart&amp;auto=webp&amp;s=d5bf832075571ae239ae21f75154ad9650bd770f', 'width': 960}, {'height': 720, 'url': 'https://external-preview.redd.it/yf607JteKzO9QhE6qKfWIjfZ26HriuGBUZfhRY4gZB8.jpg?width=1080&amp;crop=smart&amp;auto=webp&amp;s=7280423353850d0fc66a5a50bf7e181d076d88c4', 'width': 1080}], 'source': {'height': 738, 'url': 'https://external-preview.redd.it/yf607JteKzO9QhE6qKfWIjfZ26HriuGBUZfhRY4gZB8.jpg?auto=webp&amp;s=f606d0078e343fea015f8bddebbbc1b0a885263b', 'width': 1107}, 'variants': {}}]}",6,1652438284,1,,False,False,False,CryptoCurrency,t5_2wlj3,4842885,public,,https://a.thumbs.redditmedia.com/BIgzFpyBAh5R5o-cLpw-PH0GNepaA9wXq9Pr4bB1ZC0.jpg,93.0,140.0,Terra (LUNA) Founder Do Kwon Asks For 'Emergency Protection',0,[],1.0,https://www.benzinga.com/amp/content/27182889,https://www.benzinga.com/amp/content/27182889,all_ads,6,1652409474.0,5c104cfc-d7c8-11e4-9d14-22000b6902b0,,,,,,
9,[],False,TheThirdGilgamesh,,,[],,,text,t2_1fwza3n0,False,False,False,[],False,False,1652434883,i.redd.it,https://www.reddit.com/r/CryptoCurrency/comments/uoo0w2/idea_maybe_do_kwon_should_join_squid_game_so_that/,{},uoo0w2,False,True,False,False,True,True,False,False,#c403f5,COMEDY,"[{'e': 'text', 't': 'COMEDY'}]",COMEDY,dark,richtext,False,False,True,1,0,False,all_ads,/r/CryptoCurrency/comments/uoo0w2/idea_maybe_do_kwon_should_join_squid_game_so_that/,False,image,"{'enabled': True, 'images': [{'id': 'Ev974N7yt4d7xcM1eDHb9Cu_WFIGuZMXuH4g3FQndO4', 'resolutions': [{'height': 157, 'url': 'https://preview.redd.it/siq7kg1rr7z81.png?width=108&amp;crop=smart&amp;auto=webp&amp;s=dcd1cb1348aaddb7a6de180d1b5b73bdd5803181', 'width': 108}, {'height': 315, 'url': 'https://preview.redd.it/siq7kg1rr7z81.png?width=216&amp;crop=smart&amp;auto=webp&amp;s=f0a56e39ca4e5975e22839c03c4b2eaff8c88174', 'width': 216}, {'height': 467, 'url': 'https://preview.redd.it/siq7kg1rr7z81.png?width=320&amp;crop=smart&amp;auto=webp&amp;s=b1e4a9654b5bd236a244405da07376581c6338ac', 'width': 320}, {'height': 935, 'url': 'https://preview.redd.it/siq7kg1rr7z81.png?width=640&amp;crop=smart&amp;auto=webp&amp;s=82c6668274de9056531ef91780acc250c17df4f7', 'width': 640}, {'height': 1403, 'url': 'https://preview.redd.it/siq7kg1rr7z81.png?width=960&amp;crop=smart&amp;auto=webp&amp;s=ce682847a5893862315ce61624696487e7e1e586', 'width': 960}, {'height': 1578, 'url': 'https://preview.redd.it/siq7kg1rr7z81.png?width=1080&amp;crop=smart&amp;auto=webp&amp;s=0ef1183687272d2cb8eaec6ce4638398713c2fe7', 'width': 1080}], 'source': {'height': 2153, 'url': 'https://preview.redd.it/siq7kg1rr7z81.png?auto=webp&amp;s=103fa59a5594f3651b99a9412a890125529fe604', 'width': 1473}, 'variants': {}}]}",6,1652434893,1,,True,False,False,CryptoCurrency,t5_2wlj3,4842524,public,,https://b.thumbs.redditmedia.com/tU4fZ6guOeQjhC7n3U3Zjn4wO9uugcAgbdLetuVtcOw.jpg,140.0,140.0,Idea: Maybe Do Kwon should join Squid Game so that he can get the funds to repeg UST?,0,[],1.0,https://i.redd.it/siq7kg1rr7z81.png,https://i.redd.it/siq7kg1rr7z81.png,all_ads,6,1652406083.0,5c104cfc-d7c8-11e4-9d14-22000b6902b0,,,,,,
10,[],False,excalilbug,,,"[{'e': 'text', 't': 'Platinum | QC: CC 596'}]",Platinum | QC: CC 596,dark,richtext,t2_3n3vqb,False,False,False,[],False,False,1652433219,self.CryptoCurrency,https://www.reddit.com/r/CryptoCurrency/comments/uonnsr/i_dont_feel_sorry_for_luna_holders/,{},uonnsr,False,True,False,False,False,True,True,False,#7193ff,DISCUSSION,"[{'e': 'text', 't': 'DISCUSSION'}]",DISCUSSION,dark,richtext,False,False,True,0,0,False,all_ads,/r/CryptoCurrency/comments/uonnsr/i_dont_feel_sorry_for_luna_holders/,False,,,6,1652433229,1,"I don't feel sorry for Luna holders. I see many people saying ""stop making fun of Luna, many people lost their life savings and are suicidal""

Why should I feel sorry for degenerates who gamble their life savings?

Why should i feel sorry for people stupid enough to risk their homes for some crypto?

My portfolio went from +200% to -80% in 2017/2018 and i felt terrible

But I didn't expect anyone to feel sorry for me and I didnt criticize people for making fun of crypto crash

Dont get me wrong - Im not celebrating this as Im aware it brings the whole market down BUT PLEASE stop being such pussies and criticizing people who make fun of this situation because looking at that De Kwon guy this situation is SUPER FUNNY and WELL DESERVED (at least for him but I guess the asshole madelots of cash anyway)",True,False,False,CryptoCurrency,t5_2wlj3,4842324,public,,self,,,I don't feel sorry for Luna holders.,0,[],1.0,https://www.reddit.com/r/CryptoCurrency/comments/uonnsr/i_dont_feel_sorry_for_luna_holders/,,all_ads,6,1652404419.0,87049662-0882-11e5-82e1-0e9d1a9f7761,,,,,,
11,[],False,Two_Pickachu_One_Cup,, Litecoin,"[{'e': 'text', 't': ' Cryptocurrency Analyst '}]", Cryptocurrency Analyst ,dark,richtext,t2_811dnnre,False,False,False,[],False,False,1652429248,self.CryptoCurrency,https://www.reddit.com/r/CryptoCurrency/comments/uomt56/i_love_terrraaconneeect/,{},uomt56,False,True,False,False,False,True,True,False,#c403f5,COMEDY,"[{'e': 'text', 't': 'COMEDY'}]",COMEDY,dark,richtext,False,False,True,1,0,False,all_ads,/r/CryptoCurrency/comments/uomt56/i_love_terrraaconneeect/,False,,,6,1652429259,1,"Hey hey hey! Hey hey hey! Hey hey hey! Whatsawhatsawhatsawhatsawhatsawhatsawhatsa up TERRACONNECT!

Hey hey hey everybody my name is Do Kwon and I am coming from Korea and let me tell you guys that I am so excited, I am so happy, I am really so thrilled to be right now sharing this amazing, glorious, super, and exciting moment of my life with all of you guys, and let me tell you that we are really changing the world as we know it, the world is not anymore the way it used to be, mmm mmm, No! No! No! TERRACONNECT!

Wow! TERRACONNECT! We are coming and we are coming in waves! We are starting and we are watching go all over the world! We are pelting the entire world! Let me tell you guys that I started 137 days ago with only $25,610 and right now I am earning 20% guaranteed yield! Woah woah woah woah woah woah woah Whats up? 

And let me tell you that I am actually earning around one hun- I mean $1,400 on an every day basis, seven days a week! 

What? I am right now independently, financially independently. I am saying to so many people who say that this was going to be con artist game, that this was gonna be a scammer game, “Hey! You’re gonna lose all your money!” My wife still doesn’t believe in me! I’m telling him “Oh honey, this is real!” “Oh no no no no no, that’s a scam!” And I said “But wait I’m gonna go to the bank and I’m gonna get my UST and I’m actually gonna turn it into dollars, here there right on the table!” “No, that’s money you took from another account!” And I’ll say “What am I gonna do? Then I said to myself, “You know what? When I am starting to put $10,000 a day on her, right on her, you know on her table.” Then she’s gonna say “Woah!” Hahaha! Yo yo yo yo yo! “OK that’s real!” Hahahaha! 

So guys, I’m gonna tell you something. Faith and believe is the one thing that we will need to be able to change the world, and right now I believe that in this room, we have the seed that’s gonna germinate and is going to explode into an amazing opportunity for us to change this entire world. I am so proud, I am so honored, I am so excited to be here right now and let me tell you something, that each and every one of you has the opportunity to become like those amazing people that we know here from Vietnam.

Hey hey! My group from Vietnam! Making so much money that it could probably that could probably have a real hard time counting it! Ha ha ha ha ha ha! So guys, let me tell you, I love, TERRRRAACONNEEEECT!",True,False,False,CryptoCurrency,t5_2wlj3,4841937,public,,self,,,I love TERRRAACONNEEECT!,0,[],1.0,https://www.reddit.com/r/CryptoCurrency/comments/uomt56/i_love_terrraaconneeect/,,all_ads,6,1652400448.0,5c104cfc-d7c8-11e4-9d14-22000b6902b0,,,,,,
12,[],False,rduser,,,[],,,text,t2_46gpq,False,False,False,[],False,False,1652420934,i.redd.it,https://www.reddit.com/r/CryptoCurrency/comments/uokwan/tfw_you_realize_do_kwon_spells_now_kod_backwards/,{},uokwan,False,True,False,False,True,True,False,False,#c403f5,COMEDY,"[{'e': 'text', 't': 'COMEDY'}]",COMEDY,dark,richtext,False,False,True,1,0,False,all_ads,/r/CryptoCurrency/comments/uokwan/tfw_you_realize_do_kwon_spells_now_kod_backwards/,False,image,"{'enabled': True, 'images': [{'id': '4HqCOJG9kpAPmebn6X6IuA4Z-yKdBVZPYIRI1LP0sx4', 'resolutions': [{'height': 126, 'url': 'https://preview.redd.it/mrgcek17m6z81.gif?width=108&amp;crop=smart&amp;format=png8&amp;s=e593588d759053afd10ba8e52a8840515aff4b36', 'width': 108}], 'source': {'height': 229, 'url': 'https://preview.redd.it/mrgcek17m6z81.gif?format=png8&amp;s=a7f65e38500477950b4f3057c0a26d3767489814', 'width': 195}, 'variants': {'gif': {'resolutions': [{'height': 126, 'url': 'https://preview.redd.it/mrgcek17m6z81.gif?width=108&amp;crop=smart&amp;s=3af08e79a0c4ca4ab49a1bb1054235e657224094', 'width': 108}], 'source': {'height': 229, 'url': 'https://preview.redd.it/mrgcek17m6z81.gif?s=45a8346d0a7ed58edbf26be3c32f3b2f3b86b491', 'width': 195}}, 'mp4': {'resolutions': [{'height': 126, 'url': 'https://preview.redd.it/mrgcek17m6z81.gif?width=108&amp;format=mp4&amp;s=389b5dc5061aab117fbbb7847efc3a2771721c64', 'width': 108}], 'source': {'height': 229, 'url': 'https://preview.redd.it/mrgcek17m6z81.gif?format=mp4&amp;s=006878c5f999c97239e75d3560ee0b8e8dab09e2', 'width': 195}}}}]}",6,1652420945,1,,True,False,False,CryptoCurrency,t5_2wlj3,4841045,public,,https://b.thumbs.redditmedia.com/CqQFIuXZfe9swn_8s6RVRnMXJ6_x_bqEH9dUniPpfRw.jpg,140.0,140.0,"TFW you realize Do Kwon spells ""Now KO'd"" backwards",0,[],1.0,https://i.redd.it/mrgcek17m6z81.gif,https://i.redd.it/mrgcek17m6z81.gif,all_ads,6,1652392134.0,5c104cfc-d7c8-11e4-9d14-22000b6902b0,,,,,,
13,[],False,NotPresidentChump,,,"[{'e': 'text', 't': 'Platinum | QC: DOGE 337, CC 83 | r/WSB 162'}]","Platinum | QC: DOGE 337, CC 83 | r/WSB 162",dark,richtext,t2_2fy5dg63,False,False,True,[],False,False,1652419833,markets.businessinsider.com,https://www.reddit.com/r/CryptoCurrency/comments/uokmkn/terrausd_founder_do_kwon_mocked_an_economist_for/,{},uokmkn,False,True,False,False,False,True,False,False,,GENERAL-NEWS,"[{'e': 'text', 't': '🟢 GENERAL-NEWS'}]",🟢 GENERAL-NEWS,dark,richtext,False,False,True,0,0,False,all_ads,/r/CryptoCurrency/comments/uokmkn/terrausd_founder_do_kwon_mocked_an_economist_for/,False,link,"{'enabled': False, 'images': [{'id': 'i5o4jc9nuwO2xhd5YvFziL7ZHK_IK3g4691gnFRbIrY', 'resolutions': [{'height': 54, 'url': 'https://external-preview.redd.it/O_3g3Mub7YOxrpMAV_PEQ9LCKKMlHHzSOCR9ZYLDQsI.jpg?width=108&amp;crop=smart&amp;auto=webp&amp;s=84fc49ba414cdde8bb66784e7751a258cf49f4be', 'width': 108}, {'height': 108, 'url': 'https://external-preview.redd.it/O_3g3Mub7YOxrpMAV_PEQ9LCKKMlHHzSOCR9ZYLDQsI.jpg?width=216&amp;crop=smart&amp;auto=webp&amp;s=25c4a2523191a49ef3133d42edc37a996b05baee', 'width': 216}, {'height': 160, 'url': 'https://external-preview.redd.it/O_3g3Mub7YOxrpMAV_PEQ9LCKKMlHHzSOCR9ZYLDQsI.jpg?width=320&amp;crop=smart&amp;auto=webp&amp;s=9d20b3494695e6285c1a2cbf7a97b419f6339fed', 'width': 320}, {'height': 320, 'url': 'https://external-preview.redd.it/O_3g3Mub7YOxrpMAV_PEQ9LCKKMlHHzSOCR9ZYLDQsI.jpg?width=640&amp;crop=smart&amp;auto=webp&amp;s=8af82372785fb63fa0d43308069adcdbb393b0cf', 'width': 640}, {'height': 480, 'url': 'https://external-preview.redd.it/O_3g3Mub7YOxrpMAV_PEQ9LCKKMlHHzSOCR9ZYLDQsI.jpg?width=960&amp;crop=smart&amp;auto=webp&amp;s=59ad6f384d7e595fb629651b2c1f8e62bc8c845e', 'width': 960}, {'height': 540, 'url': 'https://external-preview.redd.it/O_3g3Mub7YOxrpMAV_PEQ9LCKKMlHHzSOCR9ZYLDQsI.jpg?width=1080&amp;crop=smart&amp;auto=webp&amp;s=3865e56c53da81f07b236d3678a2e8bb74f739f0', 'width': 1080}], 'source': {'height': 600, 'url': 'https://external-preview.redd.it/O_3g3Mub7YOxrpMAV_PEQ9LCKKMlHHzSOCR9ZYLDQsI.jpg?auto=webp&amp;s=234dbd73e48fcacb6fa2f473254cf6ab4effeefd', 'width': 1200}, 'variants': {}}]}",6,1652419843,1,,False,False,False,CryptoCurrency,t5_2wlj3,4840912,public,,https://b.thumbs.redditmedia.com/vBNPwT7ggLwkHgsKv0wJ-cdkXAC0h6qOOThC7yjsV1o.jpg,70.0,140.0,TerraUSD founder Do Kwon mocked an economist for being 'poor' after she criticized his cryptocurrency — which is now collapsing,0,[],1.0,https://markets.businessinsider.com/news/currencies/terra-usd-ust-luna-do-kwon-poor-critics-crypto-crash-2022-5,https://markets.businessinsider.com/news/currencies/terra-usd-ust-luna-do-kwon-poor-critics-crypto-crash-2022-5,all_ads,6,1652391033.0,,,,,,,
14,[],False,Some_Pay_667,,,[],,,text,t2_9qukwgnf,False,False,False,[],False,False,1652417224,twitter.com,https://www.reddit.com/r/CryptoCurrency/comments/uojyg9/before_invest_do_your_own_research_always_kwon/,{},uojyg9,False,False,False,False,False,False,False,False,#46d160,ADVICE,"[{'e': 'text', 't': 'ADVICE'}]",ADVICE,dark,richtext,False,False,True,0,0,False,all_ads,/r/CryptoCurrency/comments/uojyg9/before_invest_do_your_own_research_always_kwon/,False,link,"{'enabled': False, 'images': [{'id': '1N5yZmZ--6017wZzyTfK6Yajv-m4xeacMMawAMYZesc', 'resolutions': [{'height': 123, 'url': 'https://external-preview.redd.it/DsoxLIBNQKpeSKM3MxFIzpbZrChFCW5rwH6DTjFJBPM.jpg?width=108&amp;crop=smart&amp;auto=webp&amp;s=bda83944418296df2a309ad27fda2810d0c19e40', 'width': 108}, {'height': 246, 'url': 'https://external-preview.redd.it/DsoxLIBNQKpeSKM3MxFIzpbZrChFCW5rwH6DTjFJBPM.jpg?width=216&amp;crop=smart&amp;auto=webp&amp;s=f82100eae4307d9cb79e2f785f2b2cf1915342c1', 'width': 216}, {'height': 365, 'url': 'https://external-preview.redd.it/DsoxLIBNQKpeSKM3MxFIzpbZrChFCW5rwH6DTjFJBPM.jpg?width=320&amp;crop=smart&amp;auto=webp&amp;s=9457aeddb2e0f530b5eb5a3c57ebb6f684f34d4c', 'width': 320}, {'height': 731, 'url': 'https://external-preview.redd.it/DsoxLIBNQKpeSKM3MxFIzpbZrChFCW5rwH6DTjFJBPM.jpg?width=640&amp;crop=smart&amp;auto=webp&amp;s=566176a85bc4e3f7a089d750d46a751b4340ef57', 'width': 640}, {'height': 1097, 'url': 'https://external-preview.redd.it/DsoxLIBNQKpeSKM3MxFIzpbZrChFCW5rwH6DTjFJBPM.jpg?width=960&amp;crop=smart&amp;auto=webp&amp;s=4a3179f92945b7b8f81b7d03b61a817c88f44105', 'width': 960}, {'height': 1234, 'url': 'https://external-preview.redd.it/DsoxLIBNQKpeSKM3MxFIzpbZrChFCW5rwH6DTjFJBPM.jpg?width=1080&amp;crop=smart&amp;auto=webp&amp;s=2e2378f670e34634ced78851dfdbd8c3c4500db2', 'width': 1080}], 'source': {'height': 1286, 'url': 'https://external-preview.redd.it/DsoxLIBNQKpeSKM3MxFIzpbZrChFCW5rwH6DTjFJBPM.jpg?auto=webp&amp;s=c5bcbcdce9e131e06681a69737ac9af710757469', 'width': 1125}, 'variants': {}}]}",6,1652417235,1,,True,False,False,CryptoCurrency,t5_2wlj3,4840620,public,,https://b.thumbs.redditmedia.com/vdC8ohnq2hO789Z_F_gdYkQ2VzYvXJEr_avXvOXChlk.jpg,140.0,140.0,"Before invest, do your own research, always. Kwon: Luna/Terra CEO on twitter was disgusting way before the crash..",0,[],1.0,https://twitter.com/realryunsu/status/1524321203590418433,https://twitter.com/realryunsu/status/1524321203590418433,all_ads,6,1652388424.0,e9570888-9c2a-11e3-809c-12313d1661cc,automod_filtered,"{'oembed': {'author_name': 'Ryunsu Sung', 'author_url': 'https://twitter.com/realryunsu', 'cache_age': 3153600000, 'height': None, 'html': '&lt;blockquote class=""twitter-video""&gt;&lt;p lang=""en"" dir=""ltr""&gt;DO KWON KNEW IT WAS COMING. TERRAFORMLABSKOREA(INC) was DISSOLVED ON APRIL 30TH, 2022. Registered on May 4th. LIQUIDATOR: KWON-DO-HYUNG &lt;a href=""https://twitter.com/hashtag/Terra?src=hash&amp;amp;ref_src=twsrc%5Etfw""&gt;#Terra&lt;/a&gt; &lt;a href=""https://twitter.com/hashtag/Luna?src=hash&amp;amp;ref_src=twsrc%5Etfw""&gt;#Luna&lt;/a&gt; &lt;a href=""https://twitter.com/hashtag/UST?src=hash&amp;amp;ref_src=twsrc%5Etfw""&gt;#UST&lt;/a&gt; &lt;a href=""https://twitter.com/hashtag/Ponzi?src=hash&amp;amp;ref_src=twsrc%5Etfw""&gt;#Ponzi&lt;/a&gt; &lt;a href=""https://t.co/WM2XsJmkJz""&gt;pic.twitter.com/WM2XsJmkJz&lt;/a&gt;&lt;/p&gt;&amp;mdash; Ryunsu Sung (@realryunsu) &lt;a href=""https://twitter.com/realryunsu/status/1524321203590418433?ref_src=twsrc%5Etfw""&gt;May 11, 2022&lt;/a&gt;&lt;/blockquote&gt;\n&lt;script async src=""https://platform.twitter.com/widgets.js"" charset=""utf-8""&gt;&lt;/script&gt;\n', 'provider_name': 'Twitter', 'provider_url': 'https://twitter.com', 'type': 'rich', 'url': 'https://twitter.com/realryunsu/status/1524321203590418433', 'version': '1.0', 'width': 350}, 'type': 'twitter.com'}","{'content': '&lt;blockquote class=""twitter-video""&gt;&lt;p lang=""en"" dir=""ltr""&gt;DO KWON KNEW IT WAS COMING. TERRAFORMLABSKOREA(INC) was DISSOLVED ON APRIL 30TH, 2022. Registered on May 4th. LIQUIDATOR: KWON-DO-HYUNG &lt;a href=""https://twitter.com/hashtag/Terra?src=hash&amp;amp;ref_src=twsrc%5Etfw""&gt;#Terra&lt;/a&gt; &lt;a href=""https://twitter.com/hashtag/Luna?src=hash&amp;amp;ref_src=twsrc%5Etfw""&gt;#Luna&lt;/a&gt; &lt;a href=""https://twitter.com/hashtag/UST?src=hash&amp;amp;ref_src=twsrc%5Etfw""&gt;#UST&lt;/a&gt; &lt;a href=""https://twitter.com/hashtag/Ponzi?src=hash&amp;amp;ref_src=twsrc%5Etfw""&gt;#Ponzi&lt;/a&gt; &lt;a href=""https://t.co/WM2XsJmkJz""&gt;pic.twitter.com/WM2XsJmkJz&lt;/a&gt;&lt;/p&gt;&amp;mdash; Ryunsu Sung (@realryunsu) &lt;a href=""https://twitter.com/realryunsu/status/1524321203590418433?ref_src=twsrc%5Etfw""&gt;May 11, 2022&lt;/a&gt;&lt;/blockquote&gt;\n&lt;script async src=""https://platform.twitter.com/widgets.js"" charset=""utf-8""&gt;&lt;/script&gt;\n', 'height': 200, 'scrolling': False, 'width': 350}","{'oembed': {'author_name': 'Ryunsu Sung', 'author_url': 'https://twitter.com/realryunsu', 'cache_age': 3153600000, 'height': None, 'html': '&lt;blockquote class=""twitter-video""&gt;&lt;p lang=""en"" dir=""ltr""&gt;DO KWON KNEW IT WAS COMING. TERRAFORMLABSKOREA(INC) was DISSOLVED ON APRIL 30TH, 2022. Registered on May 4th. LIQUIDATOR: KWON-DO-HYUNG &lt;a href=""https://twitter.com/hashtag/Terra?src=hash&amp;amp;ref_src=twsrc%5Etfw""&gt;#Terra&lt;/a&gt; &lt;a href=""https://twitter.com/hashtag/Luna?src=hash&amp;amp;ref_src=twsrc%5Etfw""&gt;#Luna&lt;/a&gt; &lt;a href=""https://twitter.com/hashtag/UST?src=hash&amp;amp;ref_src=twsrc%5Etfw""&gt;#UST&lt;/a&gt; &lt;a href=""https://twitter.com/hashtag/Ponzi?src=hash&amp;amp;ref_src=twsrc%5Etfw""&gt;#Ponzi&lt;/a&gt; &lt;a href=""https://t.co/WM2XsJmkJz""&gt;pic.twitter.com/WM2XsJmkJz&lt;/a&gt;&lt;/p&gt;&amp;mdash; Ryunsu Sung (@realryunsu) &lt;a href=""https://twitter.com/realryunsu/status/1524321203590418433?ref_src=twsrc%5Etfw""&gt;May 11, 2022&lt;/a&gt;&lt;/blockquote&gt;\n&lt;script async src=""https://platform.twitter.com/widgets.js"" charset=""utf-8""&gt;&lt;/script&gt;\n', 'provider_name': 'Twitter', 'provider_url': 'https://twitter.com', 'type': 'rich', 'url': 'https://twitter.com/realryunsu/status/1524321203590418433', 'version': '1.0', 'width': 350}, 'type': 'twitter.com'}","{'content': '&lt;blockquote class=""twitter-video""&gt;&lt;p lang=""en"" dir=""ltr""&gt;DO KWON KNEW IT WAS COMING. TERRAFORMLABSKOREA(INC) was DISSOLVED ON APRIL 30TH, 2022. Registered on May 4th. LIQUIDATOR: KWON-DO-HYUNG &lt;a href=""https://twitter.com/hashtag/Terra?src=hash&amp;amp;ref_src=twsrc%5Etfw""&gt;#Terra&lt;/a&gt; &lt;a href=""https://twitter.com/hashtag/Luna?src=hash&amp;amp;ref_src=twsrc%5Etfw""&gt;#Luna&lt;/a&gt; &lt;a href=""https://twitter.com/hashtag/UST?src=hash&amp;amp;ref_src=twsrc%5Etfw""&gt;#UST&lt;/a&gt; &lt;a href=""https://twitter.com/hashtag/Ponzi?src=hash&amp;amp;ref_src=twsrc%5Etfw""&gt;#Ponzi&lt;/a&gt; &lt;a href=""https://t.co/WM2XsJmkJz""&gt;pic.twitter.com/WM2XsJmkJz&lt;/a&gt;&lt;/p&gt;&amp;mdash; Ryunsu Sung (@realryunsu) &lt;a href=""https://twitter.com/realryunsu/status/1524321203590418433?ref_src=twsrc%5Etfw""&gt;May 11, 2022&lt;/a&gt;&lt;/blockquote&gt;\n&lt;script async src=""https://platform.twitter.com/widgets.js"" charset=""utf-8""&gt;&lt;/script&gt;\n', 'height': 200, 'media_domain_url': 'https://www.redditmedia.com/mediaembed/uojyg9', 'scrolling': False, 'width': 350}",
15,[],False,lilgreg1,,,[],,,text,t2_xty20,False,False,False,[],False,False,1652415814,cryptobriefing.com,https://www.reddit.com/r/CryptoCurrency/comments/uojl6l/tae_kwon_do_exposed_as_cofounder_of_previously/,{},uojl6l,False,True,False,False,False,True,False,False,#7193ff,DISCUSSION,"[{'e': 'text', 't': 'DISCUSSION'}]",DISCUSSION,dark,richtext,False,False,True,0,0,False,all_ads,/r/CryptoCurrency/comments/uojl6l/tae_kwon_do_exposed_as_cofounder_of_previously/,False,link,"{'enabled': False, 'images': [{'id': 'f3ICTvn0x0iWqcsOOevwB0Vd1q6TkVoH2T9NUjRX_lo', 'resolutions': [{'height': 56, 'url': 'https://external-preview.redd.it/mQvEUflHl1DC1hgLa7qfoTQFhY2SNpiyCGDF4-Uy2Jw.jpg?width=108&amp;crop=smart&amp;auto=webp&amp;s=8be33b8acd1f9121c748d493a87443ac46094b48', 'width': 108}, {'height': 113, 'url': 'https://external-preview.redd.it/mQvEUflHl1DC1hgLa7qfoTQFhY2SNpiyCGDF4-Uy2Jw.jpg?width=216&amp;crop=smart&amp;auto=webp&amp;s=e14fd6843b351719e4881648d916e305d9b274d3', 'width': 216}, {'height': 167, 'url': 'https://external-preview.redd.it/mQvEUflHl1DC1hgLa7qfoTQFhY2SNpiyCGDF4-Uy2Jw.jpg?width=320&amp;crop=smart&amp;auto=webp&amp;s=1c0ddd7e0c3827217da630538b8bf19037a717c8', 'width': 320}, {'height': 335, 'url': 'https://external-preview.redd.it/mQvEUflHl1DC1hgLa7qfoTQFhY2SNpiyCGDF4-Uy2Jw.jpg?width=640&amp;crop=smart&amp;auto=webp&amp;s=5f80403c6c9764a47880af614700a70d8a7c6491', 'width': 640}], 'source': {'height': 403, 'url': 'https://external-preview.redd.it/mQvEUflHl1DC1hgLa7qfoTQFhY2SNpiyCGDF4-Uy2Jw.jpg?auto=webp&amp;s=d9803d97ad739eb5ec54b0d9472f607ccb49e833', 'width': 768}, 'variants': {}}]}",6,1652415825,1,,True,False,False,CryptoCurrency,t5_2wlj3,4840445,public,,https://b.thumbs.redditmedia.com/JB4hEvUroIfy1lLxWqBtA8d83JHruUCwsIv-g5epdUU.jpg,73.0,140.0,Tae Kwon Do exposed as co-founder of previously failed stablecoin project,0,[],1.0,https://cryptobriefing.com/do-kwon-outed-basis-cash/,https://cryptobriefing.com/do-kwon-outed-basis-cash/,all_ads,6,1652387014.0,87049662-0882-11e5-82e1-0e9d1a9f7761,,,,,,
16,[],False,Big_Tasty31,,,[],,,text,t2_2zl77arn,False,False,False,[],False,False,1652414454,self.CryptoCurrency,https://www.reddit.com/r/CryptoCurrency/comments/uoj7ie/i_cant_post_in_the_luna_sub_but_please_dont_make/,{},uoj7ie,False,True,False,False,False,True,True,False,#ffd635,REMINDER,"[{'e': 'text', 't': 'REMINDER'}]",REMINDER,dark,richtext,False,False,False,0,0,False,all_ads,/r/CryptoCurrency/comments/uoj7ie/i_cant_post_in_the_luna_sub_but_please_dont_make/,False,,,6,1652414465,1,These last few days have been absolute hell for anyone involved in terraluna. I am not personally invested in it and I can’t imagine what the community is going through right now.  Please for the sake of the people who care about you (even if you think nobody does there is someone out there who cares) do not make a decision that there is no coming back from. Do kwon is a schmuck and was outspoken while he seemed like he was on top and now that his empire crumbled he is silent.  The schmuck will pay but as long as you are still alive you can change what seems like an irreversible financial loss. Don’t take the easy way out there are options to explore to recover but once you make the decision to off yourself you will never get a second chance. This isn’t about one crypto vs another this is about people losing their lives because of scumbag do kwon.,True,False,False,CryptoCurrency,t5_2wlj3,4840298,public,,self,,,I can’t post in the Luna sub but please dont make an irreversible decision,0,[],1.0,https://www.reddit.com/r/CryptoCurrency/comments/uoj7ie/i_cant_post_in_the_luna_sub_but_please_dont_make/,,all_ads,6,1652385654.0,c71c0ff8-94c9-11eb-8a95-0e0f28a36a09,,,,,,
17,[],False,AlexAndertheAble,,,[],,,text,t2_czzy0,False,False,False,[],False,False,1652410117,self.CryptoCurrency,https://www.reddit.com/r/CryptoCurrency/comments/uohxvc/okay_okay_i_know_this_is_dirty_but_honestly_cant/,{},uohxvc,False,False,False,False,False,False,True,False,#c403f5,COMEDY,"[{'e': 'text', 't': 'COMEDY'}]",COMEDY,dark,richtext,False,False,True,1,0,False,all_ads,/r/CryptoCurrency/comments/uohxvc/okay_okay_i_know_this_is_dirty_but_honestly_cant/,False,,,6,1652410128,1,[removed],True,False,False,CryptoCurrency,t5_2wlj3,4839776,public,,self,,,"Okay, okay.... I know this is dirty, but honestly can't help it... New Meme-Coin: ""KWON COIN""",0,[],1.0,https://www.reddit.com/r/CryptoCurrency/comments/uohxvc/okay_okay_i_know_this_is_dirty_but_honestly_cant/,,all_ads,6,1652381317.0,5c104cfc-d7c8-11e4-9d14-22000b6902b0,moderator,,,,,
18,[],False,Lionblaze321,,,[],,,text,t2_i6jl9qt,False,False,False,[],False,False,1652407919,self.CryptoCurrency,https://www.reddit.com/r/CryptoCurrency/comments/uoh9g7/lettuce_morn_our_loses_and_learn_our_lessons/,{},uoh9g7,False,True,False,False,False,True,True,False,#7193ff,DISCUSSION,"[{'e': 'text', 't': 'DISCUSSION'}]",DISCUSSION,dark,richtext,False,False,True,0,0,False,all_ads,/r/CryptoCurrency/comments/uoh9g7/lettuce_morn_our_loses_and_learn_our_lessons/,False,,,6,1652407929,1,"Hello all,

I think UST coin has us all feeling some type of way. We all for the most part knew the risk and probably we thought we were being so careful. I mean as long as its $1 to 1 UST. We can't lose, right? Well we messed up and were greedy. We all did our research, we all believed this was ""safe"" or at least safe enough. I'm creating this form just for people to express their losses, to reaffirm that we are not crazy. This really was a solid project. We all calculated the risk, but we can't control the world and it works in mysterious ways. The timing seems to off, right before the feds start talking about regulation and right as most of us were about to take out some UST for the upcoming bear/recession money. I will admit, I believe there is very shady people behind this. However, we do have to take responsibility for our actions. Let never forgot and learn. Now please use this form to express the frustration, your mindset and defend why you thought this was a ""safe enough"" plan. I will go first...

&amp;#x200B;

Anchor protocol kept coming up in my feeds, in YouTube channels and other media. I thought ""no way"" this isn't possible, but as it kept popping up. It was still working, people were using it. Months went by. How could this still be prosperous? So I looked into the coins. TerraUSD (UST) and Luna. I researched the hell out of this algorithmic process and was convinced. I mean it made sense. Luna helped UST, UST helped Luna, the liquidity was enough, process was proven to be able to recover (twice). So I bought some Luna around 40$ and was like ""Okay we will see"". For UST,  I was skeptical about going through the annoying process of buying on an exchange. (I used Gemini, not a ton of options in NY as NY requires a ""bit license"" ) transferring to Kucoin to get UST and finally hooking up terra station/anchor.  In a month, I earned more than I had earned in any bank in my life. It works! I transferred a small amount out and as promised it was 1:1 with USD. I got addicted to that easy cash. Let me be clear, I knew it wasn't sustainable and got scared in February, but once they pumped the reserves I really start transferring in all my stable coin into UST. Now I will admit I did diversify my savings. However, I only recently got a ""real job"" in the last 5 months (I'm 22, just about 23). So my net worth is still pretty low, but it was about 20% of my net worth. Nonetheless, I was super careful, checked anchor daily and for further convincing. I was able to sell my Luna at just about peak $116. However, I did spend 1/4 of those profits buying the dip which is basically worth 0$ now. Anyways, between Do Kwon, the BTC backing, the yield reserves. I truly do not believe I was incorrect in thinking I had at the very least. A few weeks before considering pulling out completely. I have spent much of this week thinking about the others who do not have time on their hands to regain losses, losing their savings, or worse not being able to afford their house, bills, or other debts. Again, we knew the risk, but I do NOT believe we should be beating ourselves mentally or physically over this. The signs were ""safe...enough"" until entities beyond our control dissembled those signs out of nowhere. We weren't crazy, but we were greedy. Let's learn so people don't get hurt again. If its too good to be true, then it probably is. 

&amp;#x200B;

I hope this form can at least start healing process for many. Or at least claim back sanity for others. Please do not attack others and respect people's stories. In a way I hope this becomes some sort of AA meeting for the UST bank run. Please keep it a safe space, thank you!",True,False,False,CryptoCurrency,t5_2wlj3,4839508,public,new,self,,,Lettuce morn our loses and learn our lessons,0,[],1.0,https://www.reddit.com/r/CryptoCurrency/comments/uoh9g7/lettuce_morn_our_loses_and_learn_our_lessons/,,all_ads,6,1652379119.0,87049662-0882-11e5-82e1-0e9d1a9f7761,,,,,,
19,[],False,IIIIIIIIIIIIIIlIIl,,Warning-level2-2,"[{'e': 'text', 't': 'Tin | SHIB 13'}]",Tin | SHIB 13,dark,richtext,t2_c1l10z13,False,False,False,[],False,False,1652407322,self.CryptoCurrency,https://www.reddit.com/r/CryptoCurrency/comments/uoh2vh/a_new_police_report_about_kwon_do_hyundai_luna_ceo/,{},uoh2vh,False,True,False,False,False,True,True,False,#0aa18f,NEWS,"[{'e': 'text', 't': 'GENERAL-NEWS'}]",GENERAL-NEWS,light,richtext,False,False,True,0,0,False,all_ads,/r/CryptoCurrency/comments/uoh2vh/a_new_police_report_about_kwon_do_hyundai_luna_ceo/,False,,,6,1652407332,1,"Police are investigating a report that an unknown person visited the home of Terraform Labs CEO Kwon Do-hyung and rang the doorbell. CEO Kwon's spouse requested the police to designate a person for emergency personal protection.

According to the police on the 13th, the Seongdong Police Station in Seoul received a report that an unidentified person broke into an apartment in Seongsu-dong, Seongdong-gu, and rang the doorbell at around 6:23 pm the day before. It is said that Mr. A knocked on her door and rang her doorbell to ask Victim B, ""Is her husband at her house?"" and fled. Person B requested emergency personal protection and was designated as a victim of crime victim safety measures (personal protection).",True,False,False,CryptoCurrency,t5_2wlj3,4839444,public,,self,,,A new police report about Kwon Do Hyundai! (Luna CEO),0,[],1.0,https://www.reddit.com/r/CryptoCurrency/comments/uoh2vh/a_new_police_report_about_kwon_do_hyundai_luna_ceo/,,all_ads,6,1652378522.0,f170aab2-246f-11ec-8143-429a193c9848,,,,,,
20,[],False,buttcoin_lol,,,"[{'e': 'text', 't': ' To moon '}]", To moon ,dark,richtext,t2_14mn7l,False,False,False,[],False,False,1652406731,self.CryptoCurrency,https://www.reddit.com/r/CryptoCurrency/comments/uogwbj/korean_newspaper_reports_that_do_kwon_requested/,{},uogwbj,False,True,False,False,False,True,True,False,#0aa18f,NEWS,"[{'e': 'text', 't': 'GENERAL-NEWS'}]",GENERAL-NEWS,light,richtext,False,False,True,1,0,False,all_ads,/r/CryptoCurrency/comments/uogwbj/korean_newspaper_reports_that_do_kwon_requested/,False,self,"{'enabled': False, 'images': [{'id': 'vmhCSzYgoWDS9AmZlWHARJ7FJLbGYkms9qt1k7Ia52w', 'resolutions': [{'height': 56, 'url': 'https://external-preview.redd.it/co8t3tshcUEyErsjKc4WzDc7azrCknf-kuaAbUHCGvo.jpg?width=108&amp;crop=smart&amp;auto=webp&amp;s=82f59571f837c4bf33730fb39cbef10ef1882a2a', 'width': 108}], 'source': {'height': 73, 'url': 'https://external-preview.redd.it/co8t3tshcUEyErsjKc4WzDc7azrCknf-kuaAbUHCGvo.jpg?auto=webp&amp;s=c77e965ad1a404ff7fc75f2351b8b5dfe9125c61', 'width': 140}, 'variants': {}}]}",6,1652406741,1,"https://twitter.com/DooWanNam/status/1524915757938667521

The source article is in Korean, but here's the Google translation https://news-mt-co-kr.translate.goog/mtview.php?no=2022051308574726920&amp;MT_T&amp;_x_tr_sl=auto&amp;_x_tr_tl=en&amp;_x_tr_hl=en&amp;_x_tr_pto=wapp

He needs to totally get himself and his family into a bunker, move out of the country, or something. He's ruined a lot of people's lives. Better yet, he should just turn himself into the police and get himself in jail. Sooner or later, he'll end up there anyway.",True,False,False,CryptoCurrency,t5_2wlj3,4839360,public,new,self,,,Korean newspaper reports that Do Kwon requested police protection when someone rang his doorbell,0,[],1.0,https://www.reddit.com/r/CryptoCurrency/comments/uogwbj/korean_newspaper_reports_that_do_kwon_requested/,,all_ads,6,1652377931.0,f170aab2-246f-11ec-8143-429a193c9848,,,,,,
21,[],False,justshatmyself123,,Warning-level1-1,"[{'e': 'text', 't': 'Bronze'}]",Bronze,dark,richtext,t2_8kxl8aw0,False,False,False,[],False,False,1652406356,self.CryptoCurrency,https://www.reddit.com/r/CryptoCurrency/comments/uogs4b/ust_at_003/,{},uogs4b,False,True,False,False,False,True,True,False,#ff66ac,DEBATE,"[{'e': 'text', 't': 'DEBATE'}]",DEBATE,light,richtext,False,False,False,0,0,False,all_ads,/r/CryptoCurrency/comments/uogs4b/ust_at_003/,False,,,6,1652406367,1,"The price of UST is dropping - drastically. They gave up on LUNA in order to save UST - unsuccessfully. LUNA is being delisted widely, its price is lower than the price of SHIB. Do Kwon is not only silent, but the only times he spoke up throughout all of this were short tweets encouraging people to buy after it fell by 80+% on the 11th May and then some 99+ more.""Terra's return to form will be a sight to behold. We're here to stay. And we're gonna be making noise.""   


Noise was surely made. I never held UST or LUNA, but looking at its charts felt absolutely insane, can't imagine what I'd be feeling had I been a holder of those coins. Please, no matter how much you believed some guys or were attached to their projects, **hold people accountable**. If no one will do it by law, at least remember it in your head, that at the moment his supporters were losing countless money, he fed them with lies, false hopes and then ignored the shit out of everyone.

\_\_\_\_\_\_\_\_\_\_\_\_\_\_\_\_\_\_\_\_\_\_\_\_\_\_\_\_\_\_\_\_\_\_\_\_\_\_\_\_\_\_\_\_\_\_\_\_\_\_\_\_\_\_\_\_\_\_\_\_\_\_\_\_\_\_\_\_\_\_\_\_\_

What's my point? Other than informing, this truly is a crash no one expected and the blood bath will get many people run away from crypto, few will stay (which might be for the better in the long run).  I hope everyone is doing as good as is possible for them and holding up! This too shall pass. No one really knows what AND when will happen. But I expect this to last for a while. IF you have to sell, do so. IF you have to take care of your mental health, don’t stare at the charts, take care of yourselves. IF you have enough fiat to buy more and feel like it’s the right time, do it, but don’t be so assured this dip will not dip more. Don’t feel superior to tell others what to do with certainty, because there is no certainty right now. Do what you want and what you can afford to. **Good luck to everyone &lt;3** (Also, as I said, I’m not holding LUNA or UST and never was, but please don’t make fun of people who did and lost scary amounts of money. It’s not laughable, it’s sad and I hope it can have a good outcome somehow.)",True,False,False,CryptoCurrency,t5_2wlj3,4839312,public,new,self,,,UST at 0.03$,0,[],1.0,https://www.reddit.com/r/CryptoCurrency/comments/uogs4b/ust_at_003/,,all_ads,6,1652377556.0,5b762856-d7c9-11e4-822a-22000b2300b2,,,,,,
22,[],False,sam-sung,,,"[{'e': 'text', 't': 'Platinum | QC: CC 130, BTC 26 | r/PHP 16'}]","Platinum | QC: CC 130, BTC 26 | r/PHP 16",dark,richtext,t2_dfm37,False,False,False,[],False,False,1652404837,self.CryptoCurrency,https://www.reddit.com/r/CryptoCurrency/comments/uogb9r/why_is_binance_not_listing_some_coins_anymore/,{},uogb9r,False,True,False,False,False,True,True,False,#7193ff,DISCUSSION,"[{'e': 'text', 't': 'DISCUSSION'}]",DISCUSSION,dark,richtext,False,False,False,0,0,False,all_ads,/r/CryptoCurrency/comments/uogb9r/why_is_binance_not_listing_some_coins_anymore/,False,,,6,1652404848,1,"I wanted to see the price of LUN/Terra and I couldnt see it listed on Binance. What did I miss? I mean I know TerraLabs was in some serious cash flow problems, but the rescue plan published by Do Kwon made sense, I even saw the announcement by TRON about making big purchases.

Did it finally die? Are you telling me that Shiba Inu, the Meme coin, survived this crypto blood bath aka bear market?

How is that even possible? What is the next step for TerraLabs? What about people still holding a bag of LUN? 

Are other alt-coins safe? What about Neutrino USD?",True,False,False,CryptoCurrency,t5_2wlj3,4839149,public,new,self,,,Why is Binance not listing some coins anymore?,0,[],1.0,https://www.reddit.com/r/CryptoCurrency/comments/uogb9r/why_is_binance_not_listing_some_coins_anymore/,,all_ads,6,1652376037.0,87049662-0882-11e5-82e1-0e9d1a9f7761,,,,,,
23,[],False,[deleted],,,,,dark,,,False,,,[],False,False,1652404822,self.CryptoCurrency,https://www.reddit.com/r/CryptoCurrency/comments/uogb25/do_kwon_files_an_emergency_protective_order_with/,{},uogb25,False,False,False,False,False,False,True,False,#0aa18f,NEWS,"[{'e': 'text', 't': 'GENERAL-NEWS'}]",GENERAL-NEWS,light,richtext,False,False,True,1,0,False,all_ads,/r/CryptoCurrency/comments/uogb25/do_kwon_files_an_emergency_protective_order_with/,False,,,6,1652404833,1,,True,False,False,CryptoCurrency,t5_2wlj3,4839146,public,,default,,,Do Kwon files an emergency protective order with Korean police,0,[],1.0,https://www.reddit.com/r/CryptoCurrency/comments/uogb25/do_kwon_files_an_emergency_protective_order_with/,,all_ads,6,1652376022.0,f170aab2-246f-11ec-8143-429a193c9848,deleted,,,,,moderators
24,[],False,NewAgeSg87,,,[],,,text,t2_ate61fz7,False,False,False,[],False,False,1652402688,self.CryptoCurrency,https://www.reddit.com/r/CryptoCurrency/comments/uofnuj/reversal_maybe_a_short_squeeze/,{},uofnuj,False,True,False,False,False,True,True,False,#5a74cc,PERSPECTIVE,"[{'e': 'text', 't': 'PERSPECTIVE'}]",PERSPECTIVE,light,richtext,False,False,True,0,0,False,all_ads,/r/CryptoCurrency/comments/uofnuj/reversal_maybe_a_short_squeeze/,False,,,6,1652402698,1,"Looking at how Do Kwon got messed up by BlackRock &amp; Citadel, the only way that I can see to possibly revive this situation is for all crypto investors &amp; HODLers who truly believe in Defi, to buy into this manipulated “Bear” crash.

Depending on the number of people &amp; size of the orders buying in, this can revive the stable coins &amp; crypto market + might trigger a short squeeze on financial institutions who might be holding short positions on coins now.

Nevertheless, this is a numbers game &amp; would depend on how many crypto HODLers &amp; investors who truly believe in Defi are out there in the world &amp; won’t end up getting triggered to panic sell.

If the reversal can happen for GameStop, why not Crypto?",True,False,False,CryptoCurrency,t5_2wlj3,4838899,public,new,self,,,Reversal &amp; maybe a short squeeze?,0,[],1.0,https://www.reddit.com/r/CryptoCurrency/comments/uofnuj/reversal_maybe_a_short_squeeze/,,all_ads,6,1652373888.0,1b44cdb2-2a6c-11ec-9baf-0aa21184cd0a,,,,,,
25,[],False,puddlesofmustard,,,"[{'e': 'text', 't': 'Gold'}]",Gold,dark,richtext,t2_1520rv,False,False,False,[],False,False,1652401474,self.CryptoCurrency,https://www.reddit.com/r/CryptoCurrency/comments/uofalb/what_do_you_think_do_kwon_is_doing_right_now/,{},uofalb,False,False,False,False,False,False,True,False,#7193ff,DISCUSSION,"[{'e': 'text', 't': 'DISCUSSION'}]",DISCUSSION,dark,richtext,False,False,True,1,0,False,all_ads,/r/CryptoCurrency/comments/uofalb/what_do_you_think_do_kwon_is_doing_right_now/,False,,,6,1652401484,1,[removed],True,False,False,CryptoCurrency,t5_2wlj3,4838778,public,,self,,,What do you think Do Kwon is doing right now?,0,[],1.0,https://www.reddit.com/r/CryptoCurrency/comments/uofalb/what_do_you_think_do_kwon_is_doing_right_now/,,all_ads,6,1652372674.0,87049662-0882-11e5-82e1-0e9d1a9f7761,moderator,,,,,
26,[],False,Woodpecker3453,,,"[{'e': 'text', 't': 'Platinum | QC: CC 16'}]",Platinum | QC: CC 16,dark,richtext,t2_ccnqdlop,False,False,False,[],False,False,1652390027,self.CryptoCurrency,https://www.reddit.com/r/CryptoCurrency/comments/uobdf3/just_in_terraform_labs_cofounder_do_kwon_has/,{},uobdf3,False,False,False,False,False,False,True,False,#0aa18f,NEWS,"[{'e': 'text', 't': 'GENERAL-NEWS'}]",GENERAL-NEWS,light,richtext,False,False,True,1,0,False,all_ads,/r/CryptoCurrency/comments/uobdf3/just_in_terraform_labs_cofounder_do_kwon_has/,False,,,6,1652390038,1,[removed],True,False,False,CryptoCurrency,t5_2wlj3,4837256,public,,self,,,"JUST IN: Terraform Labs Cofounder, Do Kwon, has reportedly been found dead by suicide, aged 29",0,[],1.0,https://www.reddit.com/r/CryptoCurrency/comments/uobdf3/just_in_terraform_labs_cofounder_do_kwon_has/,,all_ads,6,1652361227.0,f170aab2-246f-11ec-8143-429a193c9848,moderator,,,,,
27,[],False,brokemac,,,"[{'e': 'text', 't': 'Platinum | QC: CC 27'}]",Platinum | QC: CC 27,dark,richtext,t2_b7xaw,False,False,False,[],False,False,1652385871,youtu.be,https://www.reddit.com/r/CryptoCurrency/comments/uo9rae/do_kwon_of_terra_luna_quips_that_they_have_a_kill/,{},uo9rae,False,True,False,False,False,True,False,False,#c403f5,COMEDY,"[{'e': 'text', 't': 'COMEDY'}]",COMEDY,dark,richtext,False,False,True,0,0,False,all_ads,/r/CryptoCurrency/comments/uo9rae/do_kwon_of_terra_luna_quips_that_they_have_a_kill/,False,rich:video,"{'enabled': False, 'images': [{'id': 'tiSmE83nBhmMEW36Xl790_9r8rCeVfhnPfVUQOhsacg', 'resolutions': [{'height': 81, 'url': 'https://external-preview.redd.it/53so7VDKug0kc188UbctCheCU69581oaCYVKT452BB4.jpg?width=108&amp;crop=smart&amp;auto=webp&amp;s=8c2e7b9713771549c0921153654c2e6512342afb', 'width': 108}, {'height': 162, 'url': 'https://external-preview.redd.it/53so7VDKug0kc188UbctCheCU69581oaCYVKT452BB4.jpg?width=216&amp;crop=smart&amp;auto=webp&amp;s=dd0e0ef88c82a657340c1dd720bc05f6166985a6', 'width': 216}, {'height': 240, 'url': 'https://external-preview.redd.it/53so7VDKug0kc188UbctCheCU69581oaCYVKT452BB4.jpg?width=320&amp;crop=smart&amp;auto=webp&amp;s=c4a5ea028e90d266317480a4eb240ee5add046eb', 'width': 320}], 'source': {'height': 360, 'url': 'https://external-preview.redd.it/53so7VDKug0kc188UbctCheCU69581oaCYVKT452BB4.jpg?auto=webp&amp;s=c935fc41e0cca49680555bdcd550a353e395f629', 'width': 480}, 'variants': {}}]}",6,1652385881,1,,True,False,False,CryptoCurrency,t5_2wlj3,4836674,public,new,https://b.thumbs.redditmedia.com/-jJxaKTm7oSLEdmaUBIB5rS1S3uFhsPa5oZfx7LAh-w.jpg,105.0,140.0,"Do Kwon of Terra Luna quips that they have a ""kill switch"" if things go wrong. ""We burn all of our assets, we cut all of our ties, and it's nothing.""",0,[],1.0,https://youtu.be/y3eW7OBX6gc?t=287,https://youtu.be/y3eW7OBX6gc?t=287,all_ads,6,1652357071.0,5c104cfc-d7c8-11e4-9d14-22000b6902b0,,"{'oembed': {'author_name': 'Bull Flag Crypto', 'author_url': 'https://www.youtube.com/channel/UChIUUGIFaAyC8Ke8AZAsgag', 'height': 200, 'html': '&lt;iframe width=""356"" height=""200"" src=""https://www.youtube.com/embed/y3eW7OBX6gc?start=287&amp;feature=oembed&amp;enablejsapi=1"" frameborder=""0"" allow=""accelerometer; autoplay; clipboard-write; encrypted-media; gyroscope; picture-in-picture"" allowfullscreen&gt;&lt;/iframe&gt;', 'provider_name': 'YouTube', 'provider_url': 'https://www.youtube.com/', 'thumbnail_height': 360, 'thumbnail_url': 'https://i.ytimg.com/vi/y3eW7OBX6gc/hqdefault.jpg', 'thumbnail_width': 480, 'title': 'LUNA Hits .01 Cents!!  Is Terra Luna FINISHED For Good?  #Luna', 'type': 'video', 'version': '1.0', 'width': 356}, 'type': 'youtube.com'}","{'content': '&lt;iframe width=""356"" height=""200"" src=""https://www.youtube.com/embed/y3eW7OBX6gc?start=287&amp;feature=oembed&amp;enablejsapi=1"" frameborder=""0"" allow=""accelerometer; autoplay; clipboard-write; encrypted-media; gyroscope; picture-in-picture"" allowfullscreen&gt;&lt;/iframe&gt;', 'height': 200, 'scrolling': False, 'width': 356}","{'oembed': {'author_name': 'Bull Flag Crypto', 'author_url': 'https://www.youtube.com/channel/UChIUUGIFaAyC8Ke8AZAsgag', 'height': 200, 'html': '&lt;iframe width=""356"" height=""200"" src=""https://www.youtube.com/embed/y3eW7OBX6gc?start=287&amp;feature=oembed&amp;enablejsapi=1"" frameborder=""0"" allow=""accelerometer; autoplay; clipboard-write; encrypted-media; gyroscope; picture-in-picture"" allowfullscreen&gt;&lt;/iframe&gt;', 'provider_name': 'YouTube', 'provider_url': 'https://www.youtube.com/', 'thumbnail_height': 360, 'thumbnail_url': 'https://i.ytimg.com/vi/y3eW7OBX6gc/hqdefault.jpg', 'thumbnail_width': 480, 'title': 'LUNA Hits .01 Cents!!  Is Terra Luna FINISHED For Good?  #Luna', 'type': 'video', 'version': '1.0', 'width': 356}, 'type': 'youtube.com'}","{'content': '&lt;iframe width=""356"" height=""200"" src=""https://www.youtube.com/embed/y3eW7OBX6gc?start=287&amp;feature=oembed&amp;enablejsapi=1"" frameborder=""0"" allow=""accelerometer; autoplay; clipboard-write; encrypted-media; gyroscope; picture-in-picture"" allowfullscreen&gt;&lt;/iframe&gt;', 'height': 200, 'media_domain_url': 'https://www.redditmedia.com/mediaembed/uo9rae', 'scrolling': False, 'width': 356}",
28,[],False,hereforthestonks-,,Warning-level2-2,"[{'e': 'text', 't': 'Tin | Superstonk 18'}]",Tin | Superstonk 18,dark,richtext,t2_anghwmsx,False,False,False,[],False,False,1652385322,self.CryptoCurrency,https://www.reddit.com/r/CryptoCurrency/comments/uo9k6j/whats_going_on_with_ust/,{},uo9k6j,False,True,False,False,False,True,True,False,#7193ff,DISCUSSION,"[{'e': 'text', 't': 'DISCUSSION'}]",DISCUSSION,dark,richtext,False,False,False,0,0,False,all_ads,/r/CryptoCurrency/comments/uo9k6j/whats_going_on_with_ust/,False,,,6,1652385332,1,"Reposting from linked in.  
Tara Annison - Head of technical crypto advisory at Elliptic


I've had quite a few people ask me this today so here's your short read on the situation.

TerraUSD (UST) is/was an algo backed stable coin pegged to the US dollar. This means that unlike fiat and crypto backed stable coins (e.g USDC, GUSD etc) which hold $1 in custody for every 1 blockchain-based representation, UST tries to maintain a peg by incentivising the ecosystem to mint and burn it's sister token LUNA. 

This is because you can always redeem 1 UST for $1 worth of LUNA, even if UST is less than $1. The exchange rate is fixed. 

This means that is UST is trading at $0.99 then market participants will buy it and redeem it for $1 of LUNA to grab the arbitrage opportunity and pocket some pennies.

Up until last mont, UST was backed only by buying and selling of LUNA however in order to bolster reserves against potential market volatility, the Luna Guard Foundation (the non-profit behind the Terra ecosystem) started buying billions of dollars of bitcoin (BTC) and avalanche (AVAX) to add to the treasury. The plan was that they could sell this if things between UST and LUNA started to get challenging.

Then last Saturday we saw the price of UST fall from the ideal $1 mark to around $0.985 (which now looks pretty modest!) and the founder of Terra (the blockchain where LUNA and UST live) tweeted that this was the action of a large whale who had deliberately sold over $180m worth of their UST holdings to crash the price and take profits from a short position. 

In response to this market shock the Luna Guard Foundation announced on Sunday that they would pump $1.5billion of their BTC reserves into the mini-economy to re-instate the peg. This worked for a little while ....

However just last night we saw an even bigger shock to the price with UST falling down to $0.694 😱

So why is this all happening ...

-- The Luna Foundation Guard are blaming wider crypto market moves downwards, especially the falling BTC price
-- Do Kwon blamed a malicious whale for starting it all
-- Some have claimed that there was market confusion/FUD about the treasury selling BTC to maintain the peg and it scared some paperhands off
-- I think it's also important to consider another part of the Terra ecosystem which is connected to UST - Anchor protocol. This is a a money market where if you deposit UST you can earn up to 19.5% APY returns. However, this isn't a sustainable return and Anchor know this. In fact with the recent drop in wider cryptocurrency market prices it's expected they have only a few months runway left before the treasury account paying out these staking rewards is empty. This is likely to have had an impact on the drop in UST confidence. 

So what happens next?! We'll need to see whether UST bounces back (like it did after de-pegging last year) either by market participants apeing into LUNA or the LFG further selling treasury funds to stabilise the peg. 🔭",True,False,False,CryptoCurrency,t5_2wlj3,4836603,public,new,self,,,What’s going on with UST?,0,[],1.0,https://www.reddit.com/r/CryptoCurrency/comments/uo9k6j/whats_going_on_with_ust/,,all_ads,6,1652356522.0,87049662-0882-11e5-82e1-0e9d1a9f7761,,,,,,
29,[],False,hearsdemons,,Warning-level2-2,"[{'e': 'text', 't': 'Tin | Politics 29'}]",Tin | Politics 29,dark,richtext,t2_67os85w2,False,False,True,[],False,False,1652378275,self.CryptoCurrency,https://www.reddit.com/r/CryptoCurrency/comments/uo6z99/what_happened_this_week_was_neither_surprising_or/,{},uo6z99,False,True,False,False,False,True,True,False,#7193ff,DISCUSSION,"[{'e': 'text', 't': 'DISCUSSION'}]",DISCUSSION,dark,richtext,False,False,True,0,0,False,all_ads,/r/CryptoCurrency/comments/uo6z99/what_happened_this_week_was_neither_surprising_or/,False,,,6,1652378286,1,"This user called the Terra Luna crash 1 year ago: https://www.np.reddit.com/r/CryptoCurrency/comments/oxado9/terraluna_vs_irontitan_too_similar/?utm_source=share&amp;utm_medium=ios_app&amp;utm_name=iossmf

That the founder of Luna brushed off concerns when others knew this could potentially happen is a failure that he will have to live with.

The above Reddit user wasn’t the only person who showed the potential issues with Luna and it’s historical comparisons similar to other companies who have failed the exact same way, but others on Twitter have noted such concerns to Do Kwon. But what do you expect from a cocky 20 year old who thinks he knows everything? Complacency, apathy, call it what you want. These concerns were not taken seriously. 

So, sure, we can try to pin this on Blackrock and Citadel. But if not them, it would have been someone else. There were holes in the Terra Luna project, and sooner or later someone would exploit them for financial gain. 

We can also pin try to pin this on Luna design issues. Could it have been built better, built more securely, addressed those concerns? Sure. But no project is perfect. You find issues and you fix them. That’s how software engineering has always worked. 

The issue is the leader of Terra Luna, his inability to listen, his naivety to be tricked by smarter investors in the space and his inability to stop it once the death spiral stopped. That’s poor management, poor decision making snd poor risk analysis snd poor risk management.",True,False,False,CryptoCurrency,t5_2wlj3,4835586,public,new,self,,,What happened this week was neither surprising or an event that could not be prepared for,0,[],1.0,https://www.reddit.com/r/CryptoCurrency/comments/uo6z99/what_happened_this_week_was_neither_surprising_or/,,all_ads,6,1652349475.0,87049662-0882-11e5-82e1-0e9d1a9f7761,,,,,,
30,[],False,Renchoo7,,,[],,,text,t2_4t2eihl3,False,False,False,[],False,False,1652373644,self.CryptoCurrency,https://www.reddit.com/r/CryptoCurrency/comments/uo5ai1/is_there_any_chance_that_terra_luna_might_bounce/,{},uo5ai1,False,True,False,False,False,True,True,False,#bbbdbf,STRATEGY,"[{'e': 'text', 't': 'STRATEGY'}]",STRATEGY,dark,richtext,False,False,True,0,0,False,all_ads,/r/CryptoCurrency/comments/uo5ai1/is_there_any_chance_that_terra_luna_might_bounce/,False,,,6,1652373655,1,"Yesterday after the crash i saw Luna drop to $.50  but then jumped back up to over $6 then dropped again. Seeing this I bought Luna when it went back down to $1 hoping that there would be another small pump and dump that I could make some profits to make up for the losses of my other cryptos. I had not invested into Luna prior to this. But today I see that was a bad idea since now it’s like $0.02 and can’t even sell it off anymore.

I just need to know have any  coins have ever recovered after what has happen to Luna. I’m not talking about it getting back to $100 but it gaining a little value again or is it gone for good? 

Anything do Kwon can do now?",True,False,False,CryptoCurrency,t5_2wlj3,4835023,public,,self,,,Is there any chance that Terra Luna might bounce back to $1?,0,[],1.0,https://www.reddit.com/r/CryptoCurrency/comments/uo5ai1/is_there_any_chance_that_terra_luna_might_bounce/,,all_ads,6,1652344844.0,8f527258-dc39-11eb-b1ee-0eae9aa8a335,,,,,,
