,all_awardings,allow_live_comments,author,author_flair_background_color,author_flair_css_class,author_flair_richtext,author_flair_text,author_flair_text_color,author_flair_type,author_fullname,author_is_blocked,author_patreon_flair,author_premium,awarders,can_mod_post,contest_mode,created_utc,domain,full_link,gildings,id,is_created_from_ads_ui,is_crosspostable,is_meta,is_original_content,is_reddit_media_domain,is_robot_indexable,is_self,is_video,link_flair_background_color,link_flair_css_class,link_flair_richtext,link_flair_template_id,link_flair_text,link_flair_text_color,link_flair_type,locked,media_only,no_follow,num_comments,num_crossposts,over_18,parent_whitelist_status,permalink,pinned,pwls,removed_by_category,retrieved_on,score,selftext,send_replies,spoiler,stickied,subreddit,subreddit_id,subreddit_subscribers,subreddit_type,thumbnail,title,total_awards_received,treatment_tags,upvote_ratio,url,whitelist_status,wls,created,suggested_sort,crosspost_parent,crosspost_parent_list,url_overridden_by_dest,post_hint,preview,thumbnail_height,thumbnail_width,media_metadata
0,[],False,WideWorry,,Warning-level2-2,"[{'e': 'text', 't': 'Tin'}]",Tin,dark,richtext,t2_358m85ss,False,False,False,[],False,False,1652367999,self.CryptoCurrency,https://www.reddit.com/r/CryptoCurrency/comments/uo37i3/what_if_blackrockcitadel_vs_terraluna_story_is/,{},uo37i3,False,False,False,False,False,False,True,False,#5a74cc,PERSPECTIVE,"[{'e': 'text', 't': 'PERSPECTIVE'}]",1b44cdb2-2a6c-11ec-9baf-0aa21184cd0a,PERSPECTIVE,light,richtext,False,False,True,1,0,False,all_ads,/r/CryptoCurrency/comments/uo37i3/what_if_blackrockcitadel_vs_terraluna_story_is/,False,6,moderator,1652368010,1,[removed],True,False,False,CryptoCurrency,t5_2wlj3,4834355,public,self,What if Blackrock+Citadel vs TerraLuna story is real? :O,0,[],1.0,https://www.reddit.com/r/CryptoCurrency/comments/uo37i3/what_if_blackrockcitadel_vs_terraluna_story_is/,all_ads,6,1652339199.0,,,,,,,,,
1,[],False,MSOJohnny,,,[],,,text,t2_blsbdpdr,False,False,False,[],False,False,1652347890,self.CryptoCurrency,https://www.reddit.com/r/CryptoCurrency/comments/unx7ez/how_did_terraluna_suck_in_so_many_people/,{},unx7ez,False,True,False,False,False,True,True,False,#7193ff,DISCUSSION,"[{'e': 'text', 't': 'DISCUSSION'}]",87049662-0882-11e5-82e1-0e9d1a9f7761,DISCUSSION,dark,richtext,False,False,False,1,0,False,all_ads,/r/CryptoCurrency/comments/unx7ez/how_did_terraluna_suck_in_so_many_people/,False,6,,1652347900,1,"I keep hearing about this coin in the news.  I find out is is run by a 20 year old billionaire?

Why on earth have so many people given their life savings to a 20 year old stranger on the internet?

Is there something special about him or this coin?  How did he pull this off?  How did he get so many smart people to invest in this?

Is  just blind greed?  Did they invest knowing this was a scam and thought they could get out before the shit hits the fan?

They made a 20 year old kid a billionaire and I just want to understand what value he created and why was he so trusted that people have invested everything?",True,False,False,CryptoCurrency,t5_2wlj3,4832423,public,self,How did TerraLuna suck in so many people?,0,[],1.0,https://www.reddit.com/r/CryptoCurrency/comments/unx7ez/how_did_terraluna_suck_in_so_many_people/,all_ads,6,1652319090.0,new,,,,,,,,
2,[],False,HypeOrFuckYou,,Warning-level2-2,"[{'e': 'text', 't': 'Tin'}]",Tin,dark,richtext,t2_bzn2oqg8,False,False,False,[],False,False,1652347493,self.CryptoCurrency,https://www.reddit.com/r/CryptoCurrency/comments/unx45p/ust_should_be_way_less_than_060/,{},unx45p,False,True,False,False,False,True,True,False,#add2e2,ADVICE,"[{'e': 'text', 't': 'ANALYSIS'}]",c1034ee6-9c2a-11e3-a8c4-12313b0e8e20,ANALYSIS,dark,richtext,False,False,False,0,0,False,all_ads,/r/CryptoCurrency/comments/unx45p/ust_should_be_way_less_than_060/,False,6,,1652347503,1,"I think the current value of UST is incorrect. Let me explain why.

&amp;#x200B;

A couple of days ago the supply of Luna was  726,086,362 ([source](https://www.reddit.com/r/terraluna/comments/uj2z34/question_regarding_luna_max_supply/))

The price of Luna was around $100 at that time. So that makes a total value of $72,608,636,200 ($73bn)

&amp;#x200B;

Currently the supply of Luna is  4,593,870,531 ([source](https://fcd.terra.dev/v1/circulatingsupply/luna))

The price of Luna is now around $0.05. So that makes a total value of $220,637,541 ($220m)

&amp;#x200B;

So UST used to be backed by $73bn and is now only backed by $220m. That's less a half percent of what is used to be. So this stable coin is done. And the value should be close to $0 and not be around $0.60.",True,False,False,CryptoCurrency,t5_2wlj3,4832392,public,self,UST should be way less than $0.60,0,[],1.0,https://www.reddit.com/r/CryptoCurrency/comments/unx45p/ust_should_be_way_less_than_060/,all_ads,6,1652318693.0,new,,,,,,,,
3,[],False,MSOJohnny,,,[],,,text,t2_blsbdpdr,False,False,False,[],False,False,1652347453,self.CryptoCurrency,https://www.reddit.com/r/CryptoCurrency/comments/unx3v4/how_did_so_many_people_get_sucked_into_terraluna/,{},unx3v4,False,False,False,False,False,False,True,False,#7193ff,DISCUSSION,"[{'e': 'text', 't': 'DISCUSSION'}]",87049662-0882-11e5-82e1-0e9d1a9f7761,DISCUSSION,dark,richtext,False,False,True,1,0,False,all_ads,/r/CryptoCurrency/comments/unx3v4/how_did_so_many_people_get_sucked_into_terraluna/,False,6,moderator,1652347463,1,[removed],True,False,False,CryptoCurrency,t5_2wlj3,4832391,public,self,How did so many people get sucked into TerraLuna?,0,[],1.0,https://www.reddit.com/r/CryptoCurrency/comments/unx3v4/how_did_so_many_people_get_sucked_into_terraluna/,all_ads,6,1652318653.0,,,,,,,,,
4,[],False,MSOJohnny,,,[],,,text,t2_blsbdpdr,False,False,False,[],False,False,1652347148,self.CryptoCurrency,https://www.reddit.com/r/CryptoCurrency/comments/unx19r/how_did_terraluna_trick_so_many_people/,{},unx19r,False,False,False,False,False,False,True,False,#7193ff,DISCUSSION,"[{'e': 'text', 't': 'DISCUSSION'}]",87049662-0882-11e5-82e1-0e9d1a9f7761,DISCUSSION,dark,richtext,False,False,True,1,0,False,all_ads,/r/CryptoCurrency/comments/unx19r/how_did_terraluna_trick_so_many_people/,False,6,moderator,1652347159,1,[removed],True,False,False,CryptoCurrency,t5_2wlj3,4832368,public,self,How did TerraLuna trick so many people?,0,[],1.0,https://www.reddit.com/r/CryptoCurrency/comments/unx19r/how_did_terraluna_trick_so_many_people/,all_ads,6,1652318348.0,,,,,,,,,
5,[],False,MSOJohnny,,,[],,,text,t2_blsbdpdr,False,False,False,[],False,False,1652346324,self.CryptoCurrency,https://www.reddit.com/r/CryptoCurrency/comments/unwulz/what_is_terraluna_and_how_did_a_20_year_old/,{},unwulz,False,False,False,False,False,False,True,False,#7193ff,DISCUSSION,"[{'e': 'text', 't': 'DISCUSSION'}]",87049662-0882-11e5-82e1-0e9d1a9f7761,DISCUSSION,dark,richtext,False,False,True,1,0,False,all_ads,/r/CryptoCurrency/comments/unwulz/what_is_terraluna_and_how_did_a_20_year_old/,False,6,moderator,1652346335,1,[removed],True,False,False,CryptoCurrency,t5_2wlj3,4832298,public,self,What is TerraLuna and how did a 20 year old become a billionaire by getting so many people to invest large amounts?,0,[],1.0,https://www.reddit.com/r/CryptoCurrency/comments/unwulz/what_is_terraluna_and_how_did_a_20_year_old/,all_ads,6,1652317524.0,,,,,,,,,
6,[],False,user40fo,,,[],,,text,t2_mmo2e7dr,False,False,False,[],False,False,1652339082,self.CryptoCurrency,https://www.reddit.com/r/CryptoCurrency/comments/unv75u/wtf_so_many_people_are_talking_suicide_to_the/,{},unv75u,False,False,False,False,False,False,True,False,#0aa18f,NEWS,"[{'e': 'text', 't': 'GENERAL-NEWS'}]",f170aab2-246f-11ec-8143-429a193c9848,GENERAL-NEWS,light,richtext,False,False,True,1,0,False,all_ads,/r/CryptoCurrency/comments/unv75u/wtf_so_many_people_are_talking_suicide_to_the/,False,6,moderator,1652339093,1,[removed],True,False,False,CryptoCurrency,t5_2wlj3,4831618,public,self,WTF: so many people are talking suicide to the point that mods have locked the sub of new threads over at r/terraluna,0,[],1.0,https://www.reddit.com/r/CryptoCurrency/comments/unv75u/wtf_so_many_people_are_talking_suicide_to_the/,all_ads,6,1652310282.0,,,,,,,,,
7,[],False,many-brain-tabs-open,,Warning-level1-1,"[{'e': 'text', 't': 'Bronze'}]",Bronze,dark,richtext,t2_69utqr1f,False,False,False,[],False,False,1652334485,self.terraluna,https://www.reddit.com/r/CryptoCurrency/comments/unu1z6/sharing_this_really_valuable_post_from_rterraluna/,{},unu1z6,False,True,False,False,False,True,False,False,#5a74cc,PERSPECTIVE,"[{'e': 'text', 't': 'PERSPECTIVE'}]",1b44cdb2-2a6c-11ec-9baf-0aa21184cd0a,PERSPECTIVE,light,richtext,False,False,False,0,0,False,all_ads,/r/CryptoCurrency/comments/unu1z6/sharing_this_really_valuable_post_from_rterraluna/,False,6,,1652334495,1,,True,False,False,CryptoCurrency,t5_2wlj3,4831187,public,default,Sharing this really valuable post from r/terraluna,0,[],1.0,/r/terraluna/comments/un3p23/if_you_bought_in_yesterday_at_30_it_needs_to_go/,all_ads,6,1652305685.0,new,t3_un3p23,"[{'all_awardings': [], 'allow_live_comments': True, 'approved_at_utc': None, 'approved_by': None, 'archived': False, 'author': 'lakatosbruno_bajnok', 'author_flair_background_color': None, 'author_flair_css_class': None, 'author_flair_richtext': [], 'author_flair_template_id': None, 'author_flair_text': None, 'author_flair_text_color': None, 'author_flair_type': 'text', 'author_fullname': 't2_2bx733d8', 'author_is_blocked': False, 'author_patreon_flair': False, 'author_premium': False, 'awarders': [], 'banned_at_utc': None, 'banned_by': None, 'can_gild': True, 'can_mod_post': False, 'category': None, 'clicked': False, 'content_categories': None, 'contest_mode': False, 'created': 1652251996.0, 'created_utc': 1652251996.0, 'discussion_type': None, 'distinguished': None, 'domain': 'self.terraluna', 'downs': 0, 'edited': False, 'gilded': 0, 'gildings': {}, 'hidden': False, 'hide_score': False, 'id': 'un3p23', 'is_created_from_ads_ui': False, 'is_crosspostable': True, 'is_meta': False, 'is_original_content': False, 'is_reddit_media_domain': False, 'is_robot_indexable': True, 'is_self': True, 'is_video': False, 'likes': None, 'link_flair_background_color': '#7193ff', 'link_flair_css_class': '', 'link_flair_richtext': [], 'link_flair_template_id': '844cbda8-be27-11eb-b4ba-0e4cc1e38c35', 'link_flair_text': 'Discussion', 'link_flair_text_color': 'dark', 'link_flair_type': 'text', 'locked': False, 'media': None, 'media_embed': {}, 'media_only': False, 'mod_note': None, 'mod_reason_by': None, 'mod_reason_title': None, 'mod_reports': [], 'name': 't3_un3p23', 'no_follow': False, 'num_comments': 37, 'num_crossposts': 1, 'num_reports': None, 'over_18': False, 'parent_whitelist_status': 'all_ads', 'permalink': '/r/terraluna/comments/un3p23/if_you_bought_in_yesterday_at_30_it_needs_to_go/', 'pinned': False, 'pwls': 6, 'quarantine': False, 'removal_reason': None, 'removed_by': None, 'removed_by_category': None, 'report_reasons': None, 'saved': False, 'score': 43, 'secure_media': None, 'secure_media_embed': {}, 'selftext': 'Be very careful if you plan to buy in today.', 'selftext_html': '&lt;!-- SC_OFF --&gt;&lt;div class=""md""&gt;&lt;p&gt;Be very careful if you plan to buy in today.&lt;/p&gt;\n&lt;/div&gt;&lt;!-- SC_ON --&gt;', 'send_replies': True, 'spoiler': False, 'stickied': False, 'subreddit': 'terraluna', 'subreddit_id': 't5_2y4t5', 'subreddit_name_prefixed': 'r/terraluna', 'subreddit_subscribers': 48178, 'subreddit_type': 'restricted', 'suggested_sort': None, 'thumbnail': 'self', 'thumbnail_height': None, 'thumbnail_width': None, 'title': 'If you bought in yesterday at $30, it needs to go up 330% for you to break even.', 'top_awarded_type': None, 'total_awards_received': 0, 'treatment_tags': [], 'ups': 43, 'upvote_ratio': 0.85, 'url': 'https://www.reddit.com/r/terraluna/comments/un3p23/if_you_bought_in_yesterday_at_30_it_needs_to_go/', 'user_reports': [], 'view_count': None, 'visited': False, 'whitelist_status': 'all_ads', 'wls': 6}]",/r/terraluna/comments/un3p23/if_you_bought_in_yesterday_at_30_it_needs_to_go/,,,,,
8,[],False,Omega3568,,,"[{'e': 'text', 't': 'Platinum | QC: CC 340, BTC 129 | SHIB 37'}]","Platinum | QC: CC 340, BTC 129 | SHIB 37",dark,richtext,t2_a96f4c81,False,False,False,[],False,False,1652331191,self.CryptoCurrency,https://www.reddit.com/r/CryptoCurrency/comments/unt5be/terraluna_sub_and_compassion/,{},unt5be,False,True,False,False,False,True,True,False,#5a74cc,PERSPECTIVE,"[{'e': 'text', 't': 'PERSPECTIVE'}]",1b44cdb2-2a6c-11ec-9baf-0aa21184cd0a,PERSPECTIVE,light,richtext,False,False,True,0,0,False,all_ads,/r/CryptoCurrency/comments/unt5be/terraluna_sub_and_compassion/,False,6,,1652331202,1,"I just took a trip over to r/terraluna and I have to say, most of us are hurting right now but those people literally lost everything.

There is post after posts of users actively contemplating suicide after losing everything.

I know it’s easy to dunk on their terrible Lead as all of Kwon’s tweets are super cringe. After hearing the story of how his incompetence caused this project to fail it’s also easy to dunk on the investors.

But maybe take a moment to reach out, if that’s not brigading, lend some support.

After all, we all invested in cryptocurrency to hopefully have a better life, break free from the corrupted FED, the manipulative stock market, to be our own bank…just to for a hope of having an edge in this life where literally EVERYTHING is harder, more expensive, and stressful. 

There is always a way out, if you feel hopeless, talk to someone.",True,False,False,CryptoCurrency,t5_2wlj3,4830864,public,self,TerraLuna sub and compassion…,0,[],1.0,https://www.reddit.com/r/CryptoCurrency/comments/unt5be/terraluna_sub_and_compassion/,all_ads,6,1652302391.0,new,,,,,,,,
9,[],False,Spinedaddy,,Warning-level2-2,"[{'e': 'text', 't': 'Tin | CRO 100 | ExchSubs 100'}]",Tin | CRO 100 | ExchSubs 100,dark,richtext,t2_a2sjstjr,False,False,False,[],False,False,1652329408,self.CryptoCurrency,https://www.reddit.com/r/CryptoCurrency/comments/unsnaw/rterraluna_now_shut_down/,{},unsnaw,False,True,False,False,False,True,True,False,#5a74cc,PERSPECTIVE,"[{'e': 'text', 't': 'PERSPECTIVE'}]",1b44cdb2-2a6c-11ec-9baf-0aa21184cd0a,PERSPECTIVE,light,richtext,False,False,True,0,0,False,all_ads,/r/CryptoCurrency/comments/unsnaw/rterraluna_now_shut_down/,False,6,,1652329419,1,"No joke. No recent posts. The Reddit page r/terraluna has shut down as most posts were about suicide. In all my years of investing I’ve never seen such a rapid reversal of fortune as witnessed in 24hrs of the LUNA/UST debacle. (Ok - well maybe Black Monday October 1987). 
This message is for all those just found themselves in financial ruin -
Take a deep breath and step away for a moment. Think of the things/people in your life that truly matter. Don’t do anything rash. Re-assess later and let a cooler head prevail.",True,False,False,CryptoCurrency,t5_2wlj3,4830714,public,self,R/terraluna now shut down,0,[],1.0,https://www.reddit.com/r/CryptoCurrency/comments/unsnaw/rterraluna_now_shut_down/,all_ads,6,1652300608.0,new,,,,,,,,
10,[],False,telestitch,,Warning-level2-2,"[{'e': 'text', 't': 'Tin'}]",Tin,dark,richtext,t2_2f6vbktu,False,False,False,[],False,False,1652320258,self.CryptoCurrency,https://www.reddit.com/r/CryptoCurrency/comments/unprc6/rterraluna_locked_all_new_posts_12_hours_ago/,{},unprc6,False,False,False,False,False,False,True,False,#7193ff,DISCUSSION,"[{'e': 'text', 't': 'DISCUSSION'}]",87049662-0882-11e5-82e1-0e9d1a9f7761,DISCUSSION,dark,richtext,False,False,True,0,0,False,all_ads,/r/CryptoCurrency/comments/unprc6/rterraluna_locked_all_new_posts_12_hours_ago/,False,6,moderator,1652320269,1,[removed],True,False,False,CryptoCurrency,t5_2wlj3,4830012,public,self,r/terraluna locked all new posts 12 hours ago,0,[],1.0,https://www.reddit.com/r/CryptoCurrency/comments/unprc6/rterraluna_locked_all_new_posts_12_hours_ago/,all_ads,6,1652291458.0,,,,,,,,,
11,[],False,Jean_Claude_Van_Darn,,,[],,,text,t2_pbcro,False,False,False,[],False,False,1652309242,i.redd.it,https://www.reddit.com/r/Bitcoin/comments/unm6ny/holy_smokes_i_thought_i_was_having_a_hard_time/,{},unm6ny,False,True,False,False,True,True,False,False,,,[],,,dark,text,False,False,False,0,0,False,all_ads,/r/Bitcoin/comments/unm6ny/holy_smokes_i_thought_i_was_having_a_hard_time/,False,6,,1652309252,1,,False,False,False,Bitcoin,t5_2s3qj,4181177,public,https://b.thumbs.redditmedia.com/lVsiAqXTO3mOnbr51lYS3JCwZzYg-7jG89O2wmciSuA.jpg,Holy smokes I thought I was having a hard time but r/terraluna is not doing well. 😳,0,[],1.0,https://i.redd.it/tens24h6exy81.jpg,all_ads,6,1652280442.0,,,,https://i.redd.it/tens24h6exy81.jpg,image,"{'enabled': True, 'images': [{'id': 'Rjoejj9aoWcSVv1AjpzuDnARfv4G6T7HcrFYv2-XrxE', 'resolutions': [{'height': 153, 'url': 'https://preview.redd.it/tens24h6exy81.jpg?width=108&amp;crop=smart&amp;auto=webp&amp;s=48d1399862e761bc04d340b692fea7cf03b96820', 'width': 108}, {'height': 306, 'url': 'https://preview.redd.it/tens24h6exy81.jpg?width=216&amp;crop=smart&amp;auto=webp&amp;s=babcfbf6d081068454b32975cabce0116de5df60', 'width': 216}, {'height': 454, 'url': 'https://preview.redd.it/tens24h6exy81.jpg?width=320&amp;crop=smart&amp;auto=webp&amp;s=2f033b878c3a167cee1640d1056ddb48763c195a', 'width': 320}, {'height': 909, 'url': 'https://preview.redd.it/tens24h6exy81.jpg?width=640&amp;crop=smart&amp;auto=webp&amp;s=203a406c5c184b0dba990ef4e2e6852fc5d80ddf', 'width': 640}, {'height': 1363, 'url': 'https://preview.redd.it/tens24h6exy81.jpg?width=960&amp;crop=smart&amp;auto=webp&amp;s=e866ef2ff561e7ca88bec775cb7c9d23fb68cdbd', 'width': 960}, {'height': 1534, 'url': 'https://preview.redd.it/tens24h6exy81.jpg?width=1080&amp;crop=smart&amp;auto=webp&amp;s=07332efd309a19775ce88bd97b6f6cd844213216', 'width': 1080}], 'source': {'height': 1598, 'url': 'https://preview.redd.it/tens24h6exy81.jpg?auto=webp&amp;s=fd56bcd77457a74a70d51459ab4975716493a285', 'width': 1125}, 'variants': {}}]}",140.0,140.0,
12,[],False,Underrated321,, testing CSS,"[{'e': 'text', 't': ' testing text'}]", testing text,dark,richtext,t2_727lxcre,False,False,False,[],False,False,1652303457,self.CryptoCurrency,https://www.reddit.com/r/CryptoCurrency/comments/unk3s6/once_again_in_the_past_24_hours_1_billion_longs/,{},unk3s6,False,True,False,False,False,True,True,False,#0aa18f,NEWS,"[{'e': 'text', 't': 'GENERAL-NEWS'}]",f170aab2-246f-11ec-8143-429a193c9848,GENERAL-NEWS,light,richtext,False,False,True,0,0,False,all_ads,/r/CryptoCurrency/comments/unk3s6/once_again_in_the_past_24_hours_1_billion_longs/,False,6,,1652303468,1,"$160 million of which was just from TerraLuna.

[1 billi gone](https://preview.redd.it/zz1opj8jwwy81.png?width=1429&amp;format=png&amp;auto=webp&amp;s=59d9d5c7050b61785464d83178f5df82210a6daa)

In the past 24 hours , 358,222 traders were liquidated, the total liquidations come in at $1.01 billion.

The largest single liquidation order happened on Binance - ETHUSDT value of $17.77M.

As we know shorts are not the only ones getting destroyed by using leverage and it's equally as dangerous to use leverage on long positions. 

Just in the last 24 hours, $940 million of longs was liquidated.

$600 million was wiped just from BTC, ETH and Terra. 

[Source](https://www.coinglass.com/LiquidationData)

Remember, don't use leverage as it is one of the fastest ways to lose your money. 

“The ~~stock~~ crypto market is a device for transferring money from the impatient to the patient.”

\- Warren Buffett",True,False,False,CryptoCurrency,t5_2wlj3,4828622,public,https://b.thumbs.redditmedia.com/6MvXK2C8tTh6bNsL6tf4AM2fTIc4vUlhYerK8l1syPM.jpg,"Once again, in the past 24 hours, $1 BILLION longs were liquidated",0,[],1.0,https://www.reddit.com/r/CryptoCurrency/comments/unk3s6/once_again_in_the_past_24_hours_1_billion_longs/,all_ads,6,1652274657.0,new,,,,self,"{'enabled': False, 'images': [{'id': 'l8gcKQqA_oK0RgMZIJEZ1OSamtHCrSRq4br9WPoVwj0', 'resolutions': [{'height': 108, 'url': 'https://external-preview.redd.it/_kEhmtpnIpPKLJ_VrO8qKOtzfj8nxw-Z5_C1cjrtQyE.jpg?width=108&amp;crop=smart&amp;auto=webp&amp;s=aa57576214392cc71a5e093905233861c07e3b50', 'width': 108}, {'height': 216, 'url': 'https://external-preview.redd.it/_kEhmtpnIpPKLJ_VrO8qKOtzfj8nxw-Z5_C1cjrtQyE.jpg?width=216&amp;crop=smart&amp;auto=webp&amp;s=af692edeea271904d65d9ecf4c81abf743307371', 'width': 216}, {'height': 320, 'url': 'https://external-preview.redd.it/_kEhmtpnIpPKLJ_VrO8qKOtzfj8nxw-Z5_C1cjrtQyE.jpg?width=320&amp;crop=smart&amp;auto=webp&amp;s=b88592627256ef5da6c2bd3745a57e7e0a503d64', 'width': 320}], 'source': {'height': 417, 'url': 'https://external-preview.redd.it/_kEhmtpnIpPKLJ_VrO8qKOtzfj8nxw-Z5_C1cjrtQyE.jpg?auto=webp&amp;s=c0789c4f2962ae935f868f32959fbef0d4d2ad61', 'width': 417}, 'variants': {}}]}",17.0,140.0,"{'zz1opj8jwwy81': {'e': 'Image', 'id': 'zz1opj8jwwy81', 'm': 'image/png', 'p': [{'u': 'https://preview.redd.it/zz1opj8jwwy81.png?width=108&amp;crop=smart&amp;auto=webp&amp;s=661c7d3d3e715aa996d19ac3bb932cb1c0de3af6', 'x': 108, 'y': 13}, {'u': 'https://preview.redd.it/zz1opj8jwwy81.png?width=216&amp;crop=smart&amp;auto=webp&amp;s=b17a9a59e19b240ca0f0791f6472c7277ec94838', 'x': 216, 'y': 26}, {'u': 'https://preview.redd.it/zz1opj8jwwy81.png?width=320&amp;crop=smart&amp;auto=webp&amp;s=dfd46c1c07026d55075cd6a642b022fe9d35fd24', 'x': 320, 'y': 39}, {'u': 'https://preview.redd.it/zz1opj8jwwy81.png?width=640&amp;crop=smart&amp;auto=webp&amp;s=8eeba05cfc771f67ea032f43cc835216a5df7415', 'x': 640, 'y': 79}, {'u': 'https://preview.redd.it/zz1opj8jwwy81.png?width=960&amp;crop=smart&amp;auto=webp&amp;s=bcbfc35822b4ecdc13748acd4456901bc9a85bc1', 'x': 960, 'y': 118}, {'u': 'https://preview.redd.it/zz1opj8jwwy81.png?width=1080&amp;crop=smart&amp;auto=webp&amp;s=3a9529adc1b7e607a4b2d11039e885dd462d941e', 'x': 1080, 'y': 133}], 's': {'u': 'https://preview.redd.it/zz1opj8jwwy81.png?width=1429&amp;format=png&amp;auto=webp&amp;s=59d9d5c7050b61785464d83178f5df82210a6daa', 'x': 1429, 'y': 177}, 'status': 'valid'}}"
13,[],False,Horizon0D,,Warning-level1-1,"[{'e': 'text', 't': 'Bronze | QC: CC 18'}]",Bronze | QC: CC 18,dark,richtext,t2_1kb7roa,False,False,False,[],False,False,1652295054,self.CryptoCurrency,https://www.reddit.com/r/CryptoCurrency/comments/ungzko/there_is_0_chance_that_98_drop_was_caused_by/,{},ungzko,False,True,False,False,False,True,True,False,#cc8b00,SPECULATION,"[{'e': 'text', 't': 'SPECULATION'}]",ebb30328-94d1-11eb-94d6-0e7d4f551e2d,SPECULATION,light,richtext,False,False,True,0,0,False,all_ads,/r/CryptoCurrency/comments/ungzko/there_is_0_chance_that_98_drop_was_caused_by/,False,6,,1652295065,1,"First of all, I am thankfully not invested in TerraLuna. My heart goes out to everyone impacted by the price drop and I hope you seek the necessary help. Nothing is worth losing your life over. 

Terra's market dropped from 6.7 billion USD to 790 million USD in 24 hours. Do people seriously think that this sharp decline in price can be tied to retail dumping billions in a matter of hours? Bullshit. 

Few whales got together and exploited the mistake on Terras part, eventually wiping out retail money for their own profit. There is no evidence yet as it is too soon to be 100% sure, but there are many theories about potential exploits and some people have been warning in the past about it.",True,False,False,CryptoCurrency,t5_2wlj3,4827804,public,self,There is 0% chance that 98% drop was caused by retail selling. This is a coordinated attack.,0,[],1.0,https://www.reddit.com/r/CryptoCurrency/comments/ungzko/there_is_0_chance_that_98_drop_was_caused_by/,all_ads,6,1652266254.0,new,,,,,,,,
