,all_awardings,allow_live_comments,author,author_flair_background_color,author_flair_css_class,author_flair_richtext,author_flair_text,author_flair_text_color,author_flair_type,author_fullname,author_is_blocked,author_patreon_flair,author_premium,awarders,can_mod_post,contest_mode,created_utc,domain,full_link,gildings,id,is_created_from_ads_ui,is_crosspostable,is_meta,is_original_content,is_reddit_media_domain,is_robot_indexable,is_self,is_video,link_flair_background_color,link_flair_css_class,link_flair_richtext,link_flair_template_id,link_flair_text,link_flair_text_color,link_flair_type,locked,media_only,no_follow,num_comments,num_crossposts,over_18,parent_whitelist_status,permalink,pinned,pwls,retrieved_on,score,selftext,send_replies,spoiler,stickied,subreddit,subreddit_id,subreddit_subscribers,subreddit_type,suggested_sort,thumbnail,title,total_awards_received,treatment_tags,upvote_ratio,url,whitelist_status,wls,created,post_hint,preview,thumbnail_height,thumbnail_width,url_overridden_by_dest,removed_by_category
0,[],False,FractalImagination,,,"[{'e': 'text', 't': 'Platinum | QC: CC 118'}]",Platinum | QC: CC 118,dark,richtext,t2_1vobr9ku,False,False,False,[],False,False,1652443450,self.CryptoCurrency,https://www.reddit.com/r/CryptoCurrency/comments/uoq6zy/why_would_terra_design_their_stable_coin_like_that/,{},uoq6zy,False,True,False,False,False,True,True,False,#7193ff,DISCUSSION,"[{'e': 'text', 't': 'DISCUSSION'}]",87049662-0882-11e5-82e1-0e9d1a9f7761,DISCUSSION,dark,richtext,False,False,False,0,0,False,all_ads,/r/CryptoCurrency/comments/uoq6zy/why_would_terra_design_their_stable_coin_like_that/,False,6,1652443461,1,"I was watching a video explaining what happened to Terra Usd and Terra Luna. The guy was saying things about how it was corelated to how the stock market crashed and people put sell pressure on Terra which destabilized TerraUsd. That caused a domino effect. 

I heard somewhere else that there was one massive sell off from one company that triggered this whole thing.

All that doesn't matter, what he said that caught my attention is that Terra Luna has a direct effect on their stable coin. If there's too much sell pressure on Terra then their Stable coin destabilizes.

How in the hell does ANYONE think this is a good idea. Why would they design their coin like that. There is no way that they didn't think of what the implications of a stock market crash would have. 

So i may be wrong about all of this but that's what the guy was saying.

If that's true, then that opens up a whole conspiracy aspect of this conversation. Was it designed to fail from the very beginning to speed up regulation on the industry?

And from what i hear, there are people who saw this coming and were trying to warn others. 

This whole thing is fishy. 

Can someone explain to me why they would design their Stable coin like that?",True,False,False,CryptoCurrency,t5_2wlj3,4843464,public,new,self,Why would Terra design their stable coin like that?,0,[],1.0,https://www.reddit.com/r/CryptoCurrency/comments/uoq6zy/why_would_terra_design_their_stable_coin_like_that/,all_ads,6,1652414650.0,,,,,,
1,[],False,AdiLovesYou,,,[],,,text,t2_m3bcu9fb,False,False,False,[],False,False,1652432425,self.CryptoCurrency,https://www.reddit.com/r/CryptoCurrency/comments/uonhdg/with_the_tumbling_prices_what_are_your_thoughts/,{},uonhdg,False,True,False,False,False,True,True,False,#7193ff,DISCUSSION,"[{'e': 'text', 't': 'DISCUSSION'}]",87049662-0882-11e5-82e1-0e9d1a9f7761,DISCUSSION,dark,richtext,False,False,True,0,0,False,all_ads,/r/CryptoCurrency/comments/uonhdg/with_the_tumbling_prices_what_are_your_thoughts/,False,6,1652432435,1,"TerraUSD losing its 1:1 peg has sent shockwaves. Bitcoin's price has been tumbling. Its a crushing defeat to the ATH achieved in 2021, and has reached its lowest level since December 2020.

The quick way in which the market has spiralled downwards, is shocking at best.
Market sentiment is negative. Cash flow is reducing. Interest rates have risen, as a result of the Governments' policy move to curb inflation.
I read that inflation in the US is around 8 percent, which far exceeds the expected inflation rate(around 2 percent).

The stock markets are down too, but not in a completely bearish state yet since prices have gone down only 15 percent(when i checked yesterday).

What do you think is the future of the vast potential you thought the crypto currency market and blockchain technology has to offer?

Would you still invest your money in a market as speculative as this, that it tumbles at the drop of a hat?

What if more severe major world events happen, which lead to further decline in crypto currency prices?",True,False,False,CryptoCurrency,t5_2wlj3,4842245,public,,self,"With the tumbling prices, what are your thoughts on the future of the crypto currency markets?",0,[],1.0,https://www.reddit.com/r/CryptoCurrency/comments/uonhdg/with_the_tumbling_prices_what_are_your_thoughts/,all_ads,6,1652403625.0,,,,,,
2,[],False,cmstrump,,Transitioning,"[{'e': 'text', 't': ' '}]", ,dark,richtext,t2_wlpva,False,False,False,[],False,False,1652421702,self.CryptoCurrency,https://www.reddit.com/r/CryptoCurrency/comments/uol31d/what_is_going_on_with_terra_luna_and_terrausd_ust/,{},uol31d,False,True,False,False,False,True,True,False,#add2e2,ADVICE,"[{'e': 'text', 't': 'ANALYSIS'}]",c1034ee6-9c2a-11e3-a8c4-12313b0e8e20,ANALYSIS,dark,richtext,False,False,True,0,0,False,all_ads,/r/CryptoCurrency/comments/uol31d/what_is_going_on_with_terra_luna_and_terrausd_ust/,False,6,1652421713,1,"Some analysts remain heavily sceptical over Bitcoin being used to back a stablecoin, considering that the biggest cryptocurrency has lost nearly 20% of its value in a week. Briefly dropping below the $30,000 mark for the first time in ten months, Bitcoin faces hurdles of its own: [What Is Going On With Terra (LUNA) and TerraUSD (UST)?](https://www.oobit.com/blog/terra-luna-terrausd-ust-market-update/)

Despite the injection of BTC, UST remained unable to return to its $1 peg causing grave concern for the so-called “stability” of stablecoins - this stablecoin is an algorithmic stablecoin maintained using smart contracts and LUNA while other big cryptocurrencies such as Tether and USD Coin are pegged to a fiat currency.",True,False,False,CryptoCurrency,t5_2wlj3,4841153,public,,self,What Is Going On With Terra (LUNA) and TerraUSD (UST) - Terra LUNA and UST Crash Explained,0,[],1.0,https://www.reddit.com/r/CryptoCurrency/comments/uol31d/what_is_going_on_with_terra_luna_and_terrausd_ust/,all_ads,6,1652392902.0,self,"{'enabled': False, 'images': [{'id': 'CxLZIc8FKv3hf8VSuscyBGmkB0JTji1x6Sta_DCE4X0', 'resolutions': [{'height': 60, 'url': 'https://external-preview.redd.it/HwXdIZAXQvLNQC_G7cGLF8Md7-RLl5uC1TNJEFgXiYs.jpg?width=108&amp;crop=smart&amp;auto=webp&amp;s=95bf844a045efd3c137f3fca39e925c3a86961bb', 'width': 108}, {'height': 121, 'url': 'https://external-preview.redd.it/HwXdIZAXQvLNQC_G7cGLF8Md7-RLl5uC1TNJEFgXiYs.jpg?width=216&amp;crop=smart&amp;auto=webp&amp;s=de0f4639ee83c9c628cd4f451928bcdd57ecc2dc', 'width': 216}, {'height': 180, 'url': 'https://external-preview.redd.it/HwXdIZAXQvLNQC_G7cGLF8Md7-RLl5uC1TNJEFgXiYs.jpg?width=320&amp;crop=smart&amp;auto=webp&amp;s=4c449823bcbbe08f78f664bc9b3fe53e5f277108', 'width': 320}, {'height': 360, 'url': 'https://external-preview.redd.it/HwXdIZAXQvLNQC_G7cGLF8Md7-RLl5uC1TNJEFgXiYs.jpg?width=640&amp;crop=smart&amp;auto=webp&amp;s=0ac368943587c06d25c45fea73a0ca8ae81ee10d', 'width': 640}, {'height': 540, 'url': 'https://external-preview.redd.it/HwXdIZAXQvLNQC_G7cGLF8Md7-RLl5uC1TNJEFgXiYs.jpg?width=960&amp;crop=smart&amp;auto=webp&amp;s=ee51bb531ab4b21e515e859762e72e7994e9966c', 'width': 960}, {'height': 607, 'url': 'https://external-preview.redd.it/HwXdIZAXQvLNQC_G7cGLF8Md7-RLl5uC1TNJEFgXiYs.jpg?width=1080&amp;crop=smart&amp;auto=webp&amp;s=1f4098d03b9bdd74d61956e41278b19fe77becc9', 'width': 1080}], 'source': {'height': 1080, 'url': 'https://external-preview.redd.it/HwXdIZAXQvLNQC_G7cGLF8Md7-RLl5uC1TNJEFgXiYs.jpg?auto=webp&amp;s=073c263de3f41b4842fede8a8c1eaa30614179cb', 'width': 1920}, 'variants': {}}]}",,,,
3,[],False,NotPresidentChump,,,"[{'e': 'text', 't': 'Platinum | QC: DOGE 337, CC 83 | r/WSB 162'}]","Platinum | QC: DOGE 337, CC 83 | r/WSB 162",dark,richtext,t2_2fy5dg63,False,False,True,[],False,False,1652419833,markets.businessinsider.com,https://www.reddit.com/r/CryptoCurrency/comments/uokmkn/terrausd_founder_do_kwon_mocked_an_economist_for/,{},uokmkn,False,True,False,False,False,True,False,False,,GENERAL-NEWS,"[{'e': 'text', 't': '🟢 GENERAL-NEWS'}]",,🟢 GENERAL-NEWS,dark,richtext,False,False,True,0,0,False,all_ads,/r/CryptoCurrency/comments/uokmkn/terrausd_founder_do_kwon_mocked_an_economist_for/,False,6,1652419843,1,,False,False,False,CryptoCurrency,t5_2wlj3,4840912,public,,https://b.thumbs.redditmedia.com/vBNPwT7ggLwkHgsKv0wJ-cdkXAC0h6qOOThC7yjsV1o.jpg,TerraUSD founder Do Kwon mocked an economist for being 'poor' after she criticized his cryptocurrency — which is now collapsing,0,[],1.0,https://markets.businessinsider.com/news/currencies/terra-usd-ust-luna-do-kwon-poor-critics-crypto-crash-2022-5,all_ads,6,1652391033.0,link,"{'enabled': False, 'images': [{'id': 'i5o4jc9nuwO2xhd5YvFziL7ZHK_IK3g4691gnFRbIrY', 'resolutions': [{'height': 54, 'url': 'https://external-preview.redd.it/O_3g3Mub7YOxrpMAV_PEQ9LCKKMlHHzSOCR9ZYLDQsI.jpg?width=108&amp;crop=smart&amp;auto=webp&amp;s=84fc49ba414cdde8bb66784e7751a258cf49f4be', 'width': 108}, {'height': 108, 'url': 'https://external-preview.redd.it/O_3g3Mub7YOxrpMAV_PEQ9LCKKMlHHzSOCR9ZYLDQsI.jpg?width=216&amp;crop=smart&amp;auto=webp&amp;s=25c4a2523191a49ef3133d42edc37a996b05baee', 'width': 216}, {'height': 160, 'url': 'https://external-preview.redd.it/O_3g3Mub7YOxrpMAV_PEQ9LCKKMlHHzSOCR9ZYLDQsI.jpg?width=320&amp;crop=smart&amp;auto=webp&amp;s=9d20b3494695e6285c1a2cbf7a97b419f6339fed', 'width': 320}, {'height': 320, 'url': 'https://external-preview.redd.it/O_3g3Mub7YOxrpMAV_PEQ9LCKKMlHHzSOCR9ZYLDQsI.jpg?width=640&amp;crop=smart&amp;auto=webp&amp;s=8af82372785fb63fa0d43308069adcdbb393b0cf', 'width': 640}, {'height': 480, 'url': 'https://external-preview.redd.it/O_3g3Mub7YOxrpMAV_PEQ9LCKKMlHHzSOCR9ZYLDQsI.jpg?width=960&amp;crop=smart&amp;auto=webp&amp;s=59ad6f384d7e595fb629651b2c1f8e62bc8c845e', 'width': 960}, {'height': 540, 'url': 'https://external-preview.redd.it/O_3g3Mub7YOxrpMAV_PEQ9LCKKMlHHzSOCR9ZYLDQsI.jpg?width=1080&amp;crop=smart&amp;auto=webp&amp;s=3865e56c53da81f07b236d3678a2e8bb74f739f0', 'width': 1080}], 'source': {'height': 600, 'url': 'https://external-preview.redd.it/O_3g3Mub7YOxrpMAV_PEQ9LCKKMlHHzSOCR9ZYLDQsI.jpg?auto=webp&amp;s=234dbd73e48fcacb6fa2f473254cf6ab4effeefd', 'width': 1200}, 'variants': {}}]}",70.0,140.0,https://markets.businessinsider.com/news/currencies/terra-usd-ust-luna-do-kwon-poor-critics-crypto-crash-2022-5,
4,[],False,Lionblaze321,,,[],,,text,t2_i6jl9qt,False,False,False,[],False,False,1652407919,self.CryptoCurrency,https://www.reddit.com/r/CryptoCurrency/comments/uoh9g7/lettuce_morn_our_loses_and_learn_our_lessons/,{},uoh9g7,False,True,False,False,False,True,True,False,#7193ff,DISCUSSION,"[{'e': 'text', 't': 'DISCUSSION'}]",87049662-0882-11e5-82e1-0e9d1a9f7761,DISCUSSION,dark,richtext,False,False,True,0,0,False,all_ads,/r/CryptoCurrency/comments/uoh9g7/lettuce_morn_our_loses_and_learn_our_lessons/,False,6,1652407929,1,"Hello all,

I think UST coin has us all feeling some type of way. We all for the most part knew the risk and probably we thought we were being so careful. I mean as long as its $1 to 1 UST. We can't lose, right? Well we messed up and were greedy. We all did our research, we all believed this was ""safe"" or at least safe enough. I'm creating this form just for people to express their losses, to reaffirm that we are not crazy. This really was a solid project. We all calculated the risk, but we can't control the world and it works in mysterious ways. The timing seems to off, right before the feds start talking about regulation and right as most of us were about to take out some UST for the upcoming bear/recession money. I will admit, I believe there is very shady people behind this. However, we do have to take responsibility for our actions. Let never forgot and learn. Now please use this form to express the frustration, your mindset and defend why you thought this was a ""safe enough"" plan. I will go first...

&amp;#x200B;

Anchor protocol kept coming up in my feeds, in YouTube channels and other media. I thought ""no way"" this isn't possible, but as it kept popping up. It was still working, people were using it. Months went by. How could this still be prosperous? So I looked into the coins. TerraUSD (UST) and Luna. I researched the hell out of this algorithmic process and was convinced. I mean it made sense. Luna helped UST, UST helped Luna, the liquidity was enough, process was proven to be able to recover (twice). So I bought some Luna around 40$ and was like ""Okay we will see"". For UST,  I was skeptical about going through the annoying process of buying on an exchange. (I used Gemini, not a ton of options in NY as NY requires a ""bit license"" ) transferring to Kucoin to get UST and finally hooking up terra station/anchor.  In a month, I earned more than I had earned in any bank in my life. It works! I transferred a small amount out and as promised it was 1:1 with USD. I got addicted to that easy cash. Let me be clear, I knew it wasn't sustainable and got scared in February, but once they pumped the reserves I really start transferring in all my stable coin into UST. Now I will admit I did diversify my savings. However, I only recently got a ""real job"" in the last 5 months (I'm 22, just about 23). So my net worth is still pretty low, but it was about 20% of my net worth. Nonetheless, I was super careful, checked anchor daily and for further convincing. I was able to sell my Luna at just about peak $116. However, I did spend 1/4 of those profits buying the dip which is basically worth 0$ now. Anyways, between Do Kwon, the BTC backing, the yield reserves. I truly do not believe I was incorrect in thinking I had at the very least. A few weeks before considering pulling out completely. I have spent much of this week thinking about the others who do not have time on their hands to regain losses, losing their savings, or worse not being able to afford their house, bills, or other debts. Again, we knew the risk, but I do NOT believe we should be beating ourselves mentally or physically over this. The signs were ""safe...enough"" until entities beyond our control dissembled those signs out of nowhere. We weren't crazy, but we were greedy. Let's learn so people don't get hurt again. If its too good to be true, then it probably is. 

&amp;#x200B;

I hope this form can at least start healing process for many. Or at least claim back sanity for others. Please do not attack others and respect people's stories. In a way I hope this becomes some sort of AA meeting for the UST bank run. Please keep it a safe space, thank you!",True,False,False,CryptoCurrency,t5_2wlj3,4839508,public,new,self,Lettuce morn our loses and learn our lessons,0,[],1.0,https://www.reddit.com/r/CryptoCurrency/comments/uoh9g7/lettuce_morn_our_loses_and_learn_our_lessons/,all_ads,6,1652379119.0,,,,,,
5,[],False,1965hp,,,[],,,text,t2_em65nz82,False,False,False,[],False,False,1652391379,benzinga.com,https://www.reddit.com/r/Bitcoin/comments/uobw67/tether_dipped_below_100_warning_sign_of_this_to/,{},uobw67,False,False,False,False,False,False,False,False,,,[],,,dark,text,False,False,True,0,0,False,all_ads,/r/Bitcoin/comments/uobw67/tether_dipped_below_100_warning_sign_of_this_to/,False,6,1652391389,1,,True,False,False,Bitcoin,t5_2s3qj,4184423,public,,https://b.thumbs.redditmedia.com/NTHv_C-ZI4m6M6UWWXzJu52Wkl9Qx30lbHYwTmNZjqs.jpg,Tether dipped below $1.00. Warning sign of this to come perhaps USDT/USD saw its value fall as low as 95 cents — possibly a price not seen since 2017 — after Wednesday's collapse of TerraUSD UST/USD and its native protocol Terra LUNA/USD spurred fears of stablec,0,[],1.0,https://www.benzinga.com/markets/cryptocurrency/22/05/27167661/tether-untethers-from-dollar-with-usdt-falling-to-0-95-but-are-the-fears-justified,all_ads,6,1652362579.0,link,"{'enabled': False, 'images': [{'id': 'I65B4gKhGOY76JELkS5NttyudZjsd63M2bwQ9mjNglg', 'resolutions': [{'height': 72, 'url': 'https://external-preview.redd.it/Vyt7pf0R_t_tIcf2zvO-qphzV3TwW5tu9rELUCQZWoI.jpg?width=108&amp;crop=smart&amp;auto=webp&amp;s=48ce055187435ef47d42f352241aafdd3affc1d0', 'width': 108}, {'height': 144, 'url': 'https://external-preview.redd.it/Vyt7pf0R_t_tIcf2zvO-qphzV3TwW5tu9rELUCQZWoI.jpg?width=216&amp;crop=smart&amp;auto=webp&amp;s=b2131be763f281b3e01cb6762521453076887359', 'width': 216}, {'height': 213, 'url': 'https://external-preview.redd.it/Vyt7pf0R_t_tIcf2zvO-qphzV3TwW5tu9rELUCQZWoI.jpg?width=320&amp;crop=smart&amp;auto=webp&amp;s=64ad9b9cfd7bd4cbfbe1019458d41dca35fe5ce2', 'width': 320}, {'height': 426, 'url': 'https://external-preview.redd.it/Vyt7pf0R_t_tIcf2zvO-qphzV3TwW5tu9rELUCQZWoI.jpg?width=640&amp;crop=smart&amp;auto=webp&amp;s=822cbb596dbaf8f647438d6f89e0531060d80835', 'width': 640}, {'height': 640, 'url': 'https://external-preview.redd.it/Vyt7pf0R_t_tIcf2zvO-qphzV3TwW5tu9rELUCQZWoI.jpg?width=960&amp;crop=smart&amp;auto=webp&amp;s=127bf18ed273046e6127a67f258de49c75cabb26', 'width': 960}, {'height': 720, 'url': 'https://external-preview.redd.it/Vyt7pf0R_t_tIcf2zvO-qphzV3TwW5tu9rELUCQZWoI.jpg?width=1080&amp;crop=smart&amp;auto=webp&amp;s=bb138e83e24cf0209f93fc814161511aaa4dae51', 'width': 1080}], 'source': {'height': 800, 'url': 'https://external-preview.redd.it/Vyt7pf0R_t_tIcf2zvO-qphzV3TwW5tu9rELUCQZWoI.jpg?auto=webp&amp;s=25641a5a2b6c9b86d5a9c654944a00f08d0722fb', 'width': 1200}, 'variants': {}}]}",93.0,140.0,https://www.benzinga.com/markets/cryptocurrency/22/05/27167661/tether-untethers-from-dollar-with-usdt-falling-to-0-95-but-are-the-fears-justified,moderator
6,[],False,CillaKam,,Warning-level2,"[{'e': 'text', 't': '6 - 7 years account age. 175 - 350 comment karma.'}]",6 - 7 years account age. 175 - 350 comment karma.,dark,richtext,t2_jltmi,False,False,False,[],False,False,1652391084,i.redd.it,https://www.reddit.com/r/CryptoCurrency/comments/uobs2z/potential_terrausd_insights_tomorrow_from_cephii1/,{},uobs2z,False,True,False,False,True,True,False,False,#0aa18f,NEWS,"[{'e': 'text', 't': 'GENERAL-NEWS'}]",f170aab2-246f-11ec-8143-429a193c9848,GENERAL-NEWS,light,richtext,False,False,True,1,0,False,all_ads,/r/CryptoCurrency/comments/uobs2z/potential_terrausd_insights_tomorrow_from_cephii1/,False,6,1652391095,1,,False,False,False,CryptoCurrency,t5_2wlj3,4837438,public,new,https://b.thumbs.redditmedia.com/GZSm2lkUB5gTCAX9eGeywhnN9gS3-AJzJ1Sn6qOwj_Q.jpg,Potential TerraUSD insights tomorrow from @Cephii1 ??,0,[],1.0,https://i.redd.it/5sx840fj54z81.jpg,all_ads,6,1652362284.0,image,"{'enabled': True, 'images': [{'id': 'EN71XKnMg8R_KpruYqtLOCZTeE6ycaVwoASA4QgVwpw', 'resolutions': [{'height': 192, 'url': 'https://preview.redd.it/5sx840fj54z81.jpg?width=108&amp;crop=smart&amp;auto=webp&amp;s=7df8bb0bceab9e36dac840dc793fe41e0e24922a', 'width': 108}, {'height': 384, 'url': 'https://preview.redd.it/5sx840fj54z81.jpg?width=216&amp;crop=smart&amp;auto=webp&amp;s=e2ae592633e1396bb98eb2dc6a3284bf13b2c79c', 'width': 216}, {'height': 568, 'url': 'https://preview.redd.it/5sx840fj54z81.jpg?width=320&amp;crop=smart&amp;auto=webp&amp;s=f49eb49078bd76115a3c34ec0cca72886366da97', 'width': 320}, {'height': 1137, 'url': 'https://preview.redd.it/5sx840fj54z81.jpg?width=640&amp;crop=smart&amp;auto=webp&amp;s=a4298a5ca23a0b224c34841c7fcd47bda9c37bcc', 'width': 640}, {'height': 1706, 'url': 'https://preview.redd.it/5sx840fj54z81.jpg?width=960&amp;crop=smart&amp;auto=webp&amp;s=01c6a3ae82c69b5e7924ece60e02200e703719c1', 'width': 960}, {'height': 1920, 'url': 'https://preview.redd.it/5sx840fj54z81.jpg?width=1080&amp;crop=smart&amp;auto=webp&amp;s=aac5d4b90f75d7b88718b7eeafd78537c4bacd92', 'width': 1080}], 'source': {'height': 2208, 'url': 'https://preview.redd.it/5sx840fj54z81.jpg?auto=webp&amp;s=5b5911ab83fec4948e93140e9c027aa9b92eff30', 'width': 1242}, 'variants': {}}]}",140.0,140.0,https://i.redd.it/5sx840fj54z81.jpg,
7,[],False,Dry-Ad8746,,,[],,,text,t2_84j2hmc1,False,False,False,[],False,False,1652387593,self.CryptoCurrency,https://www.reddit.com/r/CryptoCurrency/comments/uoadtp/summarybasic_understanding_why_bitcoin_keeps/,{},uoadtp,False,True,False,False,False,True,True,False,#add2e2,ADVICE,"[{'e': 'text', 't': 'ANALYSIS'}]",c1034ee6-9c2a-11e3-a8c4-12313b0e8e20,ANALYSIS,dark,richtext,False,False,True,0,0,False,all_ads,/r/CryptoCurrency/comments/uoadtp/summarybasic_understanding_why_bitcoin_keeps/,False,6,1652387604,1,"The current slide of Bitcoin and other cryptocurrencies is being caused by a combination of short-term and long-term inputs, including larger financial markets and the crashing of a major stablecoin. 
       Here are some of the main factors leading to the current slump.
1)Bitcoin is connected to the rest of the financial market.
      Bitcoin, the number one cryptocurrency, has no central issuer or authority controlling it. That independence from government, many argued, should ensure that Bitcoin would hold its value through economic dips, international wars or drastic policy changes.
But the last couple of years have proven this is false. When the coronavirus pandemic crushed global markets in March 2020, so too fell Bitcoin, falling by 57%. Stock markets and cryptocurrencies then both recovered and rose at a staggering rate, which analysts believe was caused by a combination of free time, disposable income, and pandemic-relief money pumped into the world by governments.
But lately, investors have been wary that change is in the air, as inflation led the Federal Reserve and other central banks to raise interest rates. For investors looking for a safe port, Bitcoin, which swings wildly by nature, may seem too risky.
crypto evangelists predict that Bitcoin’s price will decouple from the stock market down the road—but for now, the two are very much intertwined.

2)Crypto is inherently volatile.
     Even the biggest crypto boosters will tell you that success in the crypto world is far from guaranteed. Its volatility is part of its very appeal to many speculators: that they could make money at rates far faster than that of normal stock brokers.
But with the promise of the boom also comes that of the bust. 

3) Worries about regulation and security breaches
    Given that crypto derives some of its value from people’s belief in it, markets can be rattled by surrounding skepticism or policy changes. 
4) UST
Some experts also believe that the recent struggles of UST, TerraUSD, one of the largest stablecoins, played a role in the most recent Bitcoin crash. TerraUSD, also known as UST, is a token that is designed to always be worth $1, but sank below 70 cents on Monday as holders panicked and sold off their tokens en masse in a pseudo-bank-run.",True,False,False,CryptoCurrency,t5_2wlj3,4836914,public,new,self,Summary:Basic understanding why bitcoin keeps crashing,0,[],1.0,https://www.reddit.com/r/CryptoCurrency/comments/uoadtp/summarybasic_understanding_why_bitcoin_keeps/,all_ads,6,1652358793.0,,,,,,
8,[],False,hereforthestonks-,,Warning-level2-2,"[{'e': 'text', 't': 'Tin | Superstonk 18'}]",Tin | Superstonk 18,dark,richtext,t2_anghwmsx,False,False,False,[],False,False,1652385322,self.CryptoCurrency,https://www.reddit.com/r/CryptoCurrency/comments/uo9k6j/whats_going_on_with_ust/,{},uo9k6j,False,True,False,False,False,True,True,False,#7193ff,DISCUSSION,"[{'e': 'text', 't': 'DISCUSSION'}]",87049662-0882-11e5-82e1-0e9d1a9f7761,DISCUSSION,dark,richtext,False,False,False,0,0,False,all_ads,/r/CryptoCurrency/comments/uo9k6j/whats_going_on_with_ust/,False,6,1652385332,1,"Reposting from linked in.  
Tara Annison - Head of technical crypto advisory at Elliptic


I've had quite a few people ask me this today so here's your short read on the situation.

TerraUSD (UST) is/was an algo backed stable coin pegged to the US dollar. This means that unlike fiat and crypto backed stable coins (e.g USDC, GUSD etc) which hold $1 in custody for every 1 blockchain-based representation, UST tries to maintain a peg by incentivising the ecosystem to mint and burn it's sister token LUNA. 

This is because you can always redeem 1 UST for $1 worth of LUNA, even if UST is less than $1. The exchange rate is fixed. 

This means that is UST is trading at $0.99 then market participants will buy it and redeem it for $1 of LUNA to grab the arbitrage opportunity and pocket some pennies.

Up until last mont, UST was backed only by buying and selling of LUNA however in order to bolster reserves against potential market volatility, the Luna Guard Foundation (the non-profit behind the Terra ecosystem) started buying billions of dollars of bitcoin (BTC) and avalanche (AVAX) to add to the treasury. The plan was that they could sell this if things between UST and LUNA started to get challenging.

Then last Saturday we saw the price of UST fall from the ideal $1 mark to around $0.985 (which now looks pretty modest!) and the founder of Terra (the blockchain where LUNA and UST live) tweeted that this was the action of a large whale who had deliberately sold over $180m worth of their UST holdings to crash the price and take profits from a short position. 

In response to this market shock the Luna Guard Foundation announced on Sunday that they would pump $1.5billion of their BTC reserves into the mini-economy to re-instate the peg. This worked for a little while ....

However just last night we saw an even bigger shock to the price with UST falling down to $0.694 😱

So why is this all happening ...

-- The Luna Foundation Guard are blaming wider crypto market moves downwards, especially the falling BTC price
-- Do Kwon blamed a malicious whale for starting it all
-- Some have claimed that there was market confusion/FUD about the treasury selling BTC to maintain the peg and it scared some paperhands off
-- I think it's also important to consider another part of the Terra ecosystem which is connected to UST - Anchor protocol. This is a a money market where if you deposit UST you can earn up to 19.5% APY returns. However, this isn't a sustainable return and Anchor know this. In fact with the recent drop in wider cryptocurrency market prices it's expected they have only a few months runway left before the treasury account paying out these staking rewards is empty. This is likely to have had an impact on the drop in UST confidence. 

So what happens next?! We'll need to see whether UST bounces back (like it did after de-pegging last year) either by market participants apeing into LUNA or the LFG further selling treasury funds to stabilise the peg. 🔭",True,False,False,CryptoCurrency,t5_2wlj3,4836603,public,new,self,What’s going on with UST?,0,[],1.0,https://www.reddit.com/r/CryptoCurrency/comments/uo9k6j/whats_going_on_with_ust/,all_ads,6,1652356522.0,,,,,,
9,[],False,Valuable-Berry74,,,[],,,text,t2_cxjzz3mu,False,False,False,[],False,False,1652376171,cloutnews.com,https://www.reddit.com/r/CryptoCurrency/comments/uo679e/citadel_and_blockrock_planned_the_crash_of/,{},uo679e,False,False,False,False,False,False,False,False,#7193ff,DISCUSSION,"[{'e': 'text', 't': 'DISCUSSION'}]",87049662-0882-11e5-82e1-0e9d1a9f7761,DISCUSSION,dark,richtext,False,False,True,1,0,False,all_ads,/r/CryptoCurrency/comments/uo679e/citadel_and_blockrock_planned_the_crash_of/,False,6,1652376181,1,,True,False,False,CryptoCurrency,t5_2wlj3,4835299,public,new,https://a.thumbs.redditmedia.com/vRBSIXNZiOMfPq0EznYGwsGkOFYhRpRlCiDWREeE3P0.jpg,Citadel And Blockrock Planned The Crash of TerraUSD and LUNA Crypto Ecosystem?,0,[],1.0,https://cloutnews.com/web-stories/citadel-and-blockrock-planned-the-attack-on-terrausd-and-luna-crypto-ecosystem/,all_ads,6,1652347371.0,link,"{'enabled': False, 'images': [{'id': 'be7snnrjkY2XAfGWVaq2CyUQ84GGyU-erk6r-HZhSAo', 'resolutions': [{'height': 143, 'url': 'https://external-preview.redd.it/WeQ_ihI0fdZ_t9578D-87XCB27XslTiW1-eQ0YWYabg.jpg?width=108&amp;crop=smart&amp;auto=webp&amp;s=933a5a509b5ce865cd7e0193ed83f6a7cf1d7f81', 'width': 108}, {'height': 287, 'url': 'https://external-preview.redd.it/WeQ_ihI0fdZ_t9578D-87XCB27XslTiW1-eQ0YWYabg.jpg?width=216&amp;crop=smart&amp;auto=webp&amp;s=b57361788ca08e7f1d2c728c79eb8eaf6dd1b821', 'width': 216}, {'height': 426, 'url': 'https://external-preview.redd.it/WeQ_ihI0fdZ_t9578D-87XCB27XslTiW1-eQ0YWYabg.jpg?width=320&amp;crop=smart&amp;auto=webp&amp;s=a9658d87ed34f94e3921edbf9abd38d6931f4e23', 'width': 320}, {'height': 853, 'url': 'https://external-preview.redd.it/WeQ_ihI0fdZ_t9578D-87XCB27XslTiW1-eQ0YWYabg.jpg?width=640&amp;crop=smart&amp;auto=webp&amp;s=e8d15373fc1de23718c3eadc24575eca4b9409e1', 'width': 640}], 'source': {'height': 853, 'url': 'https://external-preview.redd.it/WeQ_ihI0fdZ_t9578D-87XCB27XslTiW1-eQ0YWYabg.jpg?auto=webp&amp;s=09806db7dd3a42df55205fc7a32c6a1142d32a24', 'width': 640}, 'variants': {}}]}",140.0,140.0,https://cloutnews.com/web-stories/citadel-and-blockrock-planned-the-attack-on-terrausd-and-luna-crypto-ecosystem/,moderator
