,all_awardings,allow_live_comments,author,author_flair_background_color,author_flair_css_class,author_flair_richtext,author_flair_text,author_flair_text_color,author_flair_type,author_fullname,author_is_blocked,author_patreon_flair,author_premium,awarders,can_mod_post,contest_mode,created_utc,domain,full_link,gildings,id,is_created_from_ads_ui,is_crosspostable,is_meta,is_original_content,is_reddit_media_domain,is_robot_indexable,is_self,is_video,link_flair_background_color,link_flair_css_class,link_flair_richtext,link_flair_template_id,link_flair_text,link_flair_text_color,link_flair_type,locked,media_only,no_follow,num_comments,num_crossposts,over_18,parent_whitelist_status,permalink,pinned,post_hint,preview,pwls,retrieved_on,score,selftext,send_replies,spoiler,stickied,subreddit,subreddit_id,subreddit_subscribers,subreddit_type,thumbnail,thumbnail_height,thumbnail_width,title,total_awards_received,treatment_tags,upvote_ratio,url,url_overridden_by_dest,whitelist_status,wls,created,suggested_sort,media_metadata
0,[],False,Kolownik,,Warning-level1,"[{'e': 'text', 't': 'Bronze'}]",Bronze,dark,richtext,t2_7yld9,False,False,False,[],False,False,1652621223,cryptoglobalpress.blogspot.com,https://www.reddit.com/r/CryptoCurrency/comments/uq642y/coinbase_faces_lawsuit_over_failed_stablecoin_and/,{},uq642y,False,True,False,False,False,True,False,False,#0aa18f,NEWS,"[{'e': 'text', 't': 'GENERAL-NEWS'}]",f170aab2-246f-11ec-8143-429a193c9848,GENERAL-NEWS,light,richtext,False,False,True,0,0,False,all_ads,/r/CryptoCurrency/comments/uq642y/coinbase_faces_lawsuit_over_failed_stablecoin_and/,False,link,"{'enabled': False, 'images': [{'id': 'pkQbdBNF6Y0Qx1nNYhZSSN3QAdphRf1f97bas8ET9ek', 'resolutions': [{'height': 64, 'url': 'https://external-preview.redd.it/_cCGgdXKk8XJBnM21fzvXqryDWQUY7x3ougPMAkf4sc.jpg?width=108&amp;crop=smart&amp;auto=webp&amp;s=43e3c55b2fbb5e6e45d556955cc21f44e1e26107', 'width': 108}, {'height': 128, 'url': 'https://external-preview.redd.it/_cCGgdXKk8XJBnM21fzvXqryDWQUY7x3ougPMAkf4sc.jpg?width=216&amp;crop=smart&amp;auto=webp&amp;s=99a5f92b561be45027633b4c9a1189ec76c5ddcf', 'width': 216}, {'height': 190, 'url': 'https://external-preview.redd.it/_cCGgdXKk8XJBnM21fzvXqryDWQUY7x3ougPMAkf4sc.jpg?width=320&amp;crop=smart&amp;auto=webp&amp;s=ecf17e0e4fcb880f42197125e2b717e902f92030', 'width': 320}, {'height': 380, 'url': 'https://external-preview.redd.it/_cCGgdXKk8XJBnM21fzvXqryDWQUY7x3ougPMAkf4sc.jpg?width=640&amp;crop=smart&amp;auto=webp&amp;s=d863906153e80e765b0a53433ee8fdb6a3007f6c', 'width': 640}], 'source': {'height': 439, 'url': 'https://external-preview.redd.it/_cCGgdXKk8XJBnM21fzvXqryDWQUY7x3ougPMAkf4sc.jpg?auto=webp&amp;s=81bd7f429990d4e866e1e785251540c22ca0b328', 'width': 738}, 'variants': {}}]}",6,1652621234,1,,True,False,False,CryptoCurrency,t5_2wlj3,4860337,public,https://a.thumbs.redditmedia.com/fesbtKZORR7KGpXunIqtWvz0BtzwMo0kSWoFLtCYI50.jpg,83.0,140.0,Coinbase Faces Lawsuit Over Failed Stablecoin... and it isn't TerraUSD!,0,[],1.0,https://cryptoglobalpress.blogspot.com/2022/05/coinbase-faces-lawsuit-over-failed.html?=read,https://cryptoglobalpress.blogspot.com/2022/05/coinbase-faces-lawsuit-over-failed.html?=read,all_ads,6,1652592423.0,,
1,[],False,RefugeeDutch_Syrian,, Investor,"[{'e': 'text', 't': ' BTC is boss and boss is BTC'}]", BTC is boss and boss is BTC,dark,richtext,t2_16sf0t,False,False,False,[],False,False,1652606994,self.CryptoCurrency,https://www.reddit.com/r/CryptoCurrency/comments/uq2gk2/how_do_we_know_that_what_happened_to_terrausd/,{},uq2gk2,False,True,False,False,False,True,True,False,#7193ff,DISCUSSION,"[{'e': 'text', 't': 'DISCUSSION'}]",87049662-0882-11e5-82e1-0e9d1a9f7761,DISCUSSION,dark,richtext,False,False,True,0,0,False,all_ads,/r/CryptoCurrency/comments/uq2gk2/how_do_we_know_that_what_happened_to_terrausd/,False,,,6,1652607004,1,"Basically my title. I have been in the space for a while but I have not once came across a post or a PSA warning against obtaining TerraUSD (UST), but I have seen quite the number of them warning about Tether USD (USDT). We saw how ugly things got with Terra and that let me to wonder, what (if at all) is preventing the same to happen to other ""stable"" coins?

&amp;#x200B;

I'm starting to think that some regulations in the space won't harm us, as it is absolutely ridiculous how many people lost their live savings due to the situation with Terra. What do you guys think?",True,False,False,CryptoCurrency,t5_2wlj3,4859138,public,self,,,How do we know that what happened to TerraUSD won't happen to Tether USD and USDC?,0,[],1.0,https://www.reddit.com/r/CryptoCurrency/comments/uq2gk2/how_do_we_know_that_what_happened_to_terrausd/,,all_ads,6,1652578194.0,new,
2,[],False,HiddenknifeX,,Warning-level2-2,"[{'e': 'text', 't': 'Tin'}]",Tin,dark,richtext,t2_2gg5jdwo,False,False,False,[],False,False,1652593933,self.CryptoCurrency,https://www.reddit.com/r/CryptoCurrency/comments/upzh3a/if_it_happend_to_terrausd_why_cant_it_happen_to/,{},upzh3a,False,True,False,False,False,True,True,False,#7193ff,DISCUSSION,"[{'e': 'text', 't': 'DISCUSSION'}]",87049662-0882-11e5-82e1-0e9d1a9f7761,DISCUSSION,dark,richtext,False,False,True,0,0,False,all_ads,/r/CryptoCurrency/comments/upzh3a/if_it_happend_to_terrausd_why_cant_it_happen_to/,False,,,6,1652593944,1,"Prior to the current events of LUNA/TUSD crashing to 0 everyone was hyping it around here and having only strong words about those two. Considering what happend this week, what are the chances of the same happening to other stablecoins? Or better said, why can't it happen to other stablecoins.. let s say USDC, BUSD because those two are also hyped around here and they have a pretty big market cap aside from USDT which is the most popular. 

I see alot of hate towards USDT yet it never crashed and withstood all the bearmarkets and the most hyped stablecoin as of recent times (TUSD) fell apart at the first glimpse of a bear coming out of the woods. I am really really worried now about the whole situation.",True,False,False,CryptoCurrency,t5_2wlj3,4858069,public,self,,,"If it happend to TerraUSD, why can't it happen to other stablecoins?",0,[],1.0,https://www.reddit.com/r/CryptoCurrency/comments/upzh3a/if_it_happend_to_terrausd_why_cant_it_happen_to/,,all_ads,6,1652565133.0,,
3,[],False,Theodora765,,,[],,,text,t2_fslqj7uq,False,False,False,[],False,False,1652593408,self.CryptoCurrency,https://www.reddit.com/r/CryptoCurrency/comments/upzci3/pov_this_is_how_a_trader_experienced_the_fall_of/,{},upzci3,False,True,False,False,False,True,True,False,#7193ff,DISCUSSION,"[{'e': 'text', 't': 'DISCUSSION'}]",87049662-0882-11e5-82e1-0e9d1a9f7761,DISCUSSION,dark,richtext,False,False,True,0,0,False,all_ads,/r/CryptoCurrency/comments/upzci3/pov_this_is_how_a_trader_experienced_the_fall_of/,False,,,6,1652593418,1," ImmortalCrypto, as he is known in social networks, has been trading cryptocurrencies for more than 4 years. And at least since 2020, he has been doing it full time, as his main activity. This transition, from a job outside of trading to this exclusive dedication, he was able to make after becoming a profitable trader with consistency.   In this world, we might think that this experience is enough not to fall into too big losses. And in part, that is true. However, he was one of the thousands of people who lost money with the Terra project debacle. Although he did not invest in the LUNA token, he did have tens of thousands of dollars in his stablecoin, TerraUSD (UST).  In spite of everything, Luna decided to still 'print' more tokens by uncontrollably increasing the supply, as they could have instead repurchased their tokens with part of the fee for token burning existentially, as has been done at GMR or Minosis Token at BSC.  Via Twitter, he commented that he had lost 70% of the capital he held in UST, following the loss of the 1:1 parity between this currency and the US dollar. A parity that, in theory, he was not supposed to lose. After all, it is a ""stable"" currency. But the reality has been different.    The story of the Terra project, its stablecoin, its token and its bitcoin reserves has ended in the worst possible way: with billions of dollars in losses and a lot of people affected with devastating results. ImmortalCrypto's case was not among the worst. As he himself claims, this has been thanks to the experience and foresight he had taken.  ""The distrust that this has generated, what it will also generate is that many regulators will put the magnifying glass on the stable ones. Which is quite negative because it means huge regulations for 'crypto', which we always know do not come as a positive thing. These are things that go way over the top.""  -InmortalCrypto, trader focused on bitcoin and cryptocurrencies",True,False,False,CryptoCurrency,t5_2wlj3,4858026,public,self,,,"POV; This is how a trader experienced the fall of Terra USD, losing up to 70% of his investment.",0,[],1.0,https://www.reddit.com/r/CryptoCurrency/comments/upzci3/pov_this_is_how_a_trader_experienced_the_fall_of/,,all_ads,6,1652564608.0,new,
4,[],False,getrich_or_diemining,,noflair,[],,dark,text,t2_23csy0qb,False,False,False,[],False,False,1652589836,self.CryptoCurrency,https://www.reddit.com/r/CryptoCurrency/comments/upygce/do_kwon_disolved_terraform_labs_on_april_30th/,{},upygce,False,True,False,False,False,True,True,False,#7193ff,DISCUSSION,"[{'e': 'text', 't': 'DISCUSSION'}]",87049662-0882-11e5-82e1-0e9d1a9f7761,DISCUSSION,dark,richtext,False,False,True,0,0,False,all_ads,/r/CryptoCurrency/comments/upygce/do_kwon_disolved_terraform_labs_on_april_30th/,False,,,6,1652589847,1," KWON-DO-HYUNG is listed in this Korean document as disolving his company Terraform Labs on April 30th, registered May 4th. The act of dissolving just days before the collapse of UST suggests the intent to eliminate responsibility of the aftermath, which serves as evidence that he knew something was going to happen. On top of it all, Do Kwon's Terra foundation sent 52,189 Bitcoin to Gemini and 28,205 Bitcoin to Binance, which were intended to serve as reserves to prop up TerraUSD (UST). So what happened here? This looks like one big premeditated crime to steal 2 billion USD worth of Bitcoin by means of using Terra Luna and UST as the front.

Below is the documentation showing Terraform labs being dissolved just days before the collapse

https://preview.redd.it/o97fvmmbikz81.png?width=1125&amp;format=png&amp;auto=webp&amp;s=519a776f8aad740b938fc9d28d76ccb5b9d07f8a

https://preview.redd.it/0sfms3fdikz81.png?width=1125&amp;format=png&amp;auto=webp&amp;s=659a817616446fdab5757ff02d9f9bacce1e55e4",True,False,False,CryptoCurrency,t5_2wlj3,4857725,public,https://b.thumbs.redditmedia.com/37Sp3FTaHzpPDB-34ALb8gsJxpGfhWPTlJ0ixVwYBHU.jpg,140.0,140.0,Do Kwon Disolved Terraform Labs on April 30th!,0,[],1.0,https://www.reddit.com/r/CryptoCurrency/comments/upygce/do_kwon_disolved_terraform_labs_on_april_30th/,,all_ads,6,1652561036.0,new,"{'0sfms3fdikz81': {'e': 'Image', 'id': '0sfms3fdikz81', 'm': 'image/png', 'p': [{'u': 'https://preview.redd.it/0sfms3fdikz81.png?width=108&amp;crop=smart&amp;auto=webp&amp;s=ab8faac312f3143b03a8caa3f62933c7052c89af', 'x': 108, 'y': 124}, {'u': 'https://preview.redd.it/0sfms3fdikz81.png?width=216&amp;crop=smart&amp;auto=webp&amp;s=79f2ce1be2fad84e4f7a4818979c96657964faa9', 'x': 216, 'y': 248}, {'u': 'https://preview.redd.it/0sfms3fdikz81.png?width=320&amp;crop=smart&amp;auto=webp&amp;s=e314ed5cebed42cfc2a94fc55cf9ec3298be44bf', 'x': 320, 'y': 367}, {'u': 'https://preview.redd.it/0sfms3fdikz81.png?width=640&amp;crop=smart&amp;auto=webp&amp;s=2ca8f7dba443bf29ed27b070f2883bd2208bb837', 'x': 640, 'y': 735}, {'u': 'https://preview.redd.it/0sfms3fdikz81.png?width=960&amp;crop=smart&amp;auto=webp&amp;s=877147a10dfd9a6de22e8abad236a5f1c564abe6', 'x': 960, 'y': 1102}, {'u': 'https://preview.redd.it/0sfms3fdikz81.png?width=1080&amp;crop=smart&amp;auto=webp&amp;s=a44bfad6b1cb5df80a3c00862877397fd2765f72', 'x': 1080, 'y': 1240}], 's': {'u': 'https://preview.redd.it/0sfms3fdikz81.png?width=1125&amp;format=png&amp;auto=webp&amp;s=659a817616446fdab5757ff02d9f9bacce1e55e4', 'x': 1125, 'y': 1292}, 'status': 'valid'}, 'o97fvmmbikz81': {'e': 'Image', 'id': 'o97fvmmbikz81', 'm': 'image/png', 'p': [{'u': 'https://preview.redd.it/o97fvmmbikz81.png?width=108&amp;crop=smart&amp;auto=webp&amp;s=371e9dede46370eef6d9e4993c613d091ed74602', 'x': 108, 'y': 123}, {'u': 'https://preview.redd.it/o97fvmmbikz81.png?width=216&amp;crop=smart&amp;auto=webp&amp;s=57bbf25ab857555dbbf9408922691112de5511cf', 'x': 216, 'y': 246}, {'u': 'https://preview.redd.it/o97fvmmbikz81.png?width=320&amp;crop=smart&amp;auto=webp&amp;s=626cbd281ab6b26e90e1403e93f29e7c4ca41c70', 'x': 320, 'y': 365}, {'u': 'https://preview.redd.it/o97fvmmbikz81.png?width=640&amp;crop=smart&amp;auto=webp&amp;s=f294380fedbc235dbd7005e0a48e26bab5dc089f', 'x': 640, 'y': 731}, {'u': 'https://preview.redd.it/o97fvmmbikz81.png?width=960&amp;crop=smart&amp;auto=webp&amp;s=bbd146dec8749c435e51da5525258a6525ea75c4', 'x': 960, 'y': 1097}, {'u': 'https://preview.redd.it/o97fvmmbikz81.png?width=1080&amp;crop=smart&amp;auto=webp&amp;s=a8f6e5e0623d6fa7b7292651f6481d5df7092ef0', 'x': 1080, 'y': 1234}], 's': {'u': 'https://preview.redd.it/o97fvmmbikz81.png?width=1125&amp;format=png&amp;auto=webp&amp;s=519a776f8aad740b938fc9d28d76ccb5b9d07f8a', 'x': 1125, 'y': 1286}, 'status': 'valid'}}"
5,[],False,ReedB04,,Warning-level1-1,"[{'e': 'text', 't': 'Bronze | r/WSB 12'}]",Bronze | r/WSB 12,dark,richtext,t2_9pjy3gc0,False,False,False,[],False,False,1652553509,medium.com,https://www.reddit.com/r/CryptoCurrency/comments/upnhag/terra_usd_ust_is_terrausd_a_better_alternative/,{},upnhag,False,True,False,False,False,True,False,False,#ff66ac,DEBATE,"[{'e': 'text', 't': 'DEBATE'}]",5b762856-d7c9-11e4-822a-22000b2300b2,DEBATE,light,richtext,False,False,True,0,0,False,all_ads,/r/CryptoCurrency/comments/upnhag/terra_usd_ust_is_terrausd_a_better_alternative/,False,,,6,1652553519,1,,True,False,False,CryptoCurrency,t5_2wlj3,4854460,public,default,,,TERRA USD (UST): Is TerraUSD a better alternative for Tether (USDT)?,0,[],1.0,https://medium.com/@Technophile30/terra-usd-ust-is-terrausd-a-better-alternative-for-tether-usdt-114977fa9495,https://medium.com/@Technophile30/terra-usd-ust-is-terrausd-a-better-alternative-for-tether-usdt-114977fa9495,all_ads,6,1652524709.0,new,
