,all_awardings,allow_live_comments,author,author_flair_background_color,author_flair_css_class,author_flair_richtext,author_flair_text,author_flair_text_color,author_flair_type,author_fullname,author_is_blocked,author_patreon_flair,author_premium,awarders,can_mod_post,contest_mode,created_utc,domain,full_link,gildings,id,is_created_from_ads_ui,is_crosspostable,is_meta,is_original_content,is_reddit_media_domain,is_robot_indexable,is_self,is_video,link_flair_background_color,link_flair_css_class,link_flair_richtext,link_flair_template_id,link_flair_text,link_flair_text_color,link_flair_type,locked,media_only,no_follow,num_comments,num_crossposts,over_18,parent_whitelist_status,permalink,pinned,pwls,retrieved_on,score,selftext,send_replies,spoiler,stickied,subreddit,subreddit_id,subreddit_subscribers,subreddit_type,thumbnail,title,total_awards_received,treatment_tags,upvote_ratio,url,whitelist_status,wls,created,post_hint,preview,thumbnail_height,thumbnail_width,url_overridden_by_dest,removed_by_category,crosspost_parent,crosspost_parent_list,media_metadata,media,media_embed,secure_media,secure_media_embed
0,[],False,user13958,,,"[{'e': 'text', 't': 'Platinum | QC: CC 53 | DayTrading 8 | Unpop.Opin. 47'}]",Platinum | QC: CC 53 | DayTrading 8 | Unpop.Opin. 47,dark,richtext,t2_3c91gx5s,False,False,False,[],False,False,1653231434,self.CryptoCurrency,https://www.reddit.com/r/CryptoCurrency/comments/uvcn29/im_buying_a_tiny_bit_of_wluna_wrapped_terra_luna/,{},uvcn29,False,True,False,False,False,True,True,False,#5a74cc,PERSPECTIVE,"[{'e': 'text', 't': 'PERSPECTIVE'}]",1b44cdb2-2a6c-11ec-9baf-0aa21184cd0a,PERSPECTIVE,light,richtext,False,False,True,0,0,False,all_ads,/r/CryptoCurrency/comments/uvcn29/im_buying_a_tiny_bit_of_wluna_wrapped_terra_luna/,False,6,1653231445,1,"This coin obviously failed us and hurt many people, but holy shit it's literally 1/100th of a penny inn value right now.. I threw a tiny bit of cash into it. Also, I know, we don't like coinbase, but whatever it is easy to use. 

Why?? I'm so dumb? Well I feel like it's just like buying a lottery ticket. I'm likely going to lose it all, but if somehow they turn things around and recover it's proper functioning uses again, and we even get back to a $1 value (peak was &gt;$100$), I'll have seen my investment go up 1000x or 100,000% gains. 

Turning $10 to $10,000 isn't a bad bet considering that $10 is less than a cocktail at most restaurants in my city. 

Tell me why I'm an idiot please? Is there a 0% chance they can recover from this absolute screw up?",True,False,False,CryptoCurrency,t5_2wlj3,4903192,public,self,I'm buying a tiny bit of WLUNA (wrapped terra Luna) token on Coinbase,0,[],1.0,https://www.reddit.com/r/CryptoCurrency/comments/uvcn29/im_buying_a_tiny_bit_of_wluna_wrapped_terra_luna/,all_ads,6,1653202634.0,,,,,,,,,,,,,
1,[],False,Candlestick_,,Warning-level2-2,"[{'e': 'text', 't': 'Tin'}]",Tin,dark,richtext,t2_ysttm,False,False,False,[],False,False,1653227060,self.CryptoCurrency,https://www.reddit.com/r/CryptoCurrency/comments/uvb9j2/listen_to_the_crypto_ogs_or_you_will_be_burned/,{},uvb9j2,False,True,False,False,False,True,True,False,#46d160,ADVICE,"[{'e': 'text', 't': 'ADVICE'}]",e9570888-9c2a-11e3-809c-12313d1661cc,ADVICE,dark,richtext,False,False,True,0,0,False,all_ads,/r/CryptoCurrency/comments/uvb9j2/listen_to_the_crypto_ogs_or_you_will_be_burned/,False,6,1653227070,1,"I always see the OGs getting flack and downvoted to shit just for being realistic. I entered the scene when a lot of new guys did back in 2020, and of course everyone was having fun when it was nothing but green and up until the collapse of Terra/Luna most of my peers still had the “to the moon mindset”. 

I am glad that I’ve gotten to enjoy multiple trading environments and even in this bearish cycle I am learning how to navigate a new space, but none of that would be possible without learning from the crypto elders. 

Message to the new guys: What you might see as a btc oldhead who will only “dca btc/eth” are veterans in this space. A lot of them have been trading for years, and they act the way they do because of their experiences. They have felt the tremors of markets downturn before, and the reason they are still around because they stick to a trading plan and realistically invest what they can.

Listen to the OGs they have experienced the best and worst of cryptos, and take what they say with consideration to protect yourself/investments.",True,False,False,CryptoCurrency,t5_2wlj3,4902902,public,self,Listen to the crypto OGs or you will be burned,0,[],1.0,https://www.reddit.com/r/CryptoCurrency/comments/uvb9j2/listen_to_the_crypto_ogs_or_you_will_be_burned/,all_ads,6,1653198260.0,,,,,,,,,,,,,
2,[],False,CyberPunkMetalHead,, Developer,"[{'e': 'text', 't': ' Building crypto trading bots at cryptomaton.org'}]", Building crypto trading bots at cryptomaton.org,dark,richtext,t2_283pt45k,False,False,True,[],False,False,1653226205,cryptomaton.medium.com,https://www.reddit.com/r/CryptoCurrency/comments/uvb0ih/do_kwon_to_be_prosecuted_by_south_korean/,{},uvb0ih,False,True,False,False,False,True,False,False,#0aa18f,NEWS,"[{'e': 'text', 't': 'GENERAL-NEWS'}]",f170aab2-246f-11ec-8143-429a193c9848,GENERAL-NEWS,light,richtext,False,False,True,0,0,False,all_ads,/r/CryptoCurrency/comments/uvb0ih/do_kwon_to_be_prosecuted_by_south_korean/,False,6,1653226216,1,,True,False,False,CryptoCurrency,t5_2wlj3,4902834,public,https://b.thumbs.redditmedia.com/c7oNNpSu6fI9dST6lGmTVe2E87AaHFYZem4Oyvy6OPY.jpg,Do Kwon to be prosecuted by South Korean government as he dissolved the Terra Labs Korea days before the depeg,0,[],1.0,https://cryptomaton.medium.com/luna-and-ust-collapse-as-the-dust-starts-to-settle-ba0a7c1d2d64,all_ads,6,1653197405.0,link,"{'enabled': False, 'images': [{'id': 'TbRy_hLz_m7Bn8ywtdjuZV9lSLWuZQ7xHqHkE6s_6j8', 'resolutions': [{'height': 71, 'url': 'https://external-preview.redd.it/XVSTvPn5lvsTHMMfrG5ku41gsA-B_Rxax_XeZR-Uob4.jpg?width=108&amp;crop=smart&amp;auto=webp&amp;s=483f4c8a9020320c6d902aed178885ce8671197d', 'width': 108}, {'height': 143, 'url': 'https://external-preview.redd.it/XVSTvPn5lvsTHMMfrG5ku41gsA-B_Rxax_XeZR-Uob4.jpg?width=216&amp;crop=smart&amp;auto=webp&amp;s=e6c276cef2547bb07c872cc78f72d8c1ab4f845f', 'width': 216}, {'height': 212, 'url': 'https://external-preview.redd.it/XVSTvPn5lvsTHMMfrG5ku41gsA-B_Rxax_XeZR-Uob4.jpg?width=320&amp;crop=smart&amp;auto=webp&amp;s=7c24de4afb8f4304d03439f074904d14473b56fd', 'width': 320}, {'height': 425, 'url': 'https://external-preview.redd.it/XVSTvPn5lvsTHMMfrG5ku41gsA-B_Rxax_XeZR-Uob4.jpg?width=640&amp;crop=smart&amp;auto=webp&amp;s=b44af2cffd7af3ebe011cbdcc44a1214100868ea', 'width': 640}], 'source': {'height': 572, 'url': 'https://external-preview.redd.it/XVSTvPn5lvsTHMMfrG5ku41gsA-B_Rxax_XeZR-Uob4.jpg?auto=webp&amp;s=a176ebb2c0bb8f5137b4a2f2ccbffc3a773ee5b4', 'width': 860}, 'variants': {}}]}",93.0,140.0,https://cryptomaton.medium.com/luna-and-ust-collapse-as-the-dust-starts-to-settle-ba0a7c1d2d64,,,,,,,,
3,[],False,pantego2591,,,[],,,text,t2_i6iue,False,False,False,[],False,False,1653224971,i.redd.it,https://www.reddit.com/r/CryptoCurrency/comments/uvanpf/terra_luna_the_next_memecoin/,{},uvanpf,False,True,False,False,True,True,False,False,#cc8b00,SPECULATION,"[{'e': 'text', 't': 'SPECULATION'}]",ebb30328-94d1-11eb-94d6-0e7d4f551e2d,SPECULATION,light,richtext,False,False,True,1,0,False,all_ads,/r/CryptoCurrency/comments/uvanpf/terra_luna_the_next_memecoin/,False,6,1653224982,1,,True,False,False,CryptoCurrency,t5_2wlj3,4902755,public,https://b.thumbs.redditmedia.com/htRXgSwjP3YS40s1wvvwqit-t6Xv0gmE_iTE_dazl_I.jpg,Terra LUNA the next memecoin,0,[],1.0,https://i.redd.it/fwdxwyw311191.jpg,all_ads,6,1653196171.0,image,"{'enabled': True, 'images': [{'id': 'Jnhqh2kowWULNqJFtU5zJU2wh36semAV0wBqx5XOxpg', 'resolutions': [{'height': 216, 'url': 'https://preview.redd.it/fwdxwyw311191.jpg?width=108&amp;crop=smart&amp;auto=webp&amp;s=36d46974ddd9e121abb2fbc9437540b51b19ac29', 'width': 108}, {'height': 432, 'url': 'https://preview.redd.it/fwdxwyw311191.jpg?width=216&amp;crop=smart&amp;auto=webp&amp;s=74bd15a921911e70aaaabe966846ab629af48ba9', 'width': 216}, {'height': 640, 'url': 'https://preview.redd.it/fwdxwyw311191.jpg?width=320&amp;crop=smart&amp;auto=webp&amp;s=db19debdb9d26bb9c794aa49402f8823e1ba9c1f', 'width': 320}, {'height': 1280, 'url': 'https://preview.redd.it/fwdxwyw311191.jpg?width=640&amp;crop=smart&amp;auto=webp&amp;s=4cf405760e70d93b55a7046b95a50e0c5094403e', 'width': 640}, {'height': 1920, 'url': 'https://preview.redd.it/fwdxwyw311191.jpg?width=960&amp;crop=smart&amp;auto=webp&amp;s=9c764069e53ed6e8792a22a86dd3bb553c0746e9', 'width': 960}, {'height': 2160, 'url': 'https://preview.redd.it/fwdxwyw311191.jpg?width=1080&amp;crop=smart&amp;auto=webp&amp;s=a40f970cebc3192978753cbe9d040f4d92986720', 'width': 1080}], 'source': {'height': 2400, 'url': 'https://preview.redd.it/fwdxwyw311191.jpg?auto=webp&amp;s=ebabd127bc3ee0fe09e378fa5bd14de08fcb54ac', 'width': 1080}, 'variants': {}}]}",140.0,140.0,https://i.redd.it/fwdxwyw311191.jpg,,,,,,,,
4,[],False,foxbuz,,,"[{'e': 'text', 't': 'Gold | 6 months old | QC: CC 30'}]",Gold | 6 months old | QC: CC 30,dark,richtext,t2_dytja8wx,False,False,False,[],False,False,1653220995,self.CryptoCurrency,https://www.reddit.com/r/CryptoCurrency/comments/uv9ktp/so_terra_luna_is_a_shitcoin_now/,{},uv9ktp,False,True,False,False,False,True,True,False,#7193ff,DISCUSSION,"[{'e': 'text', 't': 'DISCUSSION'}]",87049662-0882-11e5-82e1-0e9d1a9f7761,DISCUSSION,dark,richtext,False,False,True,0,0,False,all_ads,/r/CryptoCurrency/comments/uv9ktp/so_terra_luna_is_a_shitcoin_now/,False,6,1653221005,1,"I was just wondering considering the total amount of Luna Supply and Luna prices, is it going to move from algorithmic stable coin to meme coin?

I mean, I don't know but it share quite some similarities with shitcoin ?

- Number of Token in Circulation around the trillions and some more
- Quite a big fan club and Lunatics, not referring to a cult
- A suspicious leader whom we have to trust (example the burn address )
- The PUMP and DUMP graph charts 
- Luna going to $1 range

Did I miss something? I must surely have...",True,False,False,CryptoCurrency,t5_2wlj3,4902550,public,self,So Terra Luna is a shitcoin now ?,0,[],1.0,https://www.reddit.com/r/CryptoCurrency/comments/uv9ktp/so_terra_luna_is_a_shitcoin_now/,all_ads,6,1653192195.0,,,,,,,,,,,,,
5,[],False,Moist-Influence-7141,,,[],,,text,t2_dzq8hb49,False,False,False,[],False,False,1653220093,self.CryptoCurrency,https://www.reddit.com/r/CryptoCurrency/comments/uv9cio/burn_terra_luna_to_moon/,{},uv9cio,False,False,False,False,False,False,True,False,#add2e2,ADVICE,"[{'e': 'text', 't': 'ANALYSIS'}]",c1034ee6-9c2a-11e3-a8c4-12313b0e8e20,ANALYSIS,dark,richtext,False,False,True,1,0,False,all_ads,/r/CryptoCurrency/comments/uv9cio/burn_terra_luna_to_moon/,False,6,1653220104,1,[removed],True,False,False,CryptoCurrency,t5_2wlj3,4902507,public,self,Burn terra Luna to moon terra1p5wqp363gakg7ur0z0cl8784krldjzfcunm9z5,0,[],1.0,https://www.reddit.com/r/CryptoCurrency/comments/uv9cio/burn_terra_luna_to_moon/,all_ads,6,1653191293.0,,,,,,moderator,,,,,,,
6,[],False,gods_Lazy_Eye,,Warning-level2-2,"[{'e': 'text', 't': 'Tin | GMEJungle 11 | GME subs 25'}]",Tin | GMEJungle 11 | GME subs 25,dark,richtext,t2_6c0kkvpb,False,False,False,[],False,False,1653219839,dailyhodl.com,https://www.reddit.com/r/CryptoCurrency/comments/uv9ad4/terra_luna_founder_do_kwon_facing_south_korea/,{},uv9ad4,False,True,False,False,False,True,False,False,#0aa18f,NEWS,"[{'e': 'text', 't': 'GENERAL-NEWS'}]",f170aab2-246f-11ec-8143-429a193c9848,GENERAL-NEWS,light,richtext,False,False,True,0,0,False,all_ads,/r/CryptoCurrency/comments/uv9ad4/terra_luna_founder_do_kwon_facing_south_korea/,False,6,1653219850,1,,True,False,False,CryptoCurrency,t5_2wlj3,4902490,public,https://b.thumbs.redditmedia.com/pwhE0TPnt5g9KTxmQdu8eGOOpN9ia-c3ppsSAw-2zQQ.jpg,Terra (LUNA) Founder Do Kwon Facing South Korea Investigation Over Claims of Ponzi Fraud: Report,0,[],1.0,https://dailyhodl.com/2022/05/20/terra-luna-founder-do-kwon-facing-south-korea-investigation-over-claims-of-ponzi-fraud-report/,all_ads,6,1653191039.0,link,"{'enabled': False, 'images': [{'id': 'UbZGapdoquT_SmZUFQqXyl4M7oBOu6UsLd_aruIc3cQ', 'resolutions': [{'height': 63, 'url': 'https://external-preview.redd.it/w9y7Lnv2ZYouX1zo7hGHghWI_gDpO9Xn4WHdK7NJuoE.jpg?width=108&amp;crop=smart&amp;auto=webp&amp;s=f08a067342328236003a3066f9f425b16a5e1b8f', 'width': 108}, {'height': 126, 'url': 'https://external-preview.redd.it/w9y7Lnv2ZYouX1zo7hGHghWI_gDpO9Xn4WHdK7NJuoE.jpg?width=216&amp;crop=smart&amp;auto=webp&amp;s=43c462ac4d6a417f22102aaade0c7c44f7142137', 'width': 216}, {'height': 187, 'url': 'https://external-preview.redd.it/w9y7Lnv2ZYouX1zo7hGHghWI_gDpO9Xn4WHdK7NJuoE.jpg?width=320&amp;crop=smart&amp;auto=webp&amp;s=0d0c7bbb69fbc61cf2a4dc28646eec891ce98ab8', 'width': 320}, {'height': 375, 'url': 'https://external-preview.redd.it/w9y7Lnv2ZYouX1zo7hGHghWI_gDpO9Xn4WHdK7NJuoE.jpg?width=640&amp;crop=smart&amp;auto=webp&amp;s=b77f2c5df0b2e927054a6295c23f73e87a5d6b94', 'width': 640}, {'height': 562, 'url': 'https://external-preview.redd.it/w9y7Lnv2ZYouX1zo7hGHghWI_gDpO9Xn4WHdK7NJuoE.jpg?width=960&amp;crop=smart&amp;auto=webp&amp;s=a05653f52fed105e9caa116227bf7d38ea1828db', 'width': 960}, {'height': 632, 'url': 'https://external-preview.redd.it/w9y7Lnv2ZYouX1zo7hGHghWI_gDpO9Xn4WHdK7NJuoE.jpg?width=1080&amp;crop=smart&amp;auto=webp&amp;s=008a4a593cec0754ece91906532032f943def0a0', 'width': 1080}], 'source': {'height': 800, 'url': 'https://external-preview.redd.it/w9y7Lnv2ZYouX1zo7hGHghWI_gDpO9Xn4WHdK7NJuoE.jpg?auto=webp&amp;s=61cf56b1ef95e274a9ba9df3fcada04f769bd966', 'width': 1365}, 'variants': {}}]}",82.0,140.0,https://dailyhodl.com/2022/05/20/terra-luna-founder-do-kwon-facing-south-korea-investigation-over-claims-of-ponzi-fraud-report/,,,,,,,,
7,[],False,Ornery_Present8197,,,[],,,text,t2_n3tkbkvi,False,False,False,[],False,False,1653215236,self.CryptoCurrency,https://www.reddit.com/r/CryptoCurrency/comments/uv87z4/terra_luna_rebirth_or_just_common_pump_and_dump/,{},uv87z4,False,False,False,False,False,False,True,False,#7193ff,DISCUSSION,"[{'e': 'text', 't': 'DISCUSSION'}]",87049662-0882-11e5-82e1-0e9d1a9f7761,DISCUSSION,dark,richtext,False,False,True,1,0,False,all_ads,/r/CryptoCurrency/comments/uv87z4/terra_luna_rebirth_or_just_common_pump_and_dump/,False,6,1653215247,1,[removed],True,False,False,CryptoCurrency,t5_2wlj3,4902255,public,self,Terra Luna Rebirth🚀🚀 or just common pump and dump?,0,[],1.0,https://www.reddit.com/r/CryptoCurrency/comments/uv87z4/terra_luna_rebirth_or_just_common_pump_and_dump/,all_ads,6,1653186436.0,,,,,,moderator,,,,,,,
8,[],False,immibis,,Warning-level1-1,"[{'e': 'text', 't': 'Bronze | QC: CC 20 | r/Prog. 87'}]",Bronze | QC: CC 20 | r/Prog. 87,dark,richtext,t2_dj2ua,False,False,False,[],False,False,1653215139,github.com,https://www.reddit.com/r/CryptoCurrency/comments/uv878m/terra_core_development_history_older_than_6_days/,{},uv878m,False,False,False,False,False,False,False,False,#0aa18f,NEWS,"[{'e': 'text', 't': 'GENERAL-NEWS'}]",f170aab2-246f-11ec-8143-429a193c9848,GENERAL-NEWS,light,richtext,False,False,True,1,0,False,all_ads,/r/CryptoCurrency/comments/uv878m/terra_core_development_history_older_than_6_days/,False,6,1653215150,1,,True,False,False,CryptoCurrency,t5_2wlj3,4902246,public,https://b.thumbs.redditmedia.com/NbDRkTDGxDV3RnFrSiL8cSc-ke-26Di6RZeZdGrGdQU.jpg,Terra: Core development history older than 6 days was deleted,0,[],1.0,https://github.com/terra-money/core/commits/,all_ads,6,1653186339.0,link,"{'enabled': False, 'images': [{'id': 'vl9AEGId4R1IKeEY6BW0IBt0TxcAglrgeMwEOmDBHKk', 'resolutions': [{'height': 54, 'url': 'https://external-preview.redd.it/NltLQbCfnw4wyfsOnBC0C4as5Ac8NnNWOMND60-m7CY.jpg?width=108&amp;crop=smart&amp;auto=webp&amp;s=54170ab48728c46350192fbadd73e637101da131', 'width': 108}, {'height': 108, 'url': 'https://external-preview.redd.it/NltLQbCfnw4wyfsOnBC0C4as5Ac8NnNWOMND60-m7CY.jpg?width=216&amp;crop=smart&amp;auto=webp&amp;s=03900e421498be9e0dc52be9b3b47794c00c70dd', 'width': 216}, {'height': 160, 'url': 'https://external-preview.redd.it/NltLQbCfnw4wyfsOnBC0C4as5Ac8NnNWOMND60-m7CY.jpg?width=320&amp;crop=smart&amp;auto=webp&amp;s=69797f967e304eff8964020ce96783491a259362', 'width': 320}, {'height': 320, 'url': 'https://external-preview.redd.it/NltLQbCfnw4wyfsOnBC0C4as5Ac8NnNWOMND60-m7CY.jpg?width=640&amp;crop=smart&amp;auto=webp&amp;s=78fcb8a95e7902e3999dce6cc17ae663fffcbe10', 'width': 640}, {'height': 480, 'url': 'https://external-preview.redd.it/NltLQbCfnw4wyfsOnBC0C4as5Ac8NnNWOMND60-m7CY.jpg?width=960&amp;crop=smart&amp;auto=webp&amp;s=4081ac34a0064b2a1741643a3f86fcabfe2b4fbe', 'width': 960}, {'height': 540, 'url': 'https://external-preview.redd.it/NltLQbCfnw4wyfsOnBC0C4as5Ac8NnNWOMND60-m7CY.jpg?width=1080&amp;crop=smart&amp;auto=webp&amp;s=243cbacfc561b22d92c29ac7468e3047ed899bf4', 'width': 1080}], 'source': {'height': 600, 'url': 'https://external-preview.redd.it/NltLQbCfnw4wyfsOnBC0C4as5Ac8NnNWOMND60-m7CY.jpg?auto=webp&amp;s=882b3876f2e414ac02f728a68f3658d15853ac9d', 'width': 1200}, 'variants': {}}]}",70.0,140.0,https://github.com/terra-money/core/commits/,moderator,,,,,,,
9,[],False,Sammyjskj,,,[],,,text,t2_tbf01,False,False,True,[],False,False,1653212477,self.CryptoCurrency,https://www.reddit.com/r/CryptoCurrency/comments/uv7mab/can_someone_explain_terras_revival_plan_what_will/,{},uv7mab,False,False,False,False,False,False,True,False,#46d160,ADVICE,"[{'e': 'text', 't': 'ADVICE'}]",e9570888-9c2a-11e3-809c-12313d1661cc,ADVICE,dark,richtext,False,False,True,1,0,False,all_ads,/r/CryptoCurrency/comments/uv7mab/can_someone_explain_terras_revival_plan_what_will/,False,6,1653212488,1,[removed],True,False,False,CryptoCurrency,t5_2wlj3,4902121,public,self,Can someone explain Terra’s revival plan? What will happen to my share of the new Terra Classic?,0,[],1.0,https://www.reddit.com/r/CryptoCurrency/comments/uv7mab/can_someone_explain_terras_revival_plan_what_will/,all_ads,6,1653183677.0,self,"{'enabled': False, 'images': [{'id': 'XfMwKoiPYfOqd4PAkrwy3ghvCMHeo7culD97x4f18aM', 'resolutions': [{'height': 108, 'url': 'https://external-preview.redd.it/ZkxigoFxlIdswUY9H_3zWuJQH0XoK2lhYUC73SxgS-o.jpg?width=108&amp;crop=smart&amp;auto=webp&amp;s=cfbd7e585e05cb8dd11e3d0c6a2e5bfcbb350d56', 'width': 108}, {'height': 216, 'url': 'https://external-preview.redd.it/ZkxigoFxlIdswUY9H_3zWuJQH0XoK2lhYUC73SxgS-o.jpg?width=216&amp;crop=smart&amp;auto=webp&amp;s=5fb46438116a95fd436230c9976cf5f502f043fd', 'width': 216}, {'height': 320, 'url': 'https://external-preview.redd.it/ZkxigoFxlIdswUY9H_3zWuJQH0XoK2lhYUC73SxgS-o.jpg?width=320&amp;crop=smart&amp;auto=webp&amp;s=d984d230cfe8f309f4d0d418ba25058cb57fc623', 'width': 320}], 'source': {'height': 600, 'url': 'https://external-preview.redd.it/ZkxigoFxlIdswUY9H_3zWuJQH0XoK2lhYUC73SxgS-o.jpg?auto=webp&amp;s=ce98dfe2b2aa79deaca4561829dee2e91d3f8bbd', 'width': 600}, 'variants': {}}]}",,,,moderator,,,,,,,
10,[],False,Breaking_Crypt,,Warning-level2-2,"[{'e': 'text', 't': 'Tin | 2 months old | CC critic'}]",Tin | 2 months old | CC critic,dark,richtext,t2_jz20l8ro,False,False,False,[],False,False,1653208878,marketwatch.com,https://www.reddit.com/r/CryptoCurrency/comments/uv6v26/if_terra_and_luna_hadnt_tanked_bitcoin_something/,{},uv6v26,False,False,False,False,False,False,False,False,#7193ff,DISCUSSION,"[{'e': 'text', 't': 'DISCUSSION'}]",87049662-0882-11e5-82e1-0e9d1a9f7761,DISCUSSION,dark,richtext,False,False,True,1,0,False,all_ads,/r/CryptoCurrency/comments/uv6v26/if_terra_and_luna_hadnt_tanked_bitcoin_something/,False,6,1653208888,1,,True,False,False,CryptoCurrency,t5_2wlj3,4901962,public,https://b.thumbs.redditmedia.com/lPpR5BCAOu0BpWi0AYYc4Bzgr6M47c9aiatmzg2YDsI.jpg,"If Terra and Luna hadn’t tanked Bitcoin, something else would have triggered this latest crypto crash.",0,[],1.0,https://www.marketwatch.com/story/if-terra-and-luna-hadnt-tanked-bitcoin-something-else-would-have-triggered-this-latest-crypto-crash-11653112256?siteid=yhoof2,all_ads,6,1653180078.0,link,"{'enabled': False, 'images': [{'id': 'MOB5xiKHFeQL9LwPAR3r-AlQpFVLj1BMJaoLRrOj8-g', 'resolutions': [{'height': 56, 'url': 'https://external-preview.redd.it/X5U4WcX684Jm3VQ9L5cfFrUzb8EpTuswi8kOgUImzSI.jpg?width=108&amp;crop=smart&amp;auto=webp&amp;s=95d14b5ff2e1b4f4129f1e28e28f6e0437f6419e', 'width': 108}, {'height': 113, 'url': 'https://external-preview.redd.it/X5U4WcX684Jm3VQ9L5cfFrUzb8EpTuswi8kOgUImzSI.jpg?width=216&amp;crop=smart&amp;auto=webp&amp;s=82480870acf40852f20911210dab4a0e5c60fd1e', 'width': 216}, {'height': 168, 'url': 'https://external-preview.redd.it/X5U4WcX684Jm3VQ9L5cfFrUzb8EpTuswi8kOgUImzSI.jpg?width=320&amp;crop=smart&amp;auto=webp&amp;s=96dda2480075c1516dfaafe7014c3651e7380fa6', 'width': 320}, {'height': 336, 'url': 'https://external-preview.redd.it/X5U4WcX684Jm3VQ9L5cfFrUzb8EpTuswi8kOgUImzSI.jpg?width=640&amp;crop=smart&amp;auto=webp&amp;s=dff63196ecb26ffbc0dfbe021ffdee18c6ae8ba9', 'width': 640}, {'height': 504, 'url': 'https://external-preview.redd.it/X5U4WcX684Jm3VQ9L5cfFrUzb8EpTuswi8kOgUImzSI.jpg?width=960&amp;crop=smart&amp;auto=webp&amp;s=482f9c1e39c448dea24031ec365d31069403b7d2', 'width': 960}, {'height': 567, 'url': 'https://external-preview.redd.it/X5U4WcX684Jm3VQ9L5cfFrUzb8EpTuswi8kOgUImzSI.jpg?width=1080&amp;crop=smart&amp;auto=webp&amp;s=be3b198d5859775597f8befe375b43377ea70353', 'width': 1080}], 'source': {'height': 630, 'url': 'https://external-preview.redd.it/X5U4WcX684Jm3VQ9L5cfFrUzb8EpTuswi8kOgUImzSI.jpg?auto=webp&amp;s=4cd30de17b05ba9adef406e5188751483a37fcdb', 'width': 1200}, 'variants': {}}]}",73.0,140.0,https://www.marketwatch.com/story/if-terra-and-luna-hadnt-tanked-bitcoin-something-else-would-have-triggered-this-latest-crypto-crash-11653112256?siteid=yhoof2,moderator,,,,,,,
11,[],False,trrrring,,,"[{'e': 'text', 't': 'Platinum | QC: CC 174'}]",Platinum | QC: CC 174,dark,richtext,t2_5l34ukzy,False,False,False,[],False,False,1653206839,bloomberg.com,https://www.reddit.com/r/CryptoCurrency/comments/uv6fua/how_60_billion_in_terra_coins_went_up_in/,{},uv6fua,False,True,False,False,False,True,False,False,,GENERAL-NEWS,"[{'e': 'text', 't': '🟢 GENERAL-NEWS'}]",,🟢 GENERAL-NEWS,dark,richtext,False,False,True,0,0,False,all_ads,/r/CryptoCurrency/comments/uv6fua/how_60_billion_in_terra_coins_went_up_in/,False,6,1653206850,1,,True,False,False,CryptoCurrency,t5_2wlj3,4901863,public,https://b.thumbs.redditmedia.com/IRJPAcmOoyM5xuGhY-B7eYOs2vUSO3lvvMcv7GIq9hs.jpg,How $60 Billion in Terra Coins Went Up in Algorithmic Smoke,0,[],1.0,https://www.bloomberg.com/graphics/2022-crypto-luna-terra-stablecoin-explainer/?srnd=cryptocurrencies-v2,all_ads,6,1653178039.0,link,"{'enabled': False, 'images': [{'id': 'XHdB3L6h9nyJ1F6Dm8frHCmZ7cvp3iJ9IpWAN02dk1A', 'resolutions': [{'height': 56, 'url': 'https://external-preview.redd.it/vtiyrx8mBmOtCK2f7-68LplVD7ddGb0DYRFd4Nvlo9g.jpg?width=108&amp;crop=smart&amp;auto=webp&amp;s=d63ee958e9c46df98a7dd4c1dac77f1f8d47a67f', 'width': 108}, {'height': 113, 'url': 'https://external-preview.redd.it/vtiyrx8mBmOtCK2f7-68LplVD7ddGb0DYRFd4Nvlo9g.jpg?width=216&amp;crop=smart&amp;auto=webp&amp;s=e1244a1de13e6fb3e9acdb937028ac17c57e7143', 'width': 216}, {'height': 168, 'url': 'https://external-preview.redd.it/vtiyrx8mBmOtCK2f7-68LplVD7ddGb0DYRFd4Nvlo9g.jpg?width=320&amp;crop=smart&amp;auto=webp&amp;s=af8bbe0ae8b1a10c06bc5224a70fad04b17a93fc', 'width': 320}, {'height': 336, 'url': 'https://external-preview.redd.it/vtiyrx8mBmOtCK2f7-68LplVD7ddGb0DYRFd4Nvlo9g.jpg?width=640&amp;crop=smart&amp;auto=webp&amp;s=9ee98a554cfdf3f0d107205901702fae2bc858d8', 'width': 640}, {'height': 504, 'url': 'https://external-preview.redd.it/vtiyrx8mBmOtCK2f7-68LplVD7ddGb0DYRFd4Nvlo9g.jpg?width=960&amp;crop=smart&amp;auto=webp&amp;s=c03c81961d85eb71c65d2bc9a71166c418697f34', 'width': 960}, {'height': 567, 'url': 'https://external-preview.redd.it/vtiyrx8mBmOtCK2f7-68LplVD7ddGb0DYRFd4Nvlo9g.jpg?width=1080&amp;crop=smart&amp;auto=webp&amp;s=dc279088a26e7adf6e5a2332d6841e53260ecb0e', 'width': 1080}], 'source': {'height': 630, 'url': 'https://external-preview.redd.it/vtiyrx8mBmOtCK2f7-68LplVD7ddGb0DYRFd4Nvlo9g.jpg?auto=webp&amp;s=47ff254c3cec286f7b11d0e5c2202e257774bd13', 'width': 1200}, 'variants': {}}]}",73.0,140.0,https://www.bloomberg.com/graphics/2022-crypto-luna-terra-stablecoin-explainer/?srnd=cryptocurrencies-v2,,,,,,,,
12,[],False,Darth_Lopez,,,[],,,text,t2_73mp6dzf,False,False,False,[],False,False,1653202974,self.CryptoCurrency,https://www.reddit.com/r/CryptoCurrency/comments/uv5m34/new_crypto_trying_cryptocom/,{},uv5m34,False,True,False,False,False,True,True,False,#46d160,ADVICE,"[{'e': 'text', 't': 'ADVICE'}]",e9570888-9c2a-11e3-809c-12313d1661cc,ADVICE,dark,richtext,False,False,False,0,0,False,all_ads,/r/CryptoCurrency/comments/uv5m34/new_crypto_trying_cryptocom/,False,6,1653202985,1,"Hey guys

So I'm very new to this and frankly, most of you will probably think this is silly and I'm buckled down for the harsh words, but I'm trying to buy about 50 bucks worth of Terra Luna through crypto.com (at worst I'm down an extremely fancy dinner or a game in my steam library at best if it returns even to a fraction of a dollar around or greater than 1/10th of a penny i end up making a considerable amount of money if I'm even able to redeem it. Honestly it's enough to cover tm student loans with a little extra left over and more reliable than the lottery.) 

The problem?
I've tried 3 of my credit cards and I'm not getting anything but declined by issuer. One didn't know what was going on, the other was aware of an anti-crypto policy they apparently had (capital one for reference) 

I'm hesitant to link my bank information to crypto.com's app because I don't know that that would specifically work either and i feel it opens me up to a bit more risk than i normally would accept on such a gamble. (And let's be real this is a gamble I'm aware and accept that risk I'm certainly not banking on it (figuratively and literally)) 

My question? What bank/credit card company can i use if any to make this transaction go through? 

And if it is safe to utilize crypto.com would you register your bank account with it? If you have have you had any negative experiences that could be directly related to it?",True,False,False,CryptoCurrency,t5_2wlj3,4901701,public,self,New Crypto Trying Crypto.com,0,[],1.0,https://www.reddit.com/r/CryptoCurrency/comments/uv5m34/new_crypto_trying_cryptocom/,all_ads,6,1653174174.0,,,,,,,,,,,,,
13,[],False,Socialinfluencing,,,"[{'e': 'text', 't': ' Criptrillionaire Life! Css: Moon.'}]", Criptrillionaire Life! Css: Moon.,dark,richtext,t2_4bg8kgqw,False,False,False,[],False,False,1653200450,self.CryptoCurrency,https://www.reddit.com/r/CryptoCurrency/comments/uv524s/the_state_of_the_current_market_is_literally_the/,{},uv524s,False,True,False,False,False,True,True,False,#c403f5,COMEDY,"[{'e': 'text', 't': 'COMEDY'}]",5c104cfc-d7c8-11e4-9d14-22000b6902b0,COMEDY,dark,richtext,False,False,True,0,0,False,all_ads,/r/CryptoCurrency/comments/uv524s/the_state_of_the_current_market_is_literally_the/,False,6,1653200460,1,"Picture this, the market hasn't been looking so hot lately and you're searching for some hopium, you hear a knock on the door and a mailman hands you a usb stick and just whispers financial freedom, he then scampers off. You think wth? But you put it into your pc. 

You click on the only file on there and a video starts playing, it shows you cruise ships, quadbikes and people laughing before abruptly cutting to people in cubicles at work and looks of frustration and boredom on their faces. 

The video then cuts to a strange man that tells you you're the king of Bitcoin! All you need to do is show up to Btc Island and buy all the current dips and you will be bestowed the honourary title of King of Btc! One of your family members heard and saw the whole thing play out. You then turn around and ask them, did you hear that? I'm the king of Btc! They laugh and reply, you serious? They then accompany you on a boat trip to this mysterious Btc Island. 

Upon arriving you see a lot of different signs with neon lights around them, both of you pass a massive one that reads Terra with a smiling devil face that sits atop it. Another reads ICP. Both of you see someone approaching in the distance, it's the man from the video and he challenges you to a fight. You both nervously look at each other and shrug. 

Suddenly the man attempts to steer you both towards a building entrance with yet another massive lit up neon sign above it, it reads : ' The DIP of the dip of the dip of the DIIIIIIP. Both of you manage to run towards this man and push him away. You escape off the island on your boat, and all you see in the distance is him screaming and the sign somehow catching fire.",True,False,False,CryptoCurrency,t5_2wlj3,4901590,public,self,The state of the current market is literally the karate island episode from Spongebob and Robert Kiyosaki is ' Master ' Udon.,0,[],1.0,https://www.reddit.com/r/CryptoCurrency/comments/uv524s/the_state_of_the_current_market_is_literally_the/,all_ads,6,1653171650.0,,,,,,,,,,,,,
14,[],False,parakite,,cointest,"[{'e': 'text', 't': 'Platinum | QC: BTC 357, CC 350 | '}, {'a': ':2:', 'e': 'emoji', 'u': 'https://emoji.redditmedia.com/ehdu0359fbc71_t5_2wlj3/2'}, {'e': 'text', 't': 'x1'}, {'a': ':2:', 'e': 'emoji', 'u': 'https://emoji.redditmedia.com/ehdu0359fbc71_t5_2wlj3/2'}, {'e': 'text', 't': 'x1'}]","Platinum | QC: BTC 357, CC 350 | :2:x1:2:x1",dark,richtext,t2_yca5l,False,False,False,[],False,False,1653200013,self.CryptoMarkets,https://www.reddit.com/r/CryptoCurrency/comments/uv4yku/terra_luna_is_a_ticking_time_bomb_heres_why/,{},uv4yku,False,True,False,False,False,True,False,False,#add2e2,ADVICE,"[{'e': 'text', 't': 'ANALYSIS'}]",c1034ee6-9c2a-11e3-a8c4-12313b0e8e20,ANALYSIS,dark,richtext,False,False,True,0,0,False,all_ads,/r/CryptoCurrency/comments/uv4yku/terra_luna_is_a_ticking_time_bomb_heres_why/,False,6,1653200023,1,,True,False,False,CryptoCurrency,t5_2wlj3,4901573,public,https://b.thumbs.redditmedia.com/EHds8cmMXVboqf6x7FiPFhlBHDumnib-4n7wQpgoIcg.jpg,'Terra ($LUNA) is a ticking time bomb. Here's why' - Post/analysis made a month ago by AlexFire,0,[],1.0,/r/CryptoMarkets/comments/u2sz8x/terra_luna_is_a_ticking_time_bomb_heres_why/,all_ads,6,1653171213.0,,,90.0,140.0,/r/CryptoMarkets/comments/u2sz8x/terra_luna_is_a_ticking_time_bomb_heres_why/,,t3_u2sz8x,"[{'all_awardings': [], 'allow_live_comments': False, 'approved_at_utc': None, 'approved_by': None, 'archived': False, 'author': 'tuanquanghpvn', 'author_flair_background_color': '', 'author_flair_css_class': 'Warning-level2-2', 'author_flair_richtext': [], 'author_flair_template_id': None, 'author_flair_text': 'Tin', 'author_flair_text_color': 'dark', 'author_flair_type': 'text', 'author_fullname': 't2_5lfx9', 'author_is_blocked': False, 'author_patreon_flair': False, 'author_premium': False, 'awarders': [], 'banned_at_utc': None, 'banned_by': None, 'can_gild': True, 'can_mod_post': False, 'category': None, 'clicked': False, 'content_categories': None, 'contest_mode': False, 'created': 1649863898.0, 'created_utc': 1649863898.0, 'discussion_type': None, 'distinguished': None, 'domain': 'self.CryptoMarkets', 'downs': 0, 'edited': False, 'gilded': 0, 'gildings': {}, 'hidden': False, 'hide_score': False, 'id': 'u2sz8x', 'is_created_from_ads_ui': False, 'is_crosspostable': True, 'is_meta': False, 'is_original_content': False, 'is_reddit_media_domain': False, 'is_robot_indexable': True, 'is_self': True, 'is_video': False, 'likes': None, 'link_flair_background_color': '', 'link_flair_css_class': None, 'link_flair_richtext': [], 'link_flair_text': None, 'link_flair_text_color': 'dark', 'link_flair_type': 'text', 'locked': False, 'media': None, 'media_embed': {}, 'media_metadata': {'xaqiw7evebt81': {'e': 'Image', 'id': 'xaqiw7evebt81', 'm': 'image/png', 'p': [{'u': 'https://preview.redd.it/xaqiw7evebt81.png?width=108&amp;crop=smart&amp;auto=webp&amp;s=6b19f28620f911790c4bb986fb444cf5b93a36f3', 'x': 108, 'y': 69}, {'u': 'https://preview.redd.it/xaqiw7evebt81.png?width=216&amp;crop=smart&amp;auto=webp&amp;s=2bb61bf719054d78e7642aa92e3f9d7acf1082dc', 'x': 216, 'y': 139}, {'u': 'https://preview.redd.it/xaqiw7evebt81.png?width=320&amp;crop=smart&amp;auto=webp&amp;s=cfb0c7b27cb0f7025624045b9e013dc8282b0eff', 'x': 320, 'y': 206}, {'u': 'https://preview.redd.it/xaqiw7evebt81.png?width=640&amp;crop=smart&amp;auto=webp&amp;s=d703015fcb86831754604f283b27c6df2506ffaa', 'x': 640, 'y': 413}, {'u': 'https://preview.redd.it/xaqiw7evebt81.png?width=960&amp;crop=smart&amp;auto=webp&amp;s=86745c35cc69f702931c1fea58a325cd1becc003', 'x': 960, 'y': 620}, {'u': 'https://preview.redd.it/xaqiw7evebt81.png?width=1080&amp;crop=smart&amp;auto=webp&amp;s=35630e92e7878354a204fdef14ea2cbc019631a8', 'x': 1080, 'y': 697}], 's': {'u': 'https://preview.redd.it/xaqiw7evebt81.png?width=1659&amp;format=png&amp;auto=webp&amp;s=0678e8df8a1fab706b14937714379c30f82d2608', 'x': 1659, 'y': 1072}, 'status': 'valid'}}, 'media_only': False, 'mod_note': None, 'mod_reason_by': None, 'mod_reason_title': None, 'mod_reports': [], 'name': 't3_u2sz8x', 'no_follow': True, 'num_comments': 22, 'num_crossposts': 1, 'num_reports': None, 'over_18': False, 'parent_whitelist_status': 'all_ads', 'permalink': '/r/CryptoMarkets/comments/u2sz8x/terra_luna_is_a_ticking_time_bomb_heres_why/', 'pinned': False, 'pwls': 6, 'quarantine': False, 'removal_reason': None, 'removed_by': None, 'removed_by_category': None, 'report_reasons': None, 'saved': False, 'score': 2, 'secure_media': None, 'secure_media_embed': {}, 'selftext': ""So I did a deep dive analysis on Terra ($LUNA) and found that it is a major ticking time bomb. You guys should steer clear of it. Some of my arguments are:\n\n* **Terra’s algorithmic stablecoins are exposed to hidden, not well-understood risks**\n\nTerra’s algorithmic stablecoins depend on the balance between supply and demand. If the prices of Terra’s stablecoins fall, users must be incentivized to burn stablecoins, and vice versa. This means that besides the typical risk factors associated with a blockchain (e.g. security problems, centralization, scalability limitations, lack of user demand, etc.), the Terra network is uniquely exposed to **incentive risk**. What if Terra’s supply and demand do not work as intended?\n\n* **The Anchor Protocol significantly heightens Terra’s systemic risks**\n\nEven worse, the fragile nature of algorithmic stablecoins is exarcebated by a single point of failure: the Anchor Protocol. The Anchor Protocol is paying lenders 19.61% yield, but only captures 5.43% net rate from borrowers (13.14% - 7.71%). This leads to two consequences.\n\nOne, Anchor unsurprisingly attracts a massive influx of lending capital, and Anchor dominates all other projects on Terra. Its total value locked (TVL) sits at $15.67B, or 51%+ of the combined TVL of all projects on Terra. Anchor’s UST deposit equals 73% of the total UST supply ([https://app.anchorprotocol.com/](https://app.anchorprotocol.com/)).\n\nTwo, Anchor’s business model is inherently unstable. The borrowing amount is $12.3B vs. $3.4B in lending amount, implying a utilization rate of only 27.6%. Because of this low utilization rate, Anchor is effectively paying lenders out of its yield reserve fund to maintain its high APY. The yield reserve fund is declining by \\~$4.5M every day, and will run out of money in 2 months at the current rate. Keep in mind that the yield reserve fund was almost depleted just a month ago, when Terra had to add $450M to keep it afloat.\n\n&amp;#x200B;\n\nhttps://preview.redd.it/xaqiw7evebt81.png?width=1659&amp;format=png&amp;auto=webp&amp;s=0678e8df8a1fab706b14937714379c30f82d2608\n\n* **Anchor is Terra’s single point of failure**\n\nThese two consequences combined suggest that Anchor is a single point of failure for Terra. There is little doubt that Anchor will eventually have to significantly reduce its APY. This action, however, can easily trigger a massive outflow of users who were originally attracted to Terra because of Anchor’s high yield. This can create a huge demand problem for Luna and Terra stablecoins, resulting in catastrophic risk for the entire network.\n\n**You can read my analysis in full with charts at:** [https://www.dantehq.com/article/TFT1tPndIgPvpxeZdKnCm6/terra-bear-case-when-the-music-stops](https://www.dantehq.com/article/TFT1tPndIgPvpxeZdKnCm6/terra-bear-case-when-the-music-stops).\n\nI'm open to any criticism/feedback!"", 'selftext_html': '&lt;!-- SC_OFF --&gt;&lt;div class=""md""&gt;&lt;p&gt;So I did a deep dive analysis on Terra ($LUNA) and found that it is a major ticking time bomb. You guys should steer clear of it. Some of my arguments are:&lt;/p&gt;\n\n&lt;ul&gt;\n&lt;li&gt;&lt;strong&gt;Terra’s algorithmic stablecoins are exposed to hidden, not well-understood risks&lt;/strong&gt;&lt;/li&gt;\n&lt;/ul&gt;\n\n&lt;p&gt;Terra’s algorithmic stablecoins depend on the balance between supply and demand. If the prices of Terra’s stablecoins fall, users must be incentivized to burn stablecoins, and vice versa. This means that besides the typical risk factors associated with a blockchain (e.g. security problems, centralization, scalability limitations, lack of user demand, etc.), the Terra network is uniquely exposed to &lt;strong&gt;incentive risk&lt;/strong&gt;. What if Terra’s supply and demand do not work as intended?&lt;/p&gt;\n\n&lt;ul&gt;\n&lt;li&gt;&lt;strong&gt;The Anchor Protocol significantly heightens Terra’s systemic risks&lt;/strong&gt;&lt;/li&gt;\n&lt;/ul&gt;\n\n&lt;p&gt;Even worse, the fragile nature of algorithmic stablecoins is exarcebated by a single point of failure: the Anchor Protocol. The Anchor Protocol is paying lenders 19.61% yield, but only captures 5.43% net rate from borrowers (13.14% - 7.71%). This leads to two consequences.&lt;/p&gt;\n\n&lt;p&gt;One, Anchor unsurprisingly attracts a massive influx of lending capital, and Anchor dominates all other projects on Terra. Its total value locked (TVL) sits at $15.67B, or 51%+ of the combined TVL of all projects on Terra. Anchor’s UST deposit equals 73% of the total UST supply (&lt;a href=""https://app.anchorprotocol.com/""&gt;https://app.anchorprotocol.com/&lt;/a&gt;).&lt;/p&gt;\n\n&lt;p&gt;Two, Anchor’s business model is inherently unstable. The borrowing amount is $12.3B vs. $3.4B in lending amount, implying a utilization rate of only 27.6%. Because of this low utilization rate, Anchor is effectively paying lenders out of its yield reserve fund to maintain its high APY. The yield reserve fund is declining by ~$4.5M every day, and will run out of money in 2 months at the current rate. Keep in mind that the yield reserve fund was almost depleted just a month ago, when Terra had to add $450M to keep it afloat.&lt;/p&gt;\n\n&lt;p&gt;&amp;#x200B;&lt;/p&gt;\n\n&lt;p&gt;&lt;a href=""https://preview.redd.it/xaqiw7evebt81.png?width=1659&amp;amp;format=png&amp;amp;auto=webp&amp;amp;s=0678e8df8a1fab706b14937714379c30f82d2608""&gt;https://preview.redd.it/xaqiw7evebt81.png?width=1659&amp;amp;format=png&amp;amp;auto=webp&amp;amp;s=0678e8df8a1fab706b14937714379c30f82d2608&lt;/a&gt;&lt;/p&gt;\n\n&lt;ul&gt;\n&lt;li&gt;&lt;strong&gt;Anchor is Terra’s single point of failure&lt;/strong&gt;&lt;/li&gt;\n&lt;/ul&gt;\n\n&lt;p&gt;These two consequences combined suggest that Anchor is a single point of failure for Terra. There is little doubt that Anchor will eventually have to significantly reduce its APY. This action, however, can easily trigger a massive outflow of users who were originally attracted to Terra because of Anchor’s high yield. This can create a huge demand problem for Luna and Terra stablecoins, resulting in catastrophic risk for the entire network.&lt;/p&gt;\n\n&lt;p&gt;&lt;strong&gt;You can read my analysis in full with charts at:&lt;/strong&gt; &lt;a href=""https://www.dantehq.com/article/TFT1tPndIgPvpxeZdKnCm6/terra-bear-case-when-the-music-stops""&gt;https://www.dantehq.com/article/TFT1tPndIgPvpxeZdKnCm6/terra-bear-case-when-the-music-stops&lt;/a&gt;.&lt;/p&gt;\n\n&lt;p&gt;I&amp;#39;m open to any criticism/feedback!&lt;/p&gt;\n&lt;/div&gt;&lt;!-- SC_ON --&gt;', 'send_replies': True, 'spoiler': False, 'stickied': False, 'subreddit': 'CryptoMarkets', 'subreddit_id': 't5_2z2wm', 'subreddit_name_prefixed': 'r/CryptoMarkets', 'subreddit_subscribers': 815938, 'subreddit_type': 'public', 'suggested_sort': None, 'thumbnail': 'https://b.thumbs.redditmedia.com/EHds8cmMXVboqf6x7FiPFhlBHDumnib-4n7wQpgoIcg.jpg', 'thumbnail_height': 90, 'thumbnail_width': 140, 'title': ""Terra ($LUNA) is a ticking time bomb. Here's why"", 'top_awarded_type': None, 'total_awards_received': 0, 'treatment_tags': [], 'ups': 2, 'upvote_ratio': 0.57, 'url': 'https://www.reddit.com/r/CryptoMarkets/comments/u2sz8x/terra_luna_is_a_ticking_time_bomb_heres_why/', 'user_reports': [], 'view_count': None, 'visited': False, 'whitelist_status': 'all_ads', 'wls': 6}]",,,,,
15,[],False,Chaoulov,,Pacifier,"[{'e': 'text', 't': 'Redditor for 4 days.'}]",Redditor for 4 days.,dark,richtext,t2_br2b32g0,False,False,True,[],False,False,1653197821,self.CryptoCurrency,https://www.reddit.com/r/CryptoCurrency/comments/uv4gmn/lost_over_100m_with_luna_terra/,{},uv4gmn,False,True,False,True,False,True,True,False,#7193ff,DISCUSSION,"[{'e': 'text', 't': 'DISCUSSION'}]",87049662-0882-11e5-82e1-0e9d1a9f7761,DISCUSSION,dark,richtext,False,False,True,0,0,False,all_ads,/r/CryptoCurrency/comments/uv4gmn/lost_over_100m_with_luna_terra/,False,6,1653197832,1,"In recent years I have invested a lot of money in crypto and also earned very nicely.

But in 2021 I bought Luna coins for $125M and have not even sold a coin till today.

On the paper, I was worth $15 billion, but that was not enough for me.

I'm trying to figure out, where did I go wrong? And is there any chance I can recoup my $125M investment?

In order for me to recoup my investment, I need LUNA to reach at least $1, which is the price I bought in 2021.

Do you think there is a chance in the world that such a thing will happen?

Is there any chance that I can get my money back?

I would love to hear reinforcements from you, I have had a terrible financial year and do not know how to get out of it.

&amp;#x200B;

[My Binance account](https://preview.redd.it/3fo9k9jyry091.png?width=1920&amp;format=png&amp;auto=webp&amp;s=1470c36ff9a7c2e9a4f70501310b546d83482ae4)",True,False,False,CryptoCurrency,t5_2wlj3,4901448,public,https://b.thumbs.redditmedia.com/9J-vIIduqQsNGSsuVW3o1wPGzwqN1v0Adl-lRr4bXow.jpg,Lost over 100M$ with Luna / Terra,0,[],1.0,https://www.reddit.com/r/CryptoCurrency/comments/uv4gmn/lost_over_100m_with_luna_terra/,all_ads,6,1653169021.0,,,60.0,140.0,,,,,"{'3fo9k9jyry091': {'e': 'Image', 'id': '3fo9k9jyry091', 'm': 'image/png', 'p': [{'u': 'https://preview.redd.it/3fo9k9jyry091.png?width=108&amp;crop=smart&amp;auto=webp&amp;s=4fa3b1702d37f817ef97fff2c0318c3d49134364', 'x': 108, 'y': 46}, {'u': 'https://preview.redd.it/3fo9k9jyry091.png?width=216&amp;crop=smart&amp;auto=webp&amp;s=869de66302bc82df5d56878a78ad7dd33256f726', 'x': 216, 'y': 93}, {'u': 'https://preview.redd.it/3fo9k9jyry091.png?width=320&amp;crop=smart&amp;auto=webp&amp;s=737afdb928e7643190711ec8b3594090cc3ba391', 'x': 320, 'y': 138}, {'u': 'https://preview.redd.it/3fo9k9jyry091.png?width=640&amp;crop=smart&amp;auto=webp&amp;s=1f4f9b6d6f487928ccbc5b9a4374f37f2c807fca', 'x': 640, 'y': 277}, {'u': 'https://preview.redd.it/3fo9k9jyry091.png?width=960&amp;crop=smart&amp;auto=webp&amp;s=919817212f9479f504ba19e5c912323feb1423e0', 'x': 960, 'y': 416}, {'u': 'https://preview.redd.it/3fo9k9jyry091.png?width=1080&amp;crop=smart&amp;auto=webp&amp;s=c78290062798616e4fc91fcbbdadfb4708a5518c', 'x': 1080, 'y': 468}], 's': {'u': 'https://preview.redd.it/3fo9k9jyry091.png?width=1920&amp;format=png&amp;auto=webp&amp;s=1470c36ff9a7c2e9a4f70501310b546d83482ae4', 'x': 1920, 'y': 833}, 'status': 'valid'}}",,,,
16,[],False,Final_Economy2963,,Warning-level2,"[{'e': 'text', 't': '1 - 2 years account age. 35 - 100 comment karma.'}]",1 - 2 years account age. 35 - 100 comment karma.,dark,richtext,t2_8iijrh7q,False,False,False,[],False,False,1653192365,self.CryptoCurrency,https://www.reddit.com/r/CryptoCurrency/comments/uv368e/can_someone_else_to_me_why_the_apr_for_terra_luna/,{},uv368e,False,False,False,False,False,False,True,False,#7193ff,DISCUSSION,"[{'e': 'text', 't': 'DISCUSSION'}]",87049662-0882-11e5-82e1-0e9d1a9f7761,DISCUSSION,dark,richtext,False,False,True,1,0,False,all_ads,/r/CryptoCurrency/comments/uv368e/can_someone_else_to_me_why_the_apr_for_terra_luna/,False,6,1653192375,1,[removed],True,False,False,CryptoCurrency,t5_2wlj3,4901201,public,https://b.thumbs.redditmedia.com/e5gFN5UH5PgaXYLutI_nGYYIh_7AmSiFBuX-zlPusBM.jpg,Can someone else to me why the apr for terra luna on trust wallet so high? APR 277880.84%,0,[],1.0,https://www.reddit.com/r/CryptoCurrency/comments/uv368e/can_someone_else_to_me_why_the_apr_for_terra_luna/,all_ads,6,1653163565.0,,,140.0,140.0,,moderator,,,,,,,
17,[],False,omenoflord,,,[],,,text,t2_789sfp8b,False,False,False,[],False,False,1653185990,self.CryptoCurrency,https://www.reddit.com/r/CryptoCurrency/comments/uv1j35/i_will_become_the_next_deepfuckingvalue_an_in/,{},uv1j35,False,True,False,True,False,True,True,False,#46d160,MARKETS,"[{'e': 'text', 't': 'MARKETS'}]",1a657c8c-e48d-11e5-a215-0e374d550989,MARKETS,light,richtext,False,False,False,0,0,False,all_ads,/r/CryptoCurrency/comments/uv1j35/i_will_become_the_next_deepfuckingvalue_an_in/,False,6,1653186001,1,"I hope you all give this a chance, listen and we can hold a unique discussion about our thoughts on the future of crypto. I only hold one coin, Ethereum because I believe the ability of smart contracts and defi to be pretty groundbreaking to help fight against the financial system. I have three main reasons why I believe 80%+ of crypto projects will fail, a deep market drop in all asset classes will ensue and I believe within the next 3 years we will see a recession, driven by commodity pricing, an overleveraged long position in crypto markets, a strong dollar and bond market with increases in U.S. interest rates and World bank rates, and an overextension of real estate value in North America and Europe as well as slowdowns in Asia and a tightening of margins in the markets and a retraction in margins, and of US GDP; possibly retractions in world GDP if things get 2008 bad.  


I begin.  


1. **A majority of crypto projects are** **~~going to fail.~~**

The majority of alt-coins remind me of valuations during the 2000's tech crash, I see a lot of angel investment, a huge amount of wealth being transferred into these projects with little oversight, no legality binding them and most of all, little in terms of success of these projects. A large majority of projects considered to be ""alt-coins"" are down for the year, it seems like there is a huge consolidation of alt coins, NFTs, and the markets as a whole, with Bitcoin and Ethereum dominance returning to take center stage, and on the stock market side we've seen this consolidation among all the major tech companies that survived the 2000's crash, and we must remember the volatility the nasdaq first had. I believe this to be very similar, and I do think and I believe others do too that almost all things built out of capitalism, are to someday consolidate. Beyond that, there's only so much money to be spread around, something, some coin and project have to win, I believe we all hope that to be ours. The truth, it probably won't be, for all the winners who bought Amazon, Facebook, Microsoft and Google in the late 90's there were far more losers. All innovative technologies in their own rights, but the winners still eat the cake.  


2. **A market recession in correction in nearly all asset classes.**

A strong dollar is good, a dollar that isn't strong is bad, having to tighten fed policy to strengthen the dollar, a sure-fire way to lose a mid-term election, and likely presidential elections. I believe assets are priced far too speculatively, in almost every market except for the time being energy. I'll go over a few quickly to explain my point. Housing prices are priced to above perfection with the perfect wave of no supply but ample demand alongside 0% inflation for years, the U.S. Fed is forced to raise interest rates to protect the average family from being priced out of the middle class, forcing those who want to buy houses to be unable to, and for those will be looking to sell, unable to for any price seen in the latter end of 2020 and beginning of 2021. Asset prices have been highly speculative following the Covid crash, many of the biggest winners have turned into losers, many of the long time names, Walmart, Cosco, Lowes, Home Depot, all down over 20% in the past few months. Beyond that many companies that we're never profitable ended up being extremely valuable and still trade at valuations that have no real place in an economy that isn't perfect. Snowflake is my most prime example, coming out as one of the most expensive stocks to ever IPO; with annual revenue under 1 billion dollars, and burning cash. These businesses, many will be forced to dilute to raise money, take on expensive debt with increased rates, or go bankrupt. This will cause the S&amp;P 500 to drop into the bear market, likely pushing cryptocurrencies with it, and most of all for cryptocurrencies, I think the leveraged positions in bitcoins being at all time highs with a huge risk of bear markets and recessions put us back in reality where investors will be forced to sell off their coins because the inability to cover losses, markets will experience sell-offs to 2017-2019 levels before bitcoin, ethereum and the surviving 20% of coins consolidate the market into a more risk-reward friendly market with investors more cautious about the projects they invest into. I also believe like Shark Tank star Kevin O' Leary believes that Democrats lose mid-terms and we will see regulation come into play after the mid terms to control cryptocurrency, especially after the Terra-Luna collapse. I also believe bond markets will fall with another rate hike or two, and then investors will look to 10y treasury bonds or bonds backed by strong cash-flow companies until we see a rebound in Global markets, probably after supply chain issues from China, Housing price pandemic across the western world, and the war in ukraine, and the lack of supply chain for things like Oil, Natural Gas, and Refined Gasoline come back into realism. I think the bottom will come after leveraged positions have been wiped out on the longs side, and we will see a covering of shorts, I believe Berkshire Hathaway has the buying power and power in it's name to set the bottom. I believe the 10y annualized returns will be single digits after the crash in cryptos, and I believe the top cryptocurrencies will see rises back to current valuations or above by 2028; where winners have taken over the Defi space and smart contracts.  


3. **Recession**

Recessions are nearly impossible to predict, I think we'll be in a recession within the next 6 months if not sooner. This is not financial advice, this is my opinion. As somewhat mentioned above, rising interest rates, fed tightening, margins shrinking alongside free cash flow and y/y revenue growths decreasing, I think we see a normalization in the markets at 15p/e near the bottom when margins have shrank to their bottoms and we begin to see normalization in consumer spending, asset pricing especially housing, commodity pricing and consolidation of businesses and crypto coins, projects, games, NFTs and everything crypto related will all see consolidation and bottoms in major coins like Bitcoin and Ethereum. I think the shrinking margins will slow global economic growth, new investments in ICO's and IPO's, and weaken the labor market globally. I am a long-term bull of Cryptocurrencies and I do believe they will be a normal part of our financial lives over the next couple decades. I also believe that the record amount of leveraged positions that are currently held in bitcoin and the asset classes which are unprofitable or overvalued will all see significant downturns, and a huge loss of almost all leveraged positions. These are all things happening now, this is to say that things stay calm, that nothing on top of this economy and this craziness doesn't blow the markets right over and leave them in dust. To summarize we're facing, Record housing prices, record natural disasters, record inflation in the U.S, a destabilizing European continent, an Asia on yet another lockdown with no timelines on supply chain fixes, as well as weakening consumer spending, insane commodity pricing that threatens the livelihoods of people all over the world, and to make everything a little better. THE GDP SHRANK in Q1 2022. 

&amp;#x200B;

**4. What do I invest in**  


So that's my predictions, in terms of what I'm long and short on, it's only two coins to be transparent. I'm long Ethereum, I'm short KAVA. I'm short because of the inflation of the coin being unsustainable and I'm long Ethereum because I believe in consolidation and to hedge my short position should crypto markets rise to hedge my losses.

The only stock I currently own is AMD, avg. price 100$/share and I plan to average down on Market weakness. I'm not short on any stocks.

My price target is only for Bitcoin, I believe it will bottom out at 15k-20k per bitcoin within the next 18 months. I believe it will reach 80k by 2028 after that point for an average yearly gain of \~50% per year gains to mark another great bull run for crypto. I always believe more projects will come to compete, most will lose some will win, new projects will benefit still from increasing prices, but lots will go to near 0.

&amp;#x200B;

**I would really love to know what you all think and start a meaningful back and forth without tearing one another apart. I love you all, I wish everyone the very best. This was not financial advice, please decide on your own, this was all just my opinions and what I think of the global economy as a whole and impacts of everything.**",True,False,False,CryptoCurrency,t5_2wlj3,4900921,public,self,I will become the next DeepFuckingValue. An in depth look into where I believe markets are heading. Please feel free to express your opinions and try not to argue &lt;3,0,[],1.0,https://www.reddit.com/r/CryptoCurrency/comments/uv1j35/i_will_become_the_next_deepfuckingvalue_an_in/,all_ads,6,1653157190.0,,,,,,,,,,,,,
18,[],False,2fy54gh6,,,[],,,text,t2_ixb0aq81,False,False,False,[],False,False,1653178484,self.CryptoCurrency,https://www.reddit.com/r/CryptoCurrency/comments/uuzgjb/will_i_lose_my_cw20_tokens_on_the_terra_fork_or/,{},uuzgjb,False,False,False,False,False,False,True,False,#46d160,ADVICE,"[{'e': 'text', 't': 'ADVICE'}]",e9570888-9c2a-11e3-809c-12313d1661cc,ADVICE,dark,richtext,False,False,True,1,0,False,all_ads,/r/CryptoCurrency/comments/uuzgjb/will_i_lose_my_cw20_tokens_on_the_terra_fork_or/,False,6,1653178494,1,[removed],True,False,False,CryptoCurrency,t5_2wlj3,4900590,public,self,Will I lose my CW20 tokens on the Terra fork or will they be copied to my wallet on the Terra fork?,0,[],1.0,https://www.reddit.com/r/CryptoCurrency/comments/uuzgjb/will_i_lose_my_cw20_tokens_on_the_terra_fork_or/,all_ads,6,1653149684.0,,,,,,moderator,,,,,,,
19,[],False,Popbusterz,,Warning-level2-2,"[{'e': 'text', 't': 'Tin'}]",Tin,dark,richtext,t2_5bfc778w,False,False,False,[],False,False,1653171811,self.CryptoCurrency,https://www.reddit.com/r/CryptoCurrency/comments/uuxhem/results_from_the_survey_of_luna_holder/,{},uuxhem,False,True,False,False,False,True,True,False,#add2e2,ADVICE,"[{'e': 'text', 't': 'ANALYSIS'}]",c1034ee6-9c2a-11e3-a8c4-12313b0e8e20,ANALYSIS,dark,richtext,False,False,True,0,0,False,all_ads,/r/CryptoCurrency/comments/uuxhem/results_from_the_survey_of_luna_holder/,False,6,1653171822,1,"So, I launched a survey yesterday and the results are in that surprised me very much:

Only post-attack luna holders make almost 2/3 rd of total current luna holders (65%).

Of total voters, only 21% are those who held any luna coin pre attack (with or without post attack).

9% are those that held any pre attack UST (irrespective of if they hold UST post attack or not).

Here is the link to the poll: [https://www.reddit.com/r/terraluna/comments/uu82yj/survey\_of\_current\_luna\_bag\_holders/](https://www.reddit.com/r/terraluna/comments/uu82yj/survey_of_current_luna_bag_holders/)",True,False,False,CryptoCurrency,t5_2wlj3,4900283,public,self,Results from the survey of Luna holder demographics on Terra Luna reddit,0,[],1.0,https://www.reddit.com/r/CryptoCurrency/comments/uuxhem/results_from_the_survey_of_luna_holder/,all_ads,6,1653143011.0,,,,,,,,,,,,,
20,[],False,randomguy28282,,,[],,,text,t2_eib88635,False,False,False,[],False,False,1653166936,self.CryptoCurrency,https://www.reddit.com/r/CryptoCurrency/comments/uuvyhz/terra_luna_is_supposedly_having_a_community_burn/,{},uuvyhz,False,False,False,False,False,False,True,False,#0aa18f,NEWS,"[{'e': 'text', 't': 'GENERAL-NEWS'}]",f170aab2-246f-11ec-8143-429a193c9848,GENERAL-NEWS,light,richtext,False,False,True,1,0,False,all_ads,/r/CryptoCurrency/comments/uuvyhz/terra_luna_is_supposedly_having_a_community_burn/,False,6,1653166946,1,[removed],True,False,False,CryptoCurrency,t5_2wlj3,4900035,public,self,Terra Luna is supposedly having a Community burn,0,[],1.0,https://www.reddit.com/r/CryptoCurrency/comments/uuvyhz/terra_luna_is_supposedly_having_a_community_burn/,all_ads,6,1653138136.0,,,,,,moderator,,,,,,,
21,[],False,coiiiii,,,"[{'e': 'text', 't': 'Platinum | QC: CC 79'}]",Platinum | QC: CC 79,dark,richtext,t2_22putrkv,False,False,False,[],False,False,1653166258,self.CryptoCurrency,https://www.reddit.com/r/CryptoCurrency/comments/uuvqck/so_which_reputable_project_can_possibly_be_the/,{},uuvqck,False,True,False,False,False,True,True,False,#ff66ac,DEBATE,"[{'e': 'text', 't': 'DEBATE'}]",5b762856-d7c9-11e4-822a-22000b2300b2,DEBATE,light,richtext,False,False,True,0,0,False,all_ads,/r/CryptoCurrency/comments/uuvqck/so_which_reputable_project_can_possibly_be_the/,False,6,1653166269,1,"I’m not gonna lie, but the whole Luna/Terra/UST situation was a terrible reminder on how fragile things can be and how things can change from one day to another. A lot of people literally lost everything thinking that their investments were secure under the bulletproof Terra Foundation economics, hype and track record. And then boom! Doomsdays happened and we were on the first row watching everything fall apart.
Now the question is: Is there any other reputable and serious project that can have a similar end? I’m talking about big projects like Avalanche, Polkadot, Algorand, Polygon… or maybe stable coins like USDC, DAI, USDT (yeah, we all know about USDT…) Projects like that, big names that can implode from one day to another thanks to problematic fundamentals, bugs, hacks, security problems, etc.
I would love if people can share their thoughts about some flaws on any project that can lead to a big crash.

Of course we are not talking about random projects like any Elon/Baby/Safe tokens)",True,False,False,CryptoCurrency,t5_2wlj3,4899996,public,self,"So, which reputable project can possibly be the next Terra/Luna/UST situation?",0,[],1.0,https://www.reddit.com/r/CryptoCurrency/comments/uuvqck/so_which_reputable_project_can_possibly_be_the/,all_ads,6,1653137458.0,,,,,,,,,,,,,
22,[],False,ImaFreemason,,,"[{'e': 'text', 't': 'Platinum I ImaCryprohodler Investor, Trader'}]","Platinum I ImaCryprohodler Investor, Trader",dark,richtext,t2_4i7fj94m,False,False,True,[],False,False,1653165750,cryptopotato.com,https://www.reddit.com/r/CryptoCurrency/comments/uuvkj4/terra_under_heat_after_amending_proposal_midvote/,{},uuvkj4,False,True,False,False,False,True,False,False,#46d160,MARKETS,"[{'e': 'text', 't': 'MARKETS'}]",1a657c8c-e48d-11e5-a215-0e374d550989,MARKETS,light,richtext,False,False,True,0,0,False,all_ads,/r/CryptoCurrency/comments/uuvkj4/terra_under_heat_after_amending_proposal_midvote/,False,6,1653165760,1,,False,False,False,CryptoCurrency,t5_2wlj3,4899957,public,https://b.thumbs.redditmedia.com/x2XUnUvhXsbv6BH1aE7tUrxeWw5iseQhFZPk659rXts.jpg,Terra Under Heat After Amending Proposal Mid-Vote,0,[],1.0,https://cryptopotato.com/terra-under-heat-after-amending-proposal-mid-vote/,all_ads,6,1653136950.0,link,"{'enabled': False, 'images': [{'id': 'qCFIUF3BrhmXXhLbiF2G6PoLBoaTK3ISsS7B2rXf5yY', 'resolutions': [{'height': 64, 'url': 'https://external-preview.redd.it/Z-NISRbEoD6jNdz_NESMqjtXagtpzbDZPtsPtnmybT8.jpg?width=108&amp;crop=smart&amp;auto=webp&amp;s=79ef1a9147849899d598d0ce635948aaaac202ee', 'width': 108}, {'height': 129, 'url': 'https://external-preview.redd.it/Z-NISRbEoD6jNdz_NESMqjtXagtpzbDZPtsPtnmybT8.jpg?width=216&amp;crop=smart&amp;auto=webp&amp;s=cb622ee22cc74c5e89277493e5261fa0656d0790', 'width': 216}, {'height': 191, 'url': 'https://external-preview.redd.it/Z-NISRbEoD6jNdz_NESMqjtXagtpzbDZPtsPtnmybT8.jpg?width=320&amp;crop=smart&amp;auto=webp&amp;s=670c6490cde8bf7feb4707e56cd2df868adb3180', 'width': 320}, {'height': 383, 'url': 'https://external-preview.redd.it/Z-NISRbEoD6jNdz_NESMqjtXagtpzbDZPtsPtnmybT8.jpg?width=640&amp;crop=smart&amp;auto=webp&amp;s=8556738dba3cac5a1c907dcc94e019910073b25e', 'width': 640}, {'height': 575, 'url': 'https://external-preview.redd.it/Z-NISRbEoD6jNdz_NESMqjtXagtpzbDZPtsPtnmybT8.jpg?width=960&amp;crop=smart&amp;auto=webp&amp;s=50cab04989a5c9a341a58a9370ec51ecc24b184c', 'width': 960}, {'height': 647, 'url': 'https://external-preview.redd.it/Z-NISRbEoD6jNdz_NESMqjtXagtpzbDZPtsPtnmybT8.jpg?width=1080&amp;crop=smart&amp;auto=webp&amp;s=991f98bb6a3eb9678a5ece0cb6ace6a9438092bf', 'width': 1080}], 'source': {'height': 720, 'url': 'https://external-preview.redd.it/Z-NISRbEoD6jNdz_NESMqjtXagtpzbDZPtsPtnmybT8.jpg?auto=webp&amp;s=c1426521fb082cb3e097592629b621c232d786f6', 'width': 1201}, 'variants': {}}]}",83.0,140.0,https://cryptopotato.com/terra-under-heat-after-amending-proposal-mid-vote/,,,,,,,,
23,[],False,0xb032cff11,,,[],,,text,t2_f2nl31xo,False,False,False,[],False,False,1653162247,self.CryptoCurrency,https://www.reddit.com/r/CryptoCurrency/comments/uuugkf/discussion_accumulating_usdc_btc_w_bitwage_worth/,{},uuugkf,False,True,False,False,False,True,True,False,#7193ff,DISCUSSION,"[{'e': 'text', 't': 'DISCUSSION'}]",87049662-0882-11e5-82e1-0e9d1a9f7761,DISCUSSION,dark,richtext,False,False,True,0,0,False,all_ads,/r/CryptoCurrency/comments/uuugkf/discussion_accumulating_usdc_btc_w_bitwage_worth/,False,6,1653162257,1,"Hi everyone. I’ve been thinking long and hard about getting the most out of my savings during market downturns and a recession. I’m weighing around my options and would love to have a discussion with everyone about this.

Backstory: I recently graduated with my B.S. and I have a reliable job. I currently do not need to pay for rent, only a car payment + insurance and phone bills. Monthly expenses are minimal right now. I save all my cryptocurrency on my Ledger Nano X. 

Dilemma: The obvious and wise decision is to save money in a savings account. But I know USDC pays higher yields and I still strongly believe BTC will reach $100k by 2024 when markets are expected to recover and BTC will enter its next halving phase. But there are obvious risks associated by making such a big bet on cryptocurrency. 

Risks: USDC is centralized and I’m sure you all know about the Terra LUNA drama. I’m weighing what the risks are of USDC failing. I know USDC is backed by hard assets but still I know a potential catalyst exists where USDC could fail if everyone panics all at once and exits. 

Question: Do all of you believe this is a wise decision to use BitWage to take 15% BTC and 15% USDC and store it on my Ledger Nano X? I have BitWage premium for the year, and would love to hear all of your thoughts.",True,False,False,CryptoCurrency,t5_2wlj3,4899767,public,self,[Discussion] Accumulating USDC &amp; BTC w/ BitWage - Worth the Risk?,0,[],1.0,https://www.reddit.com/r/CryptoCurrency/comments/uuugkf/discussion_accumulating_usdc_btc_w_bitwage_worth/,all_ads,6,1653133447.0,,,,,,,,,,,,,
24,[],False,EddieStarr,,Warning-level2-2,"[{'e': 'text', 't': 'Tin | SHIB 22 | Technology 11'}]",Tin | SHIB 22 | Technology 11,dark,richtext,t2_362z9,False,False,True,[],False,False,1653158900,self.CryptoCurrency,https://www.reddit.com/r/CryptoCurrency/comments/uutdu1/renewed_faith_in_luna/,{},uutdu1,False,True,False,False,False,True,True,False,#7193ff,DISCUSSION,"[{'e': 'text', 't': 'DISCUSSION'}]",87049662-0882-11e5-82e1-0e9d1a9f7761,DISCUSSION,dark,richtext,False,False,True,0,0,False,all_ads,/r/CryptoCurrency/comments/uutdu1/renewed_faith_in_luna/,False,6,1653158910,1,"
The Market Cap for Terra (LUNA) has re-entered +701M territory.
    Just because a coin crashes doesn’t mean it gets taken out of circulation. I’ve been buying it up every day since it crashed  at a Huge-Ly Discounted Rate
Considering it was @ 117.00 a token last month and crashed to .00013xx
I only see positive momentum in the future IF the market cap keeps slowly rising.  Right after the crash, the MC was 200M so, 500M+ (701M Total) is a sign of a slow recovery but once the Crypto market recovers , LUNA could easily reach .01+ and beyond 

OR nothing could happen and it continues to collapse, I’m here for the ride.",True,False,False,CryptoCurrency,t5_2wlj3,4899597,public,self,Renewed Faith in LUNA,0,[],1.0,https://www.reddit.com/r/CryptoCurrency/comments/uutdu1/renewed_faith_in_luna/,all_ads,6,1653130100.0,,,,,,,,,,,,,
25,[],False,333Crypto,,Warning-level3,"[{'e': 'text', 't': '1 - 2 years account age. -15 - 35 comment karma.'}]",1 - 2 years account age. -15 - 35 comment karma.,dark,richtext,t2_a1upju1u,False,False,False,[],False,False,1653158741,youtube.com,https://www.reddit.com/r/CryptoCurrency/comments/uutbyx/no_burn_for_terra_luna_tokens_terra_owns_less/,{},uutbyx,False,True,False,False,False,True,False,False,#0dd3bb,VIDEOS,"[{'e': 'text', 't': 'VIDEOS'}]",fee6c918-f3e4-11e5-8172-0ecf7e00c6db,VIDEOS,dark,richtext,False,False,True,1,0,False,all_ads,/r/CryptoCurrency/comments/uutbyx/no_burn_for_terra_luna_tokens_terra_owns_less/,False,6,1653158752,1,,True,False,False,CryptoCurrency,t5_2wlj3,4899590,public,https://b.thumbs.redditmedia.com/dr3-EfhhMIFvcRh_doSJOyy4ExC-WQHG7p-s0EQxKMg.jpg,NO BURN for Terra (LUNA) tokens! Terra owns less than 0.1%,0,[],1.0,https://youtube.com/watch?v=StsjCnvZsXs&amp;feature=share,all_ads,6,1653129941.0,rich:video,"{'enabled': False, 'images': [{'id': 'k6qQNje7-nQaFF82IAWDuGUVDB_WSqiNg8S86z_ZwFQ', 'resolutions': [{'height': 81, 'url': 'https://external-preview.redd.it/gCmwPJfyhCtwPgw7C3pgq4XVmw7CrO87W6-z5L9nInE.jpg?width=108&amp;crop=smart&amp;auto=webp&amp;s=5a92bea19bb0398466c53af99f8440447d533cc5', 'width': 108}, {'height': 162, 'url': 'https://external-preview.redd.it/gCmwPJfyhCtwPgw7C3pgq4XVmw7CrO87W6-z5L9nInE.jpg?width=216&amp;crop=smart&amp;auto=webp&amp;s=94c8a2935b7dec7db135070a6a0a561b5eabcf43', 'width': 216}, {'height': 240, 'url': 'https://external-preview.redd.it/gCmwPJfyhCtwPgw7C3pgq4XVmw7CrO87W6-z5L9nInE.jpg?width=320&amp;crop=smart&amp;auto=webp&amp;s=c77afc4ed02bf6ca3ae1c63568fd37634758907d', 'width': 320}], 'source': {'height': 360, 'url': 'https://external-preview.redd.it/gCmwPJfyhCtwPgw7C3pgq4XVmw7CrO87W6-z5L9nInE.jpg?auto=webp&amp;s=f0c1a376f446c5da58dbb757a2f1b6858fdd56a8', 'width': 480}, 'variants': {}}]}",105.0,140.0,https://youtube.com/watch?v=StsjCnvZsXs&amp;feature=share,,,,,"{'oembed': {'author_name': '333 Crypto', 'author_url': 'https://www.youtube.com/channel/UCmJ3yraAAsFlewGAu5K4nYA', 'height': 200, 'html': '&lt;iframe width=""356"" height=""200"" src=""https://www.youtube.com/embed/StsjCnvZsXs?feature=oembed&amp;enablejsapi=1"" frameborder=""0"" allow=""accelerometer; autoplay; clipboard-write; encrypted-media; gyroscope; picture-in-picture"" allowfullscreen&gt;&lt;/iframe&gt;', 'provider_name': 'YouTube', 'provider_url': 'https://www.youtube.com/', 'thumbnail_height': 360, 'thumbnail_url': 'https://i.ytimg.com/vi/StsjCnvZsXs/hqdefault.jpg', 'thumbnail_width': 480, 'title': 'NO BURN for Terra (LUNA) tokens! Terra owns less than 0.1%', 'type': 'video', 'version': '1.0', 'width': 356}, 'type': 'youtube.com'}","{'content': '&lt;iframe width=""356"" height=""200"" src=""https://www.youtube.com/embed/StsjCnvZsXs?feature=oembed&amp;enablejsapi=1"" frameborder=""0"" allow=""accelerometer; autoplay; clipboard-write; encrypted-media; gyroscope; picture-in-picture"" allowfullscreen&gt;&lt;/iframe&gt;', 'height': 200, 'scrolling': False, 'width': 356}","{'oembed': {'author_name': '333 Crypto', 'author_url': 'https://www.youtube.com/channel/UCmJ3yraAAsFlewGAu5K4nYA', 'height': 200, 'html': '&lt;iframe width=""356"" height=""200"" src=""https://www.youtube.com/embed/StsjCnvZsXs?feature=oembed&amp;enablejsapi=1"" frameborder=""0"" allow=""accelerometer; autoplay; clipboard-write; encrypted-media; gyroscope; picture-in-picture"" allowfullscreen&gt;&lt;/iframe&gt;', 'provider_name': 'YouTube', 'provider_url': 'https://www.youtube.com/', 'thumbnail_height': 360, 'thumbnail_url': 'https://i.ytimg.com/vi/StsjCnvZsXs/hqdefault.jpg', 'thumbnail_width': 480, 'title': 'NO BURN for Terra (LUNA) tokens! Terra owns less than 0.1%', 'type': 'video', 'version': '1.0', 'width': 356}, 'type': 'youtube.com'}","{'content': '&lt;iframe width=""356"" height=""200"" src=""https://www.youtube.com/embed/StsjCnvZsXs?feature=oembed&amp;enablejsapi=1"" frameborder=""0"" allow=""accelerometer; autoplay; clipboard-write; encrypted-media; gyroscope; picture-in-picture"" allowfullscreen&gt;&lt;/iframe&gt;', 'height': 200, 'media_domain_url': 'https://www.redditmedia.com/mediaembed/uutbyx', 'scrolling': False, 'width': 356}"
26,[],False,Wonzky,,,"[{'e': 'text', 't': 'Platinum | QC: CC 864'}]",Platinum | QC: CC 864,dark,richtext,t2_15g8bh,False,False,False,[],False,False,1653158415,u.today,https://www.reddit.com/r/CryptoCurrency/comments/uut87b/terra_luna_network_dropped_by_coinbase_cloud/,{},uut87b,False,False,False,False,False,False,False,False,#007373,EXCHANGES,"[{'e': 'text', 't': 'EXCHANGES'}]",38a8ac5a-9d5c-11e5-a136-0e9f3a832fc3,EXCHANGES,light,richtext,False,False,True,0,0,False,all_ads,/r/CryptoCurrency/comments/uut87b/terra_luna_network_dropped_by_coinbase_cloud/,False,6,1653158426,1,,False,False,False,CryptoCurrency,t5_2wlj3,4899573,public,https://b.thumbs.redditmedia.com/nQgGoLxjnlmVzXNV0CO5gqAgh1ioRk9D24Mtmo_L09o.jpg,Terra (LUNA) Network Dropped by Coinbase Cloud Service,0,[],1.0,https://u.today/terra-luna-network-dropped-by-coinbase-cloud-service,all_ads,6,1653129615.0,link,"{'enabled': False, 'images': [{'id': 'LHeiO_6IQOgomp4zs9bSfnz2F-Qhj__geYwfoxAbGic', 'resolutions': [{'height': 81, 'url': 'https://external-preview.redd.it/s4tNetz0mlokXo3i5KeepEA-YRCX2R3TKtX6qkyH1hU.jpg?width=108&amp;crop=smart&amp;auto=webp&amp;s=85742b7f670aff250c8003c2ef2202138df30fa2', 'width': 108}, {'height': 162, 'url': 'https://external-preview.redd.it/s4tNetz0mlokXo3i5KeepEA-YRCX2R3TKtX6qkyH1hU.jpg?width=216&amp;crop=smart&amp;auto=webp&amp;s=c79c99001ba9387f9eb425cfc34161a81209e034', 'width': 216}, {'height': 240, 'url': 'https://external-preview.redd.it/s4tNetz0mlokXo3i5KeepEA-YRCX2R3TKtX6qkyH1hU.jpg?width=320&amp;crop=smart&amp;auto=webp&amp;s=8cf797c4573e0cf1881411c127877771e6dde021', 'width': 320}, {'height': 480, 'url': 'https://external-preview.redd.it/s4tNetz0mlokXo3i5KeepEA-YRCX2R3TKtX6qkyH1hU.jpg?width=640&amp;crop=smart&amp;auto=webp&amp;s=0aef3964dcadca9d93027b8e98965f50d013ecfa', 'width': 640}, {'height': 720, 'url': 'https://external-preview.redd.it/s4tNetz0mlokXo3i5KeepEA-YRCX2R3TKtX6qkyH1hU.jpg?width=960&amp;crop=smart&amp;auto=webp&amp;s=b4695b8660df482b301f5183784de92d3bc558eb', 'width': 960}, {'height': 810, 'url': 'https://external-preview.redd.it/s4tNetz0mlokXo3i5KeepEA-YRCX2R3TKtX6qkyH1hU.jpg?width=1080&amp;crop=smart&amp;auto=webp&amp;s=3b9764c7d8c7ec6176337a3c737d3edef570642f', 'width': 1080}], 'source': {'height': 900, 'url': 'https://external-preview.redd.it/s4tNetz0mlokXo3i5KeepEA-YRCX2R3TKtX6qkyH1hU.jpg?auto=webp&amp;s=86a4f8a8d162a0d46b600141eeab84242afc958c', 'width': 1200}, 'variants': {}}]}",105.0,140.0,https://u.today/terra-luna-network-dropped-by-coinbase-cloud-service,moderator,,,,,,,
27,[],False,chuloreddit,,,"[{'e': 'text', 't': 'Platinum | QC: CC 91 | BANANO 9'}]",Platinum | QC: CC 91 | BANANO 9,dark,richtext,t2_70b31,False,False,False,[],False,False,1653157116,thecryptobasic.com,https://www.reddit.com/r/CryptoCurrency/comments/uust40/burn_the_remaining_terra_usd_ust_vote_passed_but/,{},uust40,False,False,False,False,False,False,False,False,#c403f5,COMEDY,"[{'e': 'text', 't': 'COMEDY'}]",5c104cfc-d7c8-11e4-9d14-22000b6902b0,COMEDY,dark,richtext,False,False,True,0,0,False,all_ads,/r/CryptoCurrency/comments/uust40/burn_the_remaining_terra_usd_ust_vote_passed_but/,False,6,1653157127,1,,True,False,False,CryptoCurrency,t5_2wlj3,4899483,public,https://b.thumbs.redditmedia.com/5bnfbA4XLmdXWrO3pXokj7g1J9xRKTMMvnbmd_plhpw.jpg,Burn The Remaining Terra USD (UST) Vote Passed But Failed to Execute Due to Technical Issues,0,[],1.0,https://thecryptobasic.com/2022/05/21/burn-the-remaining-terra-usd-ust-vote-passed-but-failed-to-execute-due-to-technical-issues/?utm_source=thecryptoapp,all_ads,6,1653128316.0,link,"{'enabled': False, 'images': [{'id': 'IsIXqw04dRtykflsw1zVai5DOWhjs3oD9bif6HaAFG0', 'resolutions': [{'height': 58, 'url': 'https://external-preview.redd.it/2snhOha_CZv96wnWTaFkvdlnEgJ0qPJF4BmC4QMcN6s.jpg?width=108&amp;crop=smart&amp;auto=webp&amp;s=2bd69b9743c2e55f28873ea53ccdf22f149ea248', 'width': 108}, {'height': 117, 'url': 'https://external-preview.redd.it/2snhOha_CZv96wnWTaFkvdlnEgJ0qPJF4BmC4QMcN6s.jpg?width=216&amp;crop=smart&amp;auto=webp&amp;s=598931fc3ce6ee6051d37bea45818571ac7cd641', 'width': 216}, {'height': 174, 'url': 'https://external-preview.redd.it/2snhOha_CZv96wnWTaFkvdlnEgJ0qPJF4BmC4QMcN6s.jpg?width=320&amp;crop=smart&amp;auto=webp&amp;s=c44c29bdbad7b7300d2fe58337f6abd7f47afaa3', 'width': 320}, {'height': 348, 'url': 'https://external-preview.redd.it/2snhOha_CZv96wnWTaFkvdlnEgJ0qPJF4BmC4QMcN6s.jpg?width=640&amp;crop=smart&amp;auto=webp&amp;s=0ddc420c6b3fa92f3463be57f184244678d84f93', 'width': 640}], 'source': {'height': 410, 'url': 'https://external-preview.redd.it/2snhOha_CZv96wnWTaFkvdlnEgJ0qPJF4BmC4QMcN6s.jpg?auto=webp&amp;s=3067a622c044b057372675caac0237cd15899af3', 'width': 752}, 'variants': {}}]}",76.0,140.0,https://thecryptobasic.com/2022/05/21/burn-the-remaining-terra-usd-ust-vote-passed-but-failed-to-execute-due-to-technical-issues/?utm_source=thecryptoapp,moderator,,,,,,,
28,[],False,crypto_currency_77,,,[],,,text,t2_hubpqrkp,False,False,False,[],False,False,1653154768,cryptocurrencysimple.com,https://www.reddit.com/r/CryptoCurrency/comments/uus190/loop_finance_amazing_review_the_first_multichain/,{},uus190,False,False,False,False,False,False,False,False,#646d73,TECHNOLOGY,"[{'e': 'text', 't': 'TECHNOLOGY'}]",2cb47a9c-3cc9-11ec-8857-7e7f5686f7de,TECHNOLOGY,dark,richtext,False,False,True,0,0,False,all_ads,/r/CryptoCurrency/comments/uus190/loop_finance_amazing_review_the_first_multichain/,False,6,1653154779,1,,False,False,False,CryptoCurrency,t5_2wlj3,4899348,public,https://b.thumbs.redditmedia.com/wN0MZk7X9McAXIH_lymbat7pDAzxvMC-ch99AWsBWiE.jpg,Loop Finance Amazing Review- The First MultiChain DEX on the Terra (LUNA) Network (2022),0,[],1.0,https://cryptocurrencysimple.com/loop-finance-amazing-review-the-first-multichain-dex-on-the-terra-luna-network-2022/?feed_id=23057&amp;_unique_id=628923d019991,all_ads,6,1653125968.0,link,"{'enabled': False, 'images': [{'id': 'Q1WxASORm425t3q8bSE9E6wgRdraWFzkykCgZznqc0s', 'resolutions': [{'height': 60, 'url': 'https://external-preview.redd.it/2F6ndt56ZxCJpaJn4nLA9NXPCWcAOcOBGPxSKwKmoqo.jpg?width=108&amp;crop=smart&amp;auto=webp&amp;s=a4f0f0239a23b7ff5d4cd21baff0ace5a24f96dd', 'width': 108}, {'height': 121, 'url': 'https://external-preview.redd.it/2F6ndt56ZxCJpaJn4nLA9NXPCWcAOcOBGPxSKwKmoqo.jpg?width=216&amp;crop=smart&amp;auto=webp&amp;s=397743e307367947fe11d4ebf6020da73f4e2ce9', 'width': 216}, {'height': 180, 'url': 'https://external-preview.redd.it/2F6ndt56ZxCJpaJn4nLA9NXPCWcAOcOBGPxSKwKmoqo.jpg?width=320&amp;crop=smart&amp;auto=webp&amp;s=375ac8eb98c534c4726cc1bec19ea8235040fd9c', 'width': 320}, {'height': 360, 'url': 'https://external-preview.redd.it/2F6ndt56ZxCJpaJn4nLA9NXPCWcAOcOBGPxSKwKmoqo.jpg?width=640&amp;crop=smart&amp;auto=webp&amp;s=6d87d2656a834c2bdf3d5da7c8da7eba9af3d5d9', 'width': 640}, {'height': 540, 'url': 'https://external-preview.redd.it/2F6ndt56ZxCJpaJn4nLA9NXPCWcAOcOBGPxSKwKmoqo.jpg?width=960&amp;crop=smart&amp;auto=webp&amp;s=f7245e34d74d9c7cdc59f6ab775c009623da9b72', 'width': 960}, {'height': 607, 'url': 'https://external-preview.redd.it/2F6ndt56ZxCJpaJn4nLA9NXPCWcAOcOBGPxSKwKmoqo.jpg?width=1080&amp;crop=smart&amp;auto=webp&amp;s=09d3b9d79bac7109a406b6f4d04c994656d09196', 'width': 1080}], 'source': {'height': 720, 'url': 'https://external-preview.redd.it/2F6ndt56ZxCJpaJn4nLA9NXPCWcAOcOBGPxSKwKmoqo.jpg?auto=webp&amp;s=f3d0db9047a886249d14b1dbb4368ea86da86dc5', 'width': 1280}, 'variants': {}}]}",78.0,140.0,https://cryptocurrencysimple.com/loop-finance-amazing-review-the-first-multichain-dex-on-the-terra-luna-network-2022/?feed_id=23057&amp;_unique_id=628923d019991,reddit,,,,,,,
29,[],False,Theoneandonlybigmoe,, Observer,"[{'e': 'text', 't': ' Titanium | Analyst '}]", Titanium | Analyst ,dark,richtext,t2_a1ekmy3r,False,False,False,[],False,False,1653153512,self.CryptoCurrency,https://www.reddit.com/r/CryptoCurrency/comments/uurm9g/has_enough_been_said_about_terraform_labs/,{},uurm9g,False,True,False,False,False,True,True,False,#ff66ac,DEBATE,"[{'e': 'text', 't': 'DEBATE'}]",5b762856-d7c9-11e4-822a-22000b2300b2,DEBATE,light,richtext,False,False,True,0,0,False,all_ads,/r/CryptoCurrency/comments/uurm9g/has_enough_been_said_about_terraform_labs/,False,6,1653153523,1,"
I know. Old news. I get it. But what can we actually take away and learn from this experience. Is it okay to beat a dead horse? I mean seriously, how can we trust Terraform Labs any further? Even their in-house legal team has resigned. . . or, for that matter and as a side bar how do we trust ANY project moving forward. 

The sentiment seems clear. But what about accountability? Now it appears that they have moved to outside counsel for their legal matters. 

To make matters even worse, Do Kwon, the CEO is actually trying to fork and revive to build a new block chain? 

A spokesperson of the company was reported to have said “The vast majority of team members remain steadfastly committed to carrying out the project’s mission. Terra is more than UST, with an incredibly passionate community and a clear vision on how to rebuild. Our focus is now on executing our plan to revive the Terra ecosystem.”

Who says this after a major collapse? 

Where does your trust lay? What makes you say “hey, I’ve done the best research and DD that I can do, I trust this project to put my hard earned fiat to work.”?

Or is crypto seriously a casino with the nefarious leading the blind? Don’t get me wrong. I came for the tech and stayed for the potential earnings. But it is getting more difficult to discern what’s real versus the next potential rug pull. 

Wishing you all the very best. 

-the Analyst",True,False,False,CryptoCurrency,t5_2wlj3,4899270,public,self,Has enough been said about Terraform Labs?,0,[],1.0,https://www.reddit.com/r/CryptoCurrency/comments/uurm9g/has_enough_been_said_about_terraform_labs/,all_ads,6,1653124712.0,,,,,,,,,,,,,
30,[],False,ksing_king,,Warning-level2-2,"[{'e': 'text', 't': 'Tin'}]",Tin,dark,richtext,t2_r9ivnmk,False,False,False,[],False,False,1653152479,self.CryptoCurrency,https://www.reddit.com/r/CryptoCurrency/comments/uur9qo/how_much_was_lost_on_the_whole_terra_luna_fiasco/,{},uur9qo,False,True,False,False,False,True,True,False,#f08f1a,LEGACY,"[{'e': 'text', 't': 'LEGACY'}]",118ffec0-a22f-11e5-a5a1-0ef58894b98d,LEGACY,light,richtext,False,False,True,0,0,False,all_ads,/r/CryptoCurrency/comments/uur9qo/how_much_was_lost_on_the_whole_terra_luna_fiasco/,False,6,1653152490,1,"I think it's important to be honest not just about our victories, but also about our losses. It helps keep us in reality so that we will remember the losses and be humbled for next investments. We all hear about those who became millionaires from crypto but never the ones who suffered losses. This had a market cap of $50B, a lot of people surely lost a lot of money.  

This isn't meant to rub salt in the wounds, but to share stories to understand how to do better next time. How much did you lose in this whole gongshow?",True,False,False,CryptoCurrency,t5_2wlj3,4899206,public,self,How much was lost on the whole terra luna fiasco,0,[],1.0,https://www.reddit.com/r/CryptoCurrency/comments/uur9qo/how_much_was_lost_on_the_whole_terra_luna_fiasco/,all_ads,6,1653123679.0,,,,,,,,,,,,,
31,[],False,marshall_mathers_2k,,,[],,,text,t2_45la5kp0,False,False,False,[],False,False,1653149838,self.CryptoCurrency,https://www.reddit.com/r/CryptoCurrency/comments/uuqel3/terra_20_is_live_on_pancakeswap_join_the_ride_for/,{},uuqel3,False,False,False,False,False,False,True,False,#646d73,MOONS,"[{'e': 'text', 't': 'MOONS 🌕'}]",1e195abc-f3e5-11e5-8899-0e1af474c431,MOONS 🌕,light,richtext,False,False,True,0,0,False,all_ads,/r/CryptoCurrency/comments/uuqel3/terra_20_is_live_on_pancakeswap_join_the_ride_for/,False,6,1653149849,1,[removed],True,False,False,CryptoCurrency,t5_2wlj3,4899039,public,self,Terra 2.0 is Live on Pancakeswap | Join The Ride for 100x of Upside | Hodl for 24 Hours and you will rewarded with Luna Coin,0,[],1.0,https://www.reddit.com/r/CryptoCurrency/comments/uuqel3/terra_20_is_live_on_pancakeswap_join_the_ride_for/,all_ads,6,1653121038.0,self,"{'enabled': False, 'images': [{'id': 'omqR4reicR5CCExYz1vAZCENFV8YG5TY76q-Xii4Xow', 'resolutions': [{'height': 108, 'url': 'https://external-preview.redd.it/XOAxlO8gYgf46d9IcO8Ww00iklkKkb9wBdQQ5wZZvLg.jpg?width=108&amp;crop=smart&amp;auto=webp&amp;s=7a4bed2c3f3564abba2ec24f34cf46970de9b5dd', 'width': 108}, {'height': 216, 'url': 'https://external-preview.redd.it/XOAxlO8gYgf46d9IcO8Ww00iklkKkb9wBdQQ5wZZvLg.jpg?width=216&amp;crop=smart&amp;auto=webp&amp;s=6cab0c6567412a971af26268d4ee24c0f20e58db', 'width': 216}, {'height': 320, 'url': 'https://external-preview.redd.it/XOAxlO8gYgf46d9IcO8Ww00iklkKkb9wBdQQ5wZZvLg.jpg?width=320&amp;crop=smart&amp;auto=webp&amp;s=ff81bd46e5d0d55afd73a24804c5d910f6c0ce3b', 'width': 320}], 'source': {'height': 320, 'url': 'https://external-preview.redd.it/XOAxlO8gYgf46d9IcO8Ww00iklkKkb9wBdQQ5wZZvLg.jpg?auto=webp&amp;s=4d2ca7a4df4e6efbc39b941884e22181639e2433', 'width': 320}, 'variants': {}}]}",,,,moderator,,,,,,,
