,all_awardings,allow_live_comments,author,author_flair_background_color,author_flair_css_class,author_flair_richtext,author_flair_text,author_flair_text_color,author_flair_type,author_fullname,author_is_blocked,author_patreon_flair,author_premium,awarders,can_mod_post,contest_mode,created_utc,domain,full_link,gildings,id,is_created_from_ads_ui,is_crosspostable,is_meta,is_original_content,is_reddit_media_domain,is_robot_indexable,is_self,is_video,link_flair_background_color,link_flair_css_class,link_flair_richtext,link_flair_template_id,link_flair_text,link_flair_text_color,link_flair_type,locked,media_only,no_follow,num_comments,num_crossposts,over_18,parent_whitelist_status,permalink,pinned,post_hint,preview,pwls,retrieved_on,score,selftext,send_replies,spoiler,stickied,subreddit,subreddit_id,subreddit_subscribers,subreddit_type,thumbnail,thumbnail_height,thumbnail_width,title,total_awards_received,treatment_tags,upvote_ratio,url,url_overridden_by_dest,whitelist_status,wls,created,media_metadata,removed_by_category,crosspost_parent,crosspost_parent_list
0,[],False,Far-Scholar9028,,,"[{'e': 'text', 't': 'Platinum | QC: CC 244'}]",Platinum | QC: CC 244,dark,richtext,t2_6fmcdhuy,False,False,False,[],False,False,1653312473,cointelegraph.com,https://www.reddit.com/r/CryptoCurrency/comments/uw07cv/do_kwon_shares_luna_burn_address_but_warns/,{},uw07cv,False,True,False,False,False,True,False,False,#7193ff,DISCUSSION,"[{'e': 'text', 't': 'DISCUSSION'}]",87049662-0882-11e5-82e1-0e9d1a9f7761,DISCUSSION,dark,richtext,False,False,True,0,0,False,all_ads,/r/CryptoCurrency/comments/uw07cv/do_kwon_shares_luna_burn_address_but_warns/,False,link,"{'enabled': False, 'images': [{'id': 'x7vm4P1iloefHfKimuIjm2OmlhMEeA6DOilVteYBsJY', 'resolutions': [{'height': 71, 'url': 'https://external-preview.redd.it/rPgNxnESS324xNXw2wunvfVuG40FgB5VgFbSGhYgrGo.jpg?width=108&amp;crop=smart&amp;auto=webp&amp;s=f7a224c994126d7c216811f2cd81a271ab1c3c63', 'width': 108}, {'height': 143, 'url': 'https://external-preview.redd.it/rPgNxnESS324xNXw2wunvfVuG40FgB5VgFbSGhYgrGo.jpg?width=216&amp;crop=smart&amp;auto=webp&amp;s=b6e03e10bffb75efa60499b98a31c8d49d4f36b1', 'width': 216}, {'height': 213, 'url': 'https://external-preview.redd.it/rPgNxnESS324xNXw2wunvfVuG40FgB5VgFbSGhYgrGo.jpg?width=320&amp;crop=smart&amp;auto=webp&amp;s=422f5099224b3719bcf5bf1f3e42491534ea2239', 'width': 320}, {'height': 426, 'url': 'https://external-preview.redd.it/rPgNxnESS324xNXw2wunvfVuG40FgB5VgFbSGhYgrGo.jpg?width=640&amp;crop=smart&amp;auto=webp&amp;s=f0aa97a2f60f912486e3155791e04e3971ceff76', 'width': 640}, {'height': 639, 'url': 'https://external-preview.redd.it/rPgNxnESS324xNXw2wunvfVuG40FgB5VgFbSGhYgrGo.jpg?width=960&amp;crop=smart&amp;auto=webp&amp;s=aed48acb9ee485c013887f22e375751d66601f61', 'width': 960}, {'height': 719, 'url': 'https://external-preview.redd.it/rPgNxnESS324xNXw2wunvfVuG40FgB5VgFbSGhYgrGo.jpg?width=1080&amp;crop=smart&amp;auto=webp&amp;s=9d3df405ee2860ca1eb8df253a91cb1824c78f0d', 'width': 1080}], 'source': {'height': 773, 'url': 'https://external-preview.redd.it/rPgNxnESS324xNXw2wunvfVuG40FgB5VgFbSGhYgrGo.jpg?auto=webp&amp;s=341e440827a0c269014f7c8b9e4d49be332199e0', 'width': 1160}, 'variants': {}}]}",6,1653312484,1,,True,False,False,CryptoCurrency,t5_2wlj3,4907822,public,https://b.thumbs.redditmedia.com/0ou7paJXFuXualWgEIRfCQUJPA8fe2mWpDkozQ5XvOU.jpg,93.0,140.0,Do Kwon shares LUNA burn address but warns ‘LUNAtics’ against using it,0,[],1.0,https://cointelegraph.com/news/do-kwon-shares-luna-burn-address-but-warns-lunatics-against-using-it,https://cointelegraph.com/news/do-kwon-shares-luna-burn-address-but-warns-lunatics-against-using-it,all_ads,6,1653283673.0,,,,
1,[],False,Set1Less,,,[],,,text,t2_7itayt3n,False,False,True,[],False,False,1653311517,self.CryptoCurrency,https://www.reddit.com/r/CryptoCurrency/comments/uvzw4f/lunatic_community_member_fatman_alleges_insider/,{},uvzw4f,False,True,False,False,False,True,True,False,#46d160,MARKETS,"[{'e': 'text', 't': 'MARKETS'}]",1a657c8c-e48d-11e5-a215-0e374d550989,MARKETS,light,richtext,False,False,True,0,0,False,all_ads,/r/CryptoCurrency/comments/uvzw4f/lunatic_community_member_fatman_alleges_insider/,False,,,6,1653311527,1,"FatMan is a popular account on the Lunatic community and governance groups, and since the debacle he has been extremely critical of what happened and the workings of the insiders in the collapsed scheme. 

Just few hours ago, he has made startling revelations claiming he has been approached by whisttleblowers who are willing to go public on the entire chain of events. 

In a series of tweets, he implicates DoKwon, Jump Capital, Kanav Kariya (president of Jump Capital), and SBF (founder of FTX) of shady insider deals that have resulted in the destruction of 40 BN worth assets. 

[Says he was contacted by whistleblowers](https://preview.redd.it/6g9m645g58191.jpg?width=1164&amp;format=pjpg&amp;auto=webp&amp;s=95074bdd5437f53b5117b8160901012f32fd04c4)

[Implicates some of the high profile names in the space including SBF. According to these allegations, TFL already had a bailout in May 2021.](https://preview.redd.it/ne8cjf8k58191.jpg?width=1182&amp;format=pjpg&amp;auto=webp&amp;s=40e23d41a35bc7c783a67ee6b2ab3d4861be662c)

In May 2021, there was a similar depeg scare but which was quickly brought back to peg. At that time Kwon and TFL claimed it showed the stablecoin algorithm functioned as expected. 

In further allegations, he says that Serum project has had deals with Jump that took retail investors for a ride. Jump capital apparently manipulated people into billions dollar losses. 

[FatMan says he will pursue justice in this matter as people have already lost their lives over it. ](https://preview.redd.it/v0vm04x268191.jpg?width=1172&amp;format=pjpg&amp;auto=webp&amp;s=536d514e08d1f3d8314fde44cc3085b5af22916d)",True,False,False,CryptoCurrency,t5_2wlj3,4907776,public,https://b.thumbs.redditmedia.com/uZFzt3Ztx2kWmXjmXDBtNCP_GI50vCyikjLCwoXuHwM.jpg,54.0,140.0,"LUNAtic community member FatMan alleges insider deals and manipulation, says he has whistleblowers details on the corruption and shady deals that resulted in $40 bn wipeout. Apparently TFL was already bailed out once in May 2021 by Jump",0,[],1.0,https://www.reddit.com/r/CryptoCurrency/comments/uvzw4f/lunatic_community_member_fatman_alleges_insider/,,all_ads,6,1653282717.0,"{'6g9m645g58191': {'e': 'Image', 'id': '6g9m645g58191', 'm': 'image/jpg', 'p': [{'u': 'https://preview.redd.it/6g9m645g58191.jpg?width=108&amp;crop=smart&amp;auto=webp&amp;s=8088d7b1acf41b29b1c14411ecd0793947b4b2ee', 'x': 108, 'y': 41}, {'u': 'https://preview.redd.it/6g9m645g58191.jpg?width=216&amp;crop=smart&amp;auto=webp&amp;s=0c1bcaa7efdfa4b4cdf5690ef95a727f4dce3f00', 'x': 216, 'y': 83}, {'u': 'https://preview.redd.it/6g9m645g58191.jpg?width=320&amp;crop=smart&amp;auto=webp&amp;s=22153f06d7487b78178bb3dd4c07becfaf5235ac', 'x': 320, 'y': 124}, {'u': 'https://preview.redd.it/6g9m645g58191.jpg?width=640&amp;crop=smart&amp;auto=webp&amp;s=0ba7bddc06adc26ecadffc3178c350fb3593fbca', 'x': 640, 'y': 248}, {'u': 'https://preview.redd.it/6g9m645g58191.jpg?width=960&amp;crop=smart&amp;auto=webp&amp;s=41ebc560d4f8595e23bd0b17f8bd4897f0007061', 'x': 960, 'y': 372}, {'u': 'https://preview.redd.it/6g9m645g58191.jpg?width=1080&amp;crop=smart&amp;auto=webp&amp;s=8736f19b5fd0dd88876881e2b4eaaf5793bb4a95', 'x': 1080, 'y': 419}], 's': {'u': 'https://preview.redd.it/6g9m645g58191.jpg?width=1164&amp;format=pjpg&amp;auto=webp&amp;s=95074bdd5437f53b5117b8160901012f32fd04c4', 'x': 1164, 'y': 452}, 'status': 'valid'}, 'ne8cjf8k58191': {'e': 'Image', 'id': 'ne8cjf8k58191', 'm': 'image/jpg', 'p': [{'u': 'https://preview.redd.it/ne8cjf8k58191.jpg?width=108&amp;crop=smart&amp;auto=webp&amp;s=9f93a3b07edf3f15d9e418607eb76ccb4e49c1fa', 'x': 108, 'y': 120}, {'u': 'https://preview.redd.it/ne8cjf8k58191.jpg?width=216&amp;crop=smart&amp;auto=webp&amp;s=e05612ea93289fb3e88779fc7cc340f6ed0d9be8', 'x': 216, 'y': 241}, {'u': 'https://preview.redd.it/ne8cjf8k58191.jpg?width=320&amp;crop=smart&amp;auto=webp&amp;s=a028b15d1bc588602ed3034c573b9087ab9bb9ba', 'x': 320, 'y': 357}, {'u': 'https://preview.redd.it/ne8cjf8k58191.jpg?width=640&amp;crop=smart&amp;auto=webp&amp;s=ed404001d19b5c3ba5b17e65dec90cfa5f2be3bd', 'x': 640, 'y': 714}, {'u': 'https://preview.redd.it/ne8cjf8k58191.jpg?width=960&amp;crop=smart&amp;auto=webp&amp;s=c2d97cf39be574eb2e5cc0f2029bbcc6ff1511f5', 'x': 960, 'y': 1072}, {'u': 'https://preview.redd.it/ne8cjf8k58191.jpg?width=1080&amp;crop=smart&amp;auto=webp&amp;s=763620757d281bdb2fcff2f6e8b7ec798cbb6d3b', 'x': 1080, 'y': 1206}], 's': {'u': 'https://preview.redd.it/ne8cjf8k58191.jpg?width=1182&amp;format=pjpg&amp;auto=webp&amp;s=40e23d41a35bc7c783a67ee6b2ab3d4861be662c', 'x': 1182, 'y': 1320}, 'status': 'valid'}, 'v0vm04x268191': {'e': 'Image', 'id': 'v0vm04x268191', 'm': 'image/jpg', 'p': [{'u': 'https://preview.redd.it/v0vm04x268191.jpg?width=108&amp;crop=smart&amp;auto=webp&amp;s=dbe0606fa2e5a9bbabb821b9a7d5082e49da9e4b', 'x': 108, 'y': 100}, {'u': 'https://preview.redd.it/v0vm04x268191.jpg?width=216&amp;crop=smart&amp;auto=webp&amp;s=90ef71faf9968f32682f4cae0f796bfd39b9a19f', 'x': 216, 'y': 201}, {'u': 'https://preview.redd.it/v0vm04x268191.jpg?width=320&amp;crop=smart&amp;auto=webp&amp;s=f00beee66dd4c83a24957ba2a0f16c8ecc836744', 'x': 320, 'y': 299}, {'u': 'https://preview.redd.it/v0vm04x268191.jpg?width=640&amp;crop=smart&amp;auto=webp&amp;s=dac12b7f11581d9b9f991418d0559bac315aa9af', 'x': 640, 'y': 598}, {'u': 'https://preview.redd.it/v0vm04x268191.jpg?width=960&amp;crop=smart&amp;auto=webp&amp;s=1e4d0724bc9b019a8a1ce0bf969aefbd5bc6c48a', 'x': 960, 'y': 897}, {'u': 'https://preview.redd.it/v0vm04x268191.jpg?width=1080&amp;crop=smart&amp;auto=webp&amp;s=db902765d8a47e6c81cc45b37f8994a4b940b76b', 'x': 1080, 'y': 1009}], 's': {'u': 'https://preview.redd.it/v0vm04x268191.jpg?width=1172&amp;format=pjpg&amp;auto=webp&amp;s=536d514e08d1f3d8314fde44cc3085b5af22916d', 'x': 1172, 'y': 1096}, 'status': 'valid'}}",,,
2,[],False,Latter-Ad9914,,,[],,,text,t2_ehzv7s6f,False,False,False,[],False,False,1653310490,self.CryptoCurrency,https://www.reddit.com/r/CryptoCurrency/comments/uvzjjp/do_kwon_is_not_afraid_of_death_threats/,{},uvzjjp,False,False,False,False,False,False,True,False,#0aa18f,NEWS,"[{'e': 'text', 't': 'GENERAL-NEWS'}]",f170aab2-246f-11ec-8143-429a193c9848,GENERAL-NEWS,light,richtext,False,False,True,1,0,False,all_ads,/r/CryptoCurrency/comments/uvzjjp/do_kwon_is_not_afraid_of_death_threats/,False,self,"{'enabled': False, 'images': [{'id': 'JYAHb-9GLOo2eqwjJkm906wy-OcgaSz8CCcwCCQxYMo', 'resolutions': [{'height': 56, 'url': 'https://external-preview.redd.it/wd4QuVvKEAgmxkrH27Rdw91ijwkBEPMuP6IVMF8H4a0.jpg?width=108&amp;crop=smart&amp;auto=webp&amp;s=b8c3e07c1f29016b9b008819d8a77dfa67f4e288', 'width': 108}, {'height': 113, 'url': 'https://external-preview.redd.it/wd4QuVvKEAgmxkrH27Rdw91ijwkBEPMuP6IVMF8H4a0.jpg?width=216&amp;crop=smart&amp;auto=webp&amp;s=c7c57a89a2083396744b53e7fa71b9d24f1dce3b', 'width': 216}, {'height': 168, 'url': 'https://external-preview.redd.it/wd4QuVvKEAgmxkrH27Rdw91ijwkBEPMuP6IVMF8H4a0.jpg?width=320&amp;crop=smart&amp;auto=webp&amp;s=bb1932a5d53c4d917cb5080401919b241979c328', 'width': 320}, {'height': 336, 'url': 'https://external-preview.redd.it/wd4QuVvKEAgmxkrH27Rdw91ijwkBEPMuP6IVMF8H4a0.jpg?width=640&amp;crop=smart&amp;auto=webp&amp;s=7841919989126b4f7aab9268c3ca296088824887', 'width': 640}, {'height': 504, 'url': 'https://external-preview.redd.it/wd4QuVvKEAgmxkrH27Rdw91ijwkBEPMuP6IVMF8H4a0.jpg?width=960&amp;crop=smart&amp;auto=webp&amp;s=95afddfac40c2336e56ee22e9f0166fcabe5c5cb', 'width': 960}, {'height': 567, 'url': 'https://external-preview.redd.it/wd4QuVvKEAgmxkrH27Rdw91ijwkBEPMuP6IVMF8H4a0.jpg?width=1080&amp;crop=smart&amp;auto=webp&amp;s=8514734860f4f518af8ee805532214d665ad8e20', 'width': 1080}], 'source': {'height': 630, 'url': 'https://external-preview.redd.it/wd4QuVvKEAgmxkrH27Rdw91ijwkBEPMuP6IVMF8H4a0.jpg?auto=webp&amp;s=8b860ce06bad3708b84414a4b71161f48fb31222', 'width': 1200}, 'variants': {}}]}",6,1653310501,1,[removed],True,False,False,CryptoCurrency,t5_2wlj3,4907711,public,self,,,Do Kwon is not afraid of death threats,0,[],1.0,https://www.reddit.com/r/CryptoCurrency/comments/uvzjjp/do_kwon_is_not_afraid_of_death_threats/,,all_ads,6,1653281690.0,,moderator,,
3,[],False,inDminor,,,[],,,text,t2_8un71mey,False,False,False,[],False,False,1653300346,self.CryptoCurrency,https://www.reddit.com/r/CryptoCurrency/comments/uvwtga/most_blockchains_are_centralized_their_founders/,{},uvwtga,False,True,False,False,False,True,True,False,#7193ff,DISCUSSION,"[{'e': 'text', 't': 'DISCUSSION'}]",87049662-0882-11e5-82e1-0e9d1a9f7761,DISCUSSION,dark,richtext,False,False,False,0,0,False,all_ads,/r/CryptoCurrency/comments/uvwtga/most_blockchains_are_centralized_their_founders/,False,,,6,1653300357,1,"Many blockchains claim to be totally decentralized and governer by users, but this a joke. Almost all blockchains are totally controlled by its founder(s) and whales, which are pretty connected.


Luna - Do Kwon
Cardano - Charles Hoskinson
BNB Chain-   CZ
Tron- Justin Sun

The list goes on. These people have total control over their chains. They can change fees, pause the chain, fork the chain or do any modifications they want.

We've just seen this on Luna. Community members are suggesting a different solution but Do Kwon is going ahead with his fork proposal. He even rigged the voting system to pass his proposal and we can't do anything about it.",True,False,False,CryptoCurrency,t5_2wlj3,4907198,public,self,,,Most blockchains are centralized. Their founders can do whatever they want.,0,[],1.0,https://www.reddit.com/r/CryptoCurrency/comments/uvwtga/most_blockchains_are_centralized_their_founders/,,all_ads,6,1653271546.0,,,,
4,[],False,One_Second2207,,,[],,,text,t2_nf95m0pu,False,False,False,[],False,False,1653297656,self.CryptoCurrency,https://www.reddit.com/r/CryptoCurrency/comments/uvw80m/do_kwon_to_make_new_luna_coin_with_fork_separated/,{},uvw80m,False,False,False,False,False,False,True,False,#add2e2,ADVICE,"[{'e': 'text', 't': 'ANALYSIS'}]",c1034ee6-9c2a-11e3-a8c4-12313b0e8e20,ANALYSIS,dark,richtext,False,False,True,1,0,False,all_ads,/r/CryptoCurrency/comments/uvw80m/do_kwon_to_make_new_luna_coin_with_fork_separated/,False,,,6,1653297667,1,[removed],True,False,False,CryptoCurrency,t5_2wlj3,4907077,public,self,,,"Do Kwon to make new Luna coin with Fork separated from old one, fans have A Ha!",0,[],1.0,https://www.reddit.com/r/CryptoCurrency/comments/uvw80m/do_kwon_to_make_new_luna_coin_with_fork_separated/,,all_ads,6,1653268856.0,,moderator,,
5,[],False,Good_Buffalo2870,,,[],,,text,t2_niifumer,False,False,False,[],False,False,1653282945,self.CryptoCurrency,https://www.reddit.com/r/CryptoCurrency/comments/uvsw3u/terra_and_jump/,{},uvsw3u,False,True,False,False,False,True,True,False,#0aa18f,NEWS,"[{'e': 'text', 't': 'GENERAL-NEWS'}]",f170aab2-246f-11ec-8143-429a193c9848,GENERAL-NEWS,light,richtext,False,False,False,0,0,False,all_ads,/r/CryptoCurrency/comments/uvsw3u/terra_and_jump/,False,,,6,1653282955,1,"my friend works for Jump - some of what follows is told by him to me but much of it I also heard first hand overhearing their zoom meetings when we wfh together

I asked his permission to post this. he's scared about getting sued, but he'll probably go to the government with what he knows anyways and hopes he'll get some sort of protection there. of course he's looking for a new role asap

jump mostly seems to make money from Robinhood, market making for various projects (which leads to deals), some trading, and some vc

Jump was very close to Do Kwon. at one point Jump was offering to help grow the terra ecosystem through various projects. as most jump investments go, they were providing market making, doing some dev work, doing some promotional work, etc

then May 2021 depeg happened. jump offered to help rescue terra. the bribe from do kown was 1 million LUNA per month for several years (not sure of the actual term, but can find out from friend if serious ask). Do Kwon agreed and jump went crazy started buying luna on all the exchanges. this was a great deal for jump as not only would they make money on the trade itself, 1 million luna per month could translate into X million USD per month for luna at price X for a long time. this is literally billions of USD for Jump manufactured out of thin air to keep Do Kwon's project going. he had no choice (otherwise luna would have failed then) so he agreed. plus as I said, it's made out of thin air.

jump accumulated a lot ust which it later resold for $1 or above. it also had a ton of luna coming in now. it started selling this luna to retail via the various exchange and then plowing this money back into buying locked luna at a discount. it also started trying to continue to expand ust adoption (to push the price of luna even higher and maybe double or triple their many billions). by suggesting solana and other chains to adopt it.

here's the rub though - many within jump (incl my friend) knew it was a ponzi. Jump didn't care. how could they turn down 3-5 billion or even potentially 10-15 billion?

if jump had done the right thing in May 21, knowing full well it was a ponzi, instead of propping it up, the damage would have been much smaller ($2 billion), 1/10th of the damage done this month. not to mention the devs, projects, and crypto users in general

they should be held accountable for this

feel free to dm for any more details or you know anything about being a whistleblower for my friend",True,False,False,CryptoCurrency,t5_2wlj3,4906348,public,self,,,Terra and Jump,0,[],1.0,https://www.reddit.com/r/CryptoCurrency/comments/uvsw3u/terra_and_jump/,,all_ads,6,1653254145.0,,,,
6,[],False,o_LUCIFER_o,,,"[{'e': 'text', 't': 'Platinum | QC: CC 78'}]",Platinum | QC: CC 78,dark,richtext,t2_cmyr3l59,False,False,False,[],False,False,1653279989,decrypt.co,https://www.reddit.com/r/CryptoCurrency/comments/uvs4mr/do_kwon_isnt_done_yet/,{},uvs4mr,False,True,False,False,False,True,False,False,#0aa18f,NEWS,"[{'e': 'text', 't': 'GENERAL-NEWS'}]",f170aab2-246f-11ec-8143-429a193c9848,GENERAL-NEWS,light,richtext,False,False,True,0,0,False,all_ads,/r/CryptoCurrency/comments/uvs4mr/do_kwon_isnt_done_yet/,False,link,"{'enabled': False, 'images': [{'id': 'ycUBZeeBYF3sSf0vU6W_u_Vu9E9OW3h9W7cptFDK77A', 'resolutions': [{'height': 54, 'url': 'https://external-preview.redd.it/cBd1P6XhOYwV059m_adXH7Mc6_cPnGcl1uMyoTYtzwU.jpg?width=108&amp;crop=smart&amp;auto=webp&amp;s=bf946a4221d42447f4bf66c22f07fb91c8ab24e3', 'width': 108}, {'height': 108, 'url': 'https://external-preview.redd.it/cBd1P6XhOYwV059m_adXH7Mc6_cPnGcl1uMyoTYtzwU.jpg?width=216&amp;crop=smart&amp;auto=webp&amp;s=e48e0f5172a5f661bfe722a569f4a3c7ea9d8d7b', 'width': 216}, {'height': 160, 'url': 'https://external-preview.redd.it/cBd1P6XhOYwV059m_adXH7Mc6_cPnGcl1uMyoTYtzwU.jpg?width=320&amp;crop=smart&amp;auto=webp&amp;s=6e0dc356a16eaf41f3c7d6491ae36fa55d87e254', 'width': 320}, {'height': 320, 'url': 'https://external-preview.redd.it/cBd1P6XhOYwV059m_adXH7Mc6_cPnGcl1uMyoTYtzwU.jpg?width=640&amp;crop=smart&amp;auto=webp&amp;s=440e961525be93b243147192daf07874dc94e8d8', 'width': 640}, {'height': 480, 'url': 'https://external-preview.redd.it/cBd1P6XhOYwV059m_adXH7Mc6_cPnGcl1uMyoTYtzwU.jpg?width=960&amp;crop=smart&amp;auto=webp&amp;s=8967def96310164f4d420fc667e4fed7639648d7', 'width': 960}], 'source': {'height': 512, 'url': 'https://external-preview.redd.it/cBd1P6XhOYwV059m_adXH7Mc6_cPnGcl1uMyoTYtzwU.jpg?auto=webp&amp;s=f86dbe81bd5ee129d204e43e0381aeb1998de35f', 'width': 1024}, 'variants': {}}]}",6,1653280000,1,,True,False,False,CryptoCurrency,t5_2wlj3,4906213,public,https://b.thumbs.redditmedia.com/WihSY8JcXgzMfspBjXSYPhCgqjmvRZyViYZ7djjwUhk.jpg,70.0,140.0,Do Kwon Isn’t Done Yet,0,[],1.0,https://decrypt.co/101129/do-kwon-isnt-done-yet,https://decrypt.co/101129/do-kwon-isnt-done-yet,all_ads,6,1653251189.0,,,,
7,[],False,ItIsRealKiwiHours,,,[],,,text,t2_1q13kv3m,False,False,False,[],False,False,1653263719,watcher.guru,https://www.reddit.com/r/CryptoCurrency/comments/uvnh8y/does_do_kwon_control_lunas_burn_wallet/,{},uvnh8y,False,False,False,False,False,False,False,False,,mod4,"[{'e': 'text', 't': '🔴 UNRELIABLE SOURCE'}]",,🔴 UNRELIABLE SOURCE,dark,richtext,False,False,True,1,0,False,all_ads,/r/CryptoCurrency/comments/uvnh8y/does_do_kwon_control_lunas_burn_wallet/,False,link,"{'enabled': False, 'images': [{'id': 'RGmGgKYCq3ISAF3X3Q6gJGGCvPbqecj8TKXstemTxaA', 'resolutions': [{'height': 60, 'url': 'https://external-preview.redd.it/ULQksAS23lDuRoZyXlCtD9JNfMekI8wb6-conhtsZfA.jpg?width=108&amp;crop=smart&amp;auto=webp&amp;s=89f151710a505006e9b787ce3cc7ddb8e38b1c11', 'width': 108}, {'height': 121, 'url': 'https://external-preview.redd.it/ULQksAS23lDuRoZyXlCtD9JNfMekI8wb6-conhtsZfA.jpg?width=216&amp;crop=smart&amp;auto=webp&amp;s=f43664f79b589d4f51ed7b9c5c1e2ef791c5f7bf', 'width': 216}, {'height': 180, 'url': 'https://external-preview.redd.it/ULQksAS23lDuRoZyXlCtD9JNfMekI8wb6-conhtsZfA.jpg?width=320&amp;crop=smart&amp;auto=webp&amp;s=1afa0e34b523fd0a83b8fb3de397992beafae178', 'width': 320}, {'height': 360, 'url': 'https://external-preview.redd.it/ULQksAS23lDuRoZyXlCtD9JNfMekI8wb6-conhtsZfA.jpg?width=640&amp;crop=smart&amp;auto=webp&amp;s=68436d10785545ed41461ed03ddf6cf8a4968b5f', 'width': 640}, {'height': 540, 'url': 'https://external-preview.redd.it/ULQksAS23lDuRoZyXlCtD9JNfMekI8wb6-conhtsZfA.jpg?width=960&amp;crop=smart&amp;auto=webp&amp;s=ec615518dc746b2fe97a8f0c7fdf5686d9efb90b', 'width': 960}, {'height': 608, 'url': 'https://external-preview.redd.it/ULQksAS23lDuRoZyXlCtD9JNfMekI8wb6-conhtsZfA.jpg?width=1080&amp;crop=smart&amp;auto=webp&amp;s=1d75f87f0551737521202339f82d62e87d082ae3', 'width': 1080}], 'source': {'height': 710, 'url': 'https://external-preview.redd.it/ULQksAS23lDuRoZyXlCtD9JNfMekI8wb6-conhtsZfA.jpg?auto=webp&amp;s=da22a452300c067bcf2dd520062a058c2f6c4aad', 'width': 1260}, 'variants': {}}]}",6,1653263730,1,,False,False,False,CryptoCurrency,t5_2wlj3,4905328,public,https://b.thumbs.redditmedia.com/1agutRIbWk821V_PtYXIkIRvxHAb5dbQirO7kOEGX4s.jpg,78.0,140.0,Does Do Kwon Control LUNA’s Burn Wallet?,0,[],1.0,https://watcher.guru/news/does-do-kwon-control-lunas-burn-wallet,https://watcher.guru/news/does-do-kwon-control-lunas-burn-wallet,all_ads,6,1653234919.0,,reddit,,
8,[],False,Ok-Economics1579,,,[],,,text,t2_7z5chz5h,False,False,False,[],False,False,1653246914,i.redd.it,https://www.reddit.com/r/CryptoCurrency/comments/uvhxk9/is_that_so_do_kwon_speaks/,{},uvhxk9,False,False,False,False,True,False,False,False,#7193ff,DISCUSSION,"[{'e': 'text', 't': 'DISCUSSION'}]",87049662-0882-11e5-82e1-0e9d1a9f7761,DISCUSSION,dark,richtext,False,False,True,2,0,False,all_ads,/r/CryptoCurrency/comments/uvhxk9/is_that_so_do_kwon_speaks/,False,image,"{'enabled': True, 'images': [{'id': 'a7P9Y6HHOsbxKLgqRNS3BjxMMER6Z8XShDrIG2NGm-4', 'resolutions': [{'height': 82, 'url': 'https://preview.redd.it/ffb95l44u2191.png?width=108&amp;crop=smart&amp;auto=webp&amp;s=f40588d840d24716494323562d20c6fde5453b32', 'width': 108}, {'height': 164, 'url': 'https://preview.redd.it/ffb95l44u2191.png?width=216&amp;crop=smart&amp;auto=webp&amp;s=00bd198c5f1322d623be82b95a96f9f86b7cc137', 'width': 216}, {'height': 244, 'url': 'https://preview.redd.it/ffb95l44u2191.png?width=320&amp;crop=smart&amp;auto=webp&amp;s=f6288a5fc14081c2f1d6945b872b5a0ee0a994c4', 'width': 320}], 'source': {'height': 366, 'url': 'https://preview.redd.it/ffb95l44u2191.png?auto=webp&amp;s=0a50497097163b8b84b3b8c7fde6aaf6316aed7f', 'width': 480}, 'variants': {}}]}",6,1653246925,1,,False,False,False,CryptoCurrency,t5_2wlj3,4904289,public,https://a.thumbs.redditmedia.com/2VY0NeDkQ7oOlif4YK6j3JRFuJ8gpzQSCeJfMRMGny0.jpg,106.0,140.0,Is that so? 🚀Do Kwon speaks,0,[],1.0,https://i.redd.it/ffb95l44u2191.png,https://i.redd.it/ffb95l44u2191.png,all_ads,6,1653218114.0,,moderator,t3_uvhwhu,"[{'all_awardings': [], 'allow_live_comments': False, 'approved_at_utc': None, 'approved_by': None, 'archived': False, 'author': 'DabNbeyondNormalUse', 'author_flair_background_color': None, 'author_flair_css_class': None, 'author_flair_richtext': [], 'author_flair_template_id': None, 'author_flair_text': None, 'author_flair_text_color': None, 'author_flair_type': 'text', 'author_fullname': 't2_8eujngc1', 'author_is_blocked': False, 'author_patreon_flair': False, 'author_premium': False, 'awarders': [], 'banned_at_utc': None, 'banned_by': None, 'can_gild': True, 'can_mod_post': False, 'category': None, 'clicked': False, 'content_categories': None, 'contest_mode': False, 'created': 1653246831.0, 'created_utc': 1653246831.0, 'discussion_type': None, 'distinguished': None, 'domain': 'i.redd.it', 'downs': 0, 'edited': False, 'gilded': 0, 'gildings': {}, 'hidden': False, 'hide_score': True, 'id': 'uvhwhu', 'is_created_from_ads_ui': False, 'is_crosspostable': True, 'is_meta': False, 'is_original_content': False, 'is_reddit_media_domain': True, 'is_robot_indexable': True, 'is_self': False, 'is_video': False, 'likes': None, 'link_flair_background_color': '', 'link_flair_css_class': None, 'link_flair_richtext': [], 'link_flair_text': None, 'link_flair_text_color': 'dark', 'link_flair_type': 'text', 'locked': False, 'media': None, 'media_embed': {}, 'media_only': False, 'mod_note': None, 'mod_reason_by': None, 'mod_reason_title': None, 'mod_reports': [], 'name': 't3_uvhwhu', 'no_follow': True, 'num_comments': 0, 'num_crossposts': 1, 'num_reports': None, 'over_18': False, 'parent_whitelist_status': None, 'permalink': '/r/officialLunaClassic/comments/uvhwhu/update_do_kwon_says/', 'pinned': False, 'post_hint': 'image', 'preview': {'enabled': True, 'images': [{'id': 'a7P9Y6HHOsbxKLgqRNS3BjxMMER6Z8XShDrIG2NGm-4', 'resolutions': [{'height': 82, 'url': 'https://preview.redd.it/ffb95l44u2191.png?width=108&amp;crop=smart&amp;auto=webp&amp;s=f40588d840d24716494323562d20c6fde5453b32', 'width': 108}, {'height': 164, 'url': 'https://preview.redd.it/ffb95l44u2191.png?width=216&amp;crop=smart&amp;auto=webp&amp;s=00bd198c5f1322d623be82b95a96f9f86b7cc137', 'width': 216}, {'height': 244, 'url': 'https://preview.redd.it/ffb95l44u2191.png?width=320&amp;crop=smart&amp;auto=webp&amp;s=f6288a5fc14081c2f1d6945b872b5a0ee0a994c4', 'width': 320}], 'source': {'height': 366, 'url': 'https://preview.redd.it/ffb95l44u2191.png?auto=webp&amp;s=0a50497097163b8b84b3b8c7fde6aaf6316aed7f', 'width': 480}, 'variants': {}}]}, 'pwls': None, 'quarantine': False, 'removal_reason': None, 'removed_by': None, 'removed_by_category': None, 'report_reasons': None, 'saved': False, 'score': 1, 'secure_media': None, 'secure_media_embed': {}, 'selftext': '', 'selftext_html': None, 'send_replies': True, 'spoiler': False, 'stickied': False, 'subreddit': 'officialLunaClassic', 'subreddit_id': 't5_6eq3tq', 'subreddit_name_prefixed': 'r/officialLunaClassic', 'subreddit_subscribers': 9, 'subreddit_type': 'public', 'suggested_sort': None, 'thumbnail': 'https://a.thumbs.redditmedia.com/2VY0NeDkQ7oOlif4YK6j3JRFuJ8gpzQSCeJfMRMGny0.jpg', 'thumbnail_height': 106, 'thumbnail_width': 140, 'title': 'Update! Do Kwon says', 'top_awarded_type': None, 'total_awards_received': 0, 'treatment_tags': [], 'ups': 1, 'upvote_ratio': 1.0, 'url': 'https://i.redd.it/ffb95l44u2191.png', 'url_overridden_by_dest': 'https://i.redd.it/ffb95l44u2191.png', 'user_reports': [], 'view_count': None, 'visited': False, 'whitelist_status': None, 'wls': None}]"
9,[],False,naji102,,,"[{'e': 'text', 't': ' Joined for quick profits now a long term HODLER'}]", Joined for quick profits now a long term HODLER,dark,richtext,t2_17ia5o,False,False,False,[],False,False,1653239942,self.CryptoCurrency,https://www.reddit.com/r/CryptoCurrency/comments/uvfhmn/do_kwon_arrogance_is_on_another_level_it_has_also/,{},uvfhmn,False,True,False,False,False,True,True,False,#7193ff,DISCUSSION,"[{'e': 'text', 't': 'DISCUSSION'}]",87049662-0882-11e5-82e1-0e9d1a9f7761,DISCUSSION,dark,richtext,False,False,True,1,0,False,all_ads,/r/CryptoCurrency/comments/uvfhmn/do_kwon_arrogance_is_on_another_level_it_has_also/,False,,,6,1653239952,1,"Twitter user FatmanTerra recently tweeted a thread about Do kwon's arrogance which costed Anchor users in $20.8 in losses.

https://preview.redd.it/x96ux0tt82191.png?width=668&amp;format=png&amp;auto=webp&amp;s=39f5400a539fb16f5e00a06da3c8932ef30f6435

&gt; In August of 2021, whitehat dev   
&gt;  
&gt;[@0xfr\_ (Twitter)](https://twitter.com/0xfr_)  
&gt;  
&gt;contacted Do Kwon about a serious bug involving Anchor's possible liquidator issues. He was dismissed for 'raging' and Do Kwon was 'pretty confident' that it would work (you can already tell what's about to happen) 

&amp;#x200B;

&gt; In April this year, as per responsible disclosure,   
&gt;  
&gt;[@skgBanga](https://twitter.com/skgBanga)  
&gt;  
&gt;and   
&gt;  
&gt;[@0xfr\_](https://twitter.com/0xfr_)  
&gt;  
&gt;emailed the Anchor team, describing three issues in detail (one of which could potentially cause hugely unfair liquidations due to a major bug in the liquidation queue). 

&amp;#x200B;

&gt; The Anchor team never replied. Did they ignore the email? Did they just not bother checking their inbox? Either way, during last week's meltdown, Anchor accrued $20.8m in bad debt at a direct cost to depositors. [https://github.com/throwaway0xfr/anchor-bad-debt](https://github.com/throwaway0xfr/anchor-bad-debt)

&amp;#x200B;

&gt; I remember seeing a lot of reports in the Anchor Discord of people being liquidated for their entire collateral instead of just what they owed. This bug explains it. Carelessness led to people's money being unfairly snatched away (again) 

&amp;#x200B;

&gt; In the grand scheme of things, $20.8m is not that much (especially when UST was shedding billions from its market cap), but this event lends to a certain culture &amp; environment that seem to be present at TFL. Despite being paid millions, they seem to be flippant at times. 

Whole Thread: [https://twitter.com/FatManTerra/status/1528404015767343105](https://twitter.com/FatManTerra/status/1528404015767343105)",True,False,False,CryptoCurrency,t5_2wlj3,4903802,public,https://b.thumbs.redditmedia.com/ifI7agOTdvXnSyC57_Exgxixlmv4jOQsbvc319OO6lQ.jpg,140.0,140.0,Do Kwon arrogance is on another level it has also cost an extra $20.8m in losses to Anchor users if only anyone from bug bounty team opened their email.,0,[],1.0,https://www.reddit.com/r/CryptoCurrency/comments/uvfhmn/do_kwon_arrogance_is_on_another_level_it_has_also/,,all_ads,6,1653211142.0,"{'x96ux0tt82191': {'e': 'Image', 'id': 'x96ux0tt82191', 'm': 'image/png', 'p': [{'u': 'https://preview.redd.it/x96ux0tt82191.png?width=108&amp;crop=smart&amp;auto=webp&amp;s=0d7416d236bb496f817482624b3d9d408d4cdf3d', 'x': 108, 'y': 128}, {'u': 'https://preview.redd.it/x96ux0tt82191.png?width=216&amp;crop=smart&amp;auto=webp&amp;s=bd3b1745e54c40950023c229b1d08bdf7e371be7', 'x': 216, 'y': 257}, {'u': 'https://preview.redd.it/x96ux0tt82191.png?width=320&amp;crop=smart&amp;auto=webp&amp;s=70886dfb6c9f22d564af06e790f005d2913a045b', 'x': 320, 'y': 380}, {'u': 'https://preview.redd.it/x96ux0tt82191.png?width=640&amp;crop=smart&amp;auto=webp&amp;s=c31b55ff2a2025dcb0445892fedb3b421c0931fa', 'x': 640, 'y': 761}], 's': {'u': 'https://preview.redd.it/x96ux0tt82191.png?width=668&amp;format=png&amp;auto=webp&amp;s=39f5400a539fb16f5e00a06da3c8932ef30f6435', 'x': 668, 'y': 795}, 'status': 'valid'}}",,,
