,all_awardings,allow_live_comments,author,author_flair_background_color,author_flair_css_class,author_flair_richtext,author_flair_text,author_flair_text_color,author_flair_type,author_fullname,author_is_blocked,author_patreon_flair,author_premium,awarders,can_mod_post,contest_mode,created_utc,domain,full_link,gildings,id,is_created_from_ads_ui,is_crosspostable,is_meta,is_original_content,is_reddit_media_domain,is_robot_indexable,is_self,is_video,link_flair_background_color,link_flair_css_class,link_flair_richtext,link_flair_template_id,link_flair_text,link_flair_text_color,link_flair_type,locked,media_only,no_follow,num_comments,num_crossposts,over_18,parent_whitelist_status,permalink,pinned,post_hint,preview,pwls,removed_by_category,retrieved_on,score,selftext,send_replies,spoiler,stickied,subreddit,subreddit_id,subreddit_subscribers,subreddit_type,thumbnail,title,total_awards_received,treatment_tags,upvote_ratio,url,whitelist_status,wls,created,thumbnail_height,thumbnail_width,url_overridden_by_dest
0,[],False,WhotookthenameCaloma,,Warning-level2-2,"[{'e': 'text', 't': 'Tin'}]",Tin,dark,richtext,t2_63ci5whc,False,False,False,[],False,False,1653578798,self.CryptoCurrency,https://www.reddit.com/r/CryptoCurrency/comments/uya51u/binance_will_support_terra2_airdrop_and_your/,{},uya51u,False,False,False,False,False,False,True,False,#007373,EXCHANGES,"[{'e': 'text', 't': 'EXCHANGES'}]",38a8ac5a-9d5c-11e5-a136-0e9f3a832fc3,EXCHANGES,light,richtext,False,False,True,0,0,False,all_ads,/r/CryptoCurrency/comments/uya51u/binance_will_support_terra2_airdrop_and_your/,False,self,"{'enabled': False, 'images': [{'id': 'wI36lBO2JS1QsO4Q2C5jssPKs48L7DbUl1E5oMUVrMI', 'resolutions': [{'height': 60, 'url': 'https://external-preview.redd.it/MykDHBmdl1Zx_QVCk4gqXXlt63yHIy9N2n1UXHbHCBg.jpg?width=108&amp;crop=smart&amp;auto=webp&amp;s=d6cd6a67b57bec6ead13c9e67cb103a4900eee96', 'width': 108}, {'height': 121, 'url': 'https://external-preview.redd.it/MykDHBmdl1Zx_QVCk4gqXXlt63yHIy9N2n1UXHbHCBg.jpg?width=216&amp;crop=smart&amp;auto=webp&amp;s=9c58ee54bdcbefc8dbfb6287d913433d9accb44c', 'width': 216}, {'height': 180, 'url': 'https://external-preview.redd.it/MykDHBmdl1Zx_QVCk4gqXXlt63yHIy9N2n1UXHbHCBg.jpg?width=320&amp;crop=smart&amp;auto=webp&amp;s=1284d7a1fcf45c36afdc0a6775ac178646518ad7', 'width': 320}, {'height': 360, 'url': 'https://external-preview.redd.it/MykDHBmdl1Zx_QVCk4gqXXlt63yHIy9N2n1UXHbHCBg.jpg?width=640&amp;crop=smart&amp;auto=webp&amp;s=03365a30a03390866795d8a73cd4be607fcd2ef2', 'width': 640}, {'height': 540, 'url': 'https://external-preview.redd.it/MykDHBmdl1Zx_QVCk4gqXXlt63yHIy9N2n1UXHbHCBg.jpg?width=960&amp;crop=smart&amp;auto=webp&amp;s=d009c49d9702b0a2b7d473298c87d7b1314cb139', 'width': 960}, {'height': 607, 'url': 'https://external-preview.redd.it/MykDHBmdl1Zx_QVCk4gqXXlt63yHIy9N2n1UXHbHCBg.jpg?width=1080&amp;crop=smart&amp;auto=webp&amp;s=72c35ea37bee98545a0f86f5abf60e85f20f8fa5', 'width': 1080}], 'source': {'height': 720, 'url': 'https://external-preview.redd.it/MykDHBmdl1Zx_QVCk4gqXXlt63yHIy9N2n1UXHbHCBg.jpg?auto=webp&amp;s=7c0addc4e736a1545ef810296c62a7d3b8eaa076', 'width': 1280}, 'variants': {}}]}",6,automod_filtered,1653578808,1,[removed],True,False,False,CryptoCurrency,t5_2wlj3,4921477,public,self,Binance will support Terra2 Airdrop (and your pre-attack UST is covered),0,[],1.0,https://www.reddit.com/r/CryptoCurrency/comments/uya51u/binance_will_support_terra2_airdrop_and_your/,all_ads,6,1653549998.0,,,
1,[],False,jlew24asu,,Warning-level1-1,"[{'e': 'text', 't': 'Bronze | SHIB 5 | Politics 219'}]",Bronze | SHIB 5 | Politics 219,dark,richtext,t2_5hbxc,False,False,False,[],False,False,1653566608,self.CryptoCurrency,https://www.reddit.com/r/CryptoCurrency/comments/uy61il/looks_like_most_of_crypto_is_headed_back_to_last/,{},uy61il,False,True,False,False,False,True,True,False,#7193ff,DISCUSSION,"[{'e': 'text', 't': 'DISCUSSION'}]",87049662-0882-11e5-82e1-0e9d1a9f7761,DISCUSSION,dark,richtext,False,False,True,0,0,False,all_ads,/r/CryptoCurrency/comments/uy61il/looks_like_most_of_crypto_is_headed_back_to_last/,False,,,6,,1653566618,1,"in 2020/1 we had NFTs, DeFi, and gaming. Much of that is dead or dying. and with UST blowup, many people have probably left for good.

we've shed almost 2 trillion in market cap in 6 months.

what will be the next bullish catalyst that gets people to bring money on chain? what are use cases on the horizon that arent developed yet?

(my questions are pretty basic so I'm struggling to get to the five hundred word minimum to make a post on the crypto currency sub reddit. I just want to talk about crypto and and have some hope again)",False,False,False,CryptoCurrency,t5_2wlj3,4920756,public,self,Looks like most of crypto is headed back to last summer lows. what will be the next bullish catalyst?,0,[],1.0,https://www.reddit.com/r/CryptoCurrency/comments/uy61il/looks_like_most_of_crypto_is_headed_back_to_last/,all_ads,6,1653537808.0,,,
2,[],False,putrid_nails,,Training,"[{'e': 'text', 't': 'Redditor for 2 months.'}]",Redditor for 2 months.,dark,richtext,t2_c758h1z5,False,False,False,[],False,False,1653564968,blockmagnates.com,https://www.reddit.com/r/CryptoCurrency/comments/uy5kvd/ethereum_whales_prefer_usdc_over_usdt_after_ust/,{},uy5kvd,False,True,False,False,False,True,False,False,#0aa18f,NEWS,"[{'e': 'text', 't': 'GENERAL-NEWS'}]",f170aab2-246f-11ec-8143-429a193c9848,GENERAL-NEWS,light,richtext,False,False,True,0,0,False,all_ads,/r/CryptoCurrency/comments/uy5kvd/ethereum_whales_prefer_usdc_over_usdt_after_ust/,False,link,"{'enabled': False, 'images': [{'id': 'AYrAQQ1cQtJeClRntRuni62b9Ljbf29GAAHcgMsR2Q8', 'resolutions': [{'height': 72, 'url': 'https://external-preview.redd.it/TqBSpQyHmnD8-U9hFdcYODC2Q846ASs60mokHPy3HDs.jpg?width=108&amp;crop=smart&amp;auto=webp&amp;s=387903ae5ddee588295aea643cf8e010ef412be5', 'width': 108}, {'height': 144, 'url': 'https://external-preview.redd.it/TqBSpQyHmnD8-U9hFdcYODC2Q846ASs60mokHPy3HDs.jpg?width=216&amp;crop=smart&amp;auto=webp&amp;s=e9a0540f418c52d33e87a59ecc470a7a7914cb6c', 'width': 216}, {'height': 213, 'url': 'https://external-preview.redd.it/TqBSpQyHmnD8-U9hFdcYODC2Q846ASs60mokHPy3HDs.jpg?width=320&amp;crop=smart&amp;auto=webp&amp;s=938202bcb07a9700aadf67ee379d7981d407419b', 'width': 320}, {'height': 426, 'url': 'https://external-preview.redd.it/TqBSpQyHmnD8-U9hFdcYODC2Q846ASs60mokHPy3HDs.jpg?width=640&amp;crop=smart&amp;auto=webp&amp;s=5349a8df0ed5f96b69f68dc958b8f00aa326b324', 'width': 640}, {'height': 640, 'url': 'https://external-preview.redd.it/TqBSpQyHmnD8-U9hFdcYODC2Q846ASs60mokHPy3HDs.jpg?width=960&amp;crop=smart&amp;auto=webp&amp;s=175b4edddefe1c1384241705269bf711d0e2b951', 'width': 960}], 'source': {'height': 683, 'url': 'https://external-preview.redd.it/TqBSpQyHmnD8-U9hFdcYODC2Q846ASs60mokHPy3HDs.jpg?auto=webp&amp;s=69809a8314fcc4e67107e35c12db32bc1d945891', 'width': 1024}, 'variants': {}}]}",6,,1653564979,1,,True,False,False,CryptoCurrency,t5_2wlj3,4920678,public,https://b.thumbs.redditmedia.com/RbGz1OaUcOfm5DyuYBiF89s7MdGDxId5x065MlDBP6k.jpg,Ethereum Whales Prefer USDC over USDT after UST Crash,0,[],1.0,https://blockmagnates.com/ethereum-whales-prefer-usdc-over-usdt-after-ust-crash/,all_ads,6,1653536168.0,93.0,140.0,https://blockmagnates.com/ethereum-whales-prefer-usdc-over-usdt-after-ust-crash/
3,[],False,Choice-Many-9550,,Warning-level2-2,"[{'e': 'text', 't': 'Tin'}]",Tin,dark,richtext,t2_ajn7q8xa,False,False,True,[],False,False,1653558898,self.CryptoCurrency,https://www.reddit.com/r/CryptoCurrency/comments/uy41r1/did_citadel_and_blackrock_play_a_role_in_the/,{},uy41r1,False,True,False,False,False,True,True,False,#7193ff,DISCUSSION,"[{'e': 'text', 't': 'DISCUSSION'}]",87049662-0882-11e5-82e1-0e9d1a9f7761,DISCUSSION,dark,richtext,False,False,True,0,0,False,all_ads,/r/CryptoCurrency/comments/uy41r1/did_citadel_and_blackrock_play_a_role_in_the/,False,self,"{'enabled': False, 'images': [{'id': '7WSp4QGxT1fxdKGqGCfdF2V6-CVHN1BODpHJrnOWWrY', 'resolutions': [{'height': 175, 'url': 'https://external-preview.redd.it/tEZliOdIIDdEwCzjRAcmogtMTS5e6_TZpsthZuBfHTo.jpg?width=108&amp;crop=smart&amp;auto=webp&amp;s=9533efe63b6ca40d2d48ec767856191e4d278f57', 'width': 108}, {'height': 350, 'url': 'https://external-preview.redd.it/tEZliOdIIDdEwCzjRAcmogtMTS5e6_TZpsthZuBfHTo.jpg?width=216&amp;crop=smart&amp;auto=webp&amp;s=209418f4e8996c7008b2ecc9bc33a8cad9995983', 'width': 216}, {'height': 519, 'url': 'https://external-preview.redd.it/tEZliOdIIDdEwCzjRAcmogtMTS5e6_TZpsthZuBfHTo.jpg?width=320&amp;crop=smart&amp;auto=webp&amp;s=be0fd007e5ee566f41c0d0aafaf0e56889d921c8', 'width': 320}, {'height': 1039, 'url': 'https://external-preview.redd.it/tEZliOdIIDdEwCzjRAcmogtMTS5e6_TZpsthZuBfHTo.jpg?width=640&amp;crop=smart&amp;auto=webp&amp;s=af400acfb34ad388ae23be1f14aa6968f6d54c17', 'width': 640}], 'source': {'height': 1411, 'url': 'https://external-preview.redd.it/tEZliOdIIDdEwCzjRAcmogtMTS5e6_TZpsthZuBfHTo.jpg?auto=webp&amp;s=97ac948a7a3c2788d753594dcebc01fee7d4e697', 'width': 869}, 'variants': {}}]}",6,,1653558908,1,"I'm sure most of you have heard about what's been going on in crypto the last few days. If you haven't already, [here's how it went down](https://www.forbes.com/sites/lawrencewintermeyer/2022/05/25/from-hero-to-zero-how-terra-was-toppled-in-cryptos-darkest-hour/?sh=685a29e389e2): Luna plummeted 100% after its stable coin depegged from $1.

It appears that UST/LUNA was attacked, but how did this happen? Well… maybe if you hadn't declared to the world how to precisely implode your coin and told billionaires to ""try it"", then maybe this wouldn't have happened LOL.

But here’s the interesting part… 

Immediately after LUNA's downfall, there was a [post](https://i.redd.it/f1rvti5wury81.jpg) claiming that Blackrock and Citadel had borrowed 100k BTC and exchanged 25k for UST which dried up most of its liquidity. After that, it's thought they threw the remaining 75k on the market, causing Luna to implode.

This was a pure profit play if a short was opened at the top. Do Kwon (CEO) (probably) fell for the 25k BTC trade bait and accidentally was responsible for his currency's fate. Again this is just theory.",True,False,False,CryptoCurrency,t5_2wlj3,4920409,public,self,Did Citadel and Blackrock play a role in the UST/LUNA Downfall?,0,[],1.0,https://www.reddit.com/r/CryptoCurrency/comments/uy41r1/did_citadel_and_blackrock_play_a_role_in_the/,all_ads,6,1653530098.0,,,
4,[],False,Resident_Situation95,,,[],,,text,t2_c7hucvwk,False,False,False,[],False,False,1653549284,self.Bitcoin,https://www.reddit.com/r/Bitcoin/comments/uy1xin/bitcoiner_which_stable_coin_you_trust/,{},uy1xin,False,True,False,False,False,True,True,False,,,[],,,dark,text,False,False,True,0,0,False,all_ads,/r/Bitcoin/comments/uy1xin/bitcoiner_which_stable_coin_you_trust/,False,,,6,,1653549295,1,"HI Bitcoiners 

&amp;#x200B;

which stable coin you trust ? after bad crash ust ..     what thing to consider to chose stable coin ?? and trust peace mind to make sure this bad thing not happen like ust ?",True,False,False,Bitcoin,t5_2s3qj,4229559,public,self,bitcoiner which stable coin you trust ?,0,[],1.0,https://www.reddit.com/r/Bitcoin/comments/uy1xin/bitcoiner_which_stable_coin_you_trust/,all_ads,6,1653520484.0,,,
5,[],False,currencywale,,,[],,,text,t2_jkkt6tu2,False,False,False,[],False,False,1653543590,currencywale.com,https://www.reddit.com/r/CryptoCurrency/comments/uy0kvk/crypto_price_today_may_26_eth_sol_avax_etc/,{},uy0kvk,False,False,False,False,False,False,False,False,#add2e2,ADVICE,"[{'e': 'text', 't': 'ANALYSIS'}]",c1034ee6-9c2a-11e3-a8c4-12313b0e8e20,ANALYSIS,dark,richtext,False,False,True,1,0,False,all_ads,/r/CryptoCurrency/comments/uy0kvk/crypto_price_today_may_26_eth_sol_avax_etc/,False,link,"{'enabled': False, 'images': [{'id': '7snZ7jQ0HQAYG5-WCnTyKPcrbQp86kC1GMgx3ZvwA4A', 'resolutions': [{'height': 56, 'url': 'https://external-preview.redd.it/3xTIopvt_LdgS_9Zoibznxu-4lUtVUie-j6gPT3WBXA.jpg?width=108&amp;crop=smart&amp;auto=webp&amp;s=bb467d970d47a8bf601e4641223a7bb67bc82463', 'width': 108}, {'height': 113, 'url': 'https://external-preview.redd.it/3xTIopvt_LdgS_9Zoibznxu-4lUtVUie-j6gPT3WBXA.jpg?width=216&amp;crop=smart&amp;auto=webp&amp;s=00f673270f5e8ca53b65d0c65a2877586cca902e', 'width': 216}, {'height': 167, 'url': 'https://external-preview.redd.it/3xTIopvt_LdgS_9Zoibznxu-4lUtVUie-j6gPT3WBXA.jpg?width=320&amp;crop=smart&amp;auto=webp&amp;s=ecb62697bc5bffbdc65d956922e91aae57ed41a5', 'width': 320}, {'height': 334, 'url': 'https://external-preview.redd.it/3xTIopvt_LdgS_9Zoibznxu-4lUtVUie-j6gPT3WBXA.jpg?width=640&amp;crop=smart&amp;auto=webp&amp;s=f67f04f72e80a8bee915c89d25e12c15f4f86704', 'width': 640}, {'height': 502, 'url': 'https://external-preview.redd.it/3xTIopvt_LdgS_9Zoibznxu-4lUtVUie-j6gPT3WBXA.jpg?width=960&amp;crop=smart&amp;auto=webp&amp;s=d854e738b0d110910a39f765f5334e172450ef82', 'width': 960}, {'height': 565, 'url': 'https://external-preview.redd.it/3xTIopvt_LdgS_9Zoibznxu-4lUtVUie-j6gPT3WBXA.jpg?width=1080&amp;crop=smart&amp;auto=webp&amp;s=8cb90bf79608484e05aeb57d95b6f913765e0c00', 'width': 1080}], 'source': {'height': 628, 'url': 'https://external-preview.redd.it/3xTIopvt_LdgS_9Zoibznxu-4lUtVUie-j6gPT3WBXA.jpg?auto=webp&amp;s=3dfb49563308fa0813fc42cfee4e7561d2527375', 'width': 1200}, 'variants': {}}]}",6,moderator,1653543601,1,,True,False,False,CryptoCurrency,t5_2wlj3,4919797,public,https://a.thumbs.redditmedia.com/CFrzGLsWGnCq56j5AFmGEAzqu9pDVKYqq7LwF-1qsD4.jpg,"Crypto Price Today May 26: ETH, SOL, AVAX, ETC, TerraUSD UST Sagging",0,[],1.0,https://currencywale.com/crypto-price-today-may-26-eth-sol-avax-etc-sagging/,all_ads,6,1653514790.0,73.0,140.0,https://currencywale.com/crypto-price-today-may-26-eth-sol-avax-etc-sagging/
6,[],False,currencywale,,,[],,,text,t2_jkkt6tu2,False,False,False,[],False,False,1653543479,currencywale.com,https://www.reddit.com/r/Bitcoin/comments/uy0jws/crypto_price_today_may_26_eth_sol_avax_etc/,{},uy0jws,False,False,False,False,False,False,False,False,,,[],,,dark,text,False,False,True,0,0,False,all_ads,/r/Bitcoin/comments/uy0jws/crypto_price_today_may_26_eth_sol_avax_etc/,False,link,"{'enabled': False, 'images': [{'id': '7snZ7jQ0HQAYG5-WCnTyKPcrbQp86kC1GMgx3ZvwA4A', 'resolutions': [{'height': 56, 'url': 'https://external-preview.redd.it/3xTIopvt_LdgS_9Zoibznxu-4lUtVUie-j6gPT3WBXA.jpg?width=108&amp;crop=smart&amp;auto=webp&amp;s=bb467d970d47a8bf601e4641223a7bb67bc82463', 'width': 108}, {'height': 113, 'url': 'https://external-preview.redd.it/3xTIopvt_LdgS_9Zoibznxu-4lUtVUie-j6gPT3WBXA.jpg?width=216&amp;crop=smart&amp;auto=webp&amp;s=00f673270f5e8ca53b65d0c65a2877586cca902e', 'width': 216}, {'height': 167, 'url': 'https://external-preview.redd.it/3xTIopvt_LdgS_9Zoibznxu-4lUtVUie-j6gPT3WBXA.jpg?width=320&amp;crop=smart&amp;auto=webp&amp;s=ecb62697bc5bffbdc65d956922e91aae57ed41a5', 'width': 320}, {'height': 334, 'url': 'https://external-preview.redd.it/3xTIopvt_LdgS_9Zoibznxu-4lUtVUie-j6gPT3WBXA.jpg?width=640&amp;crop=smart&amp;auto=webp&amp;s=f67f04f72e80a8bee915c89d25e12c15f4f86704', 'width': 640}, {'height': 502, 'url': 'https://external-preview.redd.it/3xTIopvt_LdgS_9Zoibznxu-4lUtVUie-j6gPT3WBXA.jpg?width=960&amp;crop=smart&amp;auto=webp&amp;s=d854e738b0d110910a39f765f5334e172450ef82', 'width': 960}, {'height': 565, 'url': 'https://external-preview.redd.it/3xTIopvt_LdgS_9Zoibznxu-4lUtVUie-j6gPT3WBXA.jpg?width=1080&amp;crop=smart&amp;auto=webp&amp;s=8cb90bf79608484e05aeb57d95b6f913765e0c00', 'width': 1080}], 'source': {'height': 628, 'url': 'https://external-preview.redd.it/3xTIopvt_LdgS_9Zoibznxu-4lUtVUie-j6gPT3WBXA.jpg?auto=webp&amp;s=3dfb49563308fa0813fc42cfee4e7561d2527375', 'width': 1200}, 'variants': {}}]}",6,moderator,1653543490,1,,True,False,False,Bitcoin,t5_2s3qj,4229337,public,https://a.thumbs.redditmedia.com/CFrzGLsWGnCq56j5AFmGEAzqu9pDVKYqq7LwF-1qsD4.jpg,"Crypto Price Today May 26: ETH, SOL, AVAX, ETC TerraUSD UST Sagging",0,[],1.0,https://currencywale.com/crypto-price-today-may-26-eth-sol-avax-etc-sagging/,all_ads,6,1653514679.0,73.0,140.0,https://currencywale.com/crypto-price-today-may-26-eth-sol-avax-etc-sagging/
7,[],False,Fair_Command_9861,,Warning-level2-2,"[{'e': 'text', 't': 'Tin | 2 months old'}]",Tin | 2 months old,dark,richtext,t2_kdmcap97,False,False,False,[],False,False,1653524350,self.CryptoCurrency,https://www.reddit.com/r/CryptoCurrency/comments/uxv1qp/which_is_more_trustworthy_for_usdc_and_usdt/,{},uxv1qp,False,True,False,False,False,True,True,False,#0079d3,mod2,"[{'e': 'text', 't': 'READ COMMENTS'}]",d6b76dc0-2346-11ec-a10d-eeaad07d4fe0,READ COMMENTS,light,richtext,False,False,True,0,0,False,all_ads,/r/CryptoCurrency/comments/uxv1qp/which_is_more_trustworthy_for_usdc_and_usdt/,False,,,6,,1653524360,1,"Data from CoinMetrics shows that the number of wallet addresses holding more than $1 million USDC on the Ethereum blockchain exceeds the number of wallets holding USDT, which remains the largest stablecoin by market value. CoinMetrics has been studying blockchain data since May 9, when UST lost its peg to the U.S. dollar, and the company identified 147 Ethereum wallet addresses whose USDC balances increased by at least $1 million while their USDT balances increased A reduction of at least $1 million. Among them, 23 companies added at least $10 million USDC and disposed of $10 million USDT. Many of these addresses are exchanges, custody services or decentralized finance protocols, the report added. (Coindesk)",True,False,False,CryptoCurrency,t5_2wlj3,4918930,public,self,Which is more trustworthy for USDC and USDT?,0,[],1.0,https://www.reddit.com/r/CryptoCurrency/comments/uxv1qp/which_is_more_trustworthy_for_usdc_and_usdt/,all_ads,6,1653495550.0,,,
8,[],False,Wi7kedP0n3y,,,[],,,text,t2_gxgnixf4,False,False,False,[],False,False,1653519861,self.CryptoCurrency,https://www.reddit.com/r/CryptoCurrency/comments/uxtm03/big_burn_is_about_to_happen_in_less_than_24hrs_ust/,{},uxtm03,False,False,False,False,False,False,True,False,#7193ff,DISCUSSION,"[{'e': 'text', 't': 'DISCUSSION'}]",87049662-0882-11e5-82e1-0e9d1a9f7761,DISCUSSION,dark,richtext,False,False,True,1,0,False,all_ads,/r/CryptoCurrency/comments/uxtm03/big_burn_is_about_to_happen_in_less_than_24hrs_ust/,False,,,6,moderator,1653519872,1,[removed],True,False,False,CryptoCurrency,t5_2wlj3,4918696,public,https://b.thumbs.redditmedia.com/a6IjDmQjfZ_5ni5BfJc2vp16GGuszxdDx7leAxoJjHw.jpg,Big burn is about to happen in less than 24hrs! $UST,0,[],1.0,https://www.reddit.com/r/CryptoCurrency/comments/uxtm03/big_burn_is_about_to_happen_in_less_than_24hrs_ust/,all_ads,6,1653491061.0,73.0,140.0,
9,[],False,DankOcean,,Warning-level2-2,"[{'e': 'text', 't': 'Tin'}]",Tin,dark,richtext,t2_gi5bn,False,False,False,[],False,False,1653518819,self.CryptoCurrency,https://www.reddit.com/r/CryptoCurrency/comments/uxt9d7/anyone_else_left_out_in_the_cold_by_kashapp_and/,{},uxt9d7,False,True,False,False,False,True,True,False,#7193ff,DISCUSSION,"[{'e': 'text', 't': 'DISCUSSION'}]",87049662-0882-11e5-82e1-0e9d1a9f7761,DISCUSSION,dark,richtext,False,False,True,0,0,False,all_ads,/r/CryptoCurrency/comments/uxt9d7/anyone_else_left_out_in_the_cold_by_kashapp_and/,False,,,6,,1653518830,1,"I swapped UST to USD when the peg was at 0.98 and I haven't gotten anything. PrimeTrust's customer service passed the buck to Kash and they haven't said what they are going to do. I met with the CEO on a 10min call and he said they would send my UST back, but it doesn't take 16 days.

and I would write 500 chars and I would write 500 more. and I would write 500 chars and I would write 500 more and I would write 500 chars and I would write 500 more and I would write 500 chars and I would write 500 more and I would write 500 chars and I would write 500 more and I would write 500 chars and I would write 500 more and I would write 500 chars and I would write 500 more and I would write 500 chars and I would write 500 more and I would write 500 chars and I would write 500 more and I would write 500 chars and I would write 500 more and I would write 500 chars and I would write 500 more and I would write 500 chars and I would write 500 more and I would write 500 chars and I would write 500 more and I would write 500 chars and I would write 500 more and I would write 500 chars and I would write 500 more and I would write 500 chars and I would write 500 more and I would write 500 chars and I would write 500 more",True,False,False,CryptoCurrency,t5_2wlj3,4918654,public,self,Anyone else left out in the cold by Kash.app and PrimeTrust?,0,[],1.0,https://www.reddit.com/r/CryptoCurrency/comments/uxt9d7/anyone_else_left_out_in_the_cold_by_kashapp_and/,all_ads,6,1653490019.0,,,
10,[],False,_cryptoo,,Warning-level2-2,"[{'e': 'text', 't': 'Tin'}]",Tin,dark,richtext,t2_fu78n53,False,False,False,[],False,False,1653508046,self.CryptoCurrency,https://www.reddit.com/r/CryptoCurrency/comments/uxpfrh/terra_a_post_mortem_is_my_thesis_correct/,{},uxpfrh,False,True,False,True,False,True,True,False,#add2e2,ADVICE,"[{'e': 'text', 't': 'ANALYSIS'}]",c1034ee6-9c2a-11e3-a8c4-12313b0e8e20,ANALYSIS,dark,richtext,False,False,True,1,0,False,all_ads,/r/CryptoCurrency/comments/uxpfrh/terra_a_post_mortem_is_my_thesis_correct/,False,,,6,,1653508057,1,"I had been thinking about the UST de-peg. The only bridge that was tying 1 UST to 1 USD was LUNA which had a perceived value based on the market conditions. So sudden dump in UST naturally slashed its price, so to get 1 USD from 1 UST people started redeeming LUNA and selling it in LUNA/USD(or USDT) market. And since LUNA was just being minted without any max supply and being sold in open market which naturally tanked its price. In the meantime people started losing trust in UST and started withdrawing it from defi protocols and selling/redeeming it. Causing a sudden influx of UST and LUNA both ready to be sold, crashing both the prices. Also there was huge external influx of UST being sold off.

Now the problem could've been alleviated if not completely solved by having a max-supply of LUNA and then halting the LUNA-minting once it reached that. And asking users to redeem their USTs for BTC etc from their reserves.

The reserves was the only thing that differentiated it (now we know it was all optics)from being an outright Ponzi. And since the reserves were not deployed/utilized on time technically rendering the whole thing as some version of a Ponzi-scam. I'm using the word 'scam' as it's not completely transparent how the reserves were used/unused as compared to how they were (subtly)marketed to be used.

I had 0 UST, lost just few $ only when I bought LUNA dip like a fool. So I'm not writing this with emotions, just out of academic interest. I might have glossed over some details and terminologies, I want to ask the community is my thesis correct?

Also it made me wonder about a silver lining which is: if Crypto and DeFi survive and mature gracefully over the decades, wouldn't it become one of the more robust and efficient financial systems?  
As in any inefficiency or bugs in the system will not be long lived and will be heavily punished beyond oblivion right away by profiteering entities/bots, and what will remain be highly open and efficient financial market. Thank you for reading, feel free to correct, critique would love to understand more.  


PS: I tried posting this few days ago but didn't have required comment Karma, so posting it again after I meet the requirements now.",False,False,False,CryptoCurrency,t5_2wlj3,4918077,public,self,"TERRA - a post mortem, is my thesis correct?",0,[],1.0,https://www.reddit.com/r/CryptoCurrency/comments/uxpfrh/terra_a_post_mortem_is_my_thesis_correct/,all_ads,6,1653479246.0,,,
11,[],False,gosucrank,,Warning-level2-2,"[{'e': 'text', 't': 'Tin'}]",Tin,dark,richtext,t2_5ng0q,False,False,False,[],False,False,1653501071,self.CryptoCurrency,https://www.reddit.com/r/CryptoCurrency/comments/uxmxt1/what_is_the_utility_of_luna_v2_if_they_arent/,{},uxmxt1,False,False,False,False,False,False,True,False,#7193ff,DISCUSSION,"[{'e': 'text', 't': 'DISCUSSION'}]",87049662-0882-11e5-82e1-0e9d1a9f7761,DISCUSSION,dark,richtext,False,False,True,1,0,False,all_ads,/r/CryptoCurrency/comments/uxmxt1/what_is_the_utility_of_luna_v2_if_they_arent/,False,,,6,moderator,1653501081,1,[removed],True,False,False,CryptoCurrency,t5_2wlj3,4917677,public,self,What is the utility of Luna V2 if they aren’t going to launch it with a stablecoin? Wasn’t the whole point of terraluna to have a dual stablecoin where Luna would absorb the volatility of UST?,0,[],1.0,https://www.reddit.com/r/CryptoCurrency/comments/uxmxt1/what_is_the_utility_of_luna_v2_if_they_arent/,all_ads,6,1653472271.0,,,
12,[],False,GodlordHerus,,,"[{'e': 'text', 't': 'Silver | QC: CC 709 | Buttcoin 25 | Politics 28'}]",Silver | QC: CC 709 | Buttcoin 25 | Politics 28,dark,richtext,t2_q2ttr,False,False,False,[],False,False,1653497897,self.CryptoCurrency,https://www.reddit.com/r/CryptoCurrency/comments/uxlso6/whats_up_with_this_luna_20_nonsense/,{},uxlso6,False,True,False,False,False,True,True,False,#7193ff,DISCUSSION,"[{'e': 'text', 't': 'DISCUSSION'}]",87049662-0882-11e5-82e1-0e9d1a9f7761,DISCUSSION,dark,richtext,False,False,True,0,0,False,all_ads,/r/CryptoCurrency/comments/uxlso6/whats_up_with_this_luna_20_nonsense/,False,,,6,,1653497907,1,"I just opened  Twitter and was shocked to see Luna 2.0 trending 

Is this even real? 

From my understanding ( please correct me if I'm wrong) the idea is that they are going to fork Luna into:

1. Luna  ""classic"" with UST 
2. Luna 2.0 that is basically just a token 

People based off a snapshot at some point will get an airdrop of Luna 2.0 

The obvious question that comes to mind is what's backing the value of Luna 2.0? 

With out a stablecoin or a functional DEFI system what will you even use it for. Just seems to me that the Devs will just give it a random price and dump on people speculating on.....Actually what is there to speculate on Luna 2.0 apart from that someone will be a bigger fool and buy it at a higher price 

Allegedly a bunch of CEXs and DEXs are supporting this

If anyone has a more clear picture of what's going on please post it in the comments",True,False,False,CryptoCurrency,t5_2wlj3,4917478,public,self,What's up with this Luna 2.0 nonsense?,0,[],1.0,https://www.reddit.com/r/CryptoCurrency/comments/uxlso6/whats_up_with_this_luna_20_nonsense/,all_ads,6,1653469097.0,,,
