,all_awardings,allow_live_comments,author,author_flair_background_color,author_flair_css_class,author_flair_richtext,author_flair_text,author_flair_text_color,author_flair_type,author_fullname,author_is_blocked,author_patreon_flair,author_premium,awarders,can_mod_post,contest_mode,created_utc,domain,full_link,gildings,id,is_created_from_ads_ui,is_crosspostable,is_meta,is_original_content,is_reddit_media_domain,is_robot_indexable,is_self,is_video,link_flair_background_color,link_flair_css_class,link_flair_richtext,link_flair_template_id,link_flair_text,link_flair_text_color,link_flair_type,locked,media_only,no_follow,num_comments,num_crossposts,over_18,parent_whitelist_status,permalink,pinned,post_hint,preview,pwls,retrieved_on,score,selftext,send_replies,spoiler,stickied,subreddit,subreddit_id,subreddit_subscribers,subreddit_type,thumbnail,thumbnail_height,thumbnail_width,title,total_awards_received,treatment_tags,upvote_ratio,url,url_overridden_by_dest,whitelist_status,wls,created,media_metadata,removed_by_category,media,media_embed,secure_media,secure_media_embed
0,[],False,OhJonnyBoy67,,Warning-level2-2,"[{'e': 'text', 't': 'Tin | 2 months old'}]",Tin | 2 months old,dark,richtext,t2_kk33dewr,False,False,False,[],False,False,1653493036,coinmarketcap.com,https://www.reddit.com/r/CryptoCurrency/comments/uxk2cp/terras_blockchain_to_be_revived_but_some/,{},uxk2cp,False,True,False,False,False,True,False,False,#0aa18f,NEWS,"[{'e': 'text', 't': 'GENERAL-NEWS'}]",f170aab2-246f-11ec-8143-429a193c9848,GENERAL-NEWS,light,richtext,False,False,False,0,0,False,all_ads,/r/CryptoCurrency/comments/uxk2cp/terras_blockchain_to_be_revived_but_some/,False,link,"{'enabled': False, 'images': [{'id': 'qAuc4uyTamW5PTPxJ_0BgizT0VqJwIOBFAPMhsg4LKY', 'resolutions': [{'height': 60, 'url': 'https://external-preview.redd.it/ov8CqhidYOgTE4BHdpYzmNUK22_5FyPrGXbtkdsDgGs.jpg?width=108&amp;crop=smart&amp;auto=webp&amp;s=bc5fc8807cec4bfb7874179ea590e546e47734e4', 'width': 108}, {'height': 121, 'url': 'https://external-preview.redd.it/ov8CqhidYOgTE4BHdpYzmNUK22_5FyPrGXbtkdsDgGs.jpg?width=216&amp;crop=smart&amp;auto=webp&amp;s=70bd55caec92199d7713e4885da42c04af96e9d4', 'width': 216}, {'height': 180, 'url': 'https://external-preview.redd.it/ov8CqhidYOgTE4BHdpYzmNUK22_5FyPrGXbtkdsDgGs.jpg?width=320&amp;crop=smart&amp;auto=webp&amp;s=fe9088d4b7dd960218cf658d315443949991a190', 'width': 320}, {'height': 360, 'url': 'https://external-preview.redd.it/ov8CqhidYOgTE4BHdpYzmNUK22_5FyPrGXbtkdsDgGs.jpg?width=640&amp;crop=smart&amp;auto=webp&amp;s=538b218419b2222dcec1db643f88e16b02284e94', 'width': 640}], 'source': {'height': 423, 'url': 'https://external-preview.redd.it/ov8CqhidYOgTE4BHdpYzmNUK22_5FyPrGXbtkdsDgGs.jpg?auto=webp&amp;s=cb262a70d7273be149e45db6ed8a2b77f15071a6', 'width': 752}, 'variants': {}}]}",6,1653493047,1,,True,False,False,CryptoCurrency,t5_2wlj3,4917191,public,https://b.thumbs.redditmedia.com/gmaFgmgRjUJwzipGCUR6Jmv4AZ-B0Nck_IZIW0P2AFw.jpg,78.0,140.0,"Terra's Blockchain to Be Revived, But Some Investors Are Furious with Do Kwon | CoinMarketCap",0,[],1.0,https://coinmarketcap.com/alexandria/article/terra-s-blockchain-to-be-revived-but-some-investors-are-furious-with-do-kwon,https://coinmarketcap.com/alexandria/article/terra-s-blockchain-to-be-revived-but-some-investors-are-furious-with-do-kwon,all_ads,6,1653464236.0,,,,,,
1,[],False,CWCOfficial,,,[],,,text,t2_kzqdz8zb,False,False,True,[],False,False,1653487565,self.CryptoCurrency,https://www.reddit.com/r/CryptoCurrency/comments/uxi5jj/terra_founder_wants_korean_exchanges_to_list_luna/,{},uxi5jj,False,True,False,False,False,True,True,False,#0aa18f,NEWS,"[{'e': 'text', 't': 'GENERAL-NEWS'}]",f170aab2-246f-11ec-8143-429a193c9848,GENERAL-NEWS,light,richtext,False,False,True,0,0,False,all_ads,/r/CryptoCurrency/comments/uxi5jj/terra_founder_wants_korean_exchanges_to_list_luna/,False,self,"{'enabled': False, 'images': [{'id': 'qaaUFGS2xSWAkZ-J-KhA4YFyxAqa7ZsvYbu544lLG3Y', 'resolutions': [{'height': 72, 'url': 'https://external-preview.redd.it/86EIhf_bJ7EDZx-wXMA81cK0QGvfZxr0OdNu2qCNpcM.jpg?width=108&amp;crop=smart&amp;auto=webp&amp;s=fe3ce36c1bea5c2af2d7e5b16530a79d2308d584', 'width': 108}, {'height': 144, 'url': 'https://external-preview.redd.it/86EIhf_bJ7EDZx-wXMA81cK0QGvfZxr0OdNu2qCNpcM.jpg?width=216&amp;crop=smart&amp;auto=webp&amp;s=e73eea24c53a51912b2d8c16b85afb289c4e5554', 'width': 216}, {'height': 213, 'url': 'https://external-preview.redd.it/86EIhf_bJ7EDZx-wXMA81cK0QGvfZxr0OdNu2qCNpcM.jpg?width=320&amp;crop=smart&amp;auto=webp&amp;s=71434b49f9393daecde9b4ce6506a8bbcd9b6ff0', 'width': 320}, {'height': 426, 'url': 'https://external-preview.redd.it/86EIhf_bJ7EDZx-wXMA81cK0QGvfZxr0OdNu2qCNpcM.jpg?width=640&amp;crop=smart&amp;auto=webp&amp;s=a50ef993cd663be964c49dbc1e539c9a3a2b2a31', 'width': 640}, {'height': 640, 'url': 'https://external-preview.redd.it/86EIhf_bJ7EDZx-wXMA81cK0QGvfZxr0OdNu2qCNpcM.jpg?width=960&amp;crop=smart&amp;auto=webp&amp;s=dcfef28ce09ca4563203be629603b6fbb300c615', 'width': 960}], 'source': {'height': 646, 'url': 'https://external-preview.redd.it/86EIhf_bJ7EDZx-wXMA81cK0QGvfZxr0OdNu2qCNpcM.jpg?auto=webp&amp;s=37117455014437725032f3e22417af84f8151098', 'width': 969}, 'variants': {}}]}",6,1653487575,1,"The whole world has seen the demise of **Terra** and its original properties **LUNA** and **UST**. In particular, **Korea** has made a lot of noise about the latest accident. While popular domestic exchanges have dropped support, regulators are still probing **Terraform Labs** and **Do Kwon**. Despite this regulatory heat, Kwon is still poised to launch Terra 2.0 or Terra. The old chain is said to be called **Terra Classic** and the altcoin, **LUNA Classic**.

&amp;#x200B;

https://preview.redd.it/8kdjd21wpm191.jpg?width=969&amp;format=pjpg&amp;auto=webp&amp;s=eaa1d4ce3faf2b388c924756a15a7826b5f17774

**Terra 2.0** will go bankrupt if crypto exchanges refuse to back **LUNA**. As a result, Kwon does not appear to be constrained by regulatory pressure in South Korea and continues to urge five exchanges to rely on LUNA.

[https://cryptowallcity.com/terra-wants-korean-exchanges-to-list-luna-2-0/](https://cryptowallcity.com/terra-wants-korean-exchanges-to-list-luna-2-0/)",True,False,False,CryptoCurrency,t5_2wlj3,4916884,public,https://b.thumbs.redditmedia.com/OJQx2boYyMuJgPi7UB8DVDyUPcUwDfkR5dLI2iQAT2o.jpg,93.0,140.0,"Terra founder wants Korean exchanges to list LUNA 2.0, but here’s the problem",0,[],1.0,https://www.reddit.com/r/CryptoCurrency/comments/uxi5jj/terra_founder_wants_korean_exchanges_to_list_luna/,,all_ads,6,1653458765.0,"{'8kdjd21wpm191': {'e': 'Image', 'id': '8kdjd21wpm191', 'm': 'image/jpg', 'p': [{'u': 'https://preview.redd.it/8kdjd21wpm191.jpg?width=108&amp;crop=smart&amp;auto=webp&amp;s=8a654744493a8a0a88a04114498df16df7af015f', 'x': 108, 'y': 72}, {'u': 'https://preview.redd.it/8kdjd21wpm191.jpg?width=216&amp;crop=smart&amp;auto=webp&amp;s=81d3c1faffe6f1a5ca728a0ae0116ab9834e593e', 'x': 216, 'y': 144}, {'u': 'https://preview.redd.it/8kdjd21wpm191.jpg?width=320&amp;crop=smart&amp;auto=webp&amp;s=adc35ee476b2bc080bb8cf1e079f85e5b940a5f6', 'x': 320, 'y': 213}, {'u': 'https://preview.redd.it/8kdjd21wpm191.jpg?width=640&amp;crop=smart&amp;auto=webp&amp;s=59cd5120354530a71a215a5f405faed26a3c06d9', 'x': 640, 'y': 426}, {'u': 'https://preview.redd.it/8kdjd21wpm191.jpg?width=960&amp;crop=smart&amp;auto=webp&amp;s=ba91055b7bfb249fdbc982288de9b3a65b49b460', 'x': 960, 'y': 640}], 's': {'u': 'https://preview.redd.it/8kdjd21wpm191.jpg?width=969&amp;format=pjpg&amp;auto=webp&amp;s=eaa1d4ce3faf2b388c924756a15a7826b5f17774', 'x': 969, 'y': 646}, 'status': 'valid'}}",,,,,
2,[],False,Acceptable_Novel8200,,,"[{'e': 'text', 't': 'Platinum | QC: CC 923'}]",Platinum | QC: CC 923,dark,richtext,t2_a0nl8bzw,False,False,False,[],False,False,1653484255,self.CryptoCurrency,https://www.reddit.com/r/CryptoCurrency/comments/uxh27i/guy_lost_millions_knocked_on_do_kwons_door_he/,{},uxh27i,False,True,False,False,False,True,True,False,#0aa18f,NEWS,"[{'e': 'text', 't': 'GENERAL-NEWS'}]",f170aab2-246f-11ec-8143-429a193c9848,GENERAL-NEWS,light,richtext,False,False,True,0,0,False,all_ads,/r/CryptoCurrency/comments/uxh27i/guy_lost_millions_knocked_on_do_kwons_door_he/,False,self,"{'enabled': False, 'images': [{'id': 'h5CESUsrRiBHX6-cuafSyYvZy6PQQrPTp21vv0yZySM', 'resolutions': [{'height': 60, 'url': 'https://external-preview.redd.it/-A41PQEurl4v5uGa4fmmX6yyzM-9j7aVy2x6lDRsftI.jpg?width=108&amp;crop=smart&amp;auto=webp&amp;s=ffb04d1b81439461bd05166c4db3ccfd142e92b4', 'width': 108}, {'height': 121, 'url': 'https://external-preview.redd.it/-A41PQEurl4v5uGa4fmmX6yyzM-9j7aVy2x6lDRsftI.jpg?width=216&amp;crop=smart&amp;auto=webp&amp;s=16e24263e75dfe62e3a1b7e2c7477ab1d8da554f', 'width': 216}, {'height': 180, 'url': 'https://external-preview.redd.it/-A41PQEurl4v5uGa4fmmX6yyzM-9j7aVy2x6lDRsftI.jpg?width=320&amp;crop=smart&amp;auto=webp&amp;s=b4445afec8f8e38ea139ff459bc0fc23113385c4', 'width': 320}, {'height': 360, 'url': 'https://external-preview.redd.it/-A41PQEurl4v5uGa4fmmX6yyzM-9j7aVy2x6lDRsftI.jpg?width=640&amp;crop=smart&amp;auto=webp&amp;s=f37214f8338b06e06451693e81a394cc10386223', 'width': 640}, {'height': 540, 'url': 'https://external-preview.redd.it/-A41PQEurl4v5uGa4fmmX6yyzM-9j7aVy2x6lDRsftI.jpg?width=960&amp;crop=smart&amp;auto=webp&amp;s=3a4ff2a8a12bc0f9dcf6b1d5400cbff46ceb494b', 'width': 960}, {'height': 607, 'url': 'https://external-preview.redd.it/-A41PQEurl4v5uGa4fmmX6yyzM-9j7aVy2x6lDRsftI.jpg?width=1080&amp;crop=smart&amp;auto=webp&amp;s=c5eeb24eb33bea89771ffa852c6c6aef3720f7d8', 'width': 1080}], 'source': {'height': 675, 'url': 'https://external-preview.redd.it/-A41PQEurl4v5uGa4fmmX6yyzM-9j7aVy2x6lDRsftI.jpg?auto=webp&amp;s=85d34cba00427efa908869eb4102d9894abb5818', 'width': 1200}, 'variants': {}}]}",6,1653484265,1,"From the article : 

&gt;The man who allegedly tried to pay a visit the head honcho of the Terra blockchain May 13 finally spoke out Tuesday, telling reporters the crash of Terra and Luna left him financially devastated, and that he wanted to hear directly from Terra’s boss what the man’s plans were for the cryptocurrencies.


&gt;The BBC reported that the crypto streamer who only goes by the username “Chancers” said that after the crash “I felt like I was going to die.” Chancers, whose face was concealed by a mask, hat and sunglasses as he talked to reporters, claimed he had started investing in crypto in 2017, but lost $2.4 million in Luna coins when the cryptocurrency started to crash the weekend of May 8. This was despite the nonprofit Luna Foundation Guard propping up the platform with billions of dollars in bitcoin, and now both Terra and Luna are worth less than dirt. The streamer claimed he searched online for Kwon’s Seoul address then went there “to ask him about his plans for Luna. I suffered a huge loss and wanted to talk to him directly.”

&gt;Chancers streamed his planned interaction with Kwon to 100 people on his channel on the South Korea-based AfreecaTV streaming site, according to the BBC. When he knocked on Kwon’s door around 6:23 p.m. local time, instead of Terra founder coming to the door, Kwon’s wife answered instead and told the streamer her husband was out. Korean news site The Chosun Ilbo reported that day that the wife called police to ask for protection. The streamer said he surrendered himself to law enforcement, and Ilbo reported the man was charged with house trespassing.



Source : https://gizmodo.com/chancers-crypto-luna-do-kwon-terra-blockchain-luna-1848969712",True,False,False,CryptoCurrency,t5_2wlj3,4916708,public,self,,,"Guy lost millions knocked on Do Kwon's door, He wanted to ask Kwon directly about the plans for the project",0,[],1.0,https://www.reddit.com/r/CryptoCurrency/comments/uxh27i/guy_lost_millions_knocked_on_do_kwons_door_he/,,all_ads,6,1653455455.0,,,,,,
3,[],False,Acceptable_Novel8200,,,"[{'e': 'text', 't': 'Platinum | QC: CC 923'}]",Platinum | QC: CC 923,dark,richtext,t2_a0nl8bzw,False,False,False,[],False,False,1653483874,self.CryptoCurrency,https://www.reddit.com/r/CryptoCurrency/comments/uxgxva/guy_lost_millions_in_crypto_knocked_on_do_kwons/,{},uxgxva,False,False,False,False,False,False,True,False,#0aa18f,NEWS,"[{'e': 'text', 't': 'GENERAL-NEWS'}]",f170aab2-246f-11ec-8143-429a193c9848,GENERAL-NEWS,light,richtext,False,False,True,1,0,False,all_ads,/r/CryptoCurrency/comments/uxgxva/guy_lost_millions_in_crypto_knocked_on_do_kwons/,False,self,"{'enabled': False, 'images': [{'id': 'h5CESUsrRiBHX6-cuafSyYvZy6PQQrPTp21vv0yZySM', 'resolutions': [{'height': 60, 'url': 'https://external-preview.redd.it/-A41PQEurl4v5uGa4fmmX6yyzM-9j7aVy2x6lDRsftI.jpg?width=108&amp;crop=smart&amp;auto=webp&amp;s=ffb04d1b81439461bd05166c4db3ccfd142e92b4', 'width': 108}, {'height': 121, 'url': 'https://external-preview.redd.it/-A41PQEurl4v5uGa4fmmX6yyzM-9j7aVy2x6lDRsftI.jpg?width=216&amp;crop=smart&amp;auto=webp&amp;s=16e24263e75dfe62e3a1b7e2c7477ab1d8da554f', 'width': 216}, {'height': 180, 'url': 'https://external-preview.redd.it/-A41PQEurl4v5uGa4fmmX6yyzM-9j7aVy2x6lDRsftI.jpg?width=320&amp;crop=smart&amp;auto=webp&amp;s=b4445afec8f8e38ea139ff459bc0fc23113385c4', 'width': 320}, {'height': 360, 'url': 'https://external-preview.redd.it/-A41PQEurl4v5uGa4fmmX6yyzM-9j7aVy2x6lDRsftI.jpg?width=640&amp;crop=smart&amp;auto=webp&amp;s=f37214f8338b06e06451693e81a394cc10386223', 'width': 640}, {'height': 540, 'url': 'https://external-preview.redd.it/-A41PQEurl4v5uGa4fmmX6yyzM-9j7aVy2x6lDRsftI.jpg?width=960&amp;crop=smart&amp;auto=webp&amp;s=3a4ff2a8a12bc0f9dcf6b1d5400cbff46ceb494b', 'width': 960}, {'height': 607, 'url': 'https://external-preview.redd.it/-A41PQEurl4v5uGa4fmmX6yyzM-9j7aVy2x6lDRsftI.jpg?width=1080&amp;crop=smart&amp;auto=webp&amp;s=c5eeb24eb33bea89771ffa852c6c6aef3720f7d8', 'width': 1080}], 'source': {'height': 675, 'url': 'https://external-preview.redd.it/-A41PQEurl4v5uGa4fmmX6yyzM-9j7aVy2x6lDRsftI.jpg?auto=webp&amp;s=85d34cba00427efa908869eb4102d9894abb5818', 'width': 1200}, 'variants': {}}]}",6,1653483884,1,[removed],True,False,False,CryptoCurrency,t5_2wlj3,4916688,public,self,,,Guy Lost Millions In Crypto knocked on Do Kwon's door. He wanted to hear directly from Kwon about the plans for the project,0,[],1.0,https://www.reddit.com/r/CryptoCurrency/comments/uxgxva/guy_lost_millions_in_crypto_knocked_on_do_kwons/,,all_ads,6,1653455074.0,,moderator,,,,
4,[],False,Puzzleheaded_Popup,,Warning-level1-1,"[{'e': 'text', 't': 'Bronze | LRC 20 | Superstonk 230'}]",Bronze | LRC 20 | Superstonk 230,dark,richtext,t2_9xo8wcdl,False,False,False,[],False,False,1653483253,youtu.be,https://www.reddit.com/r/CryptoCurrency/comments/uxgqep/binance_and_do_kwon_terra_20_ust_11_terra_luna/,{},uxgqep,False,True,False,False,False,True,False,False,#0dd3bb,VIDEOS,"[{'e': 'text', 't': 'VIDEOS'}]",fee6c918-f3e4-11e5-8172-0ecf7e00c6db,VIDEOS,dark,richtext,False,False,True,0,0,False,all_ads,/r/CryptoCurrency/comments/uxgqep/binance_and_do_kwon_terra_20_ust_11_terra_luna/,False,rich:video,"{'enabled': False, 'images': [{'id': 'RG2Fta5z09iJAHkf64BJsGGABYpsRCrMAv0lYpW76uo', 'resolutions': [{'height': 81, 'url': 'https://external-preview.redd.it/r5bqPIGxInY4ggJh54lM-453-IwfEIPUDZcOzdtqERI.jpg?width=108&amp;crop=smart&amp;auto=webp&amp;s=f23902139a30fb3732f6ec986a3680e09ffa00a4', 'width': 108}, {'height': 162, 'url': 'https://external-preview.redd.it/r5bqPIGxInY4ggJh54lM-453-IwfEIPUDZcOzdtqERI.jpg?width=216&amp;crop=smart&amp;auto=webp&amp;s=13820dbabbfea857e0535ddb82f6eaf721919b6a', 'width': 216}, {'height': 240, 'url': 'https://external-preview.redd.it/r5bqPIGxInY4ggJh54lM-453-IwfEIPUDZcOzdtqERI.jpg?width=320&amp;crop=smart&amp;auto=webp&amp;s=abe26a39d3793de4a88d6427480a51a4ee42e7d5', 'width': 320}], 'source': {'height': 360, 'url': 'https://external-preview.redd.it/r5bqPIGxInY4ggJh54lM-453-IwfEIPUDZcOzdtqERI.jpg?auto=webp&amp;s=1361d6ad9a9e7bb6033b2752cf6da1636548d9d0', 'width': 480}, 'variants': {}}]}",6,1653483263,1,,True,False,False,CryptoCurrency,t5_2wlj3,4916651,public,https://b.thumbs.redditmedia.com/m0P2n1FundmIAFQoUgEaWNUIFVqBkMH9JiIl8EVTinw.jpg,105.0,140.0,Binance and Do Kwon - Terra 2.0 | UST 1:1 | Terra Luna 100x Incoming ! | BIG Crypto News !,0,[],1.0,https://youtu.be/0cfy3Galfds,https://youtu.be/0cfy3Galfds,all_ads,6,1653454453.0,,,"{'oembed': {'author_name': 'Binancе [Live &amp; News]', 'author_url': 'https://www.youtube.com/user/ichtololo', 'height': 200, 'html': '&lt;iframe width=""356"" height=""200"" src=""https://www.youtube.com/embed/0cfy3Galfds?feature=oembed&amp;enablejsapi=1"" frameborder=""0"" allow=""accelerometer; autoplay; clipboard-write; encrypted-media; gyroscope; picture-in-picture"" allowfullscreen&gt;&lt;/iframe&gt;', 'provider_name': 'YouTube', 'provider_url': 'https://www.youtube.com/', 'thumbnail_height': 360, 'thumbnail_url': 'https://i.ytimg.com/vi/0cfy3Galfds/hqdefault.jpg', 'thumbnail_width': 480, 'title': 'Binance and Do Kwon - Terra 2.0 | UST 1:1 | Terra Luna 100x Incoming ! | BIG Crypto News !', 'type': 'video', 'version': '1.0', 'width': 356}, 'type': 'youtube.com'}","{'content': '&lt;iframe width=""356"" height=""200"" src=""https://www.youtube.com/embed/0cfy3Galfds?feature=oembed&amp;enablejsapi=1"" frameborder=""0"" allow=""accelerometer; autoplay; clipboard-write; encrypted-media; gyroscope; picture-in-picture"" allowfullscreen&gt;&lt;/iframe&gt;', 'height': 200, 'scrolling': False, 'width': 356}","{'oembed': {'author_name': 'Binancе [Live &amp; News]', 'author_url': 'https://www.youtube.com/user/ichtololo', 'height': 200, 'html': '&lt;iframe width=""356"" height=""200"" src=""https://www.youtube.com/embed/0cfy3Galfds?feature=oembed&amp;enablejsapi=1"" frameborder=""0"" allow=""accelerometer; autoplay; clipboard-write; encrypted-media; gyroscope; picture-in-picture"" allowfullscreen&gt;&lt;/iframe&gt;', 'provider_name': 'YouTube', 'provider_url': 'https://www.youtube.com/', 'thumbnail_height': 360, 'thumbnail_url': 'https://i.ytimg.com/vi/0cfy3Galfds/hqdefault.jpg', 'thumbnail_width': 480, 'title': 'Binance and Do Kwon - Terra 2.0 | UST 1:1 | Terra Luna 100x Incoming ! | BIG Crypto News !', 'type': 'video', 'version': '1.0', 'width': 356}, 'type': 'youtube.com'}","{'content': '&lt;iframe width=""356"" height=""200"" src=""https://www.youtube.com/embed/0cfy3Galfds?feature=oembed&amp;enablejsapi=1"" frameborder=""0"" allow=""accelerometer; autoplay; clipboard-write; encrypted-media; gyroscope; picture-in-picture"" allowfullscreen&gt;&lt;/iframe&gt;', 'height': 200, 'media_domain_url': 'https://www.redditmedia.com/mediaembed/uxgqep', 'scrolling': False, 'width': 356}"
5,[],False,KassassinsCreed,,Warning-level2-2,"[{'e': 'text', 't': 'Tin'}]",Tin,dark,richtext,t2_55xtw6s,False,False,False,[],False,False,1653476395,self.CryptoCurrency,https://www.reddit.com/r/CryptoCurrency/comments/uxesvs/for_all_those_people_saying_luna_investors_were/,{},uxesvs,False,True,False,False,False,True,True,False,#7193ff,DISCUSSION,"[{'e': 'text', 't': 'DISCUSSION'}]",87049662-0882-11e5-82e1-0e9d1a9f7761,DISCUSSION,dark,richtext,False,False,False,0,0,False,all_ads,/r/CryptoCurrency/comments/uxesvs/for_all_those_people_saying_luna_investors_were/,False,,,6,1653476405,1,"It's mind boggling to see this crypto war playing out on social media after the Luna crash. People keep attacking Luna investors because they should've seen that Do Kwon was a lunatic (literally). This guy was only trolling on twitter, why would one ever invest in HIM? You cannot possibly have invested in the Terra blockchain and its innovation, no, it must have been because of Do Kwon. 

At the same time, ADA fanboys are always blamed for blindly following Charles Hoskinson, while their chain has little to no utility. ""People should invest in the chain, not in the person"", is what you hear.

The assumption that every Luna investor is stupid because they clearly followed a maniac literally blows my mind. When did this become the standard? Why isn't it possible anymore that someone invested in the Terra blockchain. Say about Do what you want, but there were a lot of good, experienced and talented developers on Terra.

This is why I invested in Luna, I saw a lot of great development, very new and innovative ideas being deployed (and let's be real, apart from on ETH, where do you see new ideas instead of forks of existing protocols?). I had barely even heard of this Do, and I assume the same holds for many other investors. I did my due dilligence, I did research into this Do and the VC's, but that's all. This is crypto, guys, we're supposed to want decentralisation, stop fanboying over a single person like this constantly. YOU are the problem - not the Luna investor - because you started making it about Do Kwon.

And sure, he made mistakes. And yes, he had a lot of power, so you couldn't speak of decentralisation yet. It's only natural to pay him SOME attention. But this was an attack in the unregulated crypto space, and believe me, many of your investments would've been hit if someone with the same volume were to attack your chains. Sure, I know that Luna used to be a big chain, so generally a lot of capital would be needed to affect its price. And I know less capital was needed because of some stupid mistakes (the algorithmic death spiral, the fact that the BTC in the reserve was lent out, meaning the liquidity to restore the peg was locked to a certain extent), but let's stop blaming the Luna investors. 

If you really want to blame anyone, blame the attackers. And if you still want to blame anyone, blame yourself for making this about a person. You are pulling the whole space away from decentralisation with your constant assumption that it's impossibe to invest in anything other than the person behind a blockchain. 

Instead of focusing on the fragility of crypto as whole, you focus on the person. Instead of focusing on the fact that people with a lot of money can and will deliberately attack a blockchain, only to make money while knowing it would destroy lives, which is exactly the inequality blockchain is trying to resolve, you focus on the person. Instead of feeling sorry for the investors, which could as well have been you, you focus on the person. 

And I know not everyone thinks of it this way, it's a small group that finds joy in spamming the Terra subreddit with insults. Yet, I think it's all the proof we need. They made this about Do Kwon, which shows that they never even considered the innovation a blockchain can provide. They showed that they do not invest, they gamble. Please, if at any point you felt like creating a post on the Terra blockchain to attack these people, do all of us a favor and leave the crypto space. You're the problem of crypto and you'll make everyone happier by gambling in casinos instead of gambling on twitter personas.",True,False,False,CryptoCurrency,t5_2wlj3,4916339,public,self,,,"For all those people saying Luna investors were stupid for following Do Kwon, YOU are the problem",0,[],1.0,https://www.reddit.com/r/CryptoCurrency/comments/uxesvs/for_all_those_people_saying_luna_investors_were/,,all_ads,6,1653447595.0,,,,,,
6,[],False,fabzo100,,,"[{'e': 'text', 't': 'Silver | QC: CC 169 | IOTA 34 | TraderSubs 25'}]",Silver | QC: CC 169 | IOTA 34 | TraderSubs 25,dark,richtext,t2_tojjd,False,False,False,[],False,False,1653417871,self.CryptoCurrency,https://www.reddit.com/r/CryptoCurrency/comments/uwxvvb/do_kwon_is_just_the_beginning_the_real_enemies/,{},uwxvvb,False,False,False,False,False,False,True,False,#add2e2,ADVICE,"[{'e': 'text', 't': 'ANALYSIS'}]",c1034ee6-9c2a-11e3-a8c4-12313b0e8e20,ANALYSIS,dark,richtext,False,False,True,1,0,False,all_ads,/r/CryptoCurrency/comments/uwxvvb/do_kwon_is_just_the_beginning_the_real_enemies/,False,,,6,1653417882,1,[removed],True,False,False,CryptoCurrency,t5_2wlj3,4913513,public,self,,,"Do Kwon Is Just The Beginning, The Real Enemies Are CZ and SBF",0,[],1.0,https://www.reddit.com/r/CryptoCurrency/comments/uwxvvb/do_kwon_is_just_the_beginning_the_real_enemies/,,all_ads,6,1653389071.0,,moderator,,,,
7,[],False,CoinControversy,,,[],,,text,t2_jfrle68z,False,False,False,[],False,False,1653414826,coincontroversy.com,https://www.reddit.com/r/CryptoCurrency/comments/uwwq2w/do_kwon_may_end_the_terra_saga_behind_bars/,{},uwwq2w,False,True,False,False,False,True,False,False,#0aa18f,NEWS,"[{'e': 'text', 't': 'GENERAL-NEWS'}]",f170aab2-246f-11ec-8143-429a193c9848,GENERAL-NEWS,light,richtext,False,False,False,0,0,False,all_ads,/r/CryptoCurrency/comments/uwwq2w/do_kwon_may_end_the_terra_saga_behind_bars/,False,link,"{'enabled': False, 'images': [{'id': 'Lqg0Ax3MQOvVLk8yOe_kjoDFJPJEDHjirHRrM3wqvBo', 'resolutions': [{'height': 69, 'url': 'https://external-preview.redd.it/nyggQesaG4pbR1QLLhyP_VnJI_g5kpeVTvjvH08kdyI.jpg?width=108&amp;crop=smart&amp;auto=webp&amp;s=a2b0630f037bb1720e1c8d553f10a515b16ce556', 'width': 108}, {'height': 138, 'url': 'https://external-preview.redd.it/nyggQesaG4pbR1QLLhyP_VnJI_g5kpeVTvjvH08kdyI.jpg?width=216&amp;crop=smart&amp;auto=webp&amp;s=8093ba70f6efdf4d2e5f22edca082310fe1999f6', 'width': 216}, {'height': 205, 'url': 'https://external-preview.redd.it/nyggQesaG4pbR1QLLhyP_VnJI_g5kpeVTvjvH08kdyI.jpg?width=320&amp;crop=smart&amp;auto=webp&amp;s=96ae389fbc0a592b5e4b5034c51de1948e1a284a', 'width': 320}, {'height': 411, 'url': 'https://external-preview.redd.it/nyggQesaG4pbR1QLLhyP_VnJI_g5kpeVTvjvH08kdyI.jpg?width=640&amp;crop=smart&amp;auto=webp&amp;s=bdb2822843cb51d5b55e2070d634de881678d5b4', 'width': 640}], 'source': {'height': 458, 'url': 'https://external-preview.redd.it/nyggQesaG4pbR1QLLhyP_VnJI_g5kpeVTvjvH08kdyI.jpg?auto=webp&amp;s=c471b25ac53434d74260a42fea65661aeb961892', 'width': 712}, 'variants': {}}]}",6,1653414837,1,,True,False,False,CryptoCurrency,t5_2wlj3,4913308,public,https://b.thumbs.redditmedia.com/sR41cfswiM5sWy-QsydmStl6rpRpJeNWpMcfwfXJEsI.jpg,90.0,140.0,Do Kwon May End the Terra Saga Behind Bars,0,[],1.0,https://coincontroversy.com/do-kwon-may-end-the-terra-saga-behind-bars/,https://coincontroversy.com/do-kwon-may-end-the-terra-saga-behind-bars/,all_ads,6,1653386026.0,,,,,,
8,[],False,Wabi-Sabibitch,,,"[{'e': 'text', 't': 'Platinum | QC: CC 175'}]",Platinum | QC: CC 175,dark,richtext,t2_9v8ngs4c,False,False,False,[],False,False,1653409275,coinmarketcap.com,https://www.reddit.com/r/CryptoCurrency/comments/uwun8w/crypto_influencer_arrested_after_trying_to/,{},uwun8w,False,True,False,False,False,True,False,False,#0aa18f,NEWS,"[{'e': 'text', 't': 'GENERAL-NEWS'}]",f170aab2-246f-11ec-8143-429a193c9848,GENERAL-NEWS,light,richtext,False,False,True,0,0,False,all_ads,/r/CryptoCurrency/comments/uwun8w/crypto_influencer_arrested_after_trying_to/,False,link,"{'enabled': False, 'images': [{'id': 'zx5iW9wovndDjkJ8ZXCF0nMjXO6nYpnYigPgc1tPj50', 'resolutions': [{'height': 60, 'url': 'https://external-preview.redd.it/VVureIkFSDoBtLIf9E0JX9UsG067p_VawlXQAbbkg0g.jpg?width=108&amp;crop=smart&amp;auto=webp&amp;s=9aadd4b167ef586e6c3f15f73de4cc45246ff6bc', 'width': 108}, {'height': 121, 'url': 'https://external-preview.redd.it/VVureIkFSDoBtLIf9E0JX9UsG067p_VawlXQAbbkg0g.jpg?width=216&amp;crop=smart&amp;auto=webp&amp;s=2483b4235aa8f44d0af74eb679d612cd205a1b84', 'width': 216}, {'height': 180, 'url': 'https://external-preview.redd.it/VVureIkFSDoBtLIf9E0JX9UsG067p_VawlXQAbbkg0g.jpg?width=320&amp;crop=smart&amp;auto=webp&amp;s=34da29ec82db5c2abfd2d627d9e53e7f08b45273', 'width': 320}, {'height': 360, 'url': 'https://external-preview.redd.it/VVureIkFSDoBtLIf9E0JX9UsG067p_VawlXQAbbkg0g.jpg?width=640&amp;crop=smart&amp;auto=webp&amp;s=0c5bdad781015838ca89300957ef19a36d0cdc86', 'width': 640}], 'source': {'height': 423, 'url': 'https://external-preview.redd.it/VVureIkFSDoBtLIf9E0JX9UsG067p_VawlXQAbbkg0g.jpg?auto=webp&amp;s=9b042a2ee7442d5bf3ad291a8d26d7303e7fb140', 'width': 752}, 'variants': {}}]}",6,1653409285,1,,True,False,False,CryptoCurrency,t5_2wlj3,4912937,public,https://b.thumbs.redditmedia.com/jlV7gUZjDCE_hNi8J_-DMAjOgJNkAHqVqVphsAgVWvQ.jpg,78.0,140.0,Crypto Influencer Arrested After Trying to Confront Do Kwon at His Home,0,[],1.0,https://coinmarketcap.com/alexandria/article/crypto-influencer-arrested-after-trying-to-confront-do-kwon-at-his-home,https://coinmarketcap.com/alexandria/article/crypto-influencer-arrested-after-trying-to-confront-do-kwon-at-his-home,all_ads,6,1653380475.0,,,,,,
