,all_awardings,allow_live_comments,author,author_flair_css_class,author_flair_richtext,author_flair_text,author_flair_type,author_fullname,author_is_blocked,author_patreon_flair,author_premium,awarders,can_mod_post,contest_mode,created_utc,domain,full_link,gildings,id,is_created_from_ads_ui,is_crosspostable,is_meta,is_original_content,is_reddit_media_domain,is_robot_indexable,is_self,is_video,link_flair_background_color,link_flair_css_class,link_flair_richtext,link_flair_template_id,link_flair_text,link_flair_text_color,link_flair_type,locked,media_only,no_follow,num_comments,num_crossposts,over_18,parent_whitelist_status,permalink,pinned,pwls,retrieved_on,score,selftext,send_replies,spoiler,stickied,subreddit,subreddit_id,subreddit_subscribers,subreddit_type,thumbnail,title,total_awards_received,treatment_tags,upvote_ratio,url,whitelist_status,wls,created
0,[],False,CMD-Ro1-red,,[],,text,t2_hxw32in8,False,False,False,[],False,False,1653348910,self.CryptoCurrency,https://www.reddit.com/r/CryptoCurrency/comments/uwdgms/measures_to_freeze_assets_of_the_luna_foundation/,{},uwdgms,False,True,False,False,False,True,True,False,#7193ff,DISCUSSION,"[{'e': 'text', 't': 'DISCUSSION'}]",87049662-0882-11e5-82e1-0e9d1a9f7761,DISCUSSION,dark,richtext,False,False,True,0,0,False,all_ads,/r/CryptoCurrency/comments/uwdgms/measures_to_freeze_assets_of_the_luna_foundation/,False,6,1653348920,1,"The Seoul Metropolitan Police have taken measures to freeze assets of the Luna Foundation Guard (""LFG"") following the TerraUSD (UST-USD) stablecoin bust in the beginning of May, according to a report from KBS news Monday.
Specifically, the South Korean police requested certain exchanges to disable LFG from withdrawing corporate funds, of which are suspected to be embezzled, KBS explained.
A unit of the South Korean police, known as the Grim Reaper, is already investigating Terraform Labs CEO Do Kwon regarding tax evasion, CoinDesk reported.
After TerraUST lost its peg from the U.S. dollar, its sister token Luna (LUNA-USD) dropped 100% in a move that wiped out tens of billions of dollars from speculators, a monumental move for the crypto community as regulators, as a result, ramp up their calls for greater regulatory oversight in the decentralized industry.",True,False,False,CryptoCurrency,t5_2wlj3,4909972,public,self,Measures to freeze assets of the Luna Foundation Guard (LFG),0,[],1.0,https://www.reddit.com/r/CryptoCurrency/comments/uwdgms/measures_to_freeze_assets_of_the_luna_foundation/,all_ads,6,1653320110.0
1,[],False,CMD-Ro1-red,,[],,text,t2_hxw32in8,False,False,False,[],False,False,1653348612,self.CryptoCurrency,https://www.reddit.com/r/CryptoCurrency/comments/uwddb2/measures_to_freeze_assets_of_the_luna_foundation/,{},uwddb2,False,True,False,False,False,True,True,False,#007373,EXCHANGES,"[{'e': 'text', 't': 'EXCHANGES'}]",38a8ac5a-9d5c-11e5-a136-0e9f3a832fc3,EXCHANGES,light,richtext,False,False,False,0,0,False,all_ads,/r/CryptoCurrency/comments/uwddb2/measures_to_freeze_assets_of_the_luna_foundation/,False,6,1653348623,1,"The Seoul Metropolitan Police have taken measures to freeze assets of the Luna Foundation Guard (""LFG"") following the TerraUSD (UST-USD) stablecoin bust in the beginning of May, according to a report from KBS news Monday.
Specifically, the South Korean police requested certain exchanges to disable LFG from withdrawing corporate funds, of which are suspected to be embezzled, KBS explained.
A unit of the South Korean police, known as the Grim Reaper, is already investigating Terraform Labs CEO Do Kwon regarding tax evasion, CoinDesk reported.
After TerraUST lost its peg from the U.S. dollar, its sister token Luna (LUNA-USD) dropped 100% in a move that wiped out tens of billions of dollars from speculators, a monumental move for the crypto community as regulators, as a result, ramp up their calls for greater regulatory oversight in the decentralized industry.",True,False,False,CryptoCurrency,t5_2wlj3,4909960,public,self,Measures to freeze assets of the Luna Foundation Guard (LFG),0,[],1.0,https://www.reddit.com/r/CryptoCurrency/comments/uwddb2/measures_to_freeze_assets_of_the_luna_foundation/,all_ads,6,1653319812.0
