,all_awardings,allow_live_comments,author,author_flair_background_color,author_flair_css_class,author_flair_richtext,author_flair_text,author_flair_text_color,author_flair_type,author_fullname,author_is_blocked,author_patreon_flair,author_premium,awarders,can_mod_post,contest_mode,created_utc,domain,full_link,gildings,id,is_created_from_ads_ui,is_crosspostable,is_meta,is_original_content,is_reddit_media_domain,is_robot_indexable,is_self,is_video,link_flair_background_color,link_flair_css_class,link_flair_richtext,link_flair_template_id,link_flair_text,link_flair_text_color,link_flair_type,locked,media_only,no_follow,num_comments,num_crossposts,over_18,parent_whitelist_status,permalink,pinned,pwls,removed_by_category,retrieved_on,score,selftext,send_replies,spoiler,stickied,subreddit,subreddit_id,subreddit_subscribers,subreddit_type,thumbnail,title,total_awards_received,treatment_tags,upvote_ratio,url,whitelist_status,wls,created,media_metadata,post_hint,preview,thumbnail_height,thumbnail_width,url_overridden_by_dest,media,media_embed,secure_media,secure_media_embed
0,[],False,fabzo100,,,"[{'e': 'text', 't': 'Silver | QC: CC 169 | IOTA 34 | TraderSubs 25'}]",Silver | QC: CC 169 | IOTA 34 | TraderSubs 25,dark,richtext,t2_tojjd,False,False,False,[],False,False,1653407795,self.CryptoCurrency,https://www.reddit.com/r/CryptoCurrency/comments/uwu2yw/binance_supported_ust_stepn_and_many_other_scams/,{},uwu2yw,False,False,False,False,False,False,True,False,#ff66ac,DEBATE,"[{'e': 'text', 't': 'DEBATE'}]",5b762856-d7c9-11e4-822a-22000b2300b2,DEBATE,light,richtext,False,False,True,1,0,False,all_ads,/r/CryptoCurrency/comments/uwu2yw/binance_supported_ust_stepn_and_many_other_scams/,False,6,moderator,1653407806,1,[removed],True,False,False,CryptoCurrency,t5_2wlj3,4912844,public,self,"Binance Supported UST, Stepn, And Many Other Scams. Why CZ Is Still Considered A Likeable CEO?",0,[],1.0,https://www.reddit.com/r/CryptoCurrency/comments/uwu2yw/binance_supported_ust_stepn_and_many_other_scams/,all_ads,6,1653378995.0,,,,,,,,,,
1,[],False,Your_Dick_,,,[],,,text,t2_i45ph3d8,False,False,False,[],False,False,1653402973,self.CryptoCurrency,https://www.reddit.com/r/CryptoCurrency/comments/uwsa9v/so_what_stablecoin_yield_platform_are_you_now/,{},uwsa9v,False,False,False,False,False,False,True,False,#7193ff,DISCUSSION,"[{'e': 'text', 't': 'DISCUSSION'}]",87049662-0882-11e5-82e1-0e9d1a9f7761,DISCUSSION,dark,richtext,False,False,True,1,0,False,all_ads,/r/CryptoCurrency/comments/uwsa9v/so_what_stablecoin_yield_platform_are_you_now/,False,6,moderator,1653402988,1,[removed],True,False,False,CryptoCurrency,t5_2wlj3,4912541,public,self,So what stablecoin yield platform are you now using after the fall of Anchor/UST?,0,[],1.0,https://www.reddit.com/r/CryptoCurrency/comments/uwsa9v/so_what_stablecoin_yield_platform_are_you_now/,all_ads,6,1653374173.0,,,,,,,,,,
2,[],False,Tobias_33,,Warning-level3,"[{'e': 'text', 't': '1 - 2 years account age. -15 - 35 comment karma.'}]",1 - 2 years account age. -15 - 35 comment karma.,dark,richtext,t2_8kn40hir,False,False,False,[],False,False,1653396159,self.CryptoCurrency,https://www.reddit.com/r/CryptoCurrency/comments/uwpy24/will_bitcoin_rally_again_this_october_2022/,{},uwpy24,False,True,False,False,False,True,True,False,#cc8b00,SPECULATION,"[{'e': 'text', 't': 'SPECULATION'}]",ebb30328-94d1-11eb-94d6-0e7d4f551e2d,SPECULATION,light,richtext,False,False,True,0,0,False,all_ads,/r/CryptoCurrency/comments/uwpy24/will_bitcoin_rally_again_this_october_2022/,False,6,,1653396169,1,"Hi guys, If you're into crypto then you will be aware that BTC has dropped to under $30k since UST Terra was pulled and dropped to zero.

But how will this year end compared with 2021 and 2020?

In October of 2020 and 2021 Bitcoin rallied, but how likely do you think this will also happen again this year?

I am fairly new to crypto and don't fully understand why ""October"" was the month when crypto rallied last two years. The last two years seemed different for crypto, 2020 going up, and 2021 going sideways, yet the 'October effect' repeated in 2021. 

What caused this month in particular to rally BTC, and are there any signs BTC will rally this October 2022 also?

Please do share your thoughts, and thank you for reading :)",True,False,False,CryptoCurrency,t5_2wlj3,4912171,public,self,Will Bitcoin rally again this October (2022)?,0,[],1.0,https://www.reddit.com/r/CryptoCurrency/comments/uwpy24/will_bitcoin_rally_again_this_october_2022/,all_ads,6,1653367359.0,,,,,,,,,,
3,[],False,Joe-M-4,,,"[{'e': 'text', 't': 'Platinum | QC: CC 1065, XLM 18'}]","Platinum | QC: CC 1065, XLM 18",dark,richtext,t2_afzsl3,False,False,False,[],False,False,1653388508,self.CryptoCurrency,https://www.reddit.com/r/CryptoCurrency/comments/uwnria/i_bought_1k_of_the_top_10_cryptos_on_january_1st/,{},uwnria,False,True,False,True,False,True,True,False,#add2e2,ADVICE,"[{'e': 'text', 't': 'ANALYSIS'}]",c1034ee6-9c2a-11e3-a8c4-12313b0e8e20,ANALYSIS,dark,richtext,False,False,True,0,0,False,all_ads,/r/CryptoCurrency/comments/uwnria/i_bought_1k_of_the_top_10_cryptos_on_january_1st/,False,6,,1653388518,1,"  

[EXPERIMENT - Tracking 2022 Top Ten Cryptocurrencies – Month Four - Down -24&amp;#37;](https://preview.redd.it/ls3qutjmfe191.png?width=666&amp;format=png&amp;auto=webp&amp;s=f21671448755fb7c4786ce087d6d8372d4237dde)

***Find the full blog post with all the tables and graphs*** [***here***](https://toptencryptoindexfund.com/tracking-2022-top-10-cryptocurrencies-month-4)***.***

Welcome to your monthly no-shill data dump: Here's the fourth monthly report for the 2022 Top Ten Experiment featuring **BTC, ETH, BNB, SOL, ADA, USDC, XRP, LUNA, DOT, and AVAX.**

**tl;dr**

* **What's this all about?** I purchased $100 of each of Top 10 Cryptos in Jan. 2018, haven't sold or traded, reporting monthly for over four years. Did the same in 2019, 2020, 2021, and 2022. ***Learn more about the history and rules of the Experiments*** ***(including why in the world I would include stablecoins)*** [***here***](https://toptencryptoindexfund.com/about/)***.*** ***Learn more about the new features in the 2022 Top Ten Experiment*** [***here***](https://toptencryptoindexfund.com/announcing-top-10-2022/)***.***
* **April Highlights:** All coins in red, **AVAX** loses nearly -40%.
* **New features:** up +37% on **USDC** and [**TCAP**](https://np.reddit.com/r/cryptex/) gains on the Top Ten in our friendly competition

## Month Four – Down -24%

https://preview.redd.it/5op2aayhge191.png?width=782&amp;format=png&amp;auto=webp&amp;s=9ed13ecbad58fa18c415ebc45149167b21ed313a

The 2022 Top Ten Crypto Index Fund Portfolio is **BTC, ETH, BNB, Solana, ADA, USDC, XRP, LUNA, DOT, AVAX.**  

April highlights for the 2022 Top Ten Portfolio:

* A rough all down month after an all-green [March](https://toptencryptoindexfund.com/tracking-2022-top-10-cryptocurrencies-month-3).
* No winners this month. Worst performing **AVAX** fell nearly -40%. 

## April Ranking and Dropouts

Here’s a look at the movement in the ranks three months into the 2022 Top Ten Index Fund Experiment:

https://preview.redd.it/cdu2htykge191.png?width=309&amp;format=png&amp;auto=webp&amp;s=feab0459101c1ce8dc7f489ddaa62d1d2c72a749

**DOT** and **AVAX** become the first Top Ten casualties, replaced by stablecoins **UST** and **BUSD.**

## April Winners and Losers

***April Winners*** –  None.  **BNB** (-14%) fell the least this month.

***April Losers*** –  **AVAX** (-39%) was the worst performing crypto of the group, followed by **SOL** (-34%).

## Overall Update: Entire portfolio in the red. LUNA in the lead, SOL worst performing

Not counting my **USDC** sub-experiment (more on that below), **LUNA** continues to lead the 2022 Portfolio, -5% so far in 2022. 

At the very bottom is **SOL**, down almost half (-48%) in four months.  The initial $100 invested in **SOL** four months ago is worth $52 today.  

## Factoring in USDC Gains

**New feature this year!** – In past Experiment years, I have not included stablecoin gains in the monthly reports. These days, there are many ways to earn ROI using stables alone. I figure this may be especially interesting this year, depending on how the crypto market performs. 

For the 2022 Top Ten Experiment, I am detailing ways to build on the $100 USDC, starting with the most straightforward strategies.  As we go along in the year, I will share increasingly advanced methods to increase USDC. My goal of this little side quest will be to beat the ROI of as many of the non-stablecoin cryptos in the Experiment as possible. A simple task if 2022 ends up being a bear year, a bit more difficult if the crypto market moons.

**April** –  Here’s what I did this month:

* I moved my **USDC** off of Nexo to the Polygon chain.  This was free, so I received exactly $137.55 in **USDC** on my Metamask wallet on Polygon (get $25 in BTC after depositing $100 in crypto by using the link above).
* I then traded **USDC** for **UST** on 1Inch on Polygon and used the Terra Bridge to transfer the **UST** to the Terra ecosystem at a cost of about $2.
* I then deposited the **UST** on Anchor, 19.5% APR.

I gained $2.19 after one month in Anchor.  After bridge and transaction fees, my current total is **$136.70.**

https://preview.redd.it/zhu794unge191.png?width=1563&amp;format=png&amp;auto=webp&amp;s=b62ce50e0a4501ede188e599b8841843dbdc9576

That’s a -0.6%  monthly loss.  I am now **+37% on USDC in four months**. Here’s a table of the **USD** side mission so far this year:

https://preview.redd.it/pufs7j9pge191.png?width=586&amp;format=png&amp;auto=webp&amp;s=51e9a5d14eacb2a7d89fc3f9ec92e7e23afb689b

***Something to be aware of:***  To follow my path out of Nexo to Anchor, you’ll need a small amount of MATIC and UST for transaction fees.

## 2022 Top Ten Portfolio vs. Total Crypto Market Cap Token (TCAP)

**Another new feature this year!** – The first Top Ten Crypto Experiment was started on 1 January 2018 in an attempt to ***capture the gains of the entire market***. Much has changed in the last four+ years, including innovative Decentralized Finance (DeFi) projects that have created index tokens to capture segments of the crypto market (DeFi, the Metaverse, Blue Chips, etc.) instead of manually buying coins and tokens, like I do for my Experiments.

A project of particular interest to the Top Ten Experiments is the **Total Crypto Market Cap** ([**TCAP**](https://cryptex.finance/)) **token,** created by [Cryptex](https://np.reddit.com/r/cryptex/), which tracks the entire crypto market – exactly what my Top Ten Portfolios have been trying to recreate from the start.

I thought it would be interesting to compare my homemade 2022 Top Ten Crypto Index Fund Experiment to **TCAP** for a bit of a friendly competition. 

Here’s the question I’ll be tracking this year: ***would I have been better off with $1,000 of TCAP instead of going through the effort of creating a homemade $1,000 Top Ten Index Fund?***

**April:** Both the **TCAP** token and the 2022 Top Ten Portfolio fell this month, with **TCAP** outperforming my homemade index by 3%.

**TCAP** snapshot on May 1st: 

https://preview.redd.it/w4eyie1rge191.png?width=525&amp;format=png&amp;auto=webp&amp;s=812d57fb31e4ea7bbd185243891bb99d06f826b0

**TCAP** fell -19% vs. a -22% dip in the 2022 Top Ten portfolio, so the April monthly victory goes to the **TCAP**.

**Overall:** The 2022 Top Ten Portfolio is currently worth $763 which places it ahead of **TCAP’s** $722 value.  But **TCAP** has made up some ground this month and is currently within 4% of the lead.  Visual below:

https://preview.redd.it/lpg3inasge191.png?width=844&amp;format=png&amp;auto=webp&amp;s=c271471b6bd2c47f790bdcdc60c040ba67846962

## Bitcoin Dominance:

BitDom rebounded a bit this month, ending April at 42.3%. For context, there hasn’t been much movement on this metric so far in 2022. Chart below:

https://preview.redd.it/5a6phiovge191.png?width=522&amp;format=png&amp;auto=webp&amp;s=89105ed04ad6c1caaef2e4df752620aff720ebeb

For those just getting into crypto, it’s worth paying attention to the **Bitcoin** dominance figure, as it signals the appetite for altcoins vs. **BTC.**

## Overall return on $1,000 investment since January 1st, 2022:

https://preview.redd.it/5r5bh3vwge191.png?width=379&amp;format=png&amp;auto=webp&amp;s=3834c6e73ec2344eeabca34e124c00f8006ea0d7

After gaining $114 [last month](https://toptencryptoindexfund.com/tracking-2022-top-10-cryptocurrencies-month-3), the 2022 Top Ten Portfolio lost $214 in April.  The initial $1000 investment on New Year’s Day 2022 is now worth **$762**, down -24%.  This places the portfolio at the same level as early February.

Here’s a visual summary of the progress so far:

https://preview.redd.it/cvq6zs0zge191.png?width=250&amp;format=png&amp;auto=webp&amp;s=8cfeae52116601f1a7fa127183c2aa26dbc14588

The 2022 Top Ten Cryptos are still the worst performing of the [five Portfolios](https://toptencryptoindexfund.com/).

## Combining the 2018, 2019, 2020, 2021, and 2022 Top Ten Crypto Portfolios 

So, where do we stand if we combine five years of the Top Ten Crypto Index Fund Experiments?

* 2018 Top Ten Experiment: down -1% (total value $986)
* 2019 Top Ten Experiment: up +368% (total value $4,684)
* 2020 Top Ten Experiment: up +574% (total value $6,735) **(best performing portfolio)**
* [2021 Top Ten Experiment](https://toptencryptoindexfund.com/tracking-2021-top-10-cryptocurrencies-month-16): up +177% (total value $2,771)
* [2022 Top Ten Experiment](https://toptencryptoindexfund.com/tracking-2022-top-10-cryptocurrencies-month-3): down -24% (total value $762)

Taking the five portfolios together, here’s the bottom bottom bottom bottom *bottom* line: 

**After five annual $1k investments ($5,000 total) in the 2018, 2019, 2020, 2021, and 2022 Top Ten Cryptocurrencies,** the combined portfolios are worth **$15,938.**

**That’s up +219%** on the combined portfolios.  The peak  for the combined Top Ten Index Fund Experiment Portfolios was [**November 2021’s all time high**](https://toptencryptoindexfund.com/tracking-2021-top-10-cryptocurrencies-month-11/) of **+533%**.  Here’s the combined monthly ROI since I started tracking the metric in January 2020 for those who do better with visuals:

https://preview.redd.it/wkud53s3he191.png?width=600&amp;format=png&amp;auto=webp&amp;s=dfac06e8ad52f99e71d49ed6d4c57992479ce0a7

In summary: ***That’s a +219% gain by investing $1k on whichever cryptos happened to be in the Top Ten on January 1st (including stablecoins) for five straight years***.

## Comparison to S&amp;P 500

I’m also tracking the S&amp;P 500 as part of my Experiment to have a comparison point to traditional markets.

https://preview.redd.it/4xlaudy4he191.png?width=538&amp;format=png&amp;auto=webp&amp;s=f60dff575c5682df6c75a1caf27bb1935f637f89

The S&amp;P 500 is down -13% so far in 2022, so the initial $1k investment into crypto on New Year’s Day would be worth $870 had it been redirected to the S&amp;P.  

Taking the same invest-$1,000-on-January-1st-of-each-year approach with the S&amp;P 500 that I’ve been documenting through the Top Ten Crypto Experiments, the yields are the following:

* $1000 investment in S&amp;P 500 on January 1st, 2018 = $1,550 today
* $1000 investment in S&amp;P 500 on January 1st, 2019 = $1,650 today
* $1000 investment in S&amp;P 500 on January 1st, 2020 = $1,280 today
* $1000 investment in S&amp;P 500 on January 1st, 2021 = $1,100 today
* $1000 investment in S&amp;P 500 on January 1st, 2022 = $870 today

Taken together, here’s the bottom bottom bottom bottom *bottom* line for a similar approach with the S&amp;P: 

**After five $1,000 investments into an S&amp;P 500 index fund in January 2018, 2019, 2020, 2021, and 2022 my portfolio would be worth $6,450.**

That is up **+29%** [since January 2018](https://toptencryptoindexfund.com/tracking-2018-top-ten-month-one/) compared to a **+219%** gain of the combined Top Ten Crypto Experiment Portfolios.  

The visual below shows a comparison on ROI between a Top Ten Crypto approach and the S&amp;P as per the rules of the Top Ten Experiments: 

https://preview.redd.it/7ybfze86he191.png?width=575&amp;format=png&amp;auto=webp&amp;s=3a891299fe330d6a230cb17fd685070ad94d68dd

## Conclusion:

To the long time followers of the Top Ten Experiments, thank you so much for sticking around so long. For those just getting into crypto, I hope these reports will help prepare you for the highs and lows that await on your crypto adventures.  Buckle up, go with the flow, think long term, don’t invest what you can’t afford to lose, and most importantly, try to enjoy the ride. 

A reporting note: I’ll focus on 2022 Top Ten Portfolio reports + one other portfolio on a rotating basis this year, so expect only two reports from me per month.  April’s extended report is on the 2021 Top Ten Portfolio, which you can access [here](https://toptencryptoindexfund.com/tracking-2021-top-10-cryptocurrencies-month-16).  You can check out the latest [2018 Top Ten](https://toptencryptoindexfund.com/tracking-2018-top-10-cryptocurrencies-month-49) (the OG Experiment), [2019 Top Ten](https://toptencryptoindexfund.com/tracking-2019-top-10-cryptocurrencies-month-38), and [2020 Top Ten](https://toptencryptoindexfund.com/tracking-2020-top-10-cryptocurrencies-month-27) reports as well.",True,False,False,CryptoCurrency,t5_2wlj3,4911815,public,https://b.thumbs.redditmedia.com/Z0WOh8Dw84c6t8Pi4SkUivIKoOCWMQgKT7MbtuNG90k.jpg,"I bought $1k of the Top 10 Cryptos on January 1st, 2022 (APR Update/Month 4)",0,[],1.0,https://www.reddit.com/r/CryptoCurrency/comments/uwnria/i_bought_1k_of_the_top_10_cryptos_on_january_1st/,all_ads,6,1653359708.0,"{'4xlaudy4he191': {'e': 'Image', 'id': '4xlaudy4he191', 'm': 'image/png', 'p': [{'u': 'https://preview.redd.it/4xlaudy4he191.png?width=108&amp;crop=smart&amp;auto=webp&amp;s=492b950bd553751f05cee57968db9df6464e2308', 'x': 108, 'y': 65}, {'u': 'https://preview.redd.it/4xlaudy4he191.png?width=216&amp;crop=smart&amp;auto=webp&amp;s=0e2fddcd57e9707a20d0463ad7cf56a32f0269e5', 'x': 216, 'y': 131}, {'u': 'https://preview.redd.it/4xlaudy4he191.png?width=320&amp;crop=smart&amp;auto=webp&amp;s=06baef00f0211ca900776104d6dc836e9555176c', 'x': 320, 'y': 195}], 's': {'u': 'https://preview.redd.it/4xlaudy4he191.png?width=538&amp;format=png&amp;auto=webp&amp;s=f60dff575c5682df6c75a1caf27bb1935f637f89', 'x': 538, 'y': 328}, 'status': 'valid'}, '5a6phiovge191': {'e': 'Image', 'id': '5a6phiovge191', 'm': 'image/png', 'p': [{'u': 'https://preview.redd.it/5a6phiovge191.png?width=108&amp;crop=smart&amp;auto=webp&amp;s=fa9df34f2de7437155689ee1b52f10f36e694e43', 'x': 108, 'y': 67}, {'u': 'https://preview.redd.it/5a6phiovge191.png?width=216&amp;crop=smart&amp;auto=webp&amp;s=7b7a3831997471df4938bc360476628957c1f4d5', 'x': 216, 'y': 135}, {'u': 'https://preview.redd.it/5a6phiovge191.png?width=320&amp;crop=smart&amp;auto=webp&amp;s=cf8fab7c151213353dd7a7861f6ff466d6276e5a', 'x': 320, 'y': 201}], 's': {'u': 'https://preview.redd.it/5a6phiovge191.png?width=522&amp;format=png&amp;auto=webp&amp;s=89105ed04ad6c1caaef2e4df752620aff720ebeb', 'x': 522, 'y': 328}, 'status': 'valid'}, '5op2aayhge191': {'e': 'Image', 'id': '5op2aayhge191', 'm': 'image/png', 'p': [{'u': 'https://preview.redd.it/5op2aayhge191.png?width=108&amp;crop=smart&amp;auto=webp&amp;s=5e4355941db8dc07d688c1bd3550e59cbf80934f', 'x': 108, 'y': 47}, {'u': 'https://preview.redd.it/5op2aayhge191.png?width=216&amp;crop=smart&amp;auto=webp&amp;s=6001ea69ef77007da242cd5dbf2d1ca0028fa4b9', 'x': 216, 'y': 94}, {'u': 'https://preview.redd.it/5op2aayhge191.png?width=320&amp;crop=smart&amp;auto=webp&amp;s=11f55658aa6487496cf986ca1689c152dd085f83', 'x': 320, 'y': 139}, {'u': 'https://preview.redd.it/5op2aayhge191.png?width=640&amp;crop=smart&amp;auto=webp&amp;s=efabb9d0a51980bcd70d8e3f79734ea62e4a55f5', 'x': 640, 'y': 279}], 's': {'u': 'https://preview.redd.it/5op2aayhge191.png?width=782&amp;format=png&amp;auto=webp&amp;s=9ed13ecbad58fa18c415ebc45149167b21ed313a', 'x': 782, 'y': 342}, 'status': 'valid'}, '5r5bh3vwge191': {'e': 'Image', 'id': '5r5bh3vwge191', 'm': 'image/png', 'p': [{'u': 'https://preview.redd.it/5r5bh3vwge191.png?width=108&amp;crop=smart&amp;auto=webp&amp;s=7e025f93ddf2c2093a9f19abd91411bf7c5743e4', 'x': 108, 'y': 22}, {'u': 'https://preview.redd.it/5r5bh3vwge191.png?width=216&amp;crop=smart&amp;auto=webp&amp;s=67fcfa7cd44673fcbde95002369a2aee4197a661', 'x': 216, 'y': 44}, {'u': 'https://preview.redd.it/5r5bh3vwge191.png?width=320&amp;crop=smart&amp;auto=webp&amp;s=02a586bf8f77091c7605d53d1855d7bae6807560', 'x': 320, 'y': 65}], 's': {'u': 'https://preview.redd.it/5r5bh3vwge191.png?width=379&amp;format=png&amp;auto=webp&amp;s=3834c6e73ec2344eeabca34e124c00f8006ea0d7', 'x': 379, 'y': 78}, 'status': 'valid'}, '7ybfze86he191': {'e': 'Image', 'id': '7ybfze86he191', 'm': 'image/png', 'p': [{'u': 'https://preview.redd.it/7ybfze86he191.png?width=108&amp;crop=smart&amp;auto=webp&amp;s=8c7791143199763ff4836ef0106e768a6f7061ee', 'x': 108, 'y': 66}, {'u': 'https://preview.redd.it/7ybfze86he191.png?width=216&amp;crop=smart&amp;auto=webp&amp;s=395ffdf233e5d44e674b30cad6a6a9a18a3be431', 'x': 216, 'y': 133}, {'u': 'https://preview.redd.it/7ybfze86he191.png?width=320&amp;crop=smart&amp;auto=webp&amp;s=a167570c4322334b0afdd3bacd1de4d60e86f350', 'x': 320, 'y': 198}], 's': {'u': 'https://preview.redd.it/7ybfze86he191.png?width=575&amp;format=png&amp;auto=webp&amp;s=3a891299fe330d6a230cb17fd685070ad94d68dd', 'x': 575, 'y': 356}, 'status': 'valid'}, 'cdu2htykge191': {'e': 'Image', 'id': 'cdu2htykge191', 'm': 'image/png', 'p': [{'u': 'https://preview.redd.it/cdu2htykge191.png?width=108&amp;crop=smart&amp;auto=webp&amp;s=f756715bea60efc05123effcedce4a1310ac223f', 'x': 108, 'y': 121}, {'u': 'https://preview.redd.it/cdu2htykge191.png?width=216&amp;crop=smart&amp;auto=webp&amp;s=27986dba3f5576ec2f69a9933fbd01b89033ce48', 'x': 216, 'y': 242}], 's': {'u': 'https://preview.redd.it/cdu2htykge191.png?width=309&amp;format=png&amp;auto=webp&amp;s=feab0459101c1ce8dc7f489ddaa62d1d2c72a749', 'x': 309, 'y': 347}, 'status': 'valid'}, 'cvq6zs0zge191': {'e': 'Image', 'id': 'cvq6zs0zge191', 'm': 'image/png', 'p': [{'u': 'https://preview.redd.it/cvq6zs0zge191.png?width=108&amp;crop=smart&amp;auto=webp&amp;s=8a7f34e924b6ce85802fba960205f7bae849b347', 'x': 108, 'y': 179}, {'u': 'https://preview.redd.it/cvq6zs0zge191.png?width=216&amp;crop=smart&amp;auto=webp&amp;s=ee08a59658c6c1d5de740709cb88e394b294e84d', 'x': 216, 'y': 358}], 's': {'u': 'https://preview.redd.it/cvq6zs0zge191.png?width=250&amp;format=png&amp;auto=webp&amp;s=8cfeae52116601f1a7fa127183c2aa26dbc14588', 'x': 250, 'y': 415}, 'status': 'valid'}, 'lpg3inasge191': {'e': 'Image', 'id': 'lpg3inasge191', 'm': 'image/png', 'p': [{'u': 'https://preview.redd.it/lpg3inasge191.png?width=108&amp;crop=smart&amp;auto=webp&amp;s=b09da89907b7fdb2ce5b3b0a7dcf213e90159dfa', 'x': 108, 'y': 27}, {'u': 'https://preview.redd.it/lpg3inasge191.png?width=216&amp;crop=smart&amp;auto=webp&amp;s=a2ff7775eceec2a952d6ebd07724b5457f8f8fe6', 'x': 216, 'y': 54}, {'u': 'https://preview.redd.it/lpg3inasge191.png?width=320&amp;crop=smart&amp;auto=webp&amp;s=365c455e47af47e278e2a4b85a42dd98f14566f3', 'x': 320, 'y': 81}, {'u': 'https://preview.redd.it/lpg3inasge191.png?width=640&amp;crop=smart&amp;auto=webp&amp;s=bdfebc7ea2e76277f9e467b916ffa8590bcfaf25', 'x': 640, 'y': 162}], 's': {'u': 'https://preview.redd.it/lpg3inasge191.png?width=844&amp;format=png&amp;auto=webp&amp;s=c271471b6bd2c47f790bdcdc60c040ba67846962', 'x': 844, 'y': 214}, 'status': 'valid'}, 'ls3qutjmfe191': {'e': 'Image', 'id': 'ls3qutjmfe191', 'm': 'image/png', 'p': [{'u': 'https://preview.redd.it/ls3qutjmfe191.png?width=108&amp;crop=smart&amp;auto=webp&amp;s=b234b40b0373d45c0d74ca1d5379117e7c51e4e0', 'x': 108, 'y': 60}, {'u': 'https://preview.redd.it/ls3qutjmfe191.png?width=216&amp;crop=smart&amp;auto=webp&amp;s=800023d2660923289e65ee7a80a5f448aa6dcb90', 'x': 216, 'y': 121}, {'u': 'https://preview.redd.it/ls3qutjmfe191.png?width=320&amp;crop=smart&amp;auto=webp&amp;s=9b4210a84036f9d0b3d3baa0a750d7706cc0529f', 'x': 320, 'y': 180}, {'u': 'https://preview.redd.it/ls3qutjmfe191.png?width=640&amp;crop=smart&amp;auto=webp&amp;s=64d5626f704b1cdd37573991d0e71d24cd11a608', 'x': 640, 'y': 360}], 's': {'u': 'https://preview.redd.it/ls3qutjmfe191.png?width=666&amp;format=png&amp;auto=webp&amp;s=f21671448755fb7c4786ce087d6d8372d4237dde', 'x': 666, 'y': 375}, 'status': 'valid'}, 'pufs7j9pge191': {'e': 'Image', 'id': 'pufs7j9pge191', 'm': 'image/png', 'p': [{'u': 'https://preview.redd.it/pufs7j9pge191.png?width=108&amp;crop=smart&amp;auto=webp&amp;s=a75ad1c2689a247e6ea5c6e23b5e7edf66173a54', 'x': 108, 'y': 29}, {'u': 'https://preview.redd.it/pufs7j9pge191.png?width=216&amp;crop=smart&amp;auto=webp&amp;s=067e08b01bae6c69947191cc8cfc59ba557acb23', 'x': 216, 'y': 58}, {'u': 'https://preview.redd.it/pufs7j9pge191.png?width=320&amp;crop=smart&amp;auto=webp&amp;s=7e969cf16e58bb4b3e11fbdd85ce184ddf4cb70a', 'x': 320, 'y': 87}], 's': {'u': 'https://preview.redd.it/pufs7j9pge191.png?width=586&amp;format=png&amp;auto=webp&amp;s=51e9a5d14eacb2a7d89fc3f9ec92e7e23afb689b', 'x': 586, 'y': 160}, 'status': 'valid'}, 'w4eyie1rge191': {'e': 'Image', 'id': 'w4eyie1rge191', 'm': 'image/png', 'p': [{'u': 'https://preview.redd.it/w4eyie1rge191.png?width=108&amp;crop=smart&amp;auto=webp&amp;s=0099872e673f23bf2d66957736cc7b580794f5a4', 'x': 108, 'y': 80}, {'u': 'https://preview.redd.it/w4eyie1rge191.png?width=216&amp;crop=smart&amp;auto=webp&amp;s=7eed9be330a8b0aa345146de9dd8d1d48dcc912e', 'x': 216, 'y': 160}, {'u': 'https://preview.redd.it/w4eyie1rge191.png?width=320&amp;crop=smart&amp;auto=webp&amp;s=5d0fb68768091b4427cbbb471d884897edb5060f', 'x': 320, 'y': 237}], 's': {'u': 'https://preview.redd.it/w4eyie1rge191.png?width=525&amp;format=png&amp;auto=webp&amp;s=812d57fb31e4ea7bbd185243891bb99d06f826b0', 'x': 525, 'y': 390}, 'status': 'valid'}, 'wkud53s3he191': {'e': 'Image', 'id': 'wkud53s3he191', 'm': 'image/png', 'p': [{'u': 'https://preview.redd.it/wkud53s3he191.png?width=108&amp;crop=smart&amp;auto=webp&amp;s=a30ad8730701699c24ee9ac98a992c33fc5ecea9', 'x': 108, 'y': 66}, {'u': 'https://preview.redd.it/wkud53s3he191.png?width=216&amp;crop=smart&amp;auto=webp&amp;s=27616e79bec71279ef07186731f35e2afeb2ee40', 'x': 216, 'y': 133}, {'u': 'https://preview.redd.it/wkud53s3he191.png?width=320&amp;crop=smart&amp;auto=webp&amp;s=b8be9d3b26e0579b9ea54bbfbd87ec38e4d037b4', 'x': 320, 'y': 197}], 's': {'u': 'https://preview.redd.it/wkud53s3he191.png?width=600&amp;format=png&amp;auto=webp&amp;s=dfac06e8ad52f99e71d49ed6d4c57992479ce0a7', 'x': 600, 'y': 371}, 'status': 'valid'}, 'zhu794unge191': {'e': 'Image', 'id': 'zhu794unge191', 'm': 'image/png', 'p': [{'u': 'https://preview.redd.it/zhu794unge191.png?width=108&amp;crop=smart&amp;auto=webp&amp;s=1eb1652e5e3effb57c592bd96e3d3798f68829cc', 'x': 108, 'y': 38}, {'u': 'https://preview.redd.it/zhu794unge191.png?width=216&amp;crop=smart&amp;auto=webp&amp;s=0e605f22ac38dd55f69f03fbe1f2118ef67a6f3e', 'x': 216, 'y': 77}, {'u': 'https://preview.redd.it/zhu794unge191.png?width=320&amp;crop=smart&amp;auto=webp&amp;s=0f8b9aa190f1f9061381b9a4446605d9b50fbdf1', 'x': 320, 'y': 114}, {'u': 'https://preview.redd.it/zhu794unge191.png?width=640&amp;crop=smart&amp;auto=webp&amp;s=621fa7b6401b899665486767b0e66735f22aaca7', 'x': 640, 'y': 229}, {'u': 'https://preview.redd.it/zhu794unge191.png?width=960&amp;crop=smart&amp;auto=webp&amp;s=02a345fbc626478879dae2fcc447f1ee459d2ac7', 'x': 960, 'y': 344}, {'u': 'https://preview.redd.it/zhu794unge191.png?width=1080&amp;crop=smart&amp;auto=webp&amp;s=f73251c95b54fb249cb7d9fc118b80af2aa4edd4', 'x': 1080, 'y': 387}], 's': {'u': 'https://preview.redd.it/zhu794unge191.png?width=1563&amp;format=png&amp;auto=webp&amp;s=b62ce50e0a4501ede188e599b8841843dbdc9576', 'x': 1563, 'y': 561}, 'status': 'valid'}}",self,"{'enabled': False, 'images': [{'id': '388_Skf3RIMntYwTZf8OwrWeeM8H7wtXMkqKS3q0j7U', 'resolutions': [{'height': 76, 'url': 'https://external-preview.redd.it/2hij3nQvPKP5X3rUlVfoKnaHvqnholjOtgrI7Ws4PrY.jpg?width=108&amp;crop=smart&amp;auto=webp&amp;s=cb5e06dfa725ff6642dbc64e4fe42ddc19aafa60', 'width': 108}, {'height': 152, 'url': 'https://external-preview.redd.it/2hij3nQvPKP5X3rUlVfoKnaHvqnholjOtgrI7Ws4PrY.jpg?width=216&amp;crop=smart&amp;auto=webp&amp;s=23a0fbb251ce5431406ddedbc714e335f35a8b9a', 'width': 216}, {'height': 226, 'url': 'https://external-preview.redd.it/2hij3nQvPKP5X3rUlVfoKnaHvqnholjOtgrI7Ws4PrY.jpg?width=320&amp;crop=smart&amp;auto=webp&amp;s=8cc614048af4870f993ee9d42a40a3d39de2f742', 'width': 320}], 'source': {'height': 427, 'url': 'https://external-preview.redd.it/2hij3nQvPKP5X3rUlVfoKnaHvqnholjOtgrI7Ws4PrY.jpg?auto=webp&amp;s=9380401ea64b40e2bdcb499930dfeb20b588416d', 'width': 604}, 'variants': {}}]}",78.0,140.0,,,,,
4,[],False,CMD-Ro1-red,,,[],,,text,t2_hxw32in8,False,False,False,[],False,False,1653348910,self.CryptoCurrency,https://www.reddit.com/r/CryptoCurrency/comments/uwdgms/measures_to_freeze_assets_of_the_luna_foundation/,{},uwdgms,False,True,False,False,False,True,True,False,#7193ff,DISCUSSION,"[{'e': 'text', 't': 'DISCUSSION'}]",87049662-0882-11e5-82e1-0e9d1a9f7761,DISCUSSION,dark,richtext,False,False,True,0,0,False,all_ads,/r/CryptoCurrency/comments/uwdgms/measures_to_freeze_assets_of_the_luna_foundation/,False,6,,1653348920,1,"The Seoul Metropolitan Police have taken measures to freeze assets of the Luna Foundation Guard (""LFG"") following the TerraUSD (UST-USD) stablecoin bust in the beginning of May, according to a report from KBS news Monday.
Specifically, the South Korean police requested certain exchanges to disable LFG from withdrawing corporate funds, of which are suspected to be embezzled, KBS explained.
A unit of the South Korean police, known as the Grim Reaper, is already investigating Terraform Labs CEO Do Kwon regarding tax evasion, CoinDesk reported.
After TerraUST lost its peg from the U.S. dollar, its sister token Luna (LUNA-USD) dropped 100% in a move that wiped out tens of billions of dollars from speculators, a monumental move for the crypto community as regulators, as a result, ramp up their calls for greater regulatory oversight in the decentralized industry.",True,False,False,CryptoCurrency,t5_2wlj3,4909972,public,self,Measures to freeze assets of the Luna Foundation Guard (LFG),0,[],1.0,https://www.reddit.com/r/CryptoCurrency/comments/uwdgms/measures_to_freeze_assets_of_the_luna_foundation/,all_ads,6,1653320110.0,,,,,,,,,,
5,[],False,CMD-Ro1-red,,,[],,,text,t2_hxw32in8,False,False,False,[],False,False,1653348612,self.CryptoCurrency,https://www.reddit.com/r/CryptoCurrency/comments/uwddb2/measures_to_freeze_assets_of_the_luna_foundation/,{},uwddb2,False,True,False,False,False,True,True,False,#007373,EXCHANGES,"[{'e': 'text', 't': 'EXCHANGES'}]",38a8ac5a-9d5c-11e5-a136-0e9f3a832fc3,EXCHANGES,light,richtext,False,False,False,0,0,False,all_ads,/r/CryptoCurrency/comments/uwddb2/measures_to_freeze_assets_of_the_luna_foundation/,False,6,,1653348623,1,"The Seoul Metropolitan Police have taken measures to freeze assets of the Luna Foundation Guard (""LFG"") following the TerraUSD (UST-USD) stablecoin bust in the beginning of May, according to a report from KBS news Monday.
Specifically, the South Korean police requested certain exchanges to disable LFG from withdrawing corporate funds, of which are suspected to be embezzled, KBS explained.
A unit of the South Korean police, known as the Grim Reaper, is already investigating Terraform Labs CEO Do Kwon regarding tax evasion, CoinDesk reported.
After TerraUST lost its peg from the U.S. dollar, its sister token Luna (LUNA-USD) dropped 100% in a move that wiped out tens of billions of dollars from speculators, a monumental move for the crypto community as regulators, as a result, ramp up their calls for greater regulatory oversight in the decentralized industry.",True,False,False,CryptoCurrency,t5_2wlj3,4909960,public,self,Measures to freeze assets of the Luna Foundation Guard (LFG),0,[],1.0,https://www.reddit.com/r/CryptoCurrency/comments/uwddb2/measures_to_freeze_assets_of_the_luna_foundation/,all_ads,6,1653319812.0,,,,,,,,,,
6,[],False,eskimobroski,,Warning-level2-2,"[{'e': 'text', 't': 'Tin'}]",Tin,dark,richtext,t2_8cq2e,False,False,False,[],False,False,1653344046,i.redd.it,https://www.reddit.com/r/CryptoCurrency/comments/uwbut3/is_it_verified_that_kwon_didnt_attempt_to_save/,{},uwbut3,False,False,False,False,True,False,False,False,#7193ff,DISCUSSION,"[{'e': 'text', 't': 'DISCUSSION'}]",87049662-0882-11e5-82e1-0e9d1a9f7761,DISCUSSION,dark,richtext,False,False,True,2,0,False,all_ads,/r/CryptoCurrency/comments/uwbut3/is_it_verified_that_kwon_didnt_attempt_to_save/,False,6,moderator,1653344057,1,,False,False,False,CryptoCurrency,t5_2wlj3,4909685,public,https://a.thumbs.redditmedia.com/S-S-kTK7gY3PmQnMoOyjXh7B259MUJBikmeG5ddg_L4.jpg,Is it verified that Kwon didn’t attempt to save Luna/UST and instead moved all BTC to different wallets?,0,[],1.0,https://i.redd.it/rl9x7uj6va191.jpg,all_ads,6,1653315246.0,,image,"{'enabled': True, 'images': [{'id': 'p7HJY-9ax_zU7UwT225o5Lmc6kMcQs7tNT42MnKsP9s', 'resolutions': [{'height': 216, 'url': 'https://preview.redd.it/rl9x7uj6va191.jpg?width=108&amp;crop=smart&amp;auto=webp&amp;s=ce197f29a79b2c891ea9ad3494a6f429a0b95056', 'width': 108}, {'height': 432, 'url': 'https://preview.redd.it/rl9x7uj6va191.jpg?width=216&amp;crop=smart&amp;auto=webp&amp;s=7312a7b4d48ae49f4fa17f95cb6652d886107a4b', 'width': 216}, {'height': 640, 'url': 'https://preview.redd.it/rl9x7uj6va191.jpg?width=320&amp;crop=smart&amp;auto=webp&amp;s=45d103b4d52461646d83c1f90921ff9a7433baf1', 'width': 320}, {'height': 1280, 'url': 'https://preview.redd.it/rl9x7uj6va191.jpg?width=640&amp;crop=smart&amp;auto=webp&amp;s=f3877c21f9544092dfe2684f7eb9619fb5fc694b', 'width': 640}, {'height': 1920, 'url': 'https://preview.redd.it/rl9x7uj6va191.jpg?width=960&amp;crop=smart&amp;auto=webp&amp;s=109bbff6c5c1cd3a2d859e7672c4edb75021eb89', 'width': 960}, {'height': 2160, 'url': 'https://preview.redd.it/rl9x7uj6va191.jpg?width=1080&amp;crop=smart&amp;auto=webp&amp;s=6d3a17d4f3e10330fab95f00f113e517388c1534', 'width': 1080}], 'source': {'height': 2532, 'url': 'https://preview.redd.it/rl9x7uj6va191.jpg?auto=webp&amp;s=0c60755087d0d30c4f190cfd9c4146556e5d3a7a', 'width': 1170}, 'variants': {}}]}",140.0,140.0,https://i.redd.it/rl9x7uj6va191.jpg,,,,
7,[],False,FiftyOnePercent,,,[],,,text,t2_gnwld,False,False,False,[],False,False,1653340719,self.CryptoCurrency,https://www.reddit.com/r/CryptoCurrency/comments/uwao10/counterpoint_unfortunately_we_cant_just_let_all/,{},uwao10,False,True,False,False,False,True,True,False,#bbbdbf,STRATEGY,"[{'e': 'text', 't': 'STRATEGY'}]",8f527258-dc39-11eb-b1ee-0eae9aa8a335,STRATEGY,dark,richtext,False,False,True,0,0,False,all_ads,/r/CryptoCurrency/comments/uwao10/counterpoint_unfortunately_we_cant_just_let_all/,False,6,,1653340730,1,"If only. If only we lived in a world where each blockchain project could pursue its own goals, establish its own niche, and succeed or fail on its own merits.

Unfortunately this is the age of networks, and we will collectively sink or swim based on network effects. On the plus side, this means that a critical mass of legit projects like Ethereum / Solana / Algo / Tezos / etc. creates momentum and a narrative that attracts developers, investment, and public interest that is more than the sum of its parts. This kind of competition actually is the ""tide that lifts all boats"", and it is important to avoid tearing each other apart and creating a toxic atmosphere.

On the negative side, it means that when projects fail, their collective failure does more damage than the sum of their parts too. Just looking at the discussion this month, what are we seeing that is hurting us beyond stocks &amp; decisions of the Fed that we can't control?

* The collapse of UST did not only bring down the Terraecosystem. It seriously undermined the narrative and confidence in stablecoins at large. And it continues to generate headlines about instability, potential prosecutions, and now whistleblowers alleging industry collusion. And it could have been so much worse! We came extremely close to a contagion cascade; Celsius Network pulled billions of dollars out of Anchor just days before it imploded, and presumably other large holders did the same. Yes, it is terrible that us little guys got wiped out. But we just barely dodged a complete chain-reaction meltdown that could have set all of us back 5 years.

* Right now, whether we like it or not (I don't), NFT's are a big way that both influencers and regular people get introduced to crypto. And what NFT project is being talked about the most today on Twitter? The Milady project/Spice DAO which bought the Dune book. Why are people talking about it? Because the founder just got outed as the head of a literal 4chan nazi pedophile pro-anorexia suicide cult. No, I'm not joking. Do I have to point out what is going to happen once the press and crypto haters get ahold of this one? And this was entirely preventable, the background of the devs was easily findable for months, and if you just look at the fucking NFT's they're obviously creepy as hell and the whole thing gives off bizarre vibes. And yet all the same influencers and shills that sell sleepy pandas or annoyed elephants or whatever were totally happy to get on board with this weirdness, and tons of people are still trying to excuse literal grooming and abuse so their bags don't drop in value. If we let these kinds of projects raise money and then collapse in a reputation-destroying spectacle, we're not gonna make it.

* Tether, I don't have to rehash this for the thousandth time.

We need a better crypto immune system to keep these dangerous, toxic projects out of our communities. When we let people get burned by UST or ElonCumRocket or groomer pfp's or whatever, it inevitably comes back to bite us. And as much as I like the idea of live/let-live, it puts all of the things we're working for in danger. That's just the facts.

Thanks for coming to Wendy's, can I take your order?",True,False,False,CryptoCurrency,t5_2wlj3,4909482,public,self,"Counterpoint: unfortunately, we can't just ""let all projects exist in peace."" Some pose significant risks to the whole crypto sphere. We can't afford more UST's (de-fi contagion risk), Milady NFT's (reputational risk), or Tether (systemic risk). We have to take them out before they take us out...",0,[],1.0,https://www.reddit.com/r/CryptoCurrency/comments/uwao10/counterpoint_unfortunately_we_cant_just_let_all/,all_ads,6,1653311919.0,,,,,,,,,,
8,[],False,FiftyOnePercent,,,[],,,text,t2_gnwld,False,False,False,[],False,False,1653339757,self.CryptoCurrency,https://www.reddit.com/r/CryptoCurrency/comments/uwabcn/counterpoint_unfortunately_we_cant_just_let_all/,{},uwabcn,False,True,False,False,False,True,True,False,#bbbdbf,STRATEGY,"[{'e': 'text', 't': 'STRATEGY'}]",8f527258-dc39-11eb-b1ee-0eae9aa8a335,STRATEGY,dark,richtext,False,False,False,0,0,False,all_ads,/r/CryptoCurrency/comments/uwabcn/counterpoint_unfortunately_we_cant_just_let_all/,False,6,,1653339768,1,"If only. If only we lived in a world where each blockchain project could pursue its own goals, establish its own niche, and succeed or fail on its own merits.

Unfortunately this is the age of networks, and we will collectively sink or swim based on network effects. On the plus side, this means that a critical mass of legit projects like Ethereum / Solana / Algo / Tezos / etc. creates momentum and a narrative that attracts developers, investment, and public interest that is more than the sum of its parts. This kind of competition actually is the ""tide that lifts all boats"", and it is important to avoid tearing each other apart and creating a toxic atmosphere.

On the negative side, it means that when projects fail, their collective failure does more damage than the sum of their parts too. Just looking at the discussion this month, what are we seeing that is hurting us beyond stocks &amp; decisions of the Fed that we can't control?

* The collapse of UST did not only bring down the Terraecosystem. It obviously undermined the narrative and confidence in stablecoins at large. It generates continual headlines about instability, potential prosecutions, and whistleblowers alleging industry collusion. And it could have been so much worse! We came extremely close to a contagion cascade; Celsius Network pulled billions of dollars out of Anchor just days before it imploded, and presumably other large holders did the same. Yes, it is terrible that us little guys got wiped out. But we just barely dodged a complete chain-reaction meltdown that could have set all of us back 5 years.

* Right now, whether we like it or not (I don't), NFT's are a big way that both influencers and regular people get introduced to crypto. And what NFT project is being talked about the most today on Twitter? The Milady project/Spice DAO which bought the Dune book. Why are people talking about it? Because the founder just got outed as the head of a literal 4chan nazi pedophile pro-anorexia suicide cult. No, I'm not joking. Do I have to point out what is going to happen once the press and crypto haters get ahold of this one? And this was entirely preventable, the background of the devs was easily findable for months, and if you just look at the fucking NFT's they're obviously creepy as hell and the whole thing gives off bizarre vibes. And yet all the same influencers and shills that sell lazy pandas or tired elephants or whatever were totally happy to get on board with this weirdness, and tons of people are still trying to excuse literal grooming and abuse so their bags don't drop in value. If we let these kinds of projects raise money and then collapse in a reputation-destroying spectacle, we're not gonna make it.

* Tether, I don't have to rehash this.

We need a better crypto immune system to keep these dangerous, toxic projects out of our communities. When we let people get burned by UST or ElonCumRocket or groomer pfp's or whatever, it inevitably comes back to bite us. And as much as I like the idea of live/let-live, it puts all of the things we're working for in danger. That's just the facts.

Thanks for coming to Wendy's, can I take your order?",True,False,False,CryptoCurrency,t5_2wlj3,4909426,public,self,"Counterpoint: unfortunately, we can't just ""let all projects exist in peace."" Some pose significant risks to the whole crypto sphere. We can't afford more UST's (de-fi contagion risk), Milady NFT's (reputational risk), or Tether (systemic risk). We have to take them out before they take us out...",0,[],1.0,https://www.reddit.com/r/CryptoCurrency/comments/uwabcn/counterpoint_unfortunately_we_cant_just_let_all/,all_ads,6,1653310957.0,,,,,,,,,,
9,[],False,Bonilladke,,,[],,,text,t2_ghzhx4do,False,False,False,[],False,False,1653336094,self.CryptoCurrency,https://www.reddit.com/r/CryptoCurrency/comments/uw8ya1/is_bill_ackman_correct_on_naming_terra_luna_and/,{},uw8ya1,False,False,False,False,False,False,True,False,#7193ff,DISCUSSION,"[{'e': 'text', 't': 'DISCUSSION'}]",87049662-0882-11e5-82e1-0e9d1a9f7761,DISCUSSION,dark,richtext,False,False,True,0,0,False,all_ads,/r/CryptoCurrency/comments/uw8ya1/is_bill_ackman_correct_on_naming_terra_luna_and/,False,6,reddit,1653336104,1,[removed],True,False,False,CryptoCurrency,t5_2wlj3,4909216,public,self,Is Bill Ackman correct On Naming Terra' Luna and UST Ponzi Scheme Tokens?,0,[],1.0,https://www.reddit.com/r/CryptoCurrency/comments/uw8ya1/is_bill_ackman_correct_on_naming_terra_luna_and/,all_ads,6,1653307294.0,,self,"{'enabled': False, 'images': [{'id': 'RaI9SKgpLDIjDQtJeP5aF2zpOB3P2BM52exuV0ATVOI', 'resolutions': [{'height': 72, 'url': 'https://external-preview.redd.it/nAmsMGp_cNqMVVxbG4kc7dLY9smb1K3auo5SlMGj1LE.jpg?width=108&amp;crop=smart&amp;auto=webp&amp;s=ccdb978c91d5fe153de29e18cbe8b86e761e123d', 'width': 108}, {'height': 144, 'url': 'https://external-preview.redd.it/nAmsMGp_cNqMVVxbG4kc7dLY9smb1K3auo5SlMGj1LE.jpg?width=216&amp;crop=smart&amp;auto=webp&amp;s=f06e31ed612e9c8abfb5bf3da9b7f2ece8ecb7ab', 'width': 216}, {'height': 213, 'url': 'https://external-preview.redd.it/nAmsMGp_cNqMVVxbG4kc7dLY9smb1K3auo5SlMGj1LE.jpg?width=320&amp;crop=smart&amp;auto=webp&amp;s=d3f4df586e71b00d4652eb77091eda76f9f64b95', 'width': 320}, {'height': 426, 'url': 'https://external-preview.redd.it/nAmsMGp_cNqMVVxbG4kc7dLY9smb1K3auo5SlMGj1LE.jpg?width=640&amp;crop=smart&amp;auto=webp&amp;s=621ea9c0bd5c4ecd17771876f5478996c4e0352a', 'width': 640}], 'source': {'height': 512, 'url': 'https://external-preview.redd.it/nAmsMGp_cNqMVVxbG4kc7dLY9smb1K3auo5SlMGj1LE.jpg?auto=webp&amp;s=040a10abdcd17080ec45d841c35cd7a502748a19', 'width': 768}, 'variants': {}}]}",,,,,,,
10,[],False,Sweaty_Wizard,,,"[{'e': 'text', 't': 'Platinum | QC: CC 60 | ADA 6'}]",Platinum | QC: CC 60 | ADA 6,dark,richtext,t2_7rc8vwuw,False,False,False,[],False,False,1653328926,self.CryptoCurrency,https://www.reddit.com/r/CryptoCurrency/comments/uw69xn/idea_for_fixing_the_lunaust_algorithm/,{},uw69xn,False,True,False,False,False,True,True,False,#7193ff,DISCUSSION,"[{'e': 'text', 't': 'DISCUSSION'}]",87049662-0882-11e5-82e1-0e9d1a9f7761,DISCUSSION,dark,richtext,False,False,False,0,0,False,all_ads,/r/CryptoCurrency/comments/uw69xn/idea_for_fixing_the_lunaust_algorithm/,False,6,,1653328937,2," 

Hi all,

I believe the only way the Luna ecosystem could try to make a come back relies on fixing the LUNA/UST minting algorithm. This algorithm is what really defines the Luna ecosystem, I don't believe in Luna v2 since there are so many chains that it doesn't make sense to put fresh funds on fork of failed project.

Fixing the algorithm is hard but I didn't read any proposal that was even trying to do so. I want to start with my idea here, but feel free to post yours idea because this is the only way to revive Terra Luna.

**The main objective, in my opinion, is to restore PEG by removing UST supply from the market.** If we can achieve this, than we can start burning inflated Luna to mint UST in a much more efficient way than sending our coin to burn wallet.

My idea to remove UST from the market is to use the set of rules that follows (feel free to improve it or propose a new one):

* block minting UST when UST price &lt;1$ --&gt; we want to burn UST so this has to be blocked for the time being
* when 1 UST = 1$, enable redeem of UST for 1$ of Luna --&gt; if we reach the main objective, then we want users to burn Luna, get some UST to put back in Anchor and other dApps
* when 1 UST &lt; 1$, enable redeem of UST for its $ of Luna + 1% of UST $ value --&gt; this is the main change. Luna got hyperinflated because we could redeem 1 UST for 1$ of Luna. The idea behind this change is to incentive the ""burning"" of UST debt while inflating Luna as less as possible (""just"" for 1% of real time gains).
* Consider using UST for Governance/validators since the proposal will lead to some more inflation (not too much in % values but it needs to be considered to not halt the chain)

Of course the last point would incentives to move marketcap value from Luna to UST leading to lower the price of Luna short/medium term. However, as I said earlier the objective is to burn UST at a decent rate because if PEG is restored we can then proceed to burn back LUNA more aggressively.

Let's do some basic math with large numbers to predict what could happen.

1. Let's assume 1b UST = 65m$ get redeem with the proposed change. We have 1 UST = 0,065$ so, we could redeem them by printing 1b\*0,065\*1,01% = 2b\*0,0656 = 65,6m$ worth of LUNA which is around 5% of total LUNA supply (a shit ton of Luna I know, but let's continue the exercise). Note that while 5% more of Luna is a lot, we would just accomplished to remove about 10% of UST market cap
2. We made 65,6m$ - 65m$ = 600k$ of profit, what can we do? Simple, repeat and loop the process. Hence, we swap 65,6m$ into UST from open market again. Will probably end up with less than 1b UST (because we just removed 1b UST from total supply) but still about 65,6m$ worth of UST again
3. We mint again a shit ton of Luna to burn 65,6m$ worth of UST again, leading to another 600k$ worth of profit and then we repeat.
4. Do you see where we are going? UST gets burned because we profit and we are incentivize to buy cheap UST to burn it, providing buy pressure for UST and helping its PEG to be restored
5. If we achieve the goal of reaching PEG you know what? We can start to burn Luna again to print UST to put it back into dApps
6. If we succeed than we can start to defend the PEG better with incentives stablecoins pools, fees to increase the reserve (hopefully over-collaterized) and whatever it needs to don't fail again.

Feel free to say whatever you think but let's try to do something constructive to revive OG Terra LUNA ecosystem.",True,False,False,CryptoCurrency,t5_2wlj3,4908801,public,self,Idea for fixing the LUNA/UST algorithm,0,[],1.0,https://www.reddit.com/r/CryptoCurrency/comments/uw69xn/idea_for_fixing_the_lunaust_algorithm/,all_ads,6,1653300126.0,,,,,,,,,,
11,[],False,directorIRL,,,[],,,text,t2_6wl12td1,False,False,False,[],False,False,1653328484,youtube.com,https://www.reddit.com/r/CryptoCurrency/comments/uw63sa/terra_luna_classic_ust_revival_plan/,{},uw63sa,False,False,False,False,False,False,False,False,#0dd3bb,VIDEOS,"[{'e': 'text', 't': 'VIDEOS'}]",fee6c918-f3e4-11e5-8172-0ecf7e00c6db,VIDEOS,dark,richtext,False,False,True,1,0,False,all_ads,/r/CryptoCurrency/comments/uw63sa/terra_luna_classic_ust_revival_plan/,False,6,reddit,1653328495,1,,True,False,False,CryptoCurrency,t5_2wlj3,4908766,public,https://b.thumbs.redditmedia.com/v1Ednln6Kk_VQdsQLzYD5579896pQFvjW-tQaqsBSqE.jpg,Terra Luna Classic UST Revival Plan,0,[],1.0,https://youtube.com/watch?v=sxt9nEKcmMc&amp;feature=share,all_ads,6,1653299684.0,,rich:video,"{'enabled': False, 'images': [{'id': 'tZ_IJCkQXsytI5PM8x5lTSfHOCYaDeiIQxdedYqQvRg', 'resolutions': [{'height': 81, 'url': 'https://external-preview.redd.it/giWVXUQjCIMOVhk5Wbxzbsjac2eIJtCGeQQ-KWxJrr0.jpg?width=108&amp;crop=smart&amp;auto=webp&amp;s=11996fa00b61c0464421d14dd4e95d2835d10a0c', 'width': 108}, {'height': 162, 'url': 'https://external-preview.redd.it/giWVXUQjCIMOVhk5Wbxzbsjac2eIJtCGeQQ-KWxJrr0.jpg?width=216&amp;crop=smart&amp;auto=webp&amp;s=1b02bad9437fdc877db4ff599e42af2a0b5eefab', 'width': 216}, {'height': 240, 'url': 'https://external-preview.redd.it/giWVXUQjCIMOVhk5Wbxzbsjac2eIJtCGeQQ-KWxJrr0.jpg?width=320&amp;crop=smart&amp;auto=webp&amp;s=e89abc409fa6ae32d641633d44cbc9110339807d', 'width': 320}], 'source': {'height': 360, 'url': 'https://external-preview.redd.it/giWVXUQjCIMOVhk5Wbxzbsjac2eIJtCGeQQ-KWxJrr0.jpg?auto=webp&amp;s=06c14f84acb1d273b457bc27f10f48d33f2e19f6', 'width': 480}, 'variants': {}}]}",105.0,140.0,https://youtube.com/watch?v=sxt9nEKcmMc&amp;feature=share,"{'oembed': {'author_name': 'Crypto News Channel', 'author_url': 'https://www.youtube.com/c/CryptoNewsChannel', 'height': 200, 'html': '&lt;iframe width=""356"" height=""200"" src=""https://www.youtube.com/embed/sxt9nEKcmMc?feature=oembed&amp;enablejsapi=1"" frameborder=""0"" allow=""accelerometer; autoplay; clipboard-write; encrypted-media; gyroscope; picture-in-picture"" allowfullscreen&gt;&lt;/iframe&gt;', 'provider_name': 'YouTube', 'provider_url': 'https://www.youtube.com/', 'thumbnail_height': 360, 'thumbnail_url': 'https://i.ytimg.com/vi/sxt9nEKcmMc/hqdefault.jpg', 'thumbnail_width': 480, 'title': 'Terra Luna Classic UST Revival Plan', 'type': 'video', 'version': '1.0', 'width': 356}, 'type': 'youtube.com'}","{'content': '&lt;iframe width=""356"" height=""200"" src=""https://www.youtube.com/embed/sxt9nEKcmMc?feature=oembed&amp;enablejsapi=1"" frameborder=""0"" allow=""accelerometer; autoplay; clipboard-write; encrypted-media; gyroscope; picture-in-picture"" allowfullscreen&gt;&lt;/iframe&gt;', 'height': 200, 'scrolling': False, 'width': 356}","{'oembed': {'author_name': 'Crypto News Channel', 'author_url': 'https://www.youtube.com/c/CryptoNewsChannel', 'height': 200, 'html': '&lt;iframe width=""356"" height=""200"" src=""https://www.youtube.com/embed/sxt9nEKcmMc?feature=oembed&amp;enablejsapi=1"" frameborder=""0"" allow=""accelerometer; autoplay; clipboard-write; encrypted-media; gyroscope; picture-in-picture"" allowfullscreen&gt;&lt;/iframe&gt;', 'provider_name': 'YouTube', 'provider_url': 'https://www.youtube.com/', 'thumbnail_height': 360, 'thumbnail_url': 'https://i.ytimg.com/vi/sxt9nEKcmMc/hqdefault.jpg', 'thumbnail_width': 480, 'title': 'Terra Luna Classic UST Revival Plan', 'type': 'video', 'version': '1.0', 'width': 356}, 'type': 'youtube.com'}","{'content': '&lt;iframe width=""356"" height=""200"" src=""https://www.youtube.com/embed/sxt9nEKcmMc?feature=oembed&amp;enablejsapi=1"" frameborder=""0"" allow=""accelerometer; autoplay; clipboard-write; encrypted-media; gyroscope; picture-in-picture"" allowfullscreen&gt;&lt;/iframe&gt;', 'height': 200, 'media_domain_url': 'https://www.redditmedia.com/mediaembed/uw63sa', 'scrolling': False, 'width': 356}"
