,all_awardings,allow_live_comments,author,author_flair_background_color,author_flair_css_class,author_flair_richtext,author_flair_text,author_flair_text_color,author_flair_type,author_fullname,author_is_blocked,author_patreon_flair,author_premium,awarders,can_mod_post,contest_mode,created_utc,domain,full_link,gildings,id,is_created_from_ads_ui,is_crosspostable,is_meta,is_original_content,is_reddit_media_domain,is_robot_indexable,is_self,is_video,link_flair_background_color,link_flair_css_class,link_flair_richtext,link_flair_template_id,link_flair_text,link_flair_text_color,link_flair_type,locked,media_only,no_follow,num_comments,num_crossposts,over_18,parent_whitelist_status,permalink,pinned,pwls,retrieved_on,score,selftext,send_replies,spoiler,stickied,subreddit,subreddit_id,subreddit_subscribers,subreddit_type,thumbnail,title,total_awards_received,treatment_tags,upvote_ratio,url,url_overridden_by_dest,whitelist_status,wls,created,author_flair_template_id
0,[],False,Mutant86,,Warning-level2-2,"[{'e': 'text', 't': 'Tin'}]",Tin,dark,richtext,t2_4lrmq,False,False,False,[],False,False,1652956351,reddit.com,https://www.reddit.com/r/CryptoCurrency/comments/ut0fld/ten_days_ago_a_user_shared_on_the_terraluna/,{},ut0fld,False,True,False,False,False,True,False,False,#46d160,MARKETS,"[{'e': 'text', 't': 'MARKETS'}]",1a657c8c-e48d-11e5-a215-0e374d550989,MARKETS,light,richtext,False,False,True,0,0,False,all_ads,/r/CryptoCurrency/comments/ut0fld/ten_days_ago_a_user_shared_on_the_terraluna/,False,6,1652956362,1,,True,False,False,CryptoCurrency,t5_2wlj3,4887770,public,default,"Ten days ago, a user shared on the TerraLuna subreddit that UST had depegged and reached as low as $0.95. The comments are filled with people writing, '0.94 now', '0.92' etc. I wrote for everyone to 'Get out now.' and was promptly downvoted out of discussion.",0,[],1.0,https://www.reddit.com/r/terraluna/comments/ulxyxc/comment/i7yc756/?utm_source=share&amp;utm_medium=web2x&amp;context=3,https://www.reddit.com/r/terraluna/comments/ulxyxc/comment/i7yc756/?utm_source=share&amp;utm_medium=web2x&amp;context=3,all_ads,6,1652927551.0,
1,[],False,drhuehue,,noflair,"[{'e': 'text', 't': 'Silver'}]",Silver,dark,richtext,t2_8emrc,False,False,False,[],False,False,1652898189,self.CryptoCurrency,https://www.reddit.com/r/CryptoCurrency/comments/usjbag/do_kwon_is_managing_to_push_through_a_hard_fork/,{},usjbag,False,True,False,False,False,True,True,False,#7193ff,DISCUSSION,"[{'e': 'text', 't': 'DISCUSSION'}]",87049662-0882-11e5-82e1-0e9d1a9f7761,DISCUSSION,dark,richtext,False,False,True,0,0,False,all_ads,/r/CryptoCurrency/comments/usjbag/do_kwon_is_managing_to_push_through_a_hard_fork/,False,6,1652898200,1,"After the collapse of LUNA/UST, Do Kwon came out with a proposal to hard fork the chain to a previous snapshot and reallocate LUNA back to a 1b supply.

Through the last few days, it has become clear that the overwhelming majority of luna holders are against Do Kwon's proposal to hard fork the chain with a reversion to a previous snapshot. A simple look at the Terra agora forum + its subreddits + crypto twitter would confirm this.

However, official voting on the proposal has begun today and the validators (who have close ties to Do Kwon, presumably) are voting overwhelmingly in favor of Do Kwon's proposal, against the wishes of the community at large.

If Do Kwon manages to force through his hard fork because of his relationships with the validators that run the governance process, does this reveal a massive fundamental flaw in these smaller POS chains? It is not hard to imagine central foundations of other chains being able to force through forks and things against the wishes of small holders by simply being buddy buddy with the small number of operators who run validator nodes.",True,False,False,CryptoCurrency,t5_2wlj3,4884354,public,self,Do Kwon is managing to push through a hard fork to the TerraLuna blockchain against the wishes of the overwhelming majority of the community. Does this reveal a flaw in proof of stake blockchains?,0,[],1.0,https://www.reddit.com/r/CryptoCurrency/comments/usjbag/do_kwon_is_managing_to_push_through_a_hard_fork/,,all_ads,6,1652869389.0,261fc174-1507-11e4-8375-12313d224df5
