,all_awardings,allow_live_comments,author,author_flair_css_class,author_flair_richtext,author_flair_text,author_flair_type,author_fullname,author_is_blocked,author_patreon_flair,author_premium,awarders,can_mod_post,contest_mode,created_utc,domain,full_link,gildings,id,is_created_from_ads_ui,is_crosspostable,is_meta,is_original_content,is_reddit_media_domain,is_robot_indexable,is_self,is_video,link_flair_background_color,link_flair_css_class,link_flair_richtext,link_flair_template_id,link_flair_text,link_flair_text_color,link_flair_type,locked,media_only,no_follow,num_comments,num_crossposts,over_18,parent_whitelist_status,permalink,pinned,post_hint,preview,pwls,retrieved_on,score,selftext,send_replies,spoiler,stickied,subreddit,subreddit_id,subreddit_subscribers,subreddit_type,thumbnail,thumbnail_height,thumbnail_width,title,total_awards_received,treatment_tags,upvote_ratio,url,url_overridden_by_dest,whitelist_status,wls,created,media_metadata,author_flair_background_color,author_flair_text_color,removed_by_category,media,media_embed,secure_media,secure_media_embed
0,[],False,KravoxWeb,,[],,text,t2_ajvmdkwg,False,False,False,[],False,False,1653666747,kravox.com,https://www.reddit.com/r/CryptoCurrency/comments/uz17j7/binance_huobi_and_other_cryptocurrencies_favor/,{},uz17j7,False,True,False,True,False,True,False,False,#fec7e6,NEW,"[{'e': 'text', 't': 'NEW-COIN'}]",e533981c-10d9-11e7-89fd-0e374a7b7cbc,NEW-COIN,light,richtext,False,False,True,0,0,False,all_ads,/r/CryptoCurrency/comments/uz17j7/binance_huobi_and_other_cryptocurrencies_favor/,False,link,"{'enabled': False, 'images': [{'id': 'iELv2hhIqRkg8fqoCxfJDdI8J2hHSYQ5zeRPMuDqHTg', 'resolutions': [{'height': 86, 'url': 'https://external-preview.redd.it/MnovhUl1oNH8ZUuqUybhuWApmObRpzuhPzR5MD6HUKM.jpg?width=108&amp;crop=smart&amp;auto=webp&amp;s=5826f352931bfa42b7a6d1de373553563aff2e13', 'width': 108}, {'height': 172, 'url': 'https://external-preview.redd.it/MnovhUl1oNH8ZUuqUybhuWApmObRpzuhPzR5MD6HUKM.jpg?width=216&amp;crop=smart&amp;auto=webp&amp;s=cb1e392d289af941b61f10bcad1a0b4ae0ea834b', 'width': 216}, {'height': 256, 'url': 'https://external-preview.redd.it/MnovhUl1oNH8ZUuqUybhuWApmObRpzuhPzR5MD6HUKM.jpg?width=320&amp;crop=smart&amp;auto=webp&amp;s=4a7f7cd62587bc74078ccde3944d1ef741f5823c', 'width': 320}, {'height': 512, 'url': 'https://external-preview.redd.it/MnovhUl1oNH8ZUuqUybhuWApmObRpzuhPzR5MD6HUKM.jpg?width=640&amp;crop=smart&amp;auto=webp&amp;s=edf3a3e0d5bcd7696b5ad9288e6afea0982bae04', 'width': 640}], 'source': {'height': 624, 'url': 'https://external-preview.redd.it/MnovhUl1oNH8ZUuqUybhuWApmObRpzuhPzR5MD6HUKM.jpg?auto=webp&amp;s=190fee94d8562d0d196b4a134154967815fabc2a', 'width': 780}, 'variants': {}}]}",6,1653666757,1,,True,False,False,CryptoCurrency,t5_2wlj3,4926093,public,https://b.thumbs.redditmedia.com/DwrMyajd9V8PWQQLD3MfLBniLVyhQUH4ofhhTjKaChY.jpg,112.0,140.0,"Binance, Huobi, and other cryptocurrencies favor the Terra project revival",0,[],1.0,https://kravox.com/binance-huobi-and-other-cryptocurrencies-favor-the-terra-project-revival,https://kravox.com/binance-huobi-and-other-cryptocurrencies-favor-the-terra-project-revival,all_ads,6,1653637947.0,,,,,,,,
1,[],False,OVERTIME003,,[],,text,t2_lc6lwpc2,False,False,False,[],False,False,1653664450,self.CryptoCurrency,https://www.reddit.com/r/CryptoCurrency/comments/uz0el7/we_have_a_kill_switch_so_when_were_no_longer_in_a/,{},uz0el7,False,True,False,False,False,True,True,False,#7193ff,DISCUSSION,"[{'e': 'text', 't': 'DISCUSSION'}]",87049662-0882-11e5-82e1-0e9d1a9f7761,DISCUSSION,dark,richtext,False,False,True,1,0,False,all_ads,/r/CryptoCurrency/comments/uz0el7/we_have_a_kill_switch_so_when_were_no_longer_in_a/,False,self,"{'enabled': False, 'images': [{'id': '6zOXp34EbOxEKxtaVtXgFhYZKNquwQUZ_3Djw645Hlk', 'resolutions': [{'height': 60, 'url': 'https://external-preview.redd.it/McAXt_ISB746p89N3IXNLv2hvfT_5DgF14U0livF4R0.jpg?width=108&amp;crop=smart&amp;auto=webp&amp;s=1ef8f49e8ac315eac6527d95880050ab842a6187', 'width': 108}], 'source': {'height': 78, 'url': 'https://external-preview.redd.it/McAXt_ISB746p89N3IXNLv2hvfT_5DgF14U0livF4R0.jpg?auto=webp&amp;s=e437d7b2fa131061140e98a4fa9ed18bfdc3ff22', 'width': 140}, 'variants': {}}]}",6,1653664461,1,"Old videos are doing rounds on social media where Terra founder Do Kwon talks about the ""Kill switch"". Do Kwon is hinting in the resurfaced videos that Terra is destined to go bust as they have **“Protocol Armageddon”**. He stated in the video that the Terra team can ""**pull the trigger, and within 24 hours we are gone""** He then continues by saying ""**we burn all our assets, we cut all of our ties, and its (Terra) nothing"".**

https://preview.redd.it/wya5ofl3a1291.png?width=628&amp;format=png&amp;auto=webp&amp;s=54e281754b47927917bdd91efc45eb2b2350382a

**Video 1** about **""Terraform Labs having the KILL SWITCH"" :**

[LINK TO THE VIDEO ON TWITTER AS VIDEOS ARE NOT ALLOWED IN THE CRYPTOCURRENCY SUB.](https://twitter.com/i/status/1527568972073340929)

In another video which is from the same interview Do Kwon is talking about Terra **""going back to nothing.""** Here is what he said **:**

**“It’s a cycle of life. You begin from nothing and go back to nothing. That’s exactly where I want to be. So I think Terra’s going to be a decentralized money standard across the entire blockchain, across all of the blockchains. And I’m excited for Terraform Labs to contribute a significant portion of that early vision, but eventually to go back to nothing.”** He also said Terra going back to nothing is **“Exciting”**.

**Video 2** about **""Terra going back to nothing"" :**

[LINK TO THE VIDEO ON YOUTUBE AS VIDEOS ARE NOT ALLOWED IN THE CRYPTOCURRENCY SUB.](https://www.youtube.com/watch?v=9am8_HAVJTs&amp;t=1s)

Come on guys, we can do better than that this time. 2 already failed, and another one is incoming. Don't think it's a coincidence. Why would we invest in a project like that? Quick bucks? That about sums it up, but an overall very bad influence on cryptocurrency as a whole.",True,False,False,CryptoCurrency,t5_2wlj3,4925965,public,https://a.thumbs.redditmedia.com/3x253fKYlmjFCv04whXFTUGvWGwQ324DDHVdpSVe3R0.jpg,69.0,140.0,"We have a kill switch, so when we're no longer in a position to serve the community, we pull the trigger and within 24 hours we're gone, we burn all our assets, we cut all of our ties, and its (Terra) nothing."" - Terra Founder Do Kwon",0,[],1.0,https://www.reddit.com/r/CryptoCurrency/comments/uz0el7/we_have_a_kill_switch_so_when_were_no_longer_in_a/,,all_ads,6,1653635650.0,"{'wya5ofl3a1291': {'e': 'Image', 'id': 'wya5ofl3a1291', 'm': 'image/png', 'p': [{'u': 'https://preview.redd.it/wya5ofl3a1291.png?width=108&amp;crop=smart&amp;auto=webp&amp;s=4e3dab3c5a6d8c4fb6a836b9512e78e2f8ae39b0', 'x': 108, 'y': 53}, {'u': 'https://preview.redd.it/wya5ofl3a1291.png?width=216&amp;crop=smart&amp;auto=webp&amp;s=e54401bc434cc621d00f6214298838209a028912', 'x': 216, 'y': 107}, {'u': 'https://preview.redd.it/wya5ofl3a1291.png?width=320&amp;crop=smart&amp;auto=webp&amp;s=6e23b47edbb3aa8f8c306db4af90849adda76684', 'x': 320, 'y': 159}], 's': {'u': 'https://preview.redd.it/wya5ofl3a1291.png?width=628&amp;format=png&amp;auto=webp&amp;s=54e281754b47927917bdd91efc45eb2b2350382a', 'x': 628, 'y': 313}, 'status': 'valid'}}",,,,,,,
2,[],False,ChemicalGreek,,[],,text,t2_42blnkwd,False,False,False,[],False,False,1653663157,benzinga.com,https://www.reddit.com/r/CryptoCurrency/comments/uyzxqg/vitalik_buterin_dont_paint_all_stablecoins_with/,{},uyzxqg,False,True,False,False,False,True,False,False,#0aa18f,NEWS,"[{'e': 'text', 't': 'GENERAL-NEWS'}]",f170aab2-246f-11ec-8143-429a193c9848,GENERAL-NEWS,light,richtext,False,False,True,1,0,False,all_ads,/r/CryptoCurrency/comments/uyzxqg/vitalik_buterin_dont_paint_all_stablecoins_with/,False,link,"{'enabled': False, 'images': [{'id': '2N-wotQtVFMTk_cbaZLSfYk50K1gK67aqdhXq7B18hM', 'resolutions': [{'height': 72, 'url': 'https://external-preview.redd.it/v61ORz-PN2m-Yv4V5JT6cmSTfiGkyzXWKhtwuQzLiGU.jpg?width=108&amp;crop=smart&amp;auto=webp&amp;s=ab6bf62bb1daa09c2884aca0fb01a156a9a2b0d5', 'width': 108}, {'height': 144, 'url': 'https://external-preview.redd.it/v61ORz-PN2m-Yv4V5JT6cmSTfiGkyzXWKhtwuQzLiGU.jpg?width=216&amp;crop=smart&amp;auto=webp&amp;s=7e63ccb0af1b9120452556c42f1e55b745b8e639', 'width': 216}, {'height': 213, 'url': 'https://external-preview.redd.it/v61ORz-PN2m-Yv4V5JT6cmSTfiGkyzXWKhtwuQzLiGU.jpg?width=320&amp;crop=smart&amp;auto=webp&amp;s=1cba156d652c49a691b9dba99ca3a8485168d96d', 'width': 320}, {'height': 426, 'url': 'https://external-preview.redd.it/v61ORz-PN2m-Yv4V5JT6cmSTfiGkyzXWKhtwuQzLiGU.jpg?width=640&amp;crop=smart&amp;auto=webp&amp;s=453ba5f965c685cabd00fa3aeddecc323d46399d', 'width': 640}, {'height': 640, 'url': 'https://external-preview.redd.it/v61ORz-PN2m-Yv4V5JT6cmSTfiGkyzXWKhtwuQzLiGU.jpg?width=960&amp;crop=smart&amp;auto=webp&amp;s=9c0c1baf56a6783c99d8c14998649b2b51bb71d9', 'width': 960}, {'height': 720, 'url': 'https://external-preview.redd.it/v61ORz-PN2m-Yv4V5JT6cmSTfiGkyzXWKhtwuQzLiGU.jpg?width=1080&amp;crop=smart&amp;auto=webp&amp;s=8c4a328096a9876243efbfb5a9d44ecb4a3a4150', 'width': 1080}], 'source': {'height': 800, 'url': 'https://external-preview.redd.it/v61ORz-PN2m-Yv4V5JT6cmSTfiGkyzXWKhtwuQzLiGU.jpg?auto=webp&amp;s=759e1eb2dc734d2f19958928c1a10b6710f18657', 'width': 1200}, 'variants': {}}]}",6,1653663167,1,,True,False,False,CryptoCurrency,t5_2wlj3,4925878,public,https://b.thumbs.redditmedia.com/1FktCecsT2dri_bowAPovreScN4ZJ0zC9hsiRc5LLXU.jpg,93.0,140.0,Vitalik Buterin: Don't Paint All Stablecoins With The Same Brush After Terra (LUNA) Crash,0,[],1.0,https://www.benzinga.com/amp/content/27435661,https://www.benzinga.com/amp/content/27435661,all_ads,6,1653634357.0,,,,,,,,
3,[],False,marban,noflair,[],,text,t2_1vtl4,False,False,True,[],False,False,1653656715,watcher.guru,https://www.reddit.com/r/CryptoCurrency/comments/uyxssw/terra_lost_two_of_its_largest_staking_firms/,{},uyxssw,False,False,False,False,False,False,False,False,,mod4,"[{'e': 'text', 't': '🔴 UNRELIABLE SOURCE'}]",,🔴 UNRELIABLE SOURCE,dark,richtext,False,False,True,1,0,False,all_ads,/r/CryptoCurrency/comments/uyxssw/terra_lost_two_of_its_largest_staking_firms/,False,link,"{'enabled': False, 'images': [{'id': '3_xbKEC4HDJuGH5P9LlDVLNDp-izOkqbP7v0AqGXZsc', 'resolutions': [{'height': 72, 'url': 'https://external-preview.redd.it/w1WxcOrkvLgWNZy9txaG8dVfUL16f5Rp1GPz6KS2aIQ.jpg?width=108&amp;crop=smart&amp;auto=webp&amp;s=ffffe0d709846890572259103e6249087f86857b', 'width': 108}, {'height': 144, 'url': 'https://external-preview.redd.it/w1WxcOrkvLgWNZy9txaG8dVfUL16f5Rp1GPz6KS2aIQ.jpg?width=216&amp;crop=smart&amp;auto=webp&amp;s=bba7ef1d9187c19a8fb9c5cacb01953ac0ecc752', 'width': 216}, {'height': 213, 'url': 'https://external-preview.redd.it/w1WxcOrkvLgWNZy9txaG8dVfUL16f5Rp1GPz6KS2aIQ.jpg?width=320&amp;crop=smart&amp;auto=webp&amp;s=d7550b8e8f1bf44eefaeb9be5dac901099999956', 'width': 320}, {'height': 427, 'url': 'https://external-preview.redd.it/w1WxcOrkvLgWNZy9txaG8dVfUL16f5Rp1GPz6KS2aIQ.jpg?width=640&amp;crop=smart&amp;auto=webp&amp;s=31640fbb886f7671f8f1bfc01ba9a80793ff14b1', 'width': 640}, {'height': 640, 'url': 'https://external-preview.redd.it/w1WxcOrkvLgWNZy9txaG8dVfUL16f5Rp1GPz6KS2aIQ.jpg?width=960&amp;crop=smart&amp;auto=webp&amp;s=00245592100cefc345ea7d28af1f5ce40f7e050d', 'width': 960}, {'height': 720, 'url': 'https://external-preview.redd.it/w1WxcOrkvLgWNZy9txaG8dVfUL16f5Rp1GPz6KS2aIQ.jpg?width=1080&amp;crop=smart&amp;auto=webp&amp;s=9ae3cc9ce8bba2e4955ed821563781921865ace3', 'width': 1080}], 'source': {'height': 1281, 'url': 'https://external-preview.redd.it/w1WxcOrkvLgWNZy9txaG8dVfUL16f5Rp1GPz6KS2aIQ.jpg?auto=webp&amp;s=dbd1757cfdef99b833dc5e7b2c134862f06e5322', 'width': 1920}, 'variants': {}}]}",6,1653656725,1,,True,False,False,CryptoCurrency,t5_2wlj3,4925539,public,https://b.thumbs.redditmedia.com/vWFb4zJlNVYGYCv9dJ5_JUAlOCg1gTKN2UefjDUkGBs.jpg,93.0,140.0,Terra Lost Two of its Largest Staking Firms,0,[],1.0,https://watcher.guru/news/terra-lost-two-of-its-largest-staking-firms,https://watcher.guru/news/terra-lost-two-of-its-largest-staking-firms,all_ads,6,1653627915.0,,,dark,reddit,,,,
4,[],False,VinodJasonDsouza,Training,"[{'e': 'text', 't': 'Redditor for 3 months.'}]",Redditor for 3 months.,richtext,t2_ctys6mcd,False,False,False,[],False,False,1653653504,watcherguru.com,https://www.reddit.com/r/CryptoCurrency/comments/uywvi3/terra_luna_20_launch_price_what_is_luna_price_on/,{},uywvi3,False,True,False,False,False,True,False,False,#add2e2,ADVICE,"[{'e': 'text', 't': 'ANALYSIS'}]",c1034ee6-9c2a-11e3-a8c4-12313b0e8e20,ANALYSIS,dark,richtext,False,False,False,0,0,False,all_ads,/r/CryptoCurrency/comments/uywvi3/terra_luna_20_launch_price_what_is_luna_price_on/,False,link,"{'enabled': False, 'images': [{'id': 'HQlYc3tnjRFf_52bwmqVhThR7Xr_JEYzQ4Knb1QYBIg', 'resolutions': [{'height': 84, 'url': 'https://external-preview.redd.it/XUWmmZnIMEECCf5PvMPb-pLq8HCcUOK6J-uw189RRuk.jpg?width=108&amp;crop=smart&amp;auto=webp&amp;s=2aaa839f9dbf064f1e73939fbe1c9d7270a2a611', 'width': 108}, {'height': 169, 'url': 'https://external-preview.redd.it/XUWmmZnIMEECCf5PvMPb-pLq8HCcUOK6J-uw189RRuk.jpg?width=216&amp;crop=smart&amp;auto=webp&amp;s=74bf0f2104afccca1a453939a25c7539c007b305', 'width': 216}, {'height': 250, 'url': 'https://external-preview.redd.it/XUWmmZnIMEECCf5PvMPb-pLq8HCcUOK6J-uw189RRuk.jpg?width=320&amp;crop=smart&amp;auto=webp&amp;s=aa4f690c258da2b1f0682539c778e816bdab7300', 'width': 320}, {'height': 501, 'url': 'https://external-preview.redd.it/XUWmmZnIMEECCf5PvMPb-pLq8HCcUOK6J-uw189RRuk.jpg?width=640&amp;crop=smart&amp;auto=webp&amp;s=465c4485790be45d12f1e528a04c040a9d106a52', 'width': 640}, {'height': 752, 'url': 'https://external-preview.redd.it/XUWmmZnIMEECCf5PvMPb-pLq8HCcUOK6J-uw189RRuk.jpg?width=960&amp;crop=smart&amp;auto=webp&amp;s=555aff3e38910be10a6744198f87b0cc75fa7234', 'width': 960}], 'source': {'height': 815, 'url': 'https://external-preview.redd.it/XUWmmZnIMEECCf5PvMPb-pLq8HCcUOK6J-uw189RRuk.jpg?auto=webp&amp;s=5db9add2ecb7029fa639b6ee6443dc741f50fa41', 'width': 1040}, 'variants': {}}]}",6,1653653515,1,,True,False,False,CryptoCurrency,t5_2wlj3,4925369,public,https://b.thumbs.redditmedia.com/GJ83Iac20zNhF7FTE-DtxetsywalxBnnct9OHPS80ok.jpg,109.0,140.0,Terra Luna 2.0 Launch Price: What is Luna Price on Day 1?,0,[],1.0,https://watcherguru.com/news/what-is-terra-luna-2-0-launch-price-on-day-1,https://watcherguru.com/news/what-is-terra-luna-2-0-launch-price-on-day-1,all_ads,6,1653624704.0,,,dark,,,,,
5,[],False,Spiderman8291,,"[{'e': 'text', 't': ' Omicron bear market survivor'}]", Omicron bear market survivor,richtext,t2_a4nxnopj,False,False,False,[],False,False,1653645121,coingape.com,https://www.reddit.com/r/CryptoCurrency/comments/uyuqyz/terra_20_delayed_heres_how_the_luna_airdrop_will/,{},uyuqyz,False,False,False,False,False,False,False,False,#014980,UPDATE,"[{'e': 'text', 't': 'PROJECT-UPDATE'}]",0de51794-8fa8-11eb-8c8b-0e387731294b,PROJECT-UPDATE,light,richtext,False,False,True,0,0,False,all_ads,/r/CryptoCurrency/comments/uyuqyz/terra_20_delayed_heres_how_the_luna_airdrop_will/,False,link,"{'enabled': False, 'images': [{'id': 'tfffWUGUdqZv4bz4X50K5dg6eCo1xPUJubXZvpM-wCQ', 'resolutions': [{'height': 56, 'url': 'https://external-preview.redd.it/RLWkLfIlpqAIMrYMVQnlNUgxviBoompsVKdjRXlG81k.jpg?width=108&amp;crop=smart&amp;auto=webp&amp;s=0e3eb5741b716e62530b66ab80c8234296c4252b', 'width': 108}, {'height': 113, 'url': 'https://external-preview.redd.it/RLWkLfIlpqAIMrYMVQnlNUgxviBoompsVKdjRXlG81k.jpg?width=216&amp;crop=smart&amp;auto=webp&amp;s=a3715baf4b9c4d342ee66f3e96698d28942b6827', 'width': 216}, {'height': 167, 'url': 'https://external-preview.redd.it/RLWkLfIlpqAIMrYMVQnlNUgxviBoompsVKdjRXlG81k.jpg?width=320&amp;crop=smart&amp;auto=webp&amp;s=517d3ffb8e6300ab25c8721b49dc0cde4feac6f4', 'width': 320}, {'height': 334, 'url': 'https://external-preview.redd.it/RLWkLfIlpqAIMrYMVQnlNUgxviBoompsVKdjRXlG81k.jpg?width=640&amp;crop=smart&amp;auto=webp&amp;s=57b663787f273edf5b72ca2cd0ff54bcbe30ff6f', 'width': 640}, {'height': 502, 'url': 'https://external-preview.redd.it/RLWkLfIlpqAIMrYMVQnlNUgxviBoompsVKdjRXlG81k.jpg?width=960&amp;crop=smart&amp;auto=webp&amp;s=7d910a55fb77c17b2522cffa68f34cb27e48e4d4', 'width': 960}, {'height': 565, 'url': 'https://external-preview.redd.it/RLWkLfIlpqAIMrYMVQnlNUgxviBoompsVKdjRXlG81k.jpg?width=1080&amp;crop=smart&amp;auto=webp&amp;s=502518c2857be07eebb19406c211d5d0574887c2', 'width': 1080}], 'source': {'height': 628, 'url': 'https://external-preview.redd.it/RLWkLfIlpqAIMrYMVQnlNUgxviBoompsVKdjRXlG81k.jpg?auto=webp&amp;s=14f4888eb4c9adcca3b36d65a4c42e620df010a4', 'width': 1200}, 'variants': {}}]}",6,1653645131,1,,True,False,False,CryptoCurrency,t5_2wlj3,4924946,public,https://b.thumbs.redditmedia.com/xCl-deIjDiyq7Xb84ZhC8EO0ZYu5DX76mQh3iUo4RoY.jpg,73.0,140.0,"Terra 2.0 Delayed, Here's How The LUNA Airdrop Will Play Out",0,[],1.0,https://coingape.com/terra-2-0-delayed-heres-how-the-luna-airdrop-will-play-out/,https://coingape.com/terra-2-0-delayed-heres-how-the-luna-airdrop-will-play-out/,all_ads,6,1653616321.0,,,dark,automod_filtered,,,,
6,[],False,Strong-Leg1643,,[],,text,t2_9he5bxdn,False,False,False,[],False,False,1653633992,self.CryptoCurrency,https://www.reddit.com/r/CryptoCurrency/comments/uys71p/is_solana_the_next_terra/,{},uys71p,False,False,False,False,False,False,True,False,#add2e2,ADVICE,"[{'e': 'text', 't': 'ANALYSIS'}]",c1034ee6-9c2a-11e3-a8c4-12313b0e8e20,ANALYSIS,dark,richtext,False,False,True,1,0,False,all_ads,/r/CryptoCurrency/comments/uys71p/is_solana_the_next_terra/,False,,,6,1653634003,1,[removed],True,False,False,CryptoCurrency,t5_2wlj3,4924467,public,self,,,Is Solana the Next Terra ???,0,[],1.0,https://www.reddit.com/r/CryptoCurrency/comments/uys71p/is_solana_the_next_terra/,,all_ads,6,1653605192.0,,,,moderator,,,,
7,[],False,SpunPunt,Warning-level2-2,"[{'e': 'text', 't': 'Tin'}]",Tin,richtext,t2_dywkm9y7,False,False,False,[],False,False,1653632163,self.CryptoCurrency,https://www.reddit.com/r/CryptoCurrency/comments/uyrqww/honestly_besides_the_fact_im_a_noob_i_feel_like_i/,{},uyrqww,False,False,False,False,False,False,True,False,#46d160,ADVICE,"[{'e': 'text', 't': 'ADVICE'}]",e9570888-9c2a-11e3-809c-12313d1661cc,ADVICE,dark,richtext,False,False,True,1,0,False,all_ads,/r/CryptoCurrency/comments/uyrqww/honestly_besides_the_fact_im_a_noob_i_feel_like_i/,False,,,6,1653632174,1,[removed],True,False,False,CryptoCurrency,t5_2wlj3,4924401,public,self,,,"Honestly, besides the fact I’m a noob I feel like I got info overload on the terra 2.0 transition. Help",0,[],1.0,https://www.reddit.com/r/CryptoCurrency/comments/uyrqww/honestly_besides_the_fact_im_a_noob_i_feel_like_i/,,all_ads,6,1653603363.0,,,dark,moderator,,,,
8,[],False,AncestralMano, Moon,"[{'e': 'text', 't': ' call me Moon Samurai'}]", call me Moon Samurai,richtext,t2_5tvm4e09,False,False,False,[],False,False,1653631217,cryptopotato.com,https://www.reddit.com/r/CryptoCurrency/comments/uyricm/terra_20_this_is_what_luna_holders_need_to_know/,{},uyricm,False,True,False,False,False,True,False,False,#7193ff,DISCUSSION,"[{'e': 'text', 't': 'DISCUSSION'}]",87049662-0882-11e5-82e1-0e9d1a9f7761,DISCUSSION,dark,richtext,False,False,True,0,0,False,all_ads,/r/CryptoCurrency/comments/uyricm/terra_20_this_is_what_luna_holders_need_to_know/,False,link,"{'enabled': False, 'images': [{'id': '6Uhd0v3MSfahM39My8epNIaeGP1y96s81S6dGMs8-GE', 'resolutions': [{'height': 64, 'url': 'https://external-preview.redd.it/_DbuVPVnMscS2uTaYxKEvEeWJ7NnzHQYXSqkU3MAV_g.jpg?width=108&amp;crop=smart&amp;auto=webp&amp;s=65c9b2d55545648a30090c89c5d34da6265b2181', 'width': 108}, {'height': 129, 'url': 'https://external-preview.redd.it/_DbuVPVnMscS2uTaYxKEvEeWJ7NnzHQYXSqkU3MAV_g.jpg?width=216&amp;crop=smart&amp;auto=webp&amp;s=ab860c65e317778c0944410e54ee449bcbdfa2ec', 'width': 216}, {'height': 191, 'url': 'https://external-preview.redd.it/_DbuVPVnMscS2uTaYxKEvEeWJ7NnzHQYXSqkU3MAV_g.jpg?width=320&amp;crop=smart&amp;auto=webp&amp;s=777cf22a8350996cc301beb1b7213e0c25f4f035', 'width': 320}, {'height': 383, 'url': 'https://external-preview.redd.it/_DbuVPVnMscS2uTaYxKEvEeWJ7NnzHQYXSqkU3MAV_g.jpg?width=640&amp;crop=smart&amp;auto=webp&amp;s=b17465e061c318b3b37162cbe29503894eef9ef1', 'width': 640}, {'height': 575, 'url': 'https://external-preview.redd.it/_DbuVPVnMscS2uTaYxKEvEeWJ7NnzHQYXSqkU3MAV_g.jpg?width=960&amp;crop=smart&amp;auto=webp&amp;s=2507e5f11d7cfb2edec2929469df04b16d52ef67', 'width': 960}, {'height': 647, 'url': 'https://external-preview.redd.it/_DbuVPVnMscS2uTaYxKEvEeWJ7NnzHQYXSqkU3MAV_g.jpg?width=1080&amp;crop=smart&amp;auto=webp&amp;s=f02cd0b1e32be0cb0fb69ddb573df46e9e27fc15', 'width': 1080}], 'source': {'height': 720, 'url': 'https://external-preview.redd.it/_DbuVPVnMscS2uTaYxKEvEeWJ7NnzHQYXSqkU3MAV_g.jpg?auto=webp&amp;s=241ee54712d9dfe94f0a34a94b15a08a0570205b', 'width': 1201}, 'variants': {}}]}",6,1653631227,1,,False,False,False,CryptoCurrency,t5_2wlj3,4924357,public,https://b.thumbs.redditmedia.com/71ukYq_mPKz3jbME9c7mKaplfizWY85G5PcElolTD_U.jpg,83.0,140.0,Terra 2.0: This is What LUNA Holders Need to Know,0,[],1.0,https://cryptopotato.com/terra-2-0-this-is-what-luna-holders-need-to-know/,https://cryptopotato.com/terra-2-0-this-is-what-luna-holders-need-to-know/,all_ads,6,1653602417.0,,,dark,,,,,
9,[],False,iamwizzerd,,"[{'e': 'text', 't': 'Platinum | QC: CC 471'}]",Platinum | QC: CC 471,richtext,t2_77s1s,False,False,False,[],False,False,1653625411,cointelegraph.com,https://www.reddit.com/r/CryptoCurrency/comments/uypyp5/exchanges_show_initial_support_to_terra_revival/,{},uypyp5,False,True,False,False,False,True,False,False,#0aa18f,NEWS,"[{'e': 'text', 't': 'GENERAL-NEWS'}]",f170aab2-246f-11ec-8143-429a193c9848,GENERAL-NEWS,light,richtext,False,False,True,0,0,False,all_ads,/r/CryptoCurrency/comments/uypyp5/exchanges_show_initial_support_to_terra_revival/,False,link,"{'enabled': False, 'images': [{'id': 'VMgsaTCF8wW45vhqZjm6-TSuEuoQbxkXIC0meGete8s', 'resolutions': [{'height': 71, 'url': 'https://external-preview.redd.it/ReYdx13Oy9a0LAaKplmOP_Gt_Opryxc0YQzK63NwUdQ.jpg?width=108&amp;crop=smart&amp;auto=webp&amp;s=0aa999f635764225de0027ae899548e3351e953d', 'width': 108}, {'height': 143, 'url': 'https://external-preview.redd.it/ReYdx13Oy9a0LAaKplmOP_Gt_Opryxc0YQzK63NwUdQ.jpg?width=216&amp;crop=smart&amp;auto=webp&amp;s=3ae3c24a757b67f177e790008f4d762bfe048a13', 'width': 216}, {'height': 213, 'url': 'https://external-preview.redd.it/ReYdx13Oy9a0LAaKplmOP_Gt_Opryxc0YQzK63NwUdQ.jpg?width=320&amp;crop=smart&amp;auto=webp&amp;s=43dc854a25b27898fb457a5c5fedac6d048af946', 'width': 320}, {'height': 426, 'url': 'https://external-preview.redd.it/ReYdx13Oy9a0LAaKplmOP_Gt_Opryxc0YQzK63NwUdQ.jpg?width=640&amp;crop=smart&amp;auto=webp&amp;s=dce9977c088c66d786f6b877cfb127f5ddb7fdbc', 'width': 640}, {'height': 639, 'url': 'https://external-preview.redd.it/ReYdx13Oy9a0LAaKplmOP_Gt_Opryxc0YQzK63NwUdQ.jpg?width=960&amp;crop=smart&amp;auto=webp&amp;s=75d764626924fd8748e00a6f1cd1302d67cc2acd', 'width': 960}, {'height': 719, 'url': 'https://external-preview.redd.it/ReYdx13Oy9a0LAaKplmOP_Gt_Opryxc0YQzK63NwUdQ.jpg?width=1080&amp;crop=smart&amp;auto=webp&amp;s=ffb4b050de1291c802f43b1527aafde07d778812', 'width': 1080}], 'source': {'height': 773, 'url': 'https://external-preview.redd.it/ReYdx13Oy9a0LAaKplmOP_Gt_Opryxc0YQzK63NwUdQ.jpg?auto=webp&amp;s=8ce59385aaab2d7368a123845d7f3057a8cc0697', 'width': 1160}, 'variants': {}}]}",6,1653625421,1,,True,False,False,CryptoCurrency,t5_2wlj3,4924093,public,https://b.thumbs.redditmedia.com/AeKZTqTVZ-yrGFH__wFtyWT3rKf1XsK4-oY1PobRM6w.jpg,93.0,140.0,Exchanges show initial support to Terra revival by listing new token,0,[],1.0,https://cointelegraph.com/news/exchanges-show-initial-support-to-terra-revival-by-listing-new-luna-token,https://cointelegraph.com/news/exchanges-show-initial-support-to-terra-revival-by-listing-new-luna-token,all_ads,6,1653596611.0,,,dark,,,,,
10,[],False,Necessary-Bathroom14,Warning-level2-2,"[{'e': 'text', 't': 'Tin'}]",Tin,richtext,t2_8zbsq4yt,False,False,False,[],False,False,1653618564,cointelegraph.com,https://www.reddit.com/r/CryptoCurrency/comments/uyny7o/bitcoin_good_to_go_up_after_btc_price_hits_lowest/,{},uyny7o,False,True,False,False,False,True,False,False,#0aa18f,NEWS,"[{'e': 'text', 't': 'GENERAL-NEWS'}]",f170aab2-246f-11ec-8143-429a193c9848,GENERAL-NEWS,light,richtext,False,False,True,0,0,False,all_ads,/r/CryptoCurrency/comments/uyny7o/bitcoin_good_to_go_up_after_btc_price_hits_lowest/,False,link,"{'enabled': False, 'images': [{'id': 'GmkNpHUAAv6SG0V34pFXe9zGBHRFxF9pWeo4dB3ZtIU', 'resolutions': [{'height': 71, 'url': 'https://external-preview.redd.it/EcUlBv8pE44xI1cPhxrz5bV2dwHwrWh4jZPgaTuY6ys.jpg?width=108&amp;crop=smart&amp;auto=webp&amp;s=c0515b80e8f92be00b0d116145f683efa5a8b6cb', 'width': 108}, {'height': 143, 'url': 'https://external-preview.redd.it/EcUlBv8pE44xI1cPhxrz5bV2dwHwrWh4jZPgaTuY6ys.jpg?width=216&amp;crop=smart&amp;auto=webp&amp;s=eaca41a0f55dbc4f95e2c3a6bd00787a2d4ae33e', 'width': 216}, {'height': 213, 'url': 'https://external-preview.redd.it/EcUlBv8pE44xI1cPhxrz5bV2dwHwrWh4jZPgaTuY6ys.jpg?width=320&amp;crop=smart&amp;auto=webp&amp;s=908ea5c1d8f4cbcb315def154343742a09532cfd', 'width': 320}, {'height': 426, 'url': 'https://external-preview.redd.it/EcUlBv8pE44xI1cPhxrz5bV2dwHwrWh4jZPgaTuY6ys.jpg?width=640&amp;crop=smart&amp;auto=webp&amp;s=113508cc3ed05ae6d78fb1ff04cecd528a2075be', 'width': 640}, {'height': 639, 'url': 'https://external-preview.redd.it/EcUlBv8pE44xI1cPhxrz5bV2dwHwrWh4jZPgaTuY6ys.jpg?width=960&amp;crop=smart&amp;auto=webp&amp;s=24372f98ac1cdf1c76a86e28764bc14684457195', 'width': 960}, {'height': 719, 'url': 'https://external-preview.redd.it/EcUlBv8pE44xI1cPhxrz5bV2dwHwrWh4jZPgaTuY6ys.jpg?width=1080&amp;crop=smart&amp;auto=webp&amp;s=36365c13370a827882008a9b4f1378fb13ec338e', 'width': 1080}], 'source': {'height': 773, 'url': 'https://external-preview.redd.it/EcUlBv8pE44xI1cPhxrz5bV2dwHwrWh4jZPgaTuY6ys.jpg?auto=webp&amp;s=1f0f659dc53134e3162120cf3f60f1854f0bac4a', 'width': 1160}, 'variants': {}}]}",6,1653618575,1,,True,False,False,CryptoCurrency,t5_2wlj3,4923728,public,https://b.thumbs.redditmedia.com/HB24QvhPlEW0O5PSl8eCfUinzitbzvYqDvXWWxy5u0E.jpg,93.0,140.0,Bitcoin 'good to go up' after BTC price hits lowest since Terra crash,0,[],1.0,https://cointelegraph.com/news/bitcoin-good-to-go-up-after-btc-price-hits-lowest-since-terra-crash,https://cointelegraph.com/news/bitcoin-good-to-go-up-after-btc-price-hits-lowest-since-terra-crash,all_ads,6,1653589764.0,,,dark,,,,,
11,[],False,Mapegz,Warning-level2-2,"[{'e': 'text', 't': 'Tin'}]",Tin,richtext,t2_8eaw0u0j,False,False,True,[],False,False,1653600850,binance.com,https://www.reddit.com/r/CryptoCurrency/comments/uyi4ce/binance_will_support_the_terra_network_airdrop/,{},uyi4ce,False,False,False,False,False,False,False,False,#0aa18f,NEWS,"[{'e': 'text', 't': 'GENERAL-NEWS'}]",f170aab2-246f-11ec-8143-429a193c9848,GENERAL-NEWS,light,richtext,False,False,True,0,0,False,all_ads,/r/CryptoCurrency/comments/uyi4ce/binance_will_support_the_terra_network_airdrop/,False,link,"{'enabled': False, 'images': [{'id': 'QLDrKeDXKOvhK3ENjoFTPjQTxn3m2eBl-b5j-FYXWDA', 'resolutions': [{'height': 60, 'url': 'https://external-preview.redd.it/-LYYBB0H18W6B5QwqDb5Tfxi_7euIUo_GHN9mMiSJ0g.jpg?width=108&amp;crop=smart&amp;auto=webp&amp;s=f25548940d55a105d38a83f5db26c0a1cfc6bb27', 'width': 108}, {'height': 121, 'url': 'https://external-preview.redd.it/-LYYBB0H18W6B5QwqDb5Tfxi_7euIUo_GHN9mMiSJ0g.jpg?width=216&amp;crop=smart&amp;auto=webp&amp;s=386b8dcf9839d7424fb691b985e63e62be623756', 'width': 216}, {'height': 180, 'url': 'https://external-preview.redd.it/-LYYBB0H18W6B5QwqDb5Tfxi_7euIUo_GHN9mMiSJ0g.jpg?width=320&amp;crop=smart&amp;auto=webp&amp;s=74474bb30170593ecf5a036e5d942f02232bd032', 'width': 320}, {'height': 360, 'url': 'https://external-preview.redd.it/-LYYBB0H18W6B5QwqDb5Tfxi_7euIUo_GHN9mMiSJ0g.jpg?width=640&amp;crop=smart&amp;auto=webp&amp;s=92f25f0497e8346b9054e1b8ecb1954f00b82a0c', 'width': 640}], 'source': {'height': 360, 'url': 'https://external-preview.redd.it/-LYYBB0H18W6B5QwqDb5Tfxi_7euIUo_GHN9mMiSJ0g.jpg?auto=webp&amp;s=7c1a029e4bde43145c90d17110a8be7d6c18e27c', 'width': 640}, 'variants': {}}]}",6,1653600860,1,,False,False,False,CryptoCurrency,t5_2wlj3,4922783,public,https://b.thumbs.redditmedia.com/AJqNryeQTglraoa4U-fbpfzEFpnAikBQRA-pINDJJuU.jpg,78.0,140.0,Binance Will Support the Terra Network Airdrop,0,[],1.0,https://www.binance.com/en/support/announcement/c52fa3c686be4b2b9d5df50de15847ec,https://www.binance.com/en/support/announcement/c52fa3c686be4b2b9d5df50de15847ec,all_ads,6,1653572050.0,,,dark,automod_filtered,,,,
12,[],False,333Crypto,Warning-level3,"[{'e': 'text', 't': '1 - 2 years account age. -15 - 35 comment karma.'}]",1 - 2 years account age. -15 - 35 comment karma.,richtext,t2_a1upju1u,False,False,False,[],False,False,1653600599,youtube.com,https://www.reddit.com/r/CryptoCurrency/comments/uyi187/terra_luna_2_is_out_all_ust_to_be_burnt_crypto/,{},uyi187,False,True,False,False,False,True,False,False,#0dd3bb,VIDEOS,"[{'e': 'text', 't': 'VIDEOS'}]",fee6c918-f3e4-11e5-8172-0ecf7e00c6db,VIDEOS,dark,richtext,False,False,True,1,0,False,all_ads,/r/CryptoCurrency/comments/uyi187/terra_luna_2_is_out_all_ust_to_be_burnt_crypto/,False,rich:video,"{'enabled': False, 'images': [{'id': '6Yif5ZkjWDtMKbmFL_WchhKsc5-p3qGYMpSaz8vc-60', 'resolutions': [{'height': 81, 'url': 'https://external-preview.redd.it/OF9X1bqHoV_s5P2a0d7hKAEIRpo66C6wWmEFNmAfjT8.jpg?width=108&amp;crop=smart&amp;auto=webp&amp;s=b793d8652300fc6e853cbdc7483d7917271b5fc8', 'width': 108}, {'height': 162, 'url': 'https://external-preview.redd.it/OF9X1bqHoV_s5P2a0d7hKAEIRpo66C6wWmEFNmAfjT8.jpg?width=216&amp;crop=smart&amp;auto=webp&amp;s=c83da1c000d797ea5c5af3804a4aa22f26bd6278', 'width': 216}, {'height': 240, 'url': 'https://external-preview.redd.it/OF9X1bqHoV_s5P2a0d7hKAEIRpo66C6wWmEFNmAfjT8.jpg?width=320&amp;crop=smart&amp;auto=webp&amp;s=bca22c4da030441b32b822736c3337bb9265a3bc', 'width': 320}], 'source': {'height': 360, 'url': 'https://external-preview.redd.it/OF9X1bqHoV_s5P2a0d7hKAEIRpo66C6wWmEFNmAfjT8.jpg?auto=webp&amp;s=7edbf8f50b183f170e579c196a078155a16bbd81', 'width': 480}, 'variants': {}}]}",6,1653600609,1,,True,False,False,CryptoCurrency,t5_2wlj3,4922773,public,https://b.thumbs.redditmedia.com/ZwKHo94gl5EuMEeQoD0G1KWpJp2dxCbvkhS0P5WYYsc.jpg,105.0,140.0,Terra (LUNA) 2 is OUT! All UST to be BURNT! Crypto Market Update!,0,[],1.0,https://youtube.com/watch?v=f2djTW8AZvI&amp;feature=share,https://youtube.com/watch?v=f2djTW8AZvI&amp;feature=share,all_ads,6,1653571799.0,,,dark,,"{'oembed': {'author_name': '333 Crypto', 'author_url': 'https://www.youtube.com/channel/UCmJ3yraAAsFlewGAu5K4nYA', 'height': 200, 'html': '&lt;iframe width=""356"" height=""200"" src=""https://www.youtube.com/embed/f2djTW8AZvI?feature=oembed&amp;enablejsapi=1"" frameborder=""0"" allow=""accelerometer; autoplay; clipboard-write; encrypted-media; gyroscope; picture-in-picture"" allowfullscreen&gt;&lt;/iframe&gt;', 'provider_name': 'YouTube', 'provider_url': 'https://www.youtube.com/', 'thumbnail_height': 360, 'thumbnail_url': 'https://i.ytimg.com/vi/f2djTW8AZvI/hqdefault.jpg', 'thumbnail_width': 480, 'title': 'Terra (LUNA) 2 is OUT! All UST to be BURNT! Crypto Market Update!', 'type': 'video', 'version': '1.0', 'width': 356}, 'type': 'youtube.com'}","{'content': '&lt;iframe width=""356"" height=""200"" src=""https://www.youtube.com/embed/f2djTW8AZvI?feature=oembed&amp;enablejsapi=1"" frameborder=""0"" allow=""accelerometer; autoplay; clipboard-write; encrypted-media; gyroscope; picture-in-picture"" allowfullscreen&gt;&lt;/iframe&gt;', 'height': 200, 'scrolling': False, 'width': 356}","{'oembed': {'author_name': '333 Crypto', 'author_url': 'https://www.youtube.com/channel/UCmJ3yraAAsFlewGAu5K4nYA', 'height': 200, 'html': '&lt;iframe width=""356"" height=""200"" src=""https://www.youtube.com/embed/f2djTW8AZvI?feature=oembed&amp;enablejsapi=1"" frameborder=""0"" allow=""accelerometer; autoplay; clipboard-write; encrypted-media; gyroscope; picture-in-picture"" allowfullscreen&gt;&lt;/iframe&gt;', 'provider_name': 'YouTube', 'provider_url': 'https://www.youtube.com/', 'thumbnail_height': 360, 'thumbnail_url': 'https://i.ytimg.com/vi/f2djTW8AZvI/hqdefault.jpg', 'thumbnail_width': 480, 'title': 'Terra (LUNA) 2 is OUT! All UST to be BURNT! Crypto Market Update!', 'type': 'video', 'version': '1.0', 'width': 356}, 'type': 'youtube.com'}","{'content': '&lt;iframe width=""356"" height=""200"" src=""https://www.youtube.com/embed/f2djTW8AZvI?feature=oembed&amp;enablejsapi=1"" frameborder=""0"" allow=""accelerometer; autoplay; clipboard-write; encrypted-media; gyroscope; picture-in-picture"" allowfullscreen&gt;&lt;/iframe&gt;', 'height': 200, 'media_domain_url': 'https://www.redditmedia.com/mediaembed/uyi187', 'scrolling': False, 'width': 356}"
13,[],False,Livid-Comb-2134,,[],,text,t2_m0nuhjvs,False,False,False,[],False,False,1653599645,cryptoplive.com,https://www.reddit.com/r/CryptoCurrency/comments/uyhpbs/indias_central_bank_governor_warns_about_crypto/,{},uyhpbs,False,False,False,False,False,False,False,False,#fec7e6,NEW,"[{'e': 'text', 't': 'NEW-COIN'}]",e533981c-10d9-11e7-89fd-0e374a7b7cbc,NEW-COIN,light,richtext,False,False,True,0,0,False,all_ads,/r/CryptoCurrency/comments/uyhpbs/indias_central_bank_governor_warns_about_crypto/,False,link,"{'enabled': False, 'images': [{'id': 'pGjeHwaI6f7PzKdq6iWnlsEsrCxDTMrIeLFHFtMaw7I', 'resolutions': [{'height': 60, 'url': 'https://external-preview.redd.it/OnOEck9lCDKB2Jb-7wKChAh4CaHXbXLbob4EEmkMOJ8.jpg?width=108&amp;crop=smart&amp;auto=webp&amp;s=25f4b8c6f5937f8fdf3cd69bff9fc4992960c3b2', 'width': 108}, {'height': 121, 'url': 'https://external-preview.redd.it/OnOEck9lCDKB2Jb-7wKChAh4CaHXbXLbob4EEmkMOJ8.jpg?width=216&amp;crop=smart&amp;auto=webp&amp;s=ab07550d844bd564e14bcbc040cb3065085bde55', 'width': 216}, {'height': 180, 'url': 'https://external-preview.redd.it/OnOEck9lCDKB2Jb-7wKChAh4CaHXbXLbob4EEmkMOJ8.jpg?width=320&amp;crop=smart&amp;auto=webp&amp;s=19060a869906d73f169bcb1ef3499cd5012af4b8', 'width': 320}, {'height': 360, 'url': 'https://external-preview.redd.it/OnOEck9lCDKB2Jb-7wKChAh4CaHXbXLbob4EEmkMOJ8.jpg?width=640&amp;crop=smart&amp;auto=webp&amp;s=f50f5f43298e7a23d7947c4602442ffecb6ddbab', 'width': 640}, {'height': 540, 'url': 'https://external-preview.redd.it/OnOEck9lCDKB2Jb-7wKChAh4CaHXbXLbob4EEmkMOJ8.jpg?width=960&amp;crop=smart&amp;auto=webp&amp;s=4d4b89f5c589a65bdbbaec9cff94e177ed16eb1d', 'width': 960}, {'height': 607, 'url': 'https://external-preview.redd.it/OnOEck9lCDKB2Jb-7wKChAh4CaHXbXLbob4EEmkMOJ8.jpg?width=1080&amp;crop=smart&amp;auto=webp&amp;s=84727db4459f7667cd7ca3aea05e75ee90ae648d', 'width': 1080}], 'source': {'height': 720, 'url': 'https://external-preview.redd.it/OnOEck9lCDKB2Jb-7wKChAh4CaHXbXLbob4EEmkMOJ8.jpg?auto=webp&amp;s=d9dbcb5d8b03bfee8b2586b4f6306393daa69f5e', 'width': 1280}, 'variants': {}}]}",6,1653599656,1,,True,False,False,CryptoCurrency,t5_2wlj3,4922709,public,https://b.thumbs.redditmedia.com/r47eNnqbXI5twglDfk65lhOF1NKAk3DburlGeJ4FzgU.jpg,78.0,140.0,"India’s Central Bank Governor Warns About Crypto After Collapse of Terra LUNA, UST – Regulation Bitcoin News",0,[],1.0,https://cryptoplive.com/indias-central-bank-governor-warns-about-crypto-after-collapse-of-terra-luna-ust-regulation-bitcoin-news/,https://cryptoplive.com/indias-central-bank-governor-warns-about-crypto-after-collapse-of-terra-luna-ust-regulation-bitcoin-news/,all_ads,6,1653570845.0,,,,reddit,,,,
14,[],False,Bucksaway03,,"[{'e': 'text', 't': 'Platinum | QC: CC 318 | CRO 5'}]",Platinum | QC: CC 318 | CRO 5,richtext,t2_33rnze7v,False,False,False,[],False,False,1653599180,binance.com,https://www.reddit.com/r/CryptoCurrency/comments/uyhjb1/binance_will_support_the_terra_network_airdrop/,{},uyhjb1,False,False,False,False,False,False,False,False,#0aa18f,NEWS,"[{'e': 'text', 't': 'GENERAL-NEWS'}]",f170aab2-246f-11ec-8143-429a193c9848,GENERAL-NEWS,light,richtext,False,False,True,0,0,False,all_ads,/r/CryptoCurrency/comments/uyhjb1/binance_will_support_the_terra_network_airdrop/,False,link,"{'enabled': False, 'images': [{'id': 'QLDrKeDXKOvhK3ENjoFTPjQTxn3m2eBl-b5j-FYXWDA', 'resolutions': [{'height': 60, 'url': 'https://external-preview.redd.it/-LYYBB0H18W6B5QwqDb5Tfxi_7euIUo_GHN9mMiSJ0g.jpg?width=108&amp;crop=smart&amp;auto=webp&amp;s=f25548940d55a105d38a83f5db26c0a1cfc6bb27', 'width': 108}, {'height': 121, 'url': 'https://external-preview.redd.it/-LYYBB0H18W6B5QwqDb5Tfxi_7euIUo_GHN9mMiSJ0g.jpg?width=216&amp;crop=smart&amp;auto=webp&amp;s=386b8dcf9839d7424fb691b985e63e62be623756', 'width': 216}, {'height': 180, 'url': 'https://external-preview.redd.it/-LYYBB0H18W6B5QwqDb5Tfxi_7euIUo_GHN9mMiSJ0g.jpg?width=320&amp;crop=smart&amp;auto=webp&amp;s=74474bb30170593ecf5a036e5d942f02232bd032', 'width': 320}, {'height': 360, 'url': 'https://external-preview.redd.it/-LYYBB0H18W6B5QwqDb5Tfxi_7euIUo_GHN9mMiSJ0g.jpg?width=640&amp;crop=smart&amp;auto=webp&amp;s=92f25f0497e8346b9054e1b8ecb1954f00b82a0c', 'width': 640}], 'source': {'height': 360, 'url': 'https://external-preview.redd.it/-LYYBB0H18W6B5QwqDb5Tfxi_7euIUo_GHN9mMiSJ0g.jpg?auto=webp&amp;s=7c1a029e4bde43145c90d17110a8be7d6c18e27c', 'width': 640}, 'variants': {}}]}",6,1653599190,1,,True,False,False,CryptoCurrency,t5_2wlj3,4922682,public,https://b.thumbs.redditmedia.com/AJqNryeQTglraoa4U-fbpfzEFpnAikBQRA-pINDJJuU.jpg,78.0,140.0,Binance Will Support the Terra Network Airdrop,0,[],1.0,https://www.binance.com/en/support/announcement/c52fa3c686be4b2b9d5df50de15847ec?ref=R30T0FSD&amp;utm_source=BinanceFacebook&amp;utm_medium=GlobalSocial&amp;utm_campaign=GlobalSocial,https://www.binance.com/en/support/announcement/c52fa3c686be4b2b9d5df50de15847ec?ref=R30T0FSD&amp;utm_source=BinanceFacebook&amp;utm_medium=GlobalSocial&amp;utm_campaign=GlobalSocial,all_ads,6,1653570380.0,,,dark,automod_filtered,,,,
15,[],False,pedi1370,,"[{'e': 'text', 't': 'DOT Holdr '}]",DOT Holdr ,richtext,t2_fxt6lrzl,False,False,False,[],False,False,1653598646,theblockcrypto.com,https://www.reddit.com/r/CryptoCurrency/comments/uyhcax/terra_governance_system_passes_plan_to_burn_13/,{},uyhcax,False,False,False,False,False,False,False,False,#7193ff,DISCUSSION,"[{'e': 'text', 't': 'DISCUSSION'}]",87049662-0882-11e5-82e1-0e9d1a9f7761,DISCUSSION,dark,richtext,False,False,True,0,0,False,all_ads,/r/CryptoCurrency/comments/uyhcax/terra_governance_system_passes_plan_to_burn_13/,False,link,"{'enabled': False, 'images': [{'id': 'NqtX1Oq3y6IciaSmOCp1Fk-SeLnKkGAEtuNckKZxYdk', 'resolutions': [{'height': 60, 'url': 'https://external-preview.redd.it/5tfZ_SxJ9uDDZyVUGM2d7HNy06ADC2FT8PTvQFfrDEA.jpg?width=108&amp;crop=smart&amp;auto=webp&amp;s=56dcb095a5571b0ac4766adc163ad6ccc5a0fb58', 'width': 108}, {'height': 121, 'url': 'https://external-preview.redd.it/5tfZ_SxJ9uDDZyVUGM2d7HNy06ADC2FT8PTvQFfrDEA.jpg?width=216&amp;crop=smart&amp;auto=webp&amp;s=a1e149b9d5760e504368603acce8f225efadb5c3', 'width': 216}, {'height': 180, 'url': 'https://external-preview.redd.it/5tfZ_SxJ9uDDZyVUGM2d7HNy06ADC2FT8PTvQFfrDEA.jpg?width=320&amp;crop=smart&amp;auto=webp&amp;s=d16a8f411c2477aefeb8f9af6200c65c6240cd16', 'width': 320}, {'height': 360, 'url': 'https://external-preview.redd.it/5tfZ_SxJ9uDDZyVUGM2d7HNy06ADC2FT8PTvQFfrDEA.jpg?width=640&amp;crop=smart&amp;auto=webp&amp;s=9172c0af1670ff30c75f64cffe519a9fcd68f45a', 'width': 640}, {'height': 540, 'url': 'https://external-preview.redd.it/5tfZ_SxJ9uDDZyVUGM2d7HNy06ADC2FT8PTvQFfrDEA.jpg?width=960&amp;crop=smart&amp;auto=webp&amp;s=6982f23e38fa8aea1f12ba81503ae1f5f1e06cd8', 'width': 960}, {'height': 607, 'url': 'https://external-preview.redd.it/5tfZ_SxJ9uDDZyVUGM2d7HNy06ADC2FT8PTvQFfrDEA.jpg?width=1080&amp;crop=smart&amp;auto=webp&amp;s=6b71719e860ad9266f9c4aa1190fcbcceaae1c88', 'width': 1080}], 'source': {'height': 1080, 'url': 'https://external-preview.redd.it/5tfZ_SxJ9uDDZyVUGM2d7HNy06ADC2FT8PTvQFfrDEA.jpg?auto=webp&amp;s=0a7eb8e3a820b9ae7ba5f2902bd73c3a4840aa07', 'width': 1920}, 'variants': {}}]}",6,1653598657,1,,True,False,False,CryptoCurrency,t5_2wlj3,4922650,public,https://b.thumbs.redditmedia.com/RHx2NaMZw2Ne7qo5cAAc3Z0qC2JuuS4u1EyXvD32LSs.jpg,78.0,140.0,Terra governance system passes plan to burn 1.3 billion UST tokens,0,[],1.0,https://www.theblockcrypto.com/post/148999/terra-governance-system-passes-plan-to-burn-1-3-billion-ust-tokens,https://www.theblockcrypto.com/post/148999/terra-governance-system-passes-plan-to-burn-1-3-billion-ust-tokens,all_ads,6,1653569846.0,,,dark,automod_filtered,,,,
16,[],False,rationalconspirator,,[],,text,t2_14ijiepa,False,False,False,[],False,False,1653598459,self.CryptoCurrency,https://www.reddit.com/r/CryptoCurrency/comments/uyh9tt/late_to_exit_ust_market_module_isnt_working_as/,{},uyh9tt,False,True,False,False,False,True,True,False,#46d160,ADVICE,"[{'e': 'text', 't': 'ADVICE'}]",e9570888-9c2a-11e3-809c-12313d1661cc,ADVICE,dark,richtext,False,False,True,0,0,False,all_ads,/r/CryptoCurrency/comments/uyh9tt/late_to_exit_ust_market_module_isnt_working_as/,False,,,6,1653598469,1,"So now that the Luna price has stabled at rock bottom, and there is still some trading volume going on, I’d like to use terra station’s market module. 

I’m trying to burn my UST for Luna using the ‘market’ swap. However the estimated amount of Luna I’d receive is far less than anticipated. The amount of Luna that is calculated I’ll get is equivalent to just the LUNA/UST trading pair, I thought no matter what the price of UST is you could burn 1 UST coin for 1$ worth of luna? Am I oblivious to the news of them disabling this mechanism?",True,False,False,CryptoCurrency,t5_2wlj3,4922645,public,self,,,Late to exit.. UST market module isn’t working as expected,0,[],1.0,https://www.reddit.com/r/CryptoCurrency/comments/uyh9tt/late_to_exit_ust_market_module_isnt_working_as/,,all_ads,6,1653569659.0,,,,,,,,
17,[],False,Brother-Numsee,,"[{'e': 'text', 't': 'Silver | QC: CC 38 | CelsiusNet. 27 | TraderSubs 12'}]",Silver | QC: CC 38 | CelsiusNet. 27 | TraderSubs 12,richtext,t2_bkqobek7,False,False,False,[],False,False,1653597524,bitcoinist.com,https://www.reddit.com/r/CryptoCurrency/comments/uygxx2/why_polygon_launched_fund_to_attract_projects/,{},uygxx2,False,True,False,False,False,True,False,False,,GENERAL-NEWS,"[{'e': 'text', 't': '🟢 GENERAL-NEWS'}]",,🟢 GENERAL-NEWS,dark,richtext,False,False,True,0,0,False,all_ads,/r/CryptoCurrency/comments/uygxx2/why_polygon_launched_fund_to_attract_projects/,False,link,"{'enabled': False, 'images': [{'id': 'ZIjoFcE4R85UC64Y3ONFnVrFeUX2otimXvUrQ0QUZ_Q', 'resolutions': [{'height': 50, 'url': 'https://external-preview.redd.it/pqKqe3nh20BiPklr0Ik_lKECwjhT_AF6k7ycsqWbsiE.jpg?width=108&amp;crop=smart&amp;auto=webp&amp;s=8913021deedac3dc8c388be5b589bf853aca18c4', 'width': 108}, {'height': 101, 'url': 'https://external-preview.redd.it/pqKqe3nh20BiPklr0Ik_lKECwjhT_AF6k7ycsqWbsiE.jpg?width=216&amp;crop=smart&amp;auto=webp&amp;s=79e632fe69c07e4235beccdd0cc7da349911efb6', 'width': 216}, {'height': 150, 'url': 'https://external-preview.redd.it/pqKqe3nh20BiPklr0Ik_lKECwjhT_AF6k7ycsqWbsiE.jpg?width=320&amp;crop=smart&amp;auto=webp&amp;s=85b8aea17a8701f974376a9d3f491ea447dba49f', 'width': 320}, {'height': 301, 'url': 'https://external-preview.redd.it/pqKqe3nh20BiPklr0Ik_lKECwjhT_AF6k7ycsqWbsiE.jpg?width=640&amp;crop=smart&amp;auto=webp&amp;s=f5290346741d92271f8b7678eb765e819101a04c', 'width': 640}], 'source': {'height': 413, 'url': 'https://external-preview.redd.it/pqKqe3nh20BiPklr0Ik_lKECwjhT_AF6k7ycsqWbsiE.jpg?auto=webp&amp;s=bfb4067d29ac1e1000e085299a54ad35a64ef9de', 'width': 878}, 'variants': {}}]}",6,1653597535,1,,True,False,False,CryptoCurrency,t5_2wlj3,4922609,public,https://b.thumbs.redditmedia.com/62IGo7_lqs_ZGzDo3WJyqrGCNd3Ysv5HH1_jizyLAss.jpg,65.0,140.0,Why Polygon Launched Fund To Attract Projects From Terra,0,[],1.0,https://bitcoinist.com/polygon-launched-fund-attract-projects-from-terra/,https://bitcoinist.com/polygon-launched-fund-attract-projects-from-terra/,all_ads,6,1653568724.0,,,dark,,,,,
18,[],False,hyperinflationUSA,,[],,text,t2_bf6vmd19,False,False,False,[],False,False,1653593570,self.Bitcoin,https://www.reddit.com/r/Bitcoin/comments/uyfipi/institutions_saw_what_happened_to_terra_luna_and/,{},uyfipi,False,False,False,False,False,False,True,False,,,[],,,dark,text,False,False,True,0,0,False,all_ads,/r/Bitcoin/comments/uyfipi/institutions_saw_what_happened_to_terra_luna_and/,False,,,6,1653593580,1,[removed],True,False,False,Bitcoin,t5_2s3qj,4231575,public,self,,,institutions saw what happened to Terra Luna and decided to take a deeper look at the other crypto coins they hold. Many of them got orange pilled and finally learned that all of their altcoins are PRE-MINED SCAMS. Going forward they will stick to ONLY BITCOIN,0,[],1.0,https://www.reddit.com/r/Bitcoin/comments/uyfipi/institutions_saw_what_happened_to_terra_luna_and/,,all_ads,6,1653564770.0,,,dark,moderator,,,,
19,[],False,hashzzz,Warning-level2-2,"[{'e': 'text', 't': 'Tin'}]",Tin,richtext,t2_4pcz0ap0,False,False,False,[],False,False,1653593380,decrypt.co,https://www.reddit.com/r/CryptoCurrency/comments/uyfg7t/crypto_exchanges_including_binance_ftx_to_support/,{},uyfg7t,False,True,False,False,False,True,False,False,#c403f5,COMEDY,"[{'e': 'text', 't': 'COMEDY'}]",5c104cfc-d7c8-11e4-9d14-22000b6902b0,COMEDY,dark,richtext,False,False,True,0,0,False,all_ads,/r/CryptoCurrency/comments/uyfg7t/crypto_exchanges_including_binance_ftx_to_support/,False,link,"{'enabled': False, 'images': [{'id': 'aCzBafDZC2gdVres9a3rBLPs48lFfE18W0nRIpbEPHg', 'resolutions': [{'height': 54, 'url': 'https://external-preview.redd.it/DmOTxwkirleqlssxVJIm842srOemkYMecP4yDzWG3mM.jpg?width=108&amp;crop=smart&amp;auto=webp&amp;s=1acc0adaf09525c3eec60c0998a0f09e48bab271', 'width': 108}, {'height': 108, 'url': 'https://external-preview.redd.it/DmOTxwkirleqlssxVJIm842srOemkYMecP4yDzWG3mM.jpg?width=216&amp;crop=smart&amp;auto=webp&amp;s=0fa0c93670bfd34d51b72d155701666a44ac5f69', 'width': 216}, {'height': 160, 'url': 'https://external-preview.redd.it/DmOTxwkirleqlssxVJIm842srOemkYMecP4yDzWG3mM.jpg?width=320&amp;crop=smart&amp;auto=webp&amp;s=83783cb7064b9f556611f7a7eb862d923a72ce0b', 'width': 320}, {'height': 320, 'url': 'https://external-preview.redd.it/DmOTxwkirleqlssxVJIm842srOemkYMecP4yDzWG3mM.jpg?width=640&amp;crop=smart&amp;auto=webp&amp;s=573324cda108f18fc9814be1f6d7dd512f36e05e', 'width': 640}, {'height': 480, 'url': 'https://external-preview.redd.it/DmOTxwkirleqlssxVJIm842srOemkYMecP4yDzWG3mM.jpg?width=960&amp;crop=smart&amp;auto=webp&amp;s=a0eba03b57e91c5dd9c79bba0d6a7a4531313558', 'width': 960}], 'source': {'height': 512, 'url': 'https://external-preview.redd.it/DmOTxwkirleqlssxVJIm842srOemkYMecP4yDzWG3mM.jpg?auto=webp&amp;s=a555189b3e0916279cb3aabde075b2a853c33455', 'width': 1024}, 'variants': {}}]}",6,1653593391,1,,True,False,False,CryptoCurrency,t5_2wlj3,4922355,public,https://b.thumbs.redditmedia.com/2aNHY0Uer2xVAsbtM6C-FPN3WSIYu2T57O1TfkrS-3M.jpg,70.0,140.0,"Crypto Exchanges Including Binance, FTX To Support 'Terra 2.0' Relaunch",0,[],1.0,https://decrypt.co/101405/crypto-exchanges-including-binance-ftx-to-support-terra-2-0-relaunch,https://decrypt.co/101405/crypto-exchanges-including-binance-ftx-to-support-terra-2-0-relaunch,all_ads,6,1653564580.0,,,dark,,,,,
20,[],False,Bigcokki,,[],,text,t2_e7m1a6ol,False,False,False,[],False,False,1653593367,self.CryptoCurrency,https://www.reddit.com/r/CryptoCurrency/comments/uyfg21/korean_watchdog_begins_assessing_cryptocurrency/,{},uyfg21,False,True,False,False,False,True,True,False,#7193ff,DISCUSSION,"[{'e': 'text', 't': 'DISCUSSION'}]",87049662-0882-11e5-82e1-0e9d1a9f7761,DISCUSSION,dark,richtext,False,False,True,0,0,False,all_ads,/r/CryptoCurrency/comments/uyfg21/korean_watchdog_begins_assessing_cryptocurrency/,False,,,6,1653593377,1,"The Korea Financial Supervisory Service (FSS) has announced that it will standardize the way it assesses the risk of virtual assets. 

According to a local news report, this is because it is currently difficult to safeguard investors due to the multiple ways in which risk is measured in each virtual asset exchange. Although FSS standardization efforts are still in their infancy, when a legal framework for virtual assets has been established, it is expected that a uniform assessment system can be implemented for all exchanges.

Mainly everything has been driven by the fall of Terra and the emergence of the new Project 2.0 as well as the need to intervene pre-sales of DeFi (decentralized finance) projects or protocols that move large amounts of money, be it blockchains like Ethereum or BNB, which tend to have the largest stratups of blockchain projects. Pre-sales such as CHO, Minosis Token or UNI at the time.

On Wednesday, Stablenode COO Doo Wan Nam tweeted that a meeting was held at the Korean National Assembly Building with representatives of Korean exchanges and officials regarding Terra's LUNA and UST issues. The exchanges, according to Doo, said the situation was undesirable and that they would do everything possible to safeguard traders on their platforms.

Heraldcorp reported Wednesday that Do Kwon, co-founder of Terraform Labs, has contacted five South Korean exchanges about re-listing when LUNA 2.0 goes live. However, since LUNA is under investigation after its failure, other South Korean platforms are staying on the sidelines, except Upbit.

CEO Kwon's ""Terra Ecosystem Restoration Plan"" is a plan to create new coins and give them to investors who have lost money. ""Let's call the current Terra blockchain network 'Terra Classic,' and the current Luna blockchain, 'Luna Classic,' and create a new Terra blockchain,"" CEO Kwon tweeted on May 18.

The majority of the community, 65.5%, supported Kwon's plan. Only 13.2% opposed the fork vote. About 20% of respondents abstained from voting. On Friday, according to the proposal information, Terra 2.0 is scheduled to go live on the main network. After this launch, LUNA 2.0 coins will be tradable. At a predetermined rate, the new tokens will be delivered to current network participants. However, most of the coins will go through a period of consolidation.

The plan to relaunch the Terra blockchain and create LUNA 2.0 tokens has been approved by on-chain voters. This will lead to the development of a new blockchain that will distribute tokens proportionally to those who were affected by the abrupt crash of the UST algorithmic stablecoin.

Terra's controversial USD 40 billion bankruptcy has been the subject of much debate in the Korean and global cryptocurrency community. As Cointelegraph reported, Korean exchanges handled the collapse in different ways, and the National Assembly's Political Affairs Committee summoned Terraform Labs co-founder Do Kwon for a parliamentary hearing on the issue.

Now, the outspoken 30-year-old South Korean, who frequently calls his critics ""poor,"" is being called upon to explain this month's USD 40 billion collapse of a project he once called ""the oldest and most widely used algorithmic stablecoin in existence.""",True,False,False,CryptoCurrency,t5_2wlj3,4922353,public,self,,,Korean watchdog begins assessing cryptocurrency risk after vote held for Terra 2.0 project,0,[],1.0,https://www.reddit.com/r/CryptoCurrency/comments/uyfg21/korean_watchdog_begins_assessing_cryptocurrency/,,all_ads,6,1653564567.0,,,,,,,,
21,[],False,sportifynews,Warning-level1,"[{'e': 'text', 't': '1 - 2 years account age. 100 - 200 comment karma.'}]",1 - 2 years account age. 100 - 200 comment karma.,richtext,t2_81vkr2em,False,False,False,[],False,False,1653583388,bigthinkbuzz.com,https://www.reddit.com/r/CryptoCurrency/comments/uybtn4/terra_luna_20_how_backers_of_the_project_want_to/,{},uybtn4,False,False,False,False,False,False,False,False,#7193ff,DISCUSSION,"[{'e': 'text', 't': 'DISCUSSION'}]",87049662-0882-11e5-82e1-0e9d1a9f7761,DISCUSSION,dark,richtext,False,False,True,1,0,False,all_ads,/r/CryptoCurrency/comments/uybtn4/terra_luna_20_how_backers_of_the_project_want_to/,False,link,"{'enabled': False, 'images': [{'id': 'oAW0NkjlvAEm-F0YiPCYFRinn0zpEMW8UC4Rkr6hOgQ', 'resolutions': [{'height': 60, 'url': 'https://external-preview.redd.it/RuiY7vpO-o9eqUs4uPnhHmBgn1kzCO_j2ONx3FhAs8k.jpg?width=108&amp;crop=smart&amp;auto=webp&amp;s=742424a897a9f637a10cf72105604b3927583203', 'width': 108}, {'height': 121, 'url': 'https://external-preview.redd.it/RuiY7vpO-o9eqUs4uPnhHmBgn1kzCO_j2ONx3FhAs8k.jpg?width=216&amp;crop=smart&amp;auto=webp&amp;s=fb4dc0a471e5a7aef0eb6383fd7fe18331bb69a0', 'width': 216}, {'height': 180, 'url': 'https://external-preview.redd.it/RuiY7vpO-o9eqUs4uPnhHmBgn1kzCO_j2ONx3FhAs8k.jpg?width=320&amp;crop=smart&amp;auto=webp&amp;s=8af7c200df7115e5aaf1c9e9d92e37f98bc67c70', 'width': 320}, {'height': 360, 'url': 'https://external-preview.redd.it/RuiY7vpO-o9eqUs4uPnhHmBgn1kzCO_j2ONx3FhAs8k.jpg?width=640&amp;crop=smart&amp;auto=webp&amp;s=8b44f9ee608b092da5a1191c4c3daf92fd49bc1c', 'width': 640}], 'source': {'height': 411, 'url': 'https://external-preview.redd.it/RuiY7vpO-o9eqUs4uPnhHmBgn1kzCO_j2ONx3FhAs8k.jpg?auto=webp&amp;s=459718386dafb33a31936d9a5272e83719f3971b', 'width': 730}, 'variants': {}}]}",6,1653583398,1,,True,False,False,CryptoCurrency,t5_2wlj3,4921767,public,https://b.thumbs.redditmedia.com/OJAGa9sJK5Bxa4Vh8evXcw0wzup2aMiZIaT1QSMqyAY.jpg,78.0,140.0,Terra Luna 2.0: How backers of the project want to revive the failed cryptocurrency,0,[],1.0,https://bigthinkbuzz.com/terra-luna-2-0-how-backers-of-the-project-want-to-revive-the-failed-cryptocurrency/,https://bigthinkbuzz.com/terra-luna-2-0-how-backers-of-the-project-want-to-revive-the-failed-cryptocurrency/,all_ads,6,1653554588.0,,,dark,moderator,,,,
