,all_awardings,allow_live_comments,author,author_flair_css_class,author_flair_richtext,author_flair_text,author_flair_type,author_fullname,author_is_blocked,author_patreon_flair,author_premium,awarders,can_mod_post,contest_mode,created_utc,domain,full_link,gildings,id,is_created_from_ads_ui,is_crosspostable,is_meta,is_original_content,is_reddit_media_domain,is_robot_indexable,is_self,is_video,link_flair_background_color,link_flair_css_class,link_flair_richtext,link_flair_template_id,link_flair_text,link_flair_text_color,link_flair_type,locked,media_metadata,media_only,no_follow,num_comments,num_crossposts,over_18,parent_whitelist_status,permalink,pinned,post_hint,preview,pwls,retrieved_on,score,selftext,send_replies,spoiler,stickied,subreddit,subreddit_id,subreddit_subscribers,subreddit_type,thumbnail,thumbnail_height,thumbnail_width,title,total_awards_received,treatment_tags,upvote_ratio,url,whitelist_status,wls,created,author_flair_background_color,author_flair_text_color,media,media_embed,secure_media,secure_media_embed,url_overridden_by_dest,removed_by_category
0,[],False,CWCOfficial,,[],,text,t2_kzqdz8zb,False,False,True,[],False,False,1653487565,self.CryptoCurrency,https://www.reddit.com/r/CryptoCurrency/comments/uxi5jj/terra_founder_wants_korean_exchanges_to_list_luna/,{},uxi5jj,False,True,False,False,False,True,True,False,#0aa18f,NEWS,"[{'e': 'text', 't': 'GENERAL-NEWS'}]",f170aab2-246f-11ec-8143-429a193c9848,GENERAL-NEWS,light,richtext,False,"{'8kdjd21wpm191': {'e': 'Image', 'id': '8kdjd21wpm191', 'm': 'image/jpg', 'p': [{'u': 'https://preview.redd.it/8kdjd21wpm191.jpg?width=108&amp;crop=smart&amp;auto=webp&amp;s=8a654744493a8a0a88a04114498df16df7af015f', 'x': 108, 'y': 72}, {'u': 'https://preview.redd.it/8kdjd21wpm191.jpg?width=216&amp;crop=smart&amp;auto=webp&amp;s=81d3c1faffe6f1a5ca728a0ae0116ab9834e593e', 'x': 216, 'y': 144}, {'u': 'https://preview.redd.it/8kdjd21wpm191.jpg?width=320&amp;crop=smart&amp;auto=webp&amp;s=adc35ee476b2bc080bb8cf1e079f85e5b940a5f6', 'x': 320, 'y': 213}, {'u': 'https://preview.redd.it/8kdjd21wpm191.jpg?width=640&amp;crop=smart&amp;auto=webp&amp;s=59cd5120354530a71a215a5f405faed26a3c06d9', 'x': 640, 'y': 426}, {'u': 'https://preview.redd.it/8kdjd21wpm191.jpg?width=960&amp;crop=smart&amp;auto=webp&amp;s=ba91055b7bfb249fdbc982288de9b3a65b49b460', 'x': 960, 'y': 640}], 's': {'u': 'https://preview.redd.it/8kdjd21wpm191.jpg?width=969&amp;format=pjpg&amp;auto=webp&amp;s=eaa1d4ce3faf2b388c924756a15a7826b5f17774', 'x': 969, 'y': 646}, 'status': 'valid'}}",False,True,0,0,False,all_ads,/r/CryptoCurrency/comments/uxi5jj/terra_founder_wants_korean_exchanges_to_list_luna/,False,self,"{'enabled': False, 'images': [{'id': 'qaaUFGS2xSWAkZ-J-KhA4YFyxAqa7ZsvYbu544lLG3Y', 'resolutions': [{'height': 72, 'url': 'https://external-preview.redd.it/86EIhf_bJ7EDZx-wXMA81cK0QGvfZxr0OdNu2qCNpcM.jpg?width=108&amp;crop=smart&amp;auto=webp&amp;s=fe3ce36c1bea5c2af2d7e5b16530a79d2308d584', 'width': 108}, {'height': 144, 'url': 'https://external-preview.redd.it/86EIhf_bJ7EDZx-wXMA81cK0QGvfZxr0OdNu2qCNpcM.jpg?width=216&amp;crop=smart&amp;auto=webp&amp;s=e73eea24c53a51912b2d8c16b85afb289c4e5554', 'width': 216}, {'height': 213, 'url': 'https://external-preview.redd.it/86EIhf_bJ7EDZx-wXMA81cK0QGvfZxr0OdNu2qCNpcM.jpg?width=320&amp;crop=smart&amp;auto=webp&amp;s=71434b49f9393daecde9b4ce6506a8bbcd9b6ff0', 'width': 320}, {'height': 426, 'url': 'https://external-preview.redd.it/86EIhf_bJ7EDZx-wXMA81cK0QGvfZxr0OdNu2qCNpcM.jpg?width=640&amp;crop=smart&amp;auto=webp&amp;s=a50ef993cd663be964c49dbc1e539c9a3a2b2a31', 'width': 640}, {'height': 640, 'url': 'https://external-preview.redd.it/86EIhf_bJ7EDZx-wXMA81cK0QGvfZxr0OdNu2qCNpcM.jpg?width=960&amp;crop=smart&amp;auto=webp&amp;s=dcfef28ce09ca4563203be629603b6fbb300c615', 'width': 960}], 'source': {'height': 646, 'url': 'https://external-preview.redd.it/86EIhf_bJ7EDZx-wXMA81cK0QGvfZxr0OdNu2qCNpcM.jpg?auto=webp&amp;s=37117455014437725032f3e22417af84f8151098', 'width': 969}, 'variants': {}}]}",6,1653487575,1,"The whole world has seen the demise of **Terra** and its original properties **LUNA** and **UST**. In particular, **Korea** has made a lot of noise about the latest accident. While popular domestic exchanges have dropped support, regulators are still probing **Terraform Labs** and **Do Kwon**. Despite this regulatory heat, Kwon is still poised to launch Terra 2.0 or Terra. The old chain is said to be called **Terra Classic** and the altcoin, **LUNA Classic**.

&amp;#x200B;

https://preview.redd.it/8kdjd21wpm191.jpg?width=969&amp;format=pjpg&amp;auto=webp&amp;s=eaa1d4ce3faf2b388c924756a15a7826b5f17774

**Terra 2.0** will go bankrupt if crypto exchanges refuse to back **LUNA**. As a result, Kwon does not appear to be constrained by regulatory pressure in South Korea and continues to urge five exchanges to rely on LUNA.

[https://cryptowallcity.com/terra-wants-korean-exchanges-to-list-luna-2-0/](https://cryptowallcity.com/terra-wants-korean-exchanges-to-list-luna-2-0/)",True,False,False,CryptoCurrency,t5_2wlj3,4916884,public,https://b.thumbs.redditmedia.com/OJQx2boYyMuJgPi7UB8DVDyUPcUwDfkR5dLI2iQAT2o.jpg,93.0,140.0,"Terra founder wants Korean exchanges to list LUNA 2.0, but here’s the problem",0,[],1.0,https://www.reddit.com/r/CryptoCurrency/comments/uxi5jj/terra_founder_wants_korean_exchanges_to_list_luna/,all_ads,6,1653458765.0,,,,,,,,
1,[],False,Puzzleheaded_Popup,Warning-level1-1,"[{'e': 'text', 't': 'Bronze | LRC 20 | Superstonk 230'}]",Bronze | LRC 20 | Superstonk 230,richtext,t2_9xo8wcdl,False,False,False,[],False,False,1653483253,youtu.be,https://www.reddit.com/r/CryptoCurrency/comments/uxgqep/binance_and_do_kwon_terra_20_ust_11_terra_luna/,{},uxgqep,False,True,False,False,False,True,False,False,#0dd3bb,VIDEOS,"[{'e': 'text', 't': 'VIDEOS'}]",fee6c918-f3e4-11e5-8172-0ecf7e00c6db,VIDEOS,dark,richtext,False,,False,True,0,0,False,all_ads,/r/CryptoCurrency/comments/uxgqep/binance_and_do_kwon_terra_20_ust_11_terra_luna/,False,rich:video,"{'enabled': False, 'images': [{'id': 'RG2Fta5z09iJAHkf64BJsGGABYpsRCrMAv0lYpW76uo', 'resolutions': [{'height': 81, 'url': 'https://external-preview.redd.it/r5bqPIGxInY4ggJh54lM-453-IwfEIPUDZcOzdtqERI.jpg?width=108&amp;crop=smart&amp;auto=webp&amp;s=f23902139a30fb3732f6ec986a3680e09ffa00a4', 'width': 108}, {'height': 162, 'url': 'https://external-preview.redd.it/r5bqPIGxInY4ggJh54lM-453-IwfEIPUDZcOzdtqERI.jpg?width=216&amp;crop=smart&amp;auto=webp&amp;s=13820dbabbfea857e0535ddb82f6eaf721919b6a', 'width': 216}, {'height': 240, 'url': 'https://external-preview.redd.it/r5bqPIGxInY4ggJh54lM-453-IwfEIPUDZcOzdtqERI.jpg?width=320&amp;crop=smart&amp;auto=webp&amp;s=abe26a39d3793de4a88d6427480a51a4ee42e7d5', 'width': 320}], 'source': {'height': 360, 'url': 'https://external-preview.redd.it/r5bqPIGxInY4ggJh54lM-453-IwfEIPUDZcOzdtqERI.jpg?auto=webp&amp;s=1361d6ad9a9e7bb6033b2752cf6da1636548d9d0', 'width': 480}, 'variants': {}}]}",6,1653483263,1,,True,False,False,CryptoCurrency,t5_2wlj3,4916651,public,https://b.thumbs.redditmedia.com/m0P2n1FundmIAFQoUgEaWNUIFVqBkMH9JiIl8EVTinw.jpg,105.0,140.0,Binance and Do Kwon - Terra 2.0 | UST 1:1 | Terra Luna 100x Incoming ! | BIG Crypto News !,0,[],1.0,https://youtu.be/0cfy3Galfds,all_ads,6,1653454453.0,,dark,"{'oembed': {'author_name': 'Binancе [Live &amp; News]', 'author_url': 'https://www.youtube.com/user/ichtololo', 'height': 200, 'html': '&lt;iframe width=""356"" height=""200"" src=""https://www.youtube.com/embed/0cfy3Galfds?feature=oembed&amp;enablejsapi=1"" frameborder=""0"" allow=""accelerometer; autoplay; clipboard-write; encrypted-media; gyroscope; picture-in-picture"" allowfullscreen&gt;&lt;/iframe&gt;', 'provider_name': 'YouTube', 'provider_url': 'https://www.youtube.com/', 'thumbnail_height': 360, 'thumbnail_url': 'https://i.ytimg.com/vi/0cfy3Galfds/hqdefault.jpg', 'thumbnail_width': 480, 'title': 'Binance and Do Kwon - Terra 2.0 | UST 1:1 | Terra Luna 100x Incoming ! | BIG Crypto News !', 'type': 'video', 'version': '1.0', 'width': 356}, 'type': 'youtube.com'}","{'content': '&lt;iframe width=""356"" height=""200"" src=""https://www.youtube.com/embed/0cfy3Galfds?feature=oembed&amp;enablejsapi=1"" frameborder=""0"" allow=""accelerometer; autoplay; clipboard-write; encrypted-media; gyroscope; picture-in-picture"" allowfullscreen&gt;&lt;/iframe&gt;', 'height': 200, 'scrolling': False, 'width': 356}","{'oembed': {'author_name': 'Binancе [Live &amp; News]', 'author_url': 'https://www.youtube.com/user/ichtololo', 'height': 200, 'html': '&lt;iframe width=""356"" height=""200"" src=""https://www.youtube.com/embed/0cfy3Galfds?feature=oembed&amp;enablejsapi=1"" frameborder=""0"" allow=""accelerometer; autoplay; clipboard-write; encrypted-media; gyroscope; picture-in-picture"" allowfullscreen&gt;&lt;/iframe&gt;', 'provider_name': 'YouTube', 'provider_url': 'https://www.youtube.com/', 'thumbnail_height': 360, 'thumbnail_url': 'https://i.ytimg.com/vi/0cfy3Galfds/hqdefault.jpg', 'thumbnail_width': 480, 'title': 'Binance and Do Kwon - Terra 2.0 | UST 1:1 | Terra Luna 100x Incoming ! | BIG Crypto News !', 'type': 'video', 'version': '1.0', 'width': 356}, 'type': 'youtube.com'}","{'content': '&lt;iframe width=""356"" height=""200"" src=""https://www.youtube.com/embed/0cfy3Galfds?feature=oembed&amp;enablejsapi=1"" frameborder=""0"" allow=""accelerometer; autoplay; clipboard-write; encrypted-media; gyroscope; picture-in-picture"" allowfullscreen&gt;&lt;/iframe&gt;', 'height': 200, 'media_domain_url': 'https://www.redditmedia.com/mediaembed/uxgqep', 'scrolling': False, 'width': 356}",https://youtu.be/0cfy3Galfds,
2,[],False,ConstantConfident361,,[],,text,t2_c9g4ufkr,False,False,False,[],False,False,1653462493,self.CryptoCurrency,https://www.reddit.com/r/CryptoCurrency/comments/uxbqsg/thoughts_on_pax_usd_nexo_wallet_to_earn_some_apr/,{},uxbqsg,False,True,False,False,False,True,True,False,#7193ff,DISCUSSION,"[{'e': 'text', 't': 'DISCUSSION'}]",87049662-0882-11e5-82e1-0e9d1a9f7761,DISCUSSION,dark,richtext,False,,False,True,0,0,False,all_ads,/r/CryptoCurrency/comments/uxbqsg/thoughts_on_pax_usd_nexo_wallet_to_earn_some_apr/,False,,,6,1653462504,1,"I have been earning some APR on my holdings ( BTC, ETH, and USDT) using the nexo wallet since few months. Had some UST too which lost all it's value) . As they say don't invest which you cannot afford to loose,  but do you think it's safe to hold assets in these wallets that offer interest ? 
So far, I like the nexo wallet never had any problems and interest gets added to my account daily.
I am planning to hold all my savings in PAX USD ( which looks like the only stablecoin that I could trust)  
They give back 8 % APY paid out in PAX USD. Do you think it is safe?",True,False,False,CryptoCurrency,t5_2wlj3,4915741,public,self,,,Thoughts on PAX USD &amp; Nexo wallet to earn some APR ?,0,[],1.0,https://www.reddit.com/r/CryptoCurrency/comments/uxbqsg/thoughts_on_pax_usd_nexo_wallet_to_earn_some_apr/,all_ads,6,1653433693.0,,,,,,,,
3,[],False,PostChapone,,[],,text,t2_6vgpwl8,False,False,False,[],False,False,1653455938,i.redd.it,https://www.reddit.com/r/CryptoCurrency/comments/uxa5zr/does_anyone_know_whats_going_on_here_ust/,{},uxa5zr,False,True,False,False,True,True,False,False,#7193ff,DISCUSSION,"[{'e': 'text', 't': 'DISCUSSION'}]",87049662-0882-11e5-82e1-0e9d1a9f7761,DISCUSSION,dark,richtext,False,,False,True,1,0,False,all_ads,/r/CryptoCurrency/comments/uxa5zr/does_anyone_know_whats_going_on_here_ust/,False,image,"{'enabled': True, 'images': [{'id': 'Y_JiWxp8_9nD39tZpxyRqQXg1v8KDZRLc4XjaFVXlbU', 'resolutions': [{'height': 181, 'url': 'https://preview.redd.it/n0lwwwaw3k191.jpg?width=108&amp;crop=smart&amp;auto=webp&amp;s=6c88c45ec46c871d94feb17fcf4684941f94d589', 'width': 108}, {'height': 363, 'url': 'https://preview.redd.it/n0lwwwaw3k191.jpg?width=216&amp;crop=smart&amp;auto=webp&amp;s=2266f30e1c31742842fcc9c71bd456e7ec509aea', 'width': 216}, {'height': 538, 'url': 'https://preview.redd.it/n0lwwwaw3k191.jpg?width=320&amp;crop=smart&amp;auto=webp&amp;s=956fc15a0f72926a846213617de23ed248763394', 'width': 320}, {'height': 1077, 'url': 'https://preview.redd.it/n0lwwwaw3k191.jpg?width=640&amp;crop=smart&amp;auto=webp&amp;s=6c612672fe1598867ffbdb49fca9e0d6fbd23144', 'width': 640}], 'source': {'height': 1261, 'url': 'https://preview.redd.it/n0lwwwaw3k191.jpg?auto=webp&amp;s=f92746e01d976a42deaf8c43ddc2adb36008c44d', 'width': 749}, 'variants': {}}]}",6,1653455949,1,,True,False,False,CryptoCurrency,t5_2wlj3,4915469,public,https://b.thumbs.redditmedia.com/pwQOwI6Ra-ycrjg-CYg1dxhfoJv70kFCpqy5m6PkvJU.jpg,140.0,140.0,Does anyone know what’s going on here? (UST),0,[],1.0,https://i.redd.it/n0lwwwaw3k191.jpg,all_ads,6,1653427138.0,,,,,,,https://i.redd.it/n0lwwwaw3k191.jpg,
4,[],False,currencywale,,[],,text,t2_jkkt6tu2,False,False,False,[],False,False,1653455105,currencywale.com,https://www.reddit.com/r/Bitcoin/comments/ux9y4w/crypto_price_today_may_25_btc_eth_ust_trx_surge/,{},ux9y4w,False,False,False,False,False,False,False,False,,,[],,,dark,text,False,,False,True,0,0,False,all_ads,/r/Bitcoin/comments/ux9y4w/crypto_price_today_may_25_btc_eth_ust_trx_surge/,False,link,"{'enabled': False, 'images': [{'id': '5F3qiqcv6KwNE-POYiZ7MzW0S49sUtC_HSFGQs3vddw', 'resolutions': [{'height': 56, 'url': 'https://external-preview.redd.it/3I6UQ0SqTD2UOJBCjkTVbDAnj85gxPf0cZ_6g0F3pdM.jpg?width=108&amp;crop=smart&amp;auto=webp&amp;s=9af27792e901151b19a3e776bfea37861588001b', 'width': 108}, {'height': 113, 'url': 'https://external-preview.redd.it/3I6UQ0SqTD2UOJBCjkTVbDAnj85gxPf0cZ_6g0F3pdM.jpg?width=216&amp;crop=smart&amp;auto=webp&amp;s=a08b89d970fac19520e03370486ff774ed0d2168', 'width': 216}, {'height': 167, 'url': 'https://external-preview.redd.it/3I6UQ0SqTD2UOJBCjkTVbDAnj85gxPf0cZ_6g0F3pdM.jpg?width=320&amp;crop=smart&amp;auto=webp&amp;s=189572284325d6b23c3a7ea2b299ffa74fa3502b', 'width': 320}, {'height': 334, 'url': 'https://external-preview.redd.it/3I6UQ0SqTD2UOJBCjkTVbDAnj85gxPf0cZ_6g0F3pdM.jpg?width=640&amp;crop=smart&amp;auto=webp&amp;s=f75f7f7e554dfae3b11137af178ac8af5ecef1d8', 'width': 640}, {'height': 502, 'url': 'https://external-preview.redd.it/3I6UQ0SqTD2UOJBCjkTVbDAnj85gxPf0cZ_6g0F3pdM.jpg?width=960&amp;crop=smart&amp;auto=webp&amp;s=90e6327a15f4d599bb82553eaf740d21906ff105', 'width': 960}, {'height': 565, 'url': 'https://external-preview.redd.it/3I6UQ0SqTD2UOJBCjkTVbDAnj85gxPf0cZ_6g0F3pdM.jpg?width=1080&amp;crop=smart&amp;auto=webp&amp;s=650008f8427ef973bc2da93108cf9c4ce7e7630d', 'width': 1080}], 'source': {'height': 628, 'url': 'https://external-preview.redd.it/3I6UQ0SqTD2UOJBCjkTVbDAnj85gxPf0cZ_6g0F3pdM.jpg?auto=webp&amp;s=63dd51f4fbf3c8184be2c37fe5a5ebac996f79e8', 'width': 1200}, 'variants': {}}]}",6,1653455115,1,,True,False,False,Bitcoin,t5_2s3qj,4225555,public,https://b.thumbs.redditmedia.com/7Bd-sqImqosW9ITpEyhSVcr_VQhpJGdeoqjjUGf7_FQ.jpg,73.0,140.0,"Crypto Price Today May 25: BTC, ETH, UST, TRX Surge",0,[],1.0,https://currencywale.com/crypto-price-today-may-25-btc-eth-ust-trx-surge/,all_ads,6,1653426305.0,,,,,,,https://currencywale.com/crypto-price-today-may-25-btc-eth-ust-trx-surge/,moderator
5,[],False,currencywale,,[],,text,t2_jkkt6tu2,False,False,False,[],False,False,1653455047,currencywale.com,https://www.reddit.com/r/CryptoCurrency/comments/ux9xj8/crypto_price_today_may_25_btc_eth_ust_trx_surge/,{},ux9xj8,False,True,False,False,False,True,False,False,#add2e2,ADVICE,"[{'e': 'text', 't': 'ANALYSIS'}]",c1034ee6-9c2a-11e3-a8c4-12313b0e8e20,ANALYSIS,dark,richtext,False,,False,True,0,0,False,all_ads,/r/CryptoCurrency/comments/ux9xj8/crypto_price_today_may_25_btc_eth_ust_trx_surge/,False,link,"{'enabled': False, 'images': [{'id': '5F3qiqcv6KwNE-POYiZ7MzW0S49sUtC_HSFGQs3vddw', 'resolutions': [{'height': 56, 'url': 'https://external-preview.redd.it/3I6UQ0SqTD2UOJBCjkTVbDAnj85gxPf0cZ_6g0F3pdM.jpg?width=108&amp;crop=smart&amp;auto=webp&amp;s=9af27792e901151b19a3e776bfea37861588001b', 'width': 108}, {'height': 113, 'url': 'https://external-preview.redd.it/3I6UQ0SqTD2UOJBCjkTVbDAnj85gxPf0cZ_6g0F3pdM.jpg?width=216&amp;crop=smart&amp;auto=webp&amp;s=a08b89d970fac19520e03370486ff774ed0d2168', 'width': 216}, {'height': 167, 'url': 'https://external-preview.redd.it/3I6UQ0SqTD2UOJBCjkTVbDAnj85gxPf0cZ_6g0F3pdM.jpg?width=320&amp;crop=smart&amp;auto=webp&amp;s=189572284325d6b23c3a7ea2b299ffa74fa3502b', 'width': 320}, {'height': 334, 'url': 'https://external-preview.redd.it/3I6UQ0SqTD2UOJBCjkTVbDAnj85gxPf0cZ_6g0F3pdM.jpg?width=640&amp;crop=smart&amp;auto=webp&amp;s=f75f7f7e554dfae3b11137af178ac8af5ecef1d8', 'width': 640}, {'height': 502, 'url': 'https://external-preview.redd.it/3I6UQ0SqTD2UOJBCjkTVbDAnj85gxPf0cZ_6g0F3pdM.jpg?width=960&amp;crop=smart&amp;auto=webp&amp;s=90e6327a15f4d599bb82553eaf740d21906ff105', 'width': 960}, {'height': 565, 'url': 'https://external-preview.redd.it/3I6UQ0SqTD2UOJBCjkTVbDAnj85gxPf0cZ_6g0F3pdM.jpg?width=1080&amp;crop=smart&amp;auto=webp&amp;s=650008f8427ef973bc2da93108cf9c4ce7e7630d', 'width': 1080}], 'source': {'height': 628, 'url': 'https://external-preview.redd.it/3I6UQ0SqTD2UOJBCjkTVbDAnj85gxPf0cZ_6g0F3pdM.jpg?auto=webp&amp;s=63dd51f4fbf3c8184be2c37fe5a5ebac996f79e8', 'width': 1200}, 'variants': {}}]}",6,1653455058,1,,True,False,False,CryptoCurrency,t5_2wlj3,4915425,public,https://b.thumbs.redditmedia.com/7Bd-sqImqosW9ITpEyhSVcr_VQhpJGdeoqjjUGf7_FQ.jpg,73.0,140.0,"Crypto Price Today May 25: BTC, ETH, UST, TRX Surge",0,[],1.0,https://currencywale.com/crypto-price-today-may-25-btc-eth-ust-trx-surge/,all_ads,6,1653426247.0,,,,,,,https://currencywale.com/crypto-price-today-may-25-btc-eth-ust-trx-surge/,
6,[],False,rationalconspirator,,[],,text,t2_14ijiepa,False,False,False,[],False,False,1653453708,self.CryptoCurrency,https://www.reddit.com/r/CryptoCurrency/comments/ux9kwp/late_to_exit_ust_market_module_isnt_working_as/,{},ux9kwp,False,False,False,False,False,False,True,False,#46d160,ADVICE,"[{'e': 'text', 't': 'ADVICE'}]",e9570888-9c2a-11e3-809c-12313d1661cc,ADVICE,dark,richtext,False,,False,True,1,0,False,all_ads,/r/CryptoCurrency/comments/ux9kwp/late_to_exit_ust_market_module_isnt_working_as/,False,,,6,1653453719,1,[removed],True,False,False,CryptoCurrency,t5_2wlj3,4915366,public,self,,,Late to exit.. UST market module isn’t working as expected,0,[],1.0,https://www.reddit.com/r/CryptoCurrency/comments/ux9kwp/late_to_exit_ust_market_module_isnt_working_as/,all_ads,6,1653424908.0,,,,,,,,moderator
7,[],False,Psychological_Yak945,,[],,text,t2_bn7mm2jv,False,False,False,[],False,False,1653426317,self.CryptoCurrency,https://www.reddit.com/r/CryptoCurrency/comments/ux12ej/a_taiwanese_committed_suicide_after_losing_2m/,{},ux12ej,False,True,False,False,False,True,True,False,#7193ff,DISCUSSION,"[{'e': 'text', 't': 'DISCUSSION'}]",87049662-0882-11e5-82e1-0e9d1a9f7761,DISCUSSION,dark,richtext,False,,False,False,0,0,False,all_ads,/r/CryptoCurrency/comments/ux12ej/a_taiwanese_committed_suicide_after_losing_2m/,False,,,6,1653426328,1,"Translated by Google:

According to friends of the deceased, Wu Nan once said that he had a debt problem due to investment failure, and he was depressed and depressed. same time coins Inside the circle, it was also reported that Wu Nan invested 2 million US dollars (about 58 million Taiwan dollars) to invest in Luna coins, but lost the remaining 1,000 US dollars (about 58 million Taiwan dollars). 29,000 Taiwan dollars), it is suspected that a fall from the building occurred because of this regret.  At present, the police have notified the family members and moved the body to the funeral home. At the same time, they have reported to the prosecutor to conduct an examination with the forensic doctor to clarify the cause of death.  

&amp;#x200B;

Comment: Luna, the cryptocurrency really killed a lot of people At least eight people in other countries have committed suicide because of Luna or UST

&amp;#x200B;

source: [https://www.ptt.cc/bbs/DigiCurrency/M.1653383937.A.050.html](https://www.ptt.cc/bbs/DigiCurrency/M.1653383937.A.050.html)",True,False,False,CryptoCurrency,t5_2wlj3,4913960,public,self,,,A Taiwanese committed suicide after losing 2M dollars in LUNA,0,[],1.0,https://www.reddit.com/r/CryptoCurrency/comments/ux12ej/a_taiwanese_committed_suicide_after_losing_2m/,all_ads,6,1653397517.0,,,,,,,,
8,[],False,Bras_m,,[],,text,t2_nl04c4zl,False,False,False,[],False,False,1653412991,self.CryptoCurrency,https://www.reddit.com/r/CryptoCurrency/comments/uww1ei/ust_on_binance/,{},uww1ei,False,True,False,False,False,True,True,False,#46d160,ADVICE,"[{'e': 'text', 't': 'ADVICE'}]",e9570888-9c2a-11e3-809c-12313d1661cc,ADVICE,dark,richtext,False,,False,False,0,0,False,all_ads,/r/CryptoCurrency/comments/uww1ei/ust_on_binance/,False,,,6,1653413002,1,"Good afternoon! I have a doubt concerning the new Terra Luna 2.0 and it’s allocation to the people that lost UST and Luna, now Luna classic. I had UST on binance before the attack. I am still holding it. That makes me eligible to receive the new Luna token? If it does, do I need to do anything to be airdropped? Or the coins will automatically be airdropped to me. 

I have another question. Is it worth it to hold the UST until the 27th of may, the date when supposedly the new Luna blockchain will emerge, or it is better to sell it all right now?

Thank you very much for your help.",True,False,False,CryptoCurrency,t5_2wlj3,4913172,public,self,,,UST on binance,0,[],1.0,https://www.reddit.com/r/CryptoCurrency/comments/uww1ei/ust_on_binance/,all_ads,6,1653384191.0,,,,,,,,
9,[],False,Bras_m,,[],,text,t2_nl04c4zl,False,False,False,[],False,False,1653411843,self.CryptoCurrency,https://www.reddit.com/r/CryptoCurrency/comments/uwvlv9/ust_on_binance/,{},uwvlv9,False,False,False,False,False,False,True,False,#46d160,ADVICE,"[{'e': 'text', 't': 'ADVICE'}]",e9570888-9c2a-11e3-809c-12313d1661cc,ADVICE,dark,richtext,False,,False,True,1,0,False,all_ads,/r/CryptoCurrency/comments/uwvlv9/ust_on_binance/,False,,,6,1653411853,1,[removed],True,False,False,CryptoCurrency,t5_2wlj3,4913115,public,self,,,UST on binance,0,[],1.0,https://www.reddit.com/r/CryptoCurrency/comments/uwvlv9/ust_on_binance/,all_ads,6,1653383043.0,,,,,,,,moderator
