,all_awardings,allow_live_comments,author,author_flair_background_color,author_flair_css_class,author_flair_richtext,author_flair_text,author_flair_text_color,author_flair_type,author_fullname,author_is_blocked,author_patreon_flair,author_premium,awarders,can_mod_post,contest_mode,created_utc,domain,full_link,gildings,id,is_created_from_ads_ui,is_crosspostable,is_meta,is_original_content,is_reddit_media_domain,is_robot_indexable,is_self,is_video,link_flair_background_color,link_flair_css_class,link_flair_richtext,link_flair_template_id,link_flair_text,link_flair_text_color,link_flair_type,locked,media_only,no_follow,num_comments,num_crossposts,over_18,parent_whitelist_status,permalink,pinned,post_hint,preview,pwls,removed_by_category,retrieved_on,score,selftext,send_replies,spoiler,stickied,subreddit,subreddit_id,subreddit_subscribers,subreddit_type,thumbnail,title,total_awards_received,treatment_tags,upvote_ratio,url,whitelist_status,wls,created,thumbnail_height,thumbnail_width,url_overridden_by_dest,media_metadata,media,media_embed,secure_media,secure_media_embed,author_flair_template_id
0,[],False,predictany007,,Warning-level2-2,"[{'e': 'text', 't': 'Tin | 1 month old'}]",Tin | 1 month old,dark,richtext,t2_lthxvmq0,False,False,False,[],False,False,1653494165,self.CryptoCurrency,https://www.reddit.com/r/CryptoCurrency/comments/uxkgff/exchanges_show_initial_support_to_terra_revival/,{},uxkgff,False,False,True,False,False,False,True,False,#0079d3,POLL,"[{'e': 'text', 't': 'POLL 🗳️'}]",c301e03e-5ea6-11e8-8824-0efe9c7bcaa8,POLL 🗳️,light,richtext,False,False,True,0,0,False,all_ads,/r/CryptoCurrency/comments/uxkgff/exchanges_show_initial_support_to_terra_revival/,False,self,"{'enabled': False, 'images': [{'id': 'lAf_prFuDfJ6BHpjHpRRZsZHi8m333C0kZqu59jZCvs', 'resolutions': [{'height': 71, 'url': 'https://external-preview.redd.it/7KTEfkWG5rYnGsJYKvuIcfG_YQzugsCgrlGJsJ9AiP4.jpg?width=108&amp;crop=smart&amp;auto=webp&amp;s=d65ec76ecbb71bd84ebd98c2624525217da94bcb', 'width': 108}, {'height': 143, 'url': 'https://external-preview.redd.it/7KTEfkWG5rYnGsJYKvuIcfG_YQzugsCgrlGJsJ9AiP4.jpg?width=216&amp;crop=smart&amp;auto=webp&amp;s=1c0c59a024a343c68ae6a59cece93679cead6ecd', 'width': 216}, {'height': 213, 'url': 'https://external-preview.redd.it/7KTEfkWG5rYnGsJYKvuIcfG_YQzugsCgrlGJsJ9AiP4.jpg?width=320&amp;crop=smart&amp;auto=webp&amp;s=c069d76e9e94efbd4bc744f134451eab4c033fe3', 'width': 320}, {'height': 426, 'url': 'https://external-preview.redd.it/7KTEfkWG5rYnGsJYKvuIcfG_YQzugsCgrlGJsJ9AiP4.jpg?width=640&amp;crop=smart&amp;auto=webp&amp;s=675b3da95dc24b1a94f238eb119364fefa584618', 'width': 640}, {'height': 639, 'url': 'https://external-preview.redd.it/7KTEfkWG5rYnGsJYKvuIcfG_YQzugsCgrlGJsJ9AiP4.jpg?width=960&amp;crop=smart&amp;auto=webp&amp;s=ebc30b022a94cc74d4f73ee0d8183130c8b4df72', 'width': 960}, {'height': 719, 'url': 'https://external-preview.redd.it/7KTEfkWG5rYnGsJYKvuIcfG_YQzugsCgrlGJsJ9AiP4.jpg?width=1080&amp;crop=smart&amp;auto=webp&amp;s=110672909e405f924557f4ef6283941e5ec0c683', 'width': 1080}], 'source': {'height': 773, 'url': 'https://external-preview.redd.it/7KTEfkWG5rYnGsJYKvuIcfG_YQzugsCgrlGJsJ9AiP4.jpg?auto=webp&amp;s=8fe423aa2066bd582f1b9ed92914254de02e053c', 'width': 1160}, 'variants': {}}]}",6,reddit,1653494175,1,"[removed]

[View Poll](https://www.reddit.com/poll/uxkgff)",True,False,False,CryptoCurrency,t5_2wlj3,4917268,public,self,Exchanges show initial support to Terra revival by listing new LUNA token,0,[],1.0,https://www.reddit.com/r/CryptoCurrency/comments/uxkgff/exchanges_show_initial_support_to_terra_revival/,all_ads,6,1653465365.0,,,,,,,,,
1,[],False,predictany007,,Warning-level2-2,"[{'e': 'text', 't': 'Tin | 1 month old'}]",Tin | 1 month old,dark,richtext,t2_lthxvmq0,False,False,False,[],False,False,1653493641,self.CryptoCurrency,https://www.reddit.com/r/CryptoCurrency/comments/uxk9vl/would_you_buy_luna_20/,{},uxk9vl,False,False,True,False,False,False,True,False,#0079d3,POLL,"[{'e': 'text', 't': 'POLL 🗳️'}]",c301e03e-5ea6-11e8-8824-0efe9c7bcaa8,POLL 🗳️,light,richtext,False,False,True,1,0,False,all_ads,/r/CryptoCurrency/comments/uxk9vl/would_you_buy_luna_20/,False,,,6,moderator,1653493652,1,"[removed]

[View Poll](https://www.reddit.com/poll/uxk9vl)",True,False,False,CryptoCurrency,t5_2wlj3,4917234,public,self,Would you buy LUNA 2.0?,0,[],1.0,https://www.reddit.com/r/CryptoCurrency/comments/uxk9vl/would_you_buy_luna_20/,all_ads,6,1653464841.0,,,,,,,,,
2,[],False,Theweebsgod,,Warning-level2-2,"[{'e': 'text', 't': 'Tin | CC critic'}]",Tin | CC critic,dark,richtext,t2_67epep86,False,False,False,[],False,False,1653490556,coinquora.com,https://www.reddit.com/r/CryptoCurrency/comments/uxj6t1/south_korean_exchanges_shun_do_kwons_appeal_to/,{},uxj6t1,False,True,False,False,False,True,False,False,#007373,EXCHANGES,"[{'e': 'text', 't': 'EXCHANGES'}]",38a8ac5a-9d5c-11e5-a136-0e9f3a832fc3,EXCHANGES,light,richtext,False,False,True,1,0,False,all_ads,/r/CryptoCurrency/comments/uxj6t1/south_korean_exchanges_shun_do_kwons_appeal_to/,False,link,"{'enabled': False, 'images': [{'id': 'S4SJrtLKqZtZWIFxyCZqY2ATedBUSIdyw1FhWsnW6tg', 'resolutions': [{'height': 60, 'url': 'https://external-preview.redd.it/G6HN5nIae1xSR1WVlnxODLORaOGb7-PLD5nU51rymh4.jpg?width=108&amp;crop=smart&amp;auto=webp&amp;s=7848d19c40ecde661c800b3652aad50645ea98c3', 'width': 108}, {'height': 121, 'url': 'https://external-preview.redd.it/G6HN5nIae1xSR1WVlnxODLORaOGb7-PLD5nU51rymh4.jpg?width=216&amp;crop=smart&amp;auto=webp&amp;s=1790bedbfec5607c2a041c5f86480f359eb48e23', 'width': 216}, {'height': 180, 'url': 'https://external-preview.redd.it/G6HN5nIae1xSR1WVlnxODLORaOGb7-PLD5nU51rymh4.jpg?width=320&amp;crop=smart&amp;auto=webp&amp;s=77e61743a29c42196576d2f5f507126de003ba17', 'width': 320}, {'height': 360, 'url': 'https://external-preview.redd.it/G6HN5nIae1xSR1WVlnxODLORaOGb7-PLD5nU51rymh4.jpg?width=640&amp;crop=smart&amp;auto=webp&amp;s=7b71fd847748d445f2ac9fd9314257f5c37e2d24', 'width': 640}], 'source': {'height': 411, 'url': 'https://external-preview.redd.it/G6HN5nIae1xSR1WVlnxODLORaOGb7-PLD5nU51rymh4.jpg?auto=webp&amp;s=750724a9b38f4cbeac7323072c95f3f0fe80b913', 'width': 730}, 'variants': {}}]}",6,,1653490567,1,,True,False,False,CryptoCurrency,t5_2wlj3,4917055,public,https://b.thumbs.redditmedia.com/vXWqY54cpZytq-fQcybjDDYDora3o7GNKvR_yuPoIRw.jpg,South Korean Exchanges Shun Do Kwon's Appeal to List LUNA 2.0,0,[],1.0,https://coinquora.com/south-korean-exchanges-shun-do-kwons-appeal-to-list-luna-2-0/,all_ads,6,1653461756.0,78.0,140.0,https://coinquora.com/south-korean-exchanges-shun-do-kwons-appeal-to-list-luna-2-0/,,,,,,
3,[],False,InevitableSoundOf,,,"[{'e': 'text', 't': 'Silver | QC: CC 463 | Buttcoin 74'}]",Silver | QC: CC 463 | Buttcoin 74,dark,richtext,t2_1dkjmwdo,False,False,False,[],False,False,1653488929,self.CryptoCurrency,https://www.reddit.com/r/CryptoCurrency/comments/uximjx/if_your_chosen_crypto_isnt_showing_real/,{},uximjx,False,True,False,False,False,True,True,False,#46d160,ADVICE,"[{'e': 'text', 't': 'ADVICE'}]",e9570888-9c2a-11e3-809c-12313d1661cc,ADVICE,dark,richtext,False,False,True,0,0,False,all_ads,/r/CryptoCurrency/comments/uximjx/if_your_chosen_crypto_isnt_showing_real/,False,,,6,,1653488940,1,"In a bull run it's very easy to fake development, progress and expansion. I lost count of how many projects saw a 30% bump off an announcement of an announcement of potentially a inconsequential partnership rumour.

In short alot of projects could coast, and you'd still see healthy gains in price.

Well that's now over. There has been some serious adoption news and various project developments that barely register now we are living at the bottom of the fear index. So only promising development won't cut it, the project needs to start delivering.

You want to be holding projects that are real. Ones with a serious development plan that is being continually worked on.  Changing the website landing page isn't it. Releasing new features or testnets towards a mainnet is. It proves that the lights are still on, and the project is still viable.

After every bull run so many projects just die off. They aren't big annouced going out of business events like what happened with Luna. They simply just get quietly abandoned, and that's it.

If you look at all the survivors of previous bull runs a vast majority had ongoing development. Tangible progress during 2018, and 2019 that setup a foundation to bounce back in 2020 and 2021.",True,False,False,CryptoCurrency,t5_2wlj3,4916964,public,self,"If your chosen crypto isn't showing real development, it won't last",0,[],1.0,https://www.reddit.com/r/CryptoCurrency/comments/uximjx/if_your_chosen_crypto_isnt_showing_real/,all_ads,6,1653460129.0,,,,,,,,,
4,[],False,CWCOfficial,,,[],,,text,t2_kzqdz8zb,False,False,True,[],False,False,1653487565,self.CryptoCurrency,https://www.reddit.com/r/CryptoCurrency/comments/uxi5jj/terra_founder_wants_korean_exchanges_to_list_luna/,{},uxi5jj,False,True,False,False,False,True,True,False,#0aa18f,NEWS,"[{'e': 'text', 't': 'GENERAL-NEWS'}]",f170aab2-246f-11ec-8143-429a193c9848,GENERAL-NEWS,light,richtext,False,False,True,0,0,False,all_ads,/r/CryptoCurrency/comments/uxi5jj/terra_founder_wants_korean_exchanges_to_list_luna/,False,self,"{'enabled': False, 'images': [{'id': 'qaaUFGS2xSWAkZ-J-KhA4YFyxAqa7ZsvYbu544lLG3Y', 'resolutions': [{'height': 72, 'url': 'https://external-preview.redd.it/86EIhf_bJ7EDZx-wXMA81cK0QGvfZxr0OdNu2qCNpcM.jpg?width=108&amp;crop=smart&amp;auto=webp&amp;s=fe3ce36c1bea5c2af2d7e5b16530a79d2308d584', 'width': 108}, {'height': 144, 'url': 'https://external-preview.redd.it/86EIhf_bJ7EDZx-wXMA81cK0QGvfZxr0OdNu2qCNpcM.jpg?width=216&amp;crop=smart&amp;auto=webp&amp;s=e73eea24c53a51912b2d8c16b85afb289c4e5554', 'width': 216}, {'height': 213, 'url': 'https://external-preview.redd.it/86EIhf_bJ7EDZx-wXMA81cK0QGvfZxr0OdNu2qCNpcM.jpg?width=320&amp;crop=smart&amp;auto=webp&amp;s=71434b49f9393daecde9b4ce6506a8bbcd9b6ff0', 'width': 320}, {'height': 426, 'url': 'https://external-preview.redd.it/86EIhf_bJ7EDZx-wXMA81cK0QGvfZxr0OdNu2qCNpcM.jpg?width=640&amp;crop=smart&amp;auto=webp&amp;s=a50ef993cd663be964c49dbc1e539c9a3a2b2a31', 'width': 640}, {'height': 640, 'url': 'https://external-preview.redd.it/86EIhf_bJ7EDZx-wXMA81cK0QGvfZxr0OdNu2qCNpcM.jpg?width=960&amp;crop=smart&amp;auto=webp&amp;s=dcfef28ce09ca4563203be629603b6fbb300c615', 'width': 960}], 'source': {'height': 646, 'url': 'https://external-preview.redd.it/86EIhf_bJ7EDZx-wXMA81cK0QGvfZxr0OdNu2qCNpcM.jpg?auto=webp&amp;s=37117455014437725032f3e22417af84f8151098', 'width': 969}, 'variants': {}}]}",6,,1653487575,1,"The whole world has seen the demise of **Terra** and its original properties **LUNA** and **UST**. In particular, **Korea** has made a lot of noise about the latest accident. While popular domestic exchanges have dropped support, regulators are still probing **Terraform Labs** and **Do Kwon**. Despite this regulatory heat, Kwon is still poised to launch Terra 2.0 or Terra. The old chain is said to be called **Terra Classic** and the altcoin, **LUNA Classic**.

&amp;#x200B;

https://preview.redd.it/8kdjd21wpm191.jpg?width=969&amp;format=pjpg&amp;auto=webp&amp;s=eaa1d4ce3faf2b388c924756a15a7826b5f17774

**Terra 2.0** will go bankrupt if crypto exchanges refuse to back **LUNA**. As a result, Kwon does not appear to be constrained by regulatory pressure in South Korea and continues to urge five exchanges to rely on LUNA.

[https://cryptowallcity.com/terra-wants-korean-exchanges-to-list-luna-2-0/](https://cryptowallcity.com/terra-wants-korean-exchanges-to-list-luna-2-0/)",True,False,False,CryptoCurrency,t5_2wlj3,4916884,public,https://b.thumbs.redditmedia.com/OJQx2boYyMuJgPi7UB8DVDyUPcUwDfkR5dLI2iQAT2o.jpg,"Terra founder wants Korean exchanges to list LUNA 2.0, but here’s the problem",0,[],1.0,https://www.reddit.com/r/CryptoCurrency/comments/uxi5jj/terra_founder_wants_korean_exchanges_to_list_luna/,all_ads,6,1653458765.0,93.0,140.0,,"{'8kdjd21wpm191': {'e': 'Image', 'id': '8kdjd21wpm191', 'm': 'image/jpg', 'p': [{'u': 'https://preview.redd.it/8kdjd21wpm191.jpg?width=108&amp;crop=smart&amp;auto=webp&amp;s=8a654744493a8a0a88a04114498df16df7af015f', 'x': 108, 'y': 72}, {'u': 'https://preview.redd.it/8kdjd21wpm191.jpg?width=216&amp;crop=smart&amp;auto=webp&amp;s=81d3c1faffe6f1a5ca728a0ae0116ab9834e593e', 'x': 216, 'y': 144}, {'u': 'https://preview.redd.it/8kdjd21wpm191.jpg?width=320&amp;crop=smart&amp;auto=webp&amp;s=adc35ee476b2bc080bb8cf1e079f85e5b940a5f6', 'x': 320, 'y': 213}, {'u': 'https://preview.redd.it/8kdjd21wpm191.jpg?width=640&amp;crop=smart&amp;auto=webp&amp;s=59cd5120354530a71a215a5f405faed26a3c06d9', 'x': 640, 'y': 426}, {'u': 'https://preview.redd.it/8kdjd21wpm191.jpg?width=960&amp;crop=smart&amp;auto=webp&amp;s=ba91055b7bfb249fdbc982288de9b3a65b49b460', 'x': 960, 'y': 640}], 's': {'u': 'https://preview.redd.it/8kdjd21wpm191.jpg?width=969&amp;format=pjpg&amp;auto=webp&amp;s=eaa1d4ce3faf2b388c924756a15a7826b5f17774', 'x': 969, 'y': 646}, 'status': 'valid'}}",,,,,
5,[],False,Shrappy16,,Warning-level2-2,"[{'e': 'text', 't': 'Tin'}]",Tin,dark,richtext,t2_4e2hp2d0,False,False,False,[],False,False,1653487542,self.CryptoCurrency,https://www.reddit.com/r/CryptoCurrency/comments/uxi59x/wrapped_luna_coinbase_price_to_wallet_why_is_my/,{},uxi59x,False,False,False,False,False,False,True,False,#007373,EXCHANGES,"[{'e': 'text', 't': 'EXCHANGES'}]",38a8ac5a-9d5c-11e5-a136-0e9f3a832fc3,EXCHANGES,light,richtext,False,False,True,1,0,False,all_ads,/r/CryptoCurrency/comments/uxi59x/wrapped_luna_coinbase_price_to_wallet_why_is_my/,False,,,6,moderator,1653487553,1,[removed],True,False,False,CryptoCurrency,t5_2wlj3,4916882,public,self,Wrapped Luna - Coinbase price to wallet - why is my small amount of WLuna appear to be worth much much more if I transfer it to my CB Wallet?,0,[],1.0,https://www.reddit.com/r/CryptoCurrency/comments/uxi59x/wrapped_luna_coinbase_price_to_wallet_why_is_my/,all_ads,6,1653458742.0,,,,,,,,,
6,[],False,ddesireofficial,,,[],,,text,t2_ekjfyqd,False,False,False,[],False,False,1653487506,i.redd.it,https://www.reddit.com/r/CryptoCurrency/comments/uxi4tm/buy_1_get_10_free_i_just_made_an_opensea_nft_to/,{},uxi4tm,False,True,False,False,True,True,False,False,#fec7e6,NEW,"[{'e': 'text', 't': 'NEW-COIN'}]",e533981c-10d9-11e7-89fd-0e374a7b7cbc,NEW-COIN,light,richtext,False,False,True,2,0,False,all_ads,/r/CryptoCurrency/comments/uxi4tm/buy_1_get_10_free_i_just_made_an_opensea_nft_to/,False,image,"{'enabled': True, 'images': [{'id': 'mHZtsc-Yb-i9uuFU8Bwa-jD45O-gBwxcCfpG_wUSFHQ', 'resolutions': [{'height': 108, 'url': 'https://preview.redd.it/mnmingkdpm191.gif?width=108&amp;crop=smart&amp;format=png8&amp;s=8fa1a120124f453c3d64af9c52f0d8dcb9a1dcbd', 'width': 108}, {'height': 216, 'url': 'https://preview.redd.it/mnmingkdpm191.gif?width=216&amp;crop=smart&amp;format=png8&amp;s=ceb3139f041b4e8a3c64df6955290e86f4ca1ca2', 'width': 216}, {'height': 320, 'url': 'https://preview.redd.it/mnmingkdpm191.gif?width=320&amp;crop=smart&amp;format=png8&amp;s=338001ebec96117beab45fb132cf9ce0f3586155', 'width': 320}], 'source': {'height': 500, 'url': 'https://preview.redd.it/mnmingkdpm191.gif?format=png8&amp;s=11af1ab3a8764c26c103c26fbe13b9a0cf1d46b5', 'width': 500}, 'variants': {'gif': {'resolutions': [{'height': 108, 'url': 'https://preview.redd.it/mnmingkdpm191.gif?width=108&amp;crop=smart&amp;s=774f0c5b8587c7f8284aae523866a6eabfe006c0', 'width': 108}, {'height': 216, 'url': 'https://preview.redd.it/mnmingkdpm191.gif?width=216&amp;crop=smart&amp;s=cf8f8934bf730ec6d69dade6f532c21343b3ae10', 'width': 216}, {'height': 320, 'url': 'https://preview.redd.it/mnmingkdpm191.gif?width=320&amp;crop=smart&amp;s=2307a7edf14a367e2b6cc3793d14dda94eb1e340', 'width': 320}], 'source': {'height': 500, 'url': 'https://preview.redd.it/mnmingkdpm191.gif?s=2ba42b6c181a734869d8a9ee1148ff481ee1a403', 'width': 500}}, 'mp4': {'resolutions': [{'height': 108, 'url': 'https://preview.redd.it/mnmingkdpm191.gif?width=108&amp;format=mp4&amp;s=7baaa85ea86df5c10fe2def27edb4c1dffc04971', 'width': 108}, {'height': 216, 'url': 'https://preview.redd.it/mnmingkdpm191.gif?width=216&amp;format=mp4&amp;s=9ef70c0fbca6b69f839c86e4b93a4cf03f6603ae', 'width': 216}, {'height': 320, 'url': 'https://preview.redd.it/mnmingkdpm191.gif?width=320&amp;format=mp4&amp;s=5ede89f65aced5b5a64568b5c940547dbe89962d', 'width': 320}], 'source': {'height': 500, 'url': 'https://preview.redd.it/mnmingkdpm191.gif?format=mp4&amp;s=bf0cef74d1519d86eef3eac69e36d91e7c57a7a2', 'width': 500}}}}]}",6,,1653487517,1,,True,False,False,CryptoCurrency,t5_2wlj3,4916880,public,https://a.thumbs.redditmedia.com/nK0OswtD4otENgciBfDTMTYMnb36tt7JeHszAxSo558.jpg,BUY 1 GET 10 FREE!!!! I just made an Opensea NFT to support Luna holders who lost money! Link in Description!,0,[],1.0,https://i.redd.it/mnmingkdpm191.gif,all_ads,6,1653458706.0,140.0,140.0,https://i.redd.it/mnmingkdpm191.gif,,,,,,
7,[],False,socalquest,,,"[{'e': 'text', 't': 'Platinum | QC: CC 61, ETH 25 | r/CCs. critic | TraderSubs 10'}]","Platinum | QC: CC 61, ETH 25 | r/CCs. critic | TraderSubs 10",dark,richtext,t2_9qvn09n6,False,False,False,[],False,False,1653486996,self.CryptoCurrency,https://www.reddit.com/r/CryptoCurrency/comments/uxhy6v/raoul_pal_claims_he_never_owned_or_understood/,{},uxhy6v,False,False,False,False,False,False,True,False,#0aa18f,NEWS,"[{'e': 'text', 't': 'GENERAL-NEWS'}]",f170aab2-246f-11ec-8143-429a193c9848,GENERAL-NEWS,light,richtext,False,False,True,0,0,False,all_ads,/r/CryptoCurrency/comments/uxhy6v/raoul_pal_claims_he_never_owned_or_understood/,False,self,"{'enabled': False, 'images': [{'id': 'UZE7sd2jpVbcwqzVmDKfSdlaq9IeG6ZJysRKeDDtjOw', 'resolutions': [{'height': 81, 'url': 'https://external-preview.redd.it/DF40HzNWbOr5c83huDuhjbu782jYJg2dWGcOUOGduIc.jpg?width=108&amp;crop=smart&amp;auto=webp&amp;s=c1091f4f00c131ffaf279a2f83dc64b2c6f1d624', 'width': 108}, {'height': 162, 'url': 'https://external-preview.redd.it/DF40HzNWbOr5c83huDuhjbu782jYJg2dWGcOUOGduIc.jpg?width=216&amp;crop=smart&amp;auto=webp&amp;s=f578605f2eb3a05d6ee2d4bd90beb0ce9a2d00f5', 'width': 216}, {'height': 240, 'url': 'https://external-preview.redd.it/DF40HzNWbOr5c83huDuhjbu782jYJg2dWGcOUOGduIc.jpg?width=320&amp;crop=smart&amp;auto=webp&amp;s=f76b30f6a7a8bd438915fd5ddb50f39d80f0fa05', 'width': 320}, {'height': 480, 'url': 'https://external-preview.redd.it/DF40HzNWbOr5c83huDuhjbu782jYJg2dWGcOUOGduIc.jpg?width=640&amp;crop=smart&amp;auto=webp&amp;s=6cc034be57ad4a8a3ff1efee588b391f43b1ce02', 'width': 640}, {'height': 720, 'url': 'https://external-preview.redd.it/DF40HzNWbOr5c83huDuhjbu782jYJg2dWGcOUOGduIc.jpg?width=960&amp;crop=smart&amp;auto=webp&amp;s=40680dc82b325b722a5d3803ad91205fc9a1774d', 'width': 960}, {'height': 810, 'url': 'https://external-preview.redd.it/DF40HzNWbOr5c83huDuhjbu782jYJg2dWGcOUOGduIc.jpg?width=1080&amp;crop=smart&amp;auto=webp&amp;s=1d22a7a200201fcc03aa34a06d1fa873a398ab29', 'width': 1080}], 'source': {'height': 900, 'url': 'https://external-preview.redd.it/DF40HzNWbOr5c83huDuhjbu782jYJg2dWGcOUOGduIc.jpg?auto=webp&amp;s=e7388088d9a1fe11894d043157e7eb55411aa929', 'width': 1200}, 'variants': {}}]}",6,moderator,1653487006,1,[removed],True,False,False,CryptoCurrency,t5_2wlj3,4916852,public,self,"Raoul Pal Claims He Never Owned or Understood Terra (LUNA). Here's What He Said Six Months Ago ... Stack (BTFD), stake and HODL ETH to riches!!! GLTA!!!",0,[],1.0,https://www.reddit.com/r/CryptoCurrency/comments/uxhy6v/raoul_pal_claims_he_never_owned_or_understood/,all_ads,6,1653458196.0,,,,,,,,,
8,[],False,Acceptable_Novel8200,,,"[{'e': 'text', 't': 'Platinum | QC: CC 923'}]",Platinum | QC: CC 923,dark,richtext,t2_a0nl8bzw,False,False,False,[],False,False,1653484255,self.CryptoCurrency,https://www.reddit.com/r/CryptoCurrency/comments/uxh27i/guy_lost_millions_knocked_on_do_kwons_door_he/,{},uxh27i,False,True,False,False,False,True,True,False,#0aa18f,NEWS,"[{'e': 'text', 't': 'GENERAL-NEWS'}]",f170aab2-246f-11ec-8143-429a193c9848,GENERAL-NEWS,light,richtext,False,False,True,0,0,False,all_ads,/r/CryptoCurrency/comments/uxh27i/guy_lost_millions_knocked_on_do_kwons_door_he/,False,self,"{'enabled': False, 'images': [{'id': 'h5CESUsrRiBHX6-cuafSyYvZy6PQQrPTp21vv0yZySM', 'resolutions': [{'height': 60, 'url': 'https://external-preview.redd.it/-A41PQEurl4v5uGa4fmmX6yyzM-9j7aVy2x6lDRsftI.jpg?width=108&amp;crop=smart&amp;auto=webp&amp;s=ffb04d1b81439461bd05166c4db3ccfd142e92b4', 'width': 108}, {'height': 121, 'url': 'https://external-preview.redd.it/-A41PQEurl4v5uGa4fmmX6yyzM-9j7aVy2x6lDRsftI.jpg?width=216&amp;crop=smart&amp;auto=webp&amp;s=16e24263e75dfe62e3a1b7e2c7477ab1d8da554f', 'width': 216}, {'height': 180, 'url': 'https://external-preview.redd.it/-A41PQEurl4v5uGa4fmmX6yyzM-9j7aVy2x6lDRsftI.jpg?width=320&amp;crop=smart&amp;auto=webp&amp;s=b4445afec8f8e38ea139ff459bc0fc23113385c4', 'width': 320}, {'height': 360, 'url': 'https://external-preview.redd.it/-A41PQEurl4v5uGa4fmmX6yyzM-9j7aVy2x6lDRsftI.jpg?width=640&amp;crop=smart&amp;auto=webp&amp;s=f37214f8338b06e06451693e81a394cc10386223', 'width': 640}, {'height': 540, 'url': 'https://external-preview.redd.it/-A41PQEurl4v5uGa4fmmX6yyzM-9j7aVy2x6lDRsftI.jpg?width=960&amp;crop=smart&amp;auto=webp&amp;s=3a4ff2a8a12bc0f9dcf6b1d5400cbff46ceb494b', 'width': 960}, {'height': 607, 'url': 'https://external-preview.redd.it/-A41PQEurl4v5uGa4fmmX6yyzM-9j7aVy2x6lDRsftI.jpg?width=1080&amp;crop=smart&amp;auto=webp&amp;s=c5eeb24eb33bea89771ffa852c6c6aef3720f7d8', 'width': 1080}], 'source': {'height': 675, 'url': 'https://external-preview.redd.it/-A41PQEurl4v5uGa4fmmX6yyzM-9j7aVy2x6lDRsftI.jpg?auto=webp&amp;s=85d34cba00427efa908869eb4102d9894abb5818', 'width': 1200}, 'variants': {}}]}",6,,1653484265,1,"From the article : 

&gt;The man who allegedly tried to pay a visit the head honcho of the Terra blockchain May 13 finally spoke out Tuesday, telling reporters the crash of Terra and Luna left him financially devastated, and that he wanted to hear directly from Terra’s boss what the man’s plans were for the cryptocurrencies.


&gt;The BBC reported that the crypto streamer who only goes by the username “Chancers” said that after the crash “I felt like I was going to die.” Chancers, whose face was concealed by a mask, hat and sunglasses as he talked to reporters, claimed he had started investing in crypto in 2017, but lost $2.4 million in Luna coins when the cryptocurrency started to crash the weekend of May 8. This was despite the nonprofit Luna Foundation Guard propping up the platform with billions of dollars in bitcoin, and now both Terra and Luna are worth less than dirt. The streamer claimed he searched online for Kwon’s Seoul address then went there “to ask him about his plans for Luna. I suffered a huge loss and wanted to talk to him directly.”

&gt;Chancers streamed his planned interaction with Kwon to 100 people on his channel on the South Korea-based AfreecaTV streaming site, according to the BBC. When he knocked on Kwon’s door around 6:23 p.m. local time, instead of Terra founder coming to the door, Kwon’s wife answered instead and told the streamer her husband was out. Korean news site The Chosun Ilbo reported that day that the wife called police to ask for protection. The streamer said he surrendered himself to law enforcement, and Ilbo reported the man was charged with house trespassing.



Source : https://gizmodo.com/chancers-crypto-luna-do-kwon-terra-blockchain-luna-1848969712",True,False,False,CryptoCurrency,t5_2wlj3,4916708,public,self,"Guy lost millions knocked on Do Kwon's door, He wanted to ask Kwon directly about the plans for the project",0,[],1.0,https://www.reddit.com/r/CryptoCurrency/comments/uxh27i/guy_lost_millions_knocked_on_do_kwons_door_he/,all_ads,6,1653455455.0,,,,,,,,,
9,[],False,JesusSuperFreakX,,,[],,,text,t2_3jn1z9em,False,False,False,[],False,False,1653483916,self.CryptoCurrency,https://www.reddit.com/r/CryptoCurrency/comments/uxgyfx/is_there_a_comprehensive_list_of_all_stablecoins/,{},uxgyfx,False,True,False,False,False,True,True,False,#7193ff,DISCUSSION,"[{'e': 'text', 't': 'DISCUSSION'}]",87049662-0882-11e5-82e1-0e9d1a9f7761,DISCUSSION,dark,richtext,False,False,True,0,0,False,all_ads,/r/CryptoCurrency/comments/uxgyfx/is_there_a_comprehensive_list_of_all_stablecoins/,False,,,6,,1653483928,1,"I am sure that we all know about the LUNA/Terra debacle and how it wiped out hundreds of billions of value from people's portfolios. I saw the ""I lost everything, will be homeless and will KMS"" posts and found them absolutely harrowing. It is quite obvious that people need some semblance of financial literacy so that they can spot some of the obviously unsustainable projects in the crypto space.

Is there a comprehensive list of all stablecoins, their respective 'anchor' coins, ecosystems and APYs?

I really think that people need to know exactly what they are investing in/speculating on and the inherent risks of said plays.",True,False,False,CryptoCurrency,t5_2wlj3,4916689,public,self,"Is there a comprehensive list of all stablecoins, their respective 'anchor' coins, ecosystems and APYs?",0,[],1.0,https://www.reddit.com/r/CryptoCurrency/comments/uxgyfx/is_there_a_comprehensive_list_of_all_stablecoins/,all_ads,6,1653455116.0,,,,,,,,,
10,[],False,karandi91,,,[],,,text,t2_fxtgtbmf,False,False,False,[],False,False,1653483867,coindesk.com,https://www.reddit.com/r/CryptoCurrency/comments/uxgxqb/terra_snapshot_expected_this_week_heres_how_new/,{},uxgxqb,False,True,False,False,False,True,False,False,,GENERAL-NEWS,"[{'e': 'text', 't': '🟢 GENERAL-NEWS'}]",,🟢 GENERAL-NEWS,dark,richtext,False,False,True,0,0,False,all_ads,/r/CryptoCurrency/comments/uxgxqb/terra_snapshot_expected_this_week_heres_how_new/,False,link,"{'enabled': False, 'images': [{'id': '0OZ0QOiG8XjAjmBJhcD7c817sywtBEFGHCYMul_WnWg', 'resolutions': [{'height': 56, 'url': 'https://external-preview.redd.it/FVYSd3bTjNSW4q3ORzHIKKkze_bivjYJQt0_9qaG1EA.jpg?width=108&amp;crop=smart&amp;auto=webp&amp;s=c238d026602fbdc6d8d28f472ead0ed56c0989e3', 'width': 108}, {'height': 113, 'url': 'https://external-preview.redd.it/FVYSd3bTjNSW4q3ORzHIKKkze_bivjYJQt0_9qaG1EA.jpg?width=216&amp;crop=smart&amp;auto=webp&amp;s=64316712a41286b56578d9b1fcbb3132d9b1c70a', 'width': 216}, {'height': 167, 'url': 'https://external-preview.redd.it/FVYSd3bTjNSW4q3ORzHIKKkze_bivjYJQt0_9qaG1EA.jpg?width=320&amp;crop=smart&amp;auto=webp&amp;s=87c98e2156f42ffab550736bc2f0f49c4ea99b82', 'width': 320}, {'height': 334, 'url': 'https://external-preview.redd.it/FVYSd3bTjNSW4q3ORzHIKKkze_bivjYJQt0_9qaG1EA.jpg?width=640&amp;crop=smart&amp;auto=webp&amp;s=bd1465e5444e3f17525980e60eae6c8239642789', 'width': 640}, {'height': 502, 'url': 'https://external-preview.redd.it/FVYSd3bTjNSW4q3ORzHIKKkze_bivjYJQt0_9qaG1EA.jpg?width=960&amp;crop=smart&amp;auto=webp&amp;s=8a04549b1b54ed49381c6d0e75e27ec465cbd1e8', 'width': 960}, {'height': 565, 'url': 'https://external-preview.redd.it/FVYSd3bTjNSW4q3ORzHIKKkze_bivjYJQt0_9qaG1EA.jpg?width=1080&amp;crop=smart&amp;auto=webp&amp;s=977e06e4bac37e774321a9254b67b445ac4d010d', 'width': 1080}], 'source': {'height': 628, 'url': 'https://external-preview.redd.it/FVYSd3bTjNSW4q3ORzHIKKkze_bivjYJQt0_9qaG1EA.jpg?auto=webp&amp;s=ebfea2ad2bdc02058412bbd89f05159640112c7f', 'width': 1200}, 'variants': {}}]}",6,,1653483878,1,,True,False,False,CryptoCurrency,t5_2wlj3,4916688,public,https://b.thumbs.redditmedia.com/L5_CDIkAGE76gcDmOuQkTbKgXWzJyYPcBlWu0sWZDYE.jpg,Terra Snapshot Expected This Week. Here’s How 'New' Luna Will Be Distributed,0,[],1.0,https://www.coindesk.com/tech/2022/05/25/terra-snapshot-expected-this-week-heres-how-new-luna-will-be-distributed/,all_ads,6,1653455067.0,73.0,140.0,https://www.coindesk.com/tech/2022/05/25/terra-snapshot-expected-this-week-heres-how-new-luna-will-be-distributed/,,,,,,
11,[],False,Puzzleheaded_Popup,,Warning-level1-1,"[{'e': 'text', 't': 'Bronze | LRC 20 | Superstonk 230'}]",Bronze | LRC 20 | Superstonk 230,dark,richtext,t2_9xo8wcdl,False,False,False,[],False,False,1653483253,youtu.be,https://www.reddit.com/r/CryptoCurrency/comments/uxgqep/binance_and_do_kwon_terra_20_ust_11_terra_luna/,{},uxgqep,False,True,False,False,False,True,False,False,#0dd3bb,VIDEOS,"[{'e': 'text', 't': 'VIDEOS'}]",fee6c918-f3e4-11e5-8172-0ecf7e00c6db,VIDEOS,dark,richtext,False,False,True,0,0,False,all_ads,/r/CryptoCurrency/comments/uxgqep/binance_and_do_kwon_terra_20_ust_11_terra_luna/,False,rich:video,"{'enabled': False, 'images': [{'id': 'RG2Fta5z09iJAHkf64BJsGGABYpsRCrMAv0lYpW76uo', 'resolutions': [{'height': 81, 'url': 'https://external-preview.redd.it/r5bqPIGxInY4ggJh54lM-453-IwfEIPUDZcOzdtqERI.jpg?width=108&amp;crop=smart&amp;auto=webp&amp;s=f23902139a30fb3732f6ec986a3680e09ffa00a4', 'width': 108}, {'height': 162, 'url': 'https://external-preview.redd.it/r5bqPIGxInY4ggJh54lM-453-IwfEIPUDZcOzdtqERI.jpg?width=216&amp;crop=smart&amp;auto=webp&amp;s=13820dbabbfea857e0535ddb82f6eaf721919b6a', 'width': 216}, {'height': 240, 'url': 'https://external-preview.redd.it/r5bqPIGxInY4ggJh54lM-453-IwfEIPUDZcOzdtqERI.jpg?width=320&amp;crop=smart&amp;auto=webp&amp;s=abe26a39d3793de4a88d6427480a51a4ee42e7d5', 'width': 320}], 'source': {'height': 360, 'url': 'https://external-preview.redd.it/r5bqPIGxInY4ggJh54lM-453-IwfEIPUDZcOzdtqERI.jpg?auto=webp&amp;s=1361d6ad9a9e7bb6033b2752cf6da1636548d9d0', 'width': 480}, 'variants': {}}]}",6,,1653483263,1,,True,False,False,CryptoCurrency,t5_2wlj3,4916651,public,https://b.thumbs.redditmedia.com/m0P2n1FundmIAFQoUgEaWNUIFVqBkMH9JiIl8EVTinw.jpg,Binance and Do Kwon - Terra 2.0 | UST 1:1 | Terra Luna 100x Incoming ! | BIG Crypto News !,0,[],1.0,https://youtu.be/0cfy3Galfds,all_ads,6,1653454453.0,105.0,140.0,https://youtu.be/0cfy3Galfds,,"{'oembed': {'author_name': 'Binancе [Live &amp; News]', 'author_url': 'https://www.youtube.com/user/ichtololo', 'height': 200, 'html': '&lt;iframe width=""356"" height=""200"" src=""https://www.youtube.com/embed/0cfy3Galfds?feature=oembed&amp;enablejsapi=1"" frameborder=""0"" allow=""accelerometer; autoplay; clipboard-write; encrypted-media; gyroscope; picture-in-picture"" allowfullscreen&gt;&lt;/iframe&gt;', 'provider_name': 'YouTube', 'provider_url': 'https://www.youtube.com/', 'thumbnail_height': 360, 'thumbnail_url': 'https://i.ytimg.com/vi/0cfy3Galfds/hqdefault.jpg', 'thumbnail_width': 480, 'title': 'Binance and Do Kwon - Terra 2.0 | UST 1:1 | Terra Luna 100x Incoming ! | BIG Crypto News !', 'type': 'video', 'version': '1.0', 'width': 356}, 'type': 'youtube.com'}","{'content': '&lt;iframe width=""356"" height=""200"" src=""https://www.youtube.com/embed/0cfy3Galfds?feature=oembed&amp;enablejsapi=1"" frameborder=""0"" allow=""accelerometer; autoplay; clipboard-write; encrypted-media; gyroscope; picture-in-picture"" allowfullscreen&gt;&lt;/iframe&gt;', 'height': 200, 'scrolling': False, 'width': 356}","{'oembed': {'author_name': 'Binancе [Live &amp; News]', 'author_url': 'https://www.youtube.com/user/ichtololo', 'height': 200, 'html': '&lt;iframe width=""356"" height=""200"" src=""https://www.youtube.com/embed/0cfy3Galfds?feature=oembed&amp;enablejsapi=1"" frameborder=""0"" allow=""accelerometer; autoplay; clipboard-write; encrypted-media; gyroscope; picture-in-picture"" allowfullscreen&gt;&lt;/iframe&gt;', 'provider_name': 'YouTube', 'provider_url': 'https://www.youtube.com/', 'thumbnail_height': 360, 'thumbnail_url': 'https://i.ytimg.com/vi/0cfy3Galfds/hqdefault.jpg', 'thumbnail_width': 480, 'title': 'Binance and Do Kwon - Terra 2.0 | UST 1:1 | Terra Luna 100x Incoming ! | BIG Crypto News !', 'type': 'video', 'version': '1.0', 'width': 356}, 'type': 'youtube.com'}","{'content': '&lt;iframe width=""356"" height=""200"" src=""https://www.youtube.com/embed/0cfy3Galfds?feature=oembed&amp;enablejsapi=1"" frameborder=""0"" allow=""accelerometer; autoplay; clipboard-write; encrypted-media; gyroscope; picture-in-picture"" allowfullscreen&gt;&lt;/iframe&gt;', 'height': 200, 'media_domain_url': 'https://www.redditmedia.com/mediaembed/uxgqep', 'scrolling': False, 'width': 356}",
12,[],False,devon__vh,,,[],,,text,t2_ad2ivbfc,False,False,False,[],False,False,1653482923,self.CryptoCurrency,https://www.reddit.com/r/CryptoCurrency/comments/uxgmqd/luna/,{},uxgmqd,False,False,False,False,False,False,True,False,#cc8b00,SPECULATION,"[{'e': 'text', 't': 'SPECULATION'}]",ebb30328-94d1-11eb-94d6-0e7d4f551e2d,SPECULATION,light,richtext,False,False,True,1,0,False,all_ads,/r/CryptoCurrency/comments/uxgmqd/luna/,False,,,6,moderator,1653483023,1,[removed],True,False,False,CryptoCurrency,t5_2wlj3,4916638,public,self,Luna,0,[],1.0,https://www.reddit.com/r/CryptoCurrency/comments/uxgmqd/luna/,all_ads,6,1653454123.0,,,,,,,,,
13,[],False,Lord-Nagafen,,,"[{'e': 'text', 't': 'Silver | QC: CC 1304, ETH 51 | CRO 38 | TraderSubs 48'}]","Silver | QC: CC 1304, ETH 51 | CRO 38 | TraderSubs 48",dark,richtext,t2_4y3wyq4d,False,False,False,[],False,False,1653482844,bloomberg.com,https://www.reddit.com/r/CryptoCurrency/comments/uxglwf/terraform_labs_is_planning_to_hard_fork_the_terra/,{},uxglwf,False,False,False,False,False,False,False,False,,GENERAL-NEWS,"[{'e': 'text', 't': '🟢 GENERAL-NEWS'}]",,🟢 GENERAL-NEWS,dark,richtext,False,False,True,3,0,False,all_ads,/r/CryptoCurrency/comments/uxglwf/terraform_labs_is_planning_to_hard_fork_the_terra/,False,link,"{'enabled': False, 'images': [{'id': 'aQYnFFRWgGKLhnIq3xCs13pddG0UTxEmS59blv1tQeE', 'resolutions': [{'height': 72, 'url': 'https://external-preview.redd.it/XVedT8rjUX9NlZv56sk0LSYny4M4fe9dsEYlAT2VkIM.jpg?width=108&amp;crop=smart&amp;auto=webp&amp;s=3e91f18fe8e3a0e2e53fbef886e6066b6b3fe091', 'width': 108}, {'height': 144, 'url': 'https://external-preview.redd.it/XVedT8rjUX9NlZv56sk0LSYny4M4fe9dsEYlAT2VkIM.jpg?width=216&amp;crop=smart&amp;auto=webp&amp;s=9a1dc244ba57dcf8e22354e73f521fea3426eb9a', 'width': 216}, {'height': 213, 'url': 'https://external-preview.redd.it/XVedT8rjUX9NlZv56sk0LSYny4M4fe9dsEYlAT2VkIM.jpg?width=320&amp;crop=smart&amp;auto=webp&amp;s=1329e2309a9fb2710bd4b5ad6c1ac8677f164b5b', 'width': 320}, {'height': 426, 'url': 'https://external-preview.redd.it/XVedT8rjUX9NlZv56sk0LSYny4M4fe9dsEYlAT2VkIM.jpg?width=640&amp;crop=smart&amp;auto=webp&amp;s=49c29240853d9af4043a8bf05af8b8943dfed820', 'width': 640}, {'height': 640, 'url': 'https://external-preview.redd.it/XVedT8rjUX9NlZv56sk0LSYny4M4fe9dsEYlAT2VkIM.jpg?width=960&amp;crop=smart&amp;auto=webp&amp;s=5105e2275448af4df2445e4a8bcb2fe0a7fb2e01', 'width': 960}, {'height': 720, 'url': 'https://external-preview.redd.it/XVedT8rjUX9NlZv56sk0LSYny4M4fe9dsEYlAT2VkIM.jpg?width=1080&amp;crop=smart&amp;auto=webp&amp;s=9d193f80ca40052eb588231e4e289a4f47c72c29', 'width': 1080}], 'source': {'height': 800, 'url': 'https://external-preview.redd.it/XVedT8rjUX9NlZv56sk0LSYny4M4fe9dsEYlAT2VkIM.jpg?auto=webp&amp;s=3dfb690b43ad170f36cd3d5f5a056e2a0e4ef1de', 'width': 1200}, 'variants': {}}]}",6,moderator,1653483006,1,,False,False,False,CryptoCurrency,t5_2wlj3,4916637,public,https://b.thumbs.redditmedia.com/3AlvDTdsJKsZF4MMISE-DxAEUa7cLHjLIm3RiNT-gCs.jpg,"Terraform Labs is planning to ""hard fork"" the Terra blockchain and leave the old network to be managed by users. New Luna tokens will be air dropped based on a snapshot of the old chain. Skeptics believe the new chain will be headed for a similar fate as Terra and Luna Classic",0,[],1.0,https://www.bloomberg.com/news/articles/2022-05-25/do-kwon-wins-backing-for-his-proposal-to-rescue-terra-project,all_ads,6,1653454044.0,93.0,140.0,https://www.bloomberg.com/news/articles/2022-05-25/do-kwon-wins-backing-for-his-proposal-to-rescue-terra-project,,,,,,
14,[],False,N0tMac,,Warning-level2-2,"[{'e': 'text', 't': 'Tin'}]",Tin,dark,richtext,t2_amnwebsf,False,False,False,[],False,False,1653482233,i.redd.it,https://www.reddit.com/r/CryptoCurrency/comments/uxgfcd/binance_is_pushing_for_luna_rebirth_i_guess_what/,{},uxgfcd,False,True,False,False,True,True,False,False,#014980,UPDATE,"[{'e': 'text', 't': 'PROJECT-UPDATE'}]",0de51794-8fa8-11eb-8c8b-0e387731294b,PROJECT-UPDATE,light,richtext,False,False,True,1,0,False,all_ads,/r/CryptoCurrency/comments/uxgfcd/binance_is_pushing_for_luna_rebirth_i_guess_what/,False,image,"{'enabled': True, 'images': [{'id': '2mfwz0TTAQwCn7TuxAT8tLMDPFTCz5V7tNRF4hrbwmI', 'resolutions': [{'height': 90, 'url': 'https://preview.redd.it/4wlonlz2am191.jpg?width=108&amp;crop=smart&amp;auto=webp&amp;s=0b4e4b25a4966b8236872606842d676f3962ba25', 'width': 108}, {'height': 181, 'url': 'https://preview.redd.it/4wlonlz2am191.jpg?width=216&amp;crop=smart&amp;auto=webp&amp;s=de3089541d3cd4e4992b6cf325a9017dcfc34f03', 'width': 216}, {'height': 268, 'url': 'https://preview.redd.it/4wlonlz2am191.jpg?width=320&amp;crop=smart&amp;auto=webp&amp;s=936438071073094373d41a8a188bdf9a00df1bf0', 'width': 320}, {'height': 536, 'url': 'https://preview.redd.it/4wlonlz2am191.jpg?width=640&amp;crop=smart&amp;auto=webp&amp;s=5b8cb93da38b3b23b5f97bfc178a9596ae5d0b76', 'width': 640}, {'height': 804, 'url': 'https://preview.redd.it/4wlonlz2am191.jpg?width=960&amp;crop=smart&amp;auto=webp&amp;s=d5d3e8dadfc9c6bd05a466270ea2f1ecc995c363', 'width': 960}, {'height': 904, 'url': 'https://preview.redd.it/4wlonlz2am191.jpg?width=1080&amp;crop=smart&amp;auto=webp&amp;s=1d98aa6b2785d0e932f73fabaf357fcbaeb1a30d', 'width': 1080}], 'source': {'height': 905, 'url': 'https://preview.redd.it/4wlonlz2am191.jpg?auto=webp&amp;s=c62b77f92d38a37899e0d2683fb454a22de5a7ae', 'width': 1080}, 'variants': {}}]}",6,,1653482243,1,,True,False,False,CryptoCurrency,t5_2wlj3,4916599,public,https://b.thumbs.redditmedia.com/QIOrS878alyfgSqjsiNWXJzQm4JvWG0XM9g0oZyfuzo.jpg,"Binance is pushing for Luna Rebirth, i guess what is dead may never die?",0,[],1.0,https://i.redd.it/4wlonlz2am191.jpg,all_ads,6,1653453433.0,117.0,140.0,https://i.redd.it/4wlonlz2am191.jpg,,,,,,
15,[],False,N0tMac,,Warning-level2-2,"[{'e': 'text', 't': 'Tin'}]",Tin,dark,richtext,t2_amnwebsf,False,False,False,[],False,False,1653482125,i.redd.it,https://www.reddit.com/r/CryptoCurrency/comments/uxge9j/binance_is_pushing_for_luna_rebirth_i_guess_what/,{},uxge9j,False,False,False,False,True,False,False,False,#7193ff,DISCUSSION,"[{'e': 'text', 't': 'DISCUSSION'}]",87049662-0882-11e5-82e1-0e9d1a9f7761,DISCUSSION,dark,richtext,False,False,True,2,0,False,all_ads,/r/CryptoCurrency/comments/uxge9j/binance_is_pushing_for_luna_rebirth_i_guess_what/,False,image,"{'enabled': True, 'images': [{'id': 'V-Ksn18w1r09Mb_xkMoLlxb2hvKK4QiDk_ovo9fN6OU', 'resolutions': [{'height': 90, 'url': 'https://preview.redd.it/7lhmabdr9m191.jpg?width=108&amp;crop=smart&amp;auto=webp&amp;s=e09883f06086bf57f9a5cacdc9e5048c9a6452db', 'width': 108}, {'height': 181, 'url': 'https://preview.redd.it/7lhmabdr9m191.jpg?width=216&amp;crop=smart&amp;auto=webp&amp;s=c2f567201ed46dbd2a167db7149d61541011a6c5', 'width': 216}, {'height': 268, 'url': 'https://preview.redd.it/7lhmabdr9m191.jpg?width=320&amp;crop=smart&amp;auto=webp&amp;s=46473316cf3d18bbe3d0dca585deecb92e8489c0', 'width': 320}, {'height': 536, 'url': 'https://preview.redd.it/7lhmabdr9m191.jpg?width=640&amp;crop=smart&amp;auto=webp&amp;s=2d05968349eaaec7a43631e66cead55e1d1ce69b', 'width': 640}, {'height': 804, 'url': 'https://preview.redd.it/7lhmabdr9m191.jpg?width=960&amp;crop=smart&amp;auto=webp&amp;s=80dbf98a8bc560ad1ddc6271b3b8b52cffc1de69', 'width': 960}, {'height': 904, 'url': 'https://preview.redd.it/7lhmabdr9m191.jpg?width=1080&amp;crop=smart&amp;auto=webp&amp;s=b8690518b27c967f569c5869cbc508e41c6412cc', 'width': 1080}], 'source': {'height': 905, 'url': 'https://preview.redd.it/7lhmabdr9m191.jpg?auto=webp&amp;s=10531c15cb8fed038d39efb3088ac540cfff2e75', 'width': 1080}, 'variants': {}}]}",6,moderator,1653482136,1,,True,False,False,CryptoCurrency,t5_2wlj3,4916595,public,https://b.thumbs.redditmedia.com/ixTR9O6948NzY6vLZVMSy-wkKwgxquu9fJRbB3ZG8aY.jpg,"Binance is pushing for Luna Rebirth, i guess what is dead may never die?",0,[],1.0,https://i.redd.it/7lhmabdr9m191.jpg,all_ads,6,1653453325.0,117.0,140.0,https://i.redd.it/7lhmabdr9m191.jpg,,,,,,
16,[],False,CWCOfficial,,noob,"[{'e': 'text', 't': 'redditor for 3 months'}]",redditor for 3 months,dark,richtext,t2_kzqdz8zb,False,False,True,[],False,False,1653480244,self.Bitcoin,https://www.reddit.com/r/Bitcoin/comments/uxfudd/terra_founder_wants_korean_exchanges_to_list_luna/,{},uxfudd,False,False,False,False,False,False,True,False,,,[],,,dark,text,False,False,True,0,0,False,all_ads,/r/Bitcoin/comments/uxfudd/terra_founder_wants_korean_exchanges_to_list_luna/,False,self,"{'enabled': False, 'images': [{'id': 'mnhJErKEv4Pd87zlQLfd6t78yieuMKF7gDrJDamnSsc', 'resolutions': [{'height': 71, 'url': 'https://external-preview.redd.it/1oI2gTBPAMJDhlnmu9Jzo3c3iEjeOQa4R9Ok0MDdon4.jpg?width=108&amp;crop=smart&amp;auto=webp&amp;s=6a51fa4604c7e99cfbc47a7aac91eaaac93e4b74', 'width': 108}, {'height': 142, 'url': 'https://external-preview.redd.it/1oI2gTBPAMJDhlnmu9Jzo3c3iEjeOQa4R9Ok0MDdon4.jpg?width=216&amp;crop=smart&amp;auto=webp&amp;s=29c512f2e78cba8e89826d236a100908f027b64b', 'width': 216}, {'height': 211, 'url': 'https://external-preview.redd.it/1oI2gTBPAMJDhlnmu9Jzo3c3iEjeOQa4R9Ok0MDdon4.jpg?width=320&amp;crop=smart&amp;auto=webp&amp;s=0cc1934af30a21640deacbc967acc343f4402502', 'width': 320}, {'height': 422, 'url': 'https://external-preview.redd.it/1oI2gTBPAMJDhlnmu9Jzo3c3iEjeOQa4R9Ok0MDdon4.jpg?width=640&amp;crop=smart&amp;auto=webp&amp;s=4a49a0a4d61b8253fdbc003ccd823fb90c47a465', 'width': 640}], 'source': {'height': 597, 'url': 'https://external-preview.redd.it/1oI2gTBPAMJDhlnmu9Jzo3c3iEjeOQa4R9Ok0MDdon4.jpg?auto=webp&amp;s=5b7687b5cc71c877fd595c55455ce28cf95e2baa', 'width': 905}, 'variants': {}}]}",6,moderator,1653480255,1,[removed],True,False,False,Bitcoin,t5_2s3qj,4226579,public,https://b.thumbs.redditmedia.com/KaAaM8vLZHzw9hA06H8mPZYEaT5BunOgSuY2MpmpWgE.jpg,"Terra founder wants Korean exchanges to list LUNA 2.0, but here’s the problem",0,[],1.0,https://www.reddit.com/r/Bitcoin/comments/uxfudd/terra_founder_wants_korean_exchanges_to_list_luna/,all_ads,6,1653451444.0,93.0,140.0,,,,,,,2ec8e69e-6c36-11e9-a04b-0afb553d4ea6
17,[],False,devon__vh,,,[],,,text,t2_ad2ivbfc,False,False,False,[],False,False,1653479297,self.CryptoCurrency,https://www.reddit.com/r/CryptoCurrency/comments/uxfkcs/luna/,{},uxfkcs,False,False,False,False,False,False,True,False,#cc8b00,SPECULATION,"[{'e': 'text', 't': 'SPECULATION'}]",ebb30328-94d1-11eb-94d6-0e7d4f551e2d,SPECULATION,light,richtext,False,False,True,1,0,False,all_ads,/r/CryptoCurrency/comments/uxfkcs/luna/,False,,,6,moderator,1653479307,1,[removed],True,False,False,CryptoCurrency,t5_2wlj3,4916465,public,self,LUNA,0,[],1.0,https://www.reddit.com/r/CryptoCurrency/comments/uxfkcs/luna/,all_ads,6,1653450497.0,,,,,,,,,
18,[],False,ChickiWahWah-Splat,,,"[{'e': 'text', 't': 'Platinum | QC: CC 568'}]",Platinum | QC: CC 568,dark,richtext,t2_823hf,False,False,False,[],False,False,1653478411,en.ethereumworldnews.com,https://www.reddit.com/r/CryptoCurrency/comments/uxfc1y/korean_exchanges_shun_do_kwons_luna_20_listing/,{},uxfc1y,False,True,False,False,False,True,False,False,#0aa18f,NEWS,"[{'e': 'text', 't': 'GENERAL-NEWS'}]",f170aab2-246f-11ec-8143-429a193c9848,GENERAL-NEWS,light,richtext,False,False,True,0,0,False,all_ads,/r/CryptoCurrency/comments/uxfc1y/korean_exchanges_shun_do_kwons_luna_20_listing/,False,link,"{'enabled': False, 'images': [{'id': 'bIZK9OwUb-pKZRhqQr2Bdfp8fxX_b9KH2ILbO1fsg4I', 'resolutions': [{'height': 71, 'url': 'https://external-preview.redd.it/NhAONCkZgXIaYPcgokTLNniiEqIXThMbYBlM0vIXjG4.jpg?width=108&amp;crop=smart&amp;auto=webp&amp;s=a50719009ef7eb01fafdb33a2a486f0e490194b7', 'width': 108}, {'height': 143, 'url': 'https://external-preview.redd.it/NhAONCkZgXIaYPcgokTLNniiEqIXThMbYBlM0vIXjG4.jpg?width=216&amp;crop=smart&amp;auto=webp&amp;s=9fc336163ddfbd0bb1d5f47a2e6cf6fcfcb77c94', 'width': 216}, {'height': 213, 'url': 'https://external-preview.redd.it/NhAONCkZgXIaYPcgokTLNniiEqIXThMbYBlM0vIXjG4.jpg?width=320&amp;crop=smart&amp;auto=webp&amp;s=7fcd4eb2f9a47f5870d9a589cbba25f325f32ad8', 'width': 320}, {'height': 426, 'url': 'https://external-preview.redd.it/NhAONCkZgXIaYPcgokTLNniiEqIXThMbYBlM0vIXjG4.jpg?width=640&amp;crop=smart&amp;auto=webp&amp;s=3a7a8515191ae6b7c3597a5a25a95d7dc4381201', 'width': 640}], 'source': {'height': 497, 'url': 'https://external-preview.redd.it/NhAONCkZgXIaYPcgokTLNniiEqIXThMbYBlM0vIXjG4.jpg?auto=webp&amp;s=601c5028aacaabd5d948e69f41f61879179d85dd', 'width': 746}, 'variants': {}}]}",6,,1653478422,1,,True,False,False,CryptoCurrency,t5_2wlj3,4916421,public,https://a.thumbs.redditmedia.com/pwXSds-3-2Surg-G9PmgSrhHWb8PWc3RGFsaoA6j690.jpg,Korean Exchanges Shun Do Kwon's LUNA 2.0 Listing Request Citing Ongoing Investigations,0,[],1.0,https://en.ethereumworldnews.com/exchanges-shun-do-kwons-luna-request/,all_ads,6,1653449611.0,93.0,140.0,https://en.ethereumworldnews.com/exchanges-shun-do-kwons-luna-request/,,,,,,
19,[],False,Akdjee,,,[],,,text,t2_wu15t,False,False,True,[],False,False,1653478394,justincryptonews.cc,https://www.reddit.com/r/CryptoCurrency/comments/uxfbwg/terra_snapshot_expected_this_week_heres_how_new/,{},uxfbwg,False,True,False,False,False,True,False,False,#46d160,MARKETS,"[{'e': 'text', 't': 'MARKETS'}]",1a657c8c-e48d-11e5-a215-0e374d550989,MARKETS,light,richtext,False,False,True,0,0,False,all_ads,/r/CryptoCurrency/comments/uxfbwg/terra_snapshot_expected_this_week_heres_how_new/,False,,,6,,1653478404,1,,True,False,False,CryptoCurrency,t5_2wlj3,4916418,public,default,Terra Snapshot Expected This Week. Here’s How ‘New’ Luna Will Be Distributed - Just In Crypto News,0,[],1.0,https://justincryptonews.cc/news/terra-snapshot-expected-this-week-heres-how-new-luna-will-be-distributed/,all_ads,6,1653449594.0,,,https://justincryptonews.cc/news/terra-snapshot-expected-this-week-heres-how-new-luna-will-be-distributed/,,,,,,
20,[],False,viagumowl,,Warning-level2-2,"[{'e': 'text', 't': 'Tin'}]",Tin,dark,richtext,t2_e2n5asle,False,False,True,[],False,False,1653476684,blockmagnates.com,https://www.reddit.com/r/CryptoCurrency/comments/uxevxt/i_lost_24_million_in_luna_during_crash_a_youtuber/,{},uxevxt,False,True,False,False,False,True,False,False,#0aa18f,NEWS,"[{'e': 'text', 't': 'GENERAL-NEWS'}]",f170aab2-246f-11ec-8143-429a193c9848,GENERAL-NEWS,light,richtext,False,False,False,0,0,False,all_ads,/r/CryptoCurrency/comments/uxevxt/i_lost_24_million_in_luna_during_crash_a_youtuber/,False,link,"{'enabled': False, 'images': [{'id': 'kCQHY01at8CsElONfRCFBqiUQJXpa5dtZE07cgjBVAg', 'resolutions': [{'height': 72, 'url': 'https://external-preview.redd.it/xa-dwkYzwOiN1wvBn92TU0UaYrPj1BA1oUr0NAaYogk.jpg?width=108&amp;crop=smart&amp;auto=webp&amp;s=06ff344537c316fc5e9a6fd01964cb6c77a11369', 'width': 108}, {'height': 144, 'url': 'https://external-preview.redd.it/xa-dwkYzwOiN1wvBn92TU0UaYrPj1BA1oUr0NAaYogk.jpg?width=216&amp;crop=smart&amp;auto=webp&amp;s=131667dee90be4c2a1034e5a6d5892e75dc3109c', 'width': 216}, {'height': 213, 'url': 'https://external-preview.redd.it/xa-dwkYzwOiN1wvBn92TU0UaYrPj1BA1oUr0NAaYogk.jpg?width=320&amp;crop=smart&amp;auto=webp&amp;s=723a43d5973536a928084f1a93ac2932729d366e', 'width': 320}, {'height': 426, 'url': 'https://external-preview.redd.it/xa-dwkYzwOiN1wvBn92TU0UaYrPj1BA1oUr0NAaYogk.jpg?width=640&amp;crop=smart&amp;auto=webp&amp;s=4bb46e50d357394e06c62a84b4a9dbf747c97a3e', 'width': 640}, {'height': 640, 'url': 'https://external-preview.redd.it/xa-dwkYzwOiN1wvBn92TU0UaYrPj1BA1oUr0NAaYogk.jpg?width=960&amp;crop=smart&amp;auto=webp&amp;s=fb258e0479efdf56fcb21618ce9231082d66f245', 'width': 960}], 'source': {'height': 640, 'url': 'https://external-preview.redd.it/xa-dwkYzwOiN1wvBn92TU0UaYrPj1BA1oUr0NAaYogk.jpg?auto=webp&amp;s=8355b406226029978ac9157d88aad35963fb9a7f', 'width': 960}, 'variants': {}}]}",6,,1653476694,1,,True,False,False,CryptoCurrency,t5_2wlj3,4916347,public,https://a.thumbs.redditmedia.com/MTeHWJgdr_jlE2QS81tcejVKwryDfd9cGVqCLpnR-50.jpg,"I Lost $2.4 Million in LUNA during Crash, a YouTuber Who Knocked on Do Kwon's Door Says",0,[],1.0,https://blockmagnates.com/i-lost-2-4-million-in-luna-during-crash-a-youtuber-who-knocked-on-do-kwons-door-says/,all_ads,6,1653447884.0,93.0,140.0,https://blockmagnates.com/i-lost-2-4-million-in-luna-during-crash-a-youtuber-who-knocked-on-do-kwons-door-says/,,,,,,
21,[],False,KassassinsCreed,,Warning-level2-2,"[{'e': 'text', 't': 'Tin'}]",Tin,dark,richtext,t2_55xtw6s,False,False,False,[],False,False,1653476395,self.CryptoCurrency,https://www.reddit.com/r/CryptoCurrency/comments/uxesvs/for_all_those_people_saying_luna_investors_were/,{},uxesvs,False,True,False,False,False,True,True,False,#7193ff,DISCUSSION,"[{'e': 'text', 't': 'DISCUSSION'}]",87049662-0882-11e5-82e1-0e9d1a9f7761,DISCUSSION,dark,richtext,False,False,False,0,0,False,all_ads,/r/CryptoCurrency/comments/uxesvs/for_all_those_people_saying_luna_investors_were/,False,,,6,,1653476405,1,"It's mind boggling to see this crypto war playing out on social media after the Luna crash. People keep attacking Luna investors because they should've seen that Do Kwon was a lunatic (literally). This guy was only trolling on twitter, why would one ever invest in HIM? You cannot possibly have invested in the Terra blockchain and its innovation, no, it must have been because of Do Kwon. 

At the same time, ADA fanboys are always blamed for blindly following Charles Hoskinson, while their chain has little to no utility. ""People should invest in the chain, not in the person"", is what you hear.

The assumption that every Luna investor is stupid because they clearly followed a maniac literally blows my mind. When did this become the standard? Why isn't it possible anymore that someone invested in the Terra blockchain. Say about Do what you want, but there were a lot of good, experienced and talented developers on Terra.

This is why I invested in Luna, I saw a lot of great development, very new and innovative ideas being deployed (and let's be real, apart from on ETH, where do you see new ideas instead of forks of existing protocols?). I had barely even heard of this Do, and I assume the same holds for many other investors. I did my due dilligence, I did research into this Do and the VC's, but that's all. This is crypto, guys, we're supposed to want decentralisation, stop fanboying over a single person like this constantly. YOU are the problem - not the Luna investor - because you started making it about Do Kwon.

And sure, he made mistakes. And yes, he had a lot of power, so you couldn't speak of decentralisation yet. It's only natural to pay him SOME attention. But this was an attack in the unregulated crypto space, and believe me, many of your investments would've been hit if someone with the same volume were to attack your chains. Sure, I know that Luna used to be a big chain, so generally a lot of capital would be needed to affect its price. And I know less capital was needed because of some stupid mistakes (the algorithmic death spiral, the fact that the BTC in the reserve was lent out, meaning the liquidity to restore the peg was locked to a certain extent), but let's stop blaming the Luna investors. 

If you really want to blame anyone, blame the attackers. And if you still want to blame anyone, blame yourself for making this about a person. You are pulling the whole space away from decentralisation with your constant assumption that it's impossibe to invest in anything other than the person behind a blockchain. 

Instead of focusing on the fragility of crypto as whole, you focus on the person. Instead of focusing on the fact that people with a lot of money can and will deliberately attack a blockchain, only to make money while knowing it would destroy lives, which is exactly the inequality blockchain is trying to resolve, you focus on the person. Instead of feeling sorry for the investors, which could as well have been you, you focus on the person. 

And I know not everyone thinks of it this way, it's a small group that finds joy in spamming the Terra subreddit with insults. Yet, I think it's all the proof we need. They made this about Do Kwon, which shows that they never even considered the innovation a blockchain can provide. They showed that they do not invest, they gamble. Please, if at any point you felt like creating a post on the Terra blockchain to attack these people, do all of us a favor and leave the crypto space. You're the problem of crypto and you'll make everyone happier by gambling in casinos instead of gambling on twitter personas.",True,False,False,CryptoCurrency,t5_2wlj3,4916339,public,self,"For all those people saying Luna investors were stupid for following Do Kwon, YOU are the problem",0,[],1.0,https://www.reddit.com/r/CryptoCurrency/comments/uxesvs/for_all_those_people_saying_luna_investors_were/,all_ads,6,1653447595.0,,,,,,,,,
22,[],False,fragerrard,,Warning-level2-2,"[{'e': 'text', 't': 'Tin'}]",Tin,dark,richtext,t2_3qnts,False,False,False,[],False,False,1653475054,self.CryptoCurrency,https://www.reddit.com/r/CryptoCurrency/comments/uxehp6/people_are_mostly_into_crypto_because_they_expect/,{},uxehp6,False,False,False,False,False,False,True,False,#5a74cc,PERSPECTIVE,"[{'e': 'text', 't': 'PERSPECTIVE'}]",1b44cdb2-2a6c-11ec-9baf-0aa21184cd0a,PERSPECTIVE,light,richtext,False,False,True,1,0,False,all_ads,/r/CryptoCurrency/comments/uxehp6/people_are_mostly_into_crypto_because_they_expect/,False,,,6,moderator,1653475065,1,[removed],False,False,False,CryptoCurrency,t5_2wlj3,4916269,public,self,People are mostly into crypto because they expect to buy for a cent then sell for a dollar. Almost nobody invested in Luna/Terra because the tech may be worth it.,0,[],1.0,https://www.reddit.com/r/CryptoCurrency/comments/uxehp6/people_are_mostly_into_crypto_because_they_expect/,all_ads,6,1653446254.0,,,,,,,,,
23,[],False,dAn_tHe_mAn7,,Warning-level2-2,"[{'e': 'text', 't': 'Tin'}]",Tin,dark,richtext,t2_zsimziz,False,False,False,[],False,False,1653458582,cryptoslate.com,https://www.reddit.com/r/CryptoCurrency/comments/uxatln/new_luna_20_blockchain_will_not_be_a_fork_of_luna/,{},uxatln,False,True,False,False,False,True,False,False,,PROJECT-UPDATE,"[{'e': 'text', 't': '🟢 PROJECT-UPDATE'}]",,🟢 PROJECT-UPDATE,dark,richtext,False,False,True,0,0,False,all_ads,/r/CryptoCurrency/comments/uxatln/new_luna_20_blockchain_will_not_be_a_fork_of_luna/,False,link,"{'enabled': False, 'images': [{'id': 'un7_xUJ0kzlhm_YF_-iutGlb5f1x7WNCGOsutsKgFqw', 'resolutions': [{'height': 56, 'url': 'https://external-preview.redd.it/XWRyUVZDv39aMPsazpfAdaj6mMm0gSCp4p84LOZMdAI.jpg?width=108&amp;crop=smart&amp;auto=webp&amp;s=1a33459a83a3a6e46d1d582a7ce55eb1fd015200', 'width': 108}, {'height': 113, 'url': 'https://external-preview.redd.it/XWRyUVZDv39aMPsazpfAdaj6mMm0gSCp4p84LOZMdAI.jpg?width=216&amp;crop=smart&amp;auto=webp&amp;s=a0bd0f647c04b59988a71dc1d31874afe0363c32', 'width': 216}, {'height': 168, 'url': 'https://external-preview.redd.it/XWRyUVZDv39aMPsazpfAdaj6mMm0gSCp4p84LOZMdAI.jpg?width=320&amp;crop=smart&amp;auto=webp&amp;s=c8c1477dab420f0e4bb507b7816378892fc72a7f', 'width': 320}, {'height': 336, 'url': 'https://external-preview.redd.it/XWRyUVZDv39aMPsazpfAdaj6mMm0gSCp4p84LOZMdAI.jpg?width=640&amp;crop=smart&amp;auto=webp&amp;s=18cee10233e2e9f5cfe3e98aa13f579517da7d49', 'width': 640}, {'height': 504, 'url': 'https://external-preview.redd.it/XWRyUVZDv39aMPsazpfAdaj6mMm0gSCp4p84LOZMdAI.jpg?width=960&amp;crop=smart&amp;auto=webp&amp;s=570e8848cfdd4c1e8569a51a3e8bd96788da2d91', 'width': 960}, {'height': 567, 'url': 'https://external-preview.redd.it/XWRyUVZDv39aMPsazpfAdaj6mMm0gSCp4p84LOZMdAI.jpg?width=1080&amp;crop=smart&amp;auto=webp&amp;s=2194ab9fded1a73c49c199cced2cadf6e086f419', 'width': 1080}], 'source': {'height': 630, 'url': 'https://external-preview.redd.it/XWRyUVZDv39aMPsazpfAdaj6mMm0gSCp4p84LOZMdAI.jpg?auto=webp&amp;s=186b14ec8cd931cd06995c0b75bc826f7cd90d4f', 'width': 1200}, 'variants': {}}]}",6,,1653458592,1,,False,False,False,CryptoCurrency,t5_2wlj3,4915591,public,https://b.thumbs.redditmedia.com/cjGICn6rtInBuNAgw1vLaI7HtZvVxyjI9DHc7YMKQpU.jpg,New Luna 2.0 blockchain will not be a fork of Luna Classic,0,[],1.0,https://cryptoslate.com/new-luna-2-0-blockchain-will-not-be-a-fork-of-luna-classic/,all_ads,6,1653429782.0,73.0,140.0,https://cryptoslate.com/new-luna-2-0-blockchain-will-not-be-a-fork-of-luna-classic/,,,,,,
24,[],False,LeFabio,,Warning-level1-1,"[{'e': 'text', 't': 'Bronze'}]",Bronze,dark,richtext,t2_66azmyjk,False,False,False,[],False,False,1653456156,self.CryptoCurrency,https://www.reddit.com/r/CryptoCurrency/comments/uxa80x/how_do_you_guys_keep_track_of_crypto_news/,{},uxa80x,False,True,False,False,False,True,True,False,#7193ff,DISCUSSION,"[{'e': 'text', 't': 'DISCUSSION'}]",87049662-0882-11e5-82e1-0e9d1a9f7761,DISCUSSION,dark,richtext,False,False,True,0,0,False,all_ads,/r/CryptoCurrency/comments/uxa80x/how_do_you_guys_keep_track_of_crypto_news/,False,,,6,,1653456167,1,"The title says it pretty much all. Since there are so many things going on recently, I was wondering how do you get all of that info.

I'm a guy working 8hrs a day, and even though I do have  some spare time at work to browse through internet, I just cant keep track of everything going on in major chains, not to mention looking for the new interesting projects. From what I see, Fantom had slight pump few days back regarding Andre Conje doing something with them again? Ok, Luna stuff was on every crypto related outlet so it was hard to miss, and I saw on the charts that it was plummeting, so its easy to figure out that something happened. 

Are there any good news aggregstors or media outlets that is worth while keeping track on? I try to stay informed through Telegram/Discord/Twitter, but if I decide to take a smoke break without my phone, chats get filled up with tons of new reading material lol.

I know that this isnt the correct way of getting info, and I personally prefer to get in-depth info googling stuff but my time just doesnt allow it. 

Are you guys full time investors whos job is to study the market or what?

Cheers!",True,False,False,CryptoCurrency,t5_2wlj3,4915473,public,self,How do you guys keep track of crypto news?,0,[],1.0,https://www.reddit.com/r/CryptoCurrency/comments/uxa80x/how_do_you_guys_keep_track_of_crypto_news/,all_ads,6,1653427356.0,,,,,,,,,
25,[],False,crypto_currency_77,,,[],,,text,t2_hubpqrkp,False,False,False,[],False,False,1653454696,cryptocurrencysimple.com,https://www.reddit.com/r/CryptoCurrency/comments/ux9u2w/top_3_dex_on_terra_luna_network_that_you_can_use/,{},ux9u2w,False,False,False,False,False,False,False,False,#646d73,TECHNOLOGY,"[{'e': 'text', 't': 'TECHNOLOGY'}]",2cb47a9c-3cc9-11ec-8857-7e7f5686f7de,TECHNOLOGY,dark,richtext,False,False,True,0,0,False,all_ads,/r/CryptoCurrency/comments/ux9u2w/top_3_dex_on_terra_luna_network_that_you_can_use/,False,link,"{'enabled': False, 'images': [{'id': 'nwDOk4XSDOXGcVXYLP5rBGZuz9gv1p-PQVcM2V_uOT0', 'resolutions': [{'height': 46, 'url': 'https://external-preview.redd.it/aelqimrPBhQvrkFiK_3X7uQIwnKzfa0W_zYcDQTJvyI.jpg?width=108&amp;crop=smart&amp;auto=webp&amp;s=fcef1ea1304ddd81f62dec088834f184c66e2c7a', 'width': 108}, {'height': 92, 'url': 'https://external-preview.redd.it/aelqimrPBhQvrkFiK_3X7uQIwnKzfa0W_zYcDQTJvyI.jpg?width=216&amp;crop=smart&amp;auto=webp&amp;s=cda4a8dd7e5e491d64ad3db581b9a81d6b9e979a', 'width': 216}, {'height': 137, 'url': 'https://external-preview.redd.it/aelqimrPBhQvrkFiK_3X7uQIwnKzfa0W_zYcDQTJvyI.jpg?width=320&amp;crop=smart&amp;auto=webp&amp;s=ca36e2423f506710a50bd7fdf6966e018ed934ac', 'width': 320}, {'height': 274, 'url': 'https://external-preview.redd.it/aelqimrPBhQvrkFiK_3X7uQIwnKzfa0W_zYcDQTJvyI.jpg?width=640&amp;crop=smart&amp;auto=webp&amp;s=7cb4e0641bb2cae9b9203f6363b2518077cbd1fe', 'width': 640}, {'height': 411, 'url': 'https://external-preview.redd.it/aelqimrPBhQvrkFiK_3X7uQIwnKzfa0W_zYcDQTJvyI.jpg?width=960&amp;crop=smart&amp;auto=webp&amp;s=d8d4509a2e41ee75eecb82462e359c5efb52a006', 'width': 960}, {'height': 462, 'url': 'https://external-preview.redd.it/aelqimrPBhQvrkFiK_3X7uQIwnKzfa0W_zYcDQTJvyI.jpg?width=1080&amp;crop=smart&amp;auto=webp&amp;s=e18936cc723e4480208bbe71ff0dfc717da93ac5', 'width': 1080}], 'source': {'height': 514, 'url': 'https://external-preview.redd.it/aelqimrPBhQvrkFiK_3X7uQIwnKzfa0W_zYcDQTJvyI.jpg?auto=webp&amp;s=f606a44ea46cf02bfe9704b813daa6a6db0e117e', 'width': 1200}, 'variants': {}}]}",6,reddit,1653454706,1,,False,False,False,CryptoCurrency,t5_2wlj3,4915411,public,https://b.thumbs.redditmedia.com/aYk2DwTnHtAzQk9mX5GFJkxOXjNvAP1ky0AtcRHjljY.jpg,Top 3 DEX on Terra (LUNA) Network That You Can Use Right Now!,0,[],1.0,https://cryptocurrencysimple.com/top-3-dex-on-terra-luna-network-that-you-can-use-right-now/?feed_id=23579&amp;_unique_id=628db767db7ca,all_ads,6,1653425896.0,59.0,140.0,https://cryptocurrencysimple.com/top-3-dex-on-terra-luna-network-that-you-can-use-right-now/?feed_id=23579&amp;_unique_id=628db767db7ca,,,,,,
26,[],False,FionaPang,,,[],,,text,t2_hvbq3s0k,False,False,False,[],False,False,1653443265,self.CryptoCurrency,https://www.reddit.com/r/CryptoCurrency/comments/ux6klx/is_this_the_best_time_to_buy_luna/,{},ux6klx,False,False,False,False,False,False,True,False,#7193ff,DISCUSSION,"[{'e': 'text', 't': 'DISCUSSION'}]",87049662-0882-11e5-82e1-0e9d1a9f7761,DISCUSSION,dark,richtext,False,False,True,2,0,False,all_ads,/r/CryptoCurrency/comments/ux6klx/is_this_the_best_time_to_buy_luna/,False,,,6,moderator,1653443275,1,[removed],True,False,False,CryptoCurrency,t5_2wlj3,4914854,public,self,Is this the best time to buy Luna？,0,[],1.0,https://www.reddit.com/r/CryptoCurrency/comments/ux6klx/is_this_the_best_time_to_buy_luna/,all_ads,6,1653414465.0,,,,,,,,,
27,[],False,zippyteach,,Warning-level2-2,"[{'e': 'text', 't': 'Tin | QC: DOGE 18 | CC critic'}]",Tin | QC: DOGE 18 | CC critic,dark,richtext,t2_9hsk53kl,False,False,False,[],False,False,1653443019,news.bitcoin.com,https://www.reddit.com/r/CryptoCurrency/comments/ux6hzs/luna_investor_arrested_for_knocking_on_do_kwons/,{},ux6hzs,False,True,False,False,False,True,False,False,#0aa18f,NEWS,"[{'e': 'text', 't': 'GENERAL-NEWS'}]",f170aab2-246f-11ec-8143-429a193c9848,GENERAL-NEWS,light,richtext,False,False,True,0,0,False,all_ads,/r/CryptoCurrency/comments/ux6hzs/luna_investor_arrested_for_knocking_on_do_kwons/,False,link,"{'enabled': False, 'images': [{'id': 'Ll1SUVCli248G9uMkZN_LXbluwoq9yKPnFplVvAkg1Q', 'resolutions': [{'height': 60, 'url': 'https://external-preview.redd.it/JFIOhI0l5OM5hiJz8TVRX8o7xwLH2dhx4tlUqGG8egA.jpg?width=108&amp;crop=smart&amp;auto=webp&amp;s=03334514f2e22bba084cf1a85f125e24f617357f', 'width': 108}, {'height': 121, 'url': 'https://external-preview.redd.it/JFIOhI0l5OM5hiJz8TVRX8o7xwLH2dhx4tlUqGG8egA.jpg?width=216&amp;crop=smart&amp;auto=webp&amp;s=b2e1b06e4df750b005973aefd256ce6dc6554f94', 'width': 216}, {'height': 180, 'url': 'https://external-preview.redd.it/JFIOhI0l5OM5hiJz8TVRX8o7xwLH2dhx4tlUqGG8egA.jpg?width=320&amp;crop=smart&amp;auto=webp&amp;s=551553726d5fe72c895517cd9e89cab4dbd8416d', 'width': 320}, {'height': 360, 'url': 'https://external-preview.redd.it/JFIOhI0l5OM5hiJz8TVRX8o7xwLH2dhx4tlUqGG8egA.jpg?width=640&amp;crop=smart&amp;auto=webp&amp;s=9279d018582e257d3c540bb1ab1b2076cc43086b', 'width': 640}, {'height': 540, 'url': 'https://external-preview.redd.it/JFIOhI0l5OM5hiJz8TVRX8o7xwLH2dhx4tlUqGG8egA.jpg?width=960&amp;crop=smart&amp;auto=webp&amp;s=c06f9522d86009ee4e2276a1211101f6101377cc', 'width': 960}, {'height': 607, 'url': 'https://external-preview.redd.it/JFIOhI0l5OM5hiJz8TVRX8o7xwLH2dhx4tlUqGG8egA.jpg?width=1080&amp;crop=smart&amp;auto=webp&amp;s=e22e68bdfa56acb9c7a56c3bf237aff1808691c3', 'width': 1080}], 'source': {'height': 720, 'url': 'https://external-preview.redd.it/JFIOhI0l5OM5hiJz8TVRX8o7xwLH2dhx4tlUqGG8egA.jpg?auto=webp&amp;s=2b668cc0704ddf38a93a24cd0202d3e136cce2b5', 'width': 1280}, 'variants': {}}]}",6,,1653443029,1,,True,False,False,CryptoCurrency,t5_2wlj3,4914838,public,https://b.thumbs.redditmedia.com/58ASE8J3c1rViyJG-HrvMuIdbObnc3BKL_fGb7DWYKo.jpg,LUNA Investor Arrested for Knocking on Do Kwon's Door After Losing $2.4 Million in Terra Crash – Featured Bitcoin News,0,[],1.0,https://news.bitcoin.com/luna-investor-arrested-for-knocking-on-do-kwons-door-after-losing-2-4-million-in-terra-crash/,all_ads,6,1653414219.0,78.0,140.0,https://news.bitcoin.com/luna-investor-arrested-for-knocking-on-do-kwons-door-after-losing-2-4-million-in-terra-crash/,,,,,,
28,[],False,Ducut,,,[],,,text,t2_6qwk0bx,False,False,False,[],False,False,1653431040,self.CryptoCurrency,https://www.reddit.com/r/CryptoCurrency/comments/ux2qjj/what_do_you_think_will_happen_to_the_price_of/,{},ux2qjj,False,False,False,False,False,False,True,False,#ff66ac,DEBATE,"[{'e': 'text', 't': 'DEBATE'}]",5b762856-d7c9-11e4-822a-22000b2300b2,DEBATE,light,richtext,False,False,True,1,0,False,all_ads,/r/CryptoCurrency/comments/ux2qjj/what_do_you_think_will_happen_to_the_price_of/,False,,,6,moderator,1653431051,1,[removed],True,False,False,CryptoCurrency,t5_2wlj3,4914208,public,self,What do you think will happen to the price of Luna after the release od Luna 2.0?,0,[],1.0,https://www.reddit.com/r/CryptoCurrency/comments/ux2qjj/what_do_you_think_will_happen_to_the_price_of/,all_ads,6,1653402240.0,,,,,,,,,
29,[],False,Psychological_Yak945,,,[],,,text,t2_bn7mm2jv,False,False,False,[],False,False,1653426317,self.CryptoCurrency,https://www.reddit.com/r/CryptoCurrency/comments/ux12ej/a_taiwanese_committed_suicide_after_losing_2m/,{},ux12ej,False,True,False,False,False,True,True,False,#7193ff,DISCUSSION,"[{'e': 'text', 't': 'DISCUSSION'}]",87049662-0882-11e5-82e1-0e9d1a9f7761,DISCUSSION,dark,richtext,False,False,False,0,0,False,all_ads,/r/CryptoCurrency/comments/ux12ej/a_taiwanese_committed_suicide_after_losing_2m/,False,,,6,,1653426328,1,"Translated by Google:

According to friends of the deceased, Wu Nan once said that he had a debt problem due to investment failure, and he was depressed and depressed. same time coins Inside the circle, it was also reported that Wu Nan invested 2 million US dollars (about 58 million Taiwan dollars) to invest in Luna coins, but lost the remaining 1,000 US dollars (about 58 million Taiwan dollars). 29,000 Taiwan dollars), it is suspected that a fall from the building occurred because of this regret.  At present, the police have notified the family members and moved the body to the funeral home. At the same time, they have reported to the prosecutor to conduct an examination with the forensic doctor to clarify the cause of death.  

&amp;#x200B;

Comment: Luna, the cryptocurrency really killed a lot of people At least eight people in other countries have committed suicide because of Luna or UST

&amp;#x200B;

source: [https://www.ptt.cc/bbs/DigiCurrency/M.1653383937.A.050.html](https://www.ptt.cc/bbs/DigiCurrency/M.1653383937.A.050.html)",True,False,False,CryptoCurrency,t5_2wlj3,4913960,public,self,A Taiwanese committed suicide after losing 2M dollars in LUNA,0,[],1.0,https://www.reddit.com/r/CryptoCurrency/comments/ux12ej/a_taiwanese_committed_suicide_after_losing_2m/,all_ads,6,1653397517.0,,,,,,,,,
30,[],False,partymsl,,,"[{'e': 'text', 't': 'Platinum | QC: CC 140'}]",Platinum | QC: CC 140,dark,richtext,t2_3sfg6ijd,False,False,False,[],False,False,1653425297,self.CryptoCurrency,https://www.reddit.com/r/CryptoCurrency/comments/ux0o7w/icp_is_now_down_99_from_its_ath_after_a/,{},ux0o7w,False,True,False,False,False,True,True,False,#0aa18f,NEWS,"[{'e': 'text', 't': 'GENERAL-NEWS'}]",f170aab2-246f-11ec-8143-429a193c9848,GENERAL-NEWS,light,richtext,False,False,True,0,0,False,all_ads,/r/CryptoCurrency/comments/ux0o7w/icp_is_now_down_99_from_its_ath_after_a/,False,,,6,,1653425308,1,"With the recent slump, due to nobody's suprise ICP moved further down and is now officially 99% down from its ATH aka its starting price. People are calling LUNA a big failure but honestly just looking at the market cap and price action ICP is way worse. Also once in the top 10, on seventh place with a market cap of 45b to debut with and even before that a $300M+ VC funding to start with.

ICP has always been hated from the community due to its clearly scummy nature being founded by many not so loyal people to Crypto and being highly centralized. The only difference between LUNA and ICP is that LUNA once lived up to its valuation.

Crypto is not all about the value you see in market caps etc. It's also the utility and how much people will actually like it to say it in an idiotic way.",True,False,False,CryptoCurrency,t5_2wlj3,4913897,public,self,ICP is now down 99% from its ATH. After a once-valuation of $45b and 300M+ Funding to start.,0,[],1.0,https://www.reddit.com/r/CryptoCurrency/comments/ux0o7w/icp_is_now_down_99_from_its_ath_after_a/,all_ads,6,1653396497.0,,,,,,,,,
31,[],False,pyritejet,, Moon,"[{'e': 'text', 't': ' Harambe '}]", Harambe ,dark,richtext,t2_ykqxohl,False,False,False,[],False,False,1653422448,zycrypto.com,https://www.reddit.com/r/CryptoCurrency/comments/uwzl82/absolute_desperation_terra_at_makeorbreak_point/,{},uwzl82,False,True,False,False,False,True,False,False,#c403f5,COMEDY,"[{'e': 'text', 't': 'COMEDY'}]",5c104cfc-d7c8-11e4-9d14-22000b6902b0,COMEDY,dark,richtext,False,False,True,0,0,False,all_ads,/r/CryptoCurrency/comments/uwzl82/absolute_desperation_terra_at_makeorbreak_point/,False,link,"{'enabled': False, 'images': [{'id': '6omkeEkhSO00w-EV9O2PJt6cYIpaTOKmj5HjQUnKNfw', 'resolutions': [{'height': 63, 'url': 'https://external-preview.redd.it/UPs3M_NTARWJ2fiYpLo8c_HCrICE8oCQI0KzUSFk5eA.jpg?width=108&amp;crop=smart&amp;auto=webp&amp;s=daf1943e937f825c29cf32d3f49baa064cd57604', 'width': 108}, {'height': 126, 'url': 'https://external-preview.redd.it/UPs3M_NTARWJ2fiYpLo8c_HCrICE8oCQI0KzUSFk5eA.jpg?width=216&amp;crop=smart&amp;auto=webp&amp;s=c276bad26fe8a7a9e56f4e03a527aee1222caea9', 'width': 216}, {'height': 186, 'url': 'https://external-preview.redd.it/UPs3M_NTARWJ2fiYpLo8c_HCrICE8oCQI0KzUSFk5eA.jpg?width=320&amp;crop=smart&amp;auto=webp&amp;s=a5a8d2096febc64f1e3948e091a1836861e7c03d', 'width': 320}, {'height': 373, 'url': 'https://external-preview.redd.it/UPs3M_NTARWJ2fiYpLo8c_HCrICE8oCQI0KzUSFk5eA.jpg?width=640&amp;crop=smart&amp;auto=webp&amp;s=cc7f6d65fc98db1acee3acc01b34bb42671c4dd3', 'width': 640}, {'height': 560, 'url': 'https://external-preview.redd.it/UPs3M_NTARWJ2fiYpLo8c_HCrICE8oCQI0KzUSFk5eA.jpg?width=960&amp;crop=smart&amp;auto=webp&amp;s=97183af4ad39757df704a4514f57cc2e6faa1e6a', 'width': 960}, {'height': 630, 'url': 'https://external-preview.redd.it/UPs3M_NTARWJ2fiYpLo8c_HCrICE8oCQI0KzUSFk5eA.jpg?width=1080&amp;crop=smart&amp;auto=webp&amp;s=c1fdb2a7cb1edd94dd87442791e460cb31794a33', 'width': 1080}], 'source': {'height': 700, 'url': 'https://external-preview.redd.it/UPs3M_NTARWJ2fiYpLo8c_HCrICE8oCQI0KzUSFk5eA.jpg?auto=webp&amp;s=1f1c194d20794f2e447831eb300616156d53cfab', 'width': 1200}, 'variants': {}}]}",6,,1653422458,1,,False,False,False,CryptoCurrency,t5_2wlj3,4913745,public,https://b.thumbs.redditmedia.com/KBYCQ5vYGQbHn3vNISOFfXMCIVf2O1SkeqG8leQKrWg.jpg,Absolute desperation: Terra At Make-Or-Break Point As Community Burn Millions Of LUNA In Hopes Of A Huge Price Rebound,0,[],1.0,https://zycrypto.com/terra-at-make-or-break-point-as-community-burn-millions-of-luna-in-hopes-of-a-huge-price-rebound/,all_ads,6,1653393648.0,81.0,140.0,https://zycrypto.com/terra-at-make-or-break-point-as-community-burn-millions-of-luna-in-hopes-of-a-huge-price-rebound/,,,,,,
32,[],False,No-Blood-4282,,,[],,,text,t2_95mtw3fb,False,False,False,[],False,False,1653417549,self.CryptoCurrency,https://www.reddit.com/r/CryptoCurrency/comments/uwxrgf/is_it_a_good_idea_to_invest_in_luna_atm/,{},uwxrgf,False,False,False,False,False,False,True,False,#46d160,ADVICE,"[{'e': 'text', 't': 'ADVICE'}]",e9570888-9c2a-11e3-809c-12313d1661cc,ADVICE,dark,richtext,False,False,True,1,0,False,all_ads,/r/CryptoCurrency/comments/uwxrgf/is_it_a_good_idea_to_invest_in_luna_atm/,False,,,6,moderator,1653417560,1,[removed],True,False,False,CryptoCurrency,t5_2wlj3,4913494,public,self,Is it a good idea to invest in Luna atm?,0,[],1.0,https://www.reddit.com/r/CryptoCurrency/comments/uwxrgf/is_it_a_good_idea_to_invest_in_luna_atm/,all_ads,6,1653388749.0,,,,,,,,,
33,[],False,MrCappu,,,[],,,text,t2_kpah29vf,False,False,False,[],False,False,1653415335,self.CryptoCurrency,https://www.reddit.com/r/CryptoCurrency/comments/uwwx5u/do_you_guys_think_luna_has_a_chanche_to_dominate/,{},uwwx5u,False,False,False,False,False,False,True,False,#add2e2,ADVICE,"[{'e': 'text', 't': 'ANALYSIS'}]",c1034ee6-9c2a-11e3-a8c4-12313b0e8e20,ANALYSIS,dark,richtext,False,False,True,1,0,False,all_ads,/r/CryptoCurrency/comments/uwwx5u/do_you_guys_think_luna_has_a_chanche_to_dominate/,False,self,"{'enabled': False, 'images': [{'id': 'VLGYfeJGJR167W1oEw308ddMB4Af2yslSkV3PUgEeJI', 'resolutions': [{'height': 81, 'url': 'https://external-preview.redd.it/lJ1P_LrF6Uz1bIQBCSYbNm5yixmeavkq9KY1pPRWu2I.jpg?width=108&amp;crop=smart&amp;auto=webp&amp;s=2a8563ea917b7bd9feeca26fc92d3fc39549b37a', 'width': 108}, {'height': 162, 'url': 'https://external-preview.redd.it/lJ1P_LrF6Uz1bIQBCSYbNm5yixmeavkq9KY1pPRWu2I.jpg?width=216&amp;crop=smart&amp;auto=webp&amp;s=a3209ce2808b5a98dc95a4877400ab920a1cac10', 'width': 216}, {'height': 240, 'url': 'https://external-preview.redd.it/lJ1P_LrF6Uz1bIQBCSYbNm5yixmeavkq9KY1pPRWu2I.jpg?width=320&amp;crop=smart&amp;auto=webp&amp;s=3a0b2e88855bb9754d6dd50baa817562b9b51d42', 'width': 320}], 'source': {'height': 360, 'url': 'https://external-preview.redd.it/lJ1P_LrF6Uz1bIQBCSYbNm5yixmeavkq9KY1pPRWu2I.jpg?auto=webp&amp;s=5c8311aa290941b5ae991cdc24f8e63db230c970', 'width': 480}, 'variants': {}}]}",6,moderator,1653415346,1,[removed],True,False,False,CryptoCurrency,t5_2wlj3,4913335,public,self,Do you guys think luna has a chanche to dominate the market like litecoin did?,0,[],1.0,https://www.reddit.com/r/CryptoCurrency/comments/uwwx5u/do_you_guys_think_luna_has_a_chanche_to_dominate/,all_ads,6,1653386535.0,,,,,,,,,
34,[],False,NaiveTourist3716,,,[],,,text,t2_nky33q5v,False,False,False,[],False,False,1653414959,youtube.com,https://www.reddit.com/r/CryptoCurrency/comments/uwwrw6/the_last_30_days_in_crypto_luna_market_crash/,{},uwwrw6,False,True,False,False,False,True,False,False,#add2e2,ADVICE,"[{'e': 'text', 't': 'ANALYSIS'}]",c1034ee6-9c2a-11e3-a8c4-12313b0e8e20,ANALYSIS,dark,richtext,False,False,True,1,0,False,all_ads,/r/CryptoCurrency/comments/uwwrw6/the_last_30_days_in_crypto_luna_market_crash/,False,rich:video,"{'enabled': False, 'images': [{'id': 'VLGYfeJGJR167W1oEw308ddMB4Af2yslSkV3PUgEeJI', 'resolutions': [{'height': 81, 'url': 'https://external-preview.redd.it/lJ1P_LrF6Uz1bIQBCSYbNm5yixmeavkq9KY1pPRWu2I.jpg?width=108&amp;crop=smart&amp;auto=webp&amp;s=2a8563ea917b7bd9feeca26fc92d3fc39549b37a', 'width': 108}, {'height': 162, 'url': 'https://external-preview.redd.it/lJ1P_LrF6Uz1bIQBCSYbNm5yixmeavkq9KY1pPRWu2I.jpg?width=216&amp;crop=smart&amp;auto=webp&amp;s=a3209ce2808b5a98dc95a4877400ab920a1cac10', 'width': 216}, {'height': 240, 'url': 'https://external-preview.redd.it/lJ1P_LrF6Uz1bIQBCSYbNm5yixmeavkq9KY1pPRWu2I.jpg?width=320&amp;crop=smart&amp;auto=webp&amp;s=3a0b2e88855bb9754d6dd50baa817562b9b51d42', 'width': 320}], 'source': {'height': 360, 'url': 'https://external-preview.redd.it/lJ1P_LrF6Uz1bIQBCSYbNm5yixmeavkq9KY1pPRWu2I.jpg?auto=webp&amp;s=5c8311aa290941b5ae991cdc24f8e63db230c970', 'width': 480}, 'variants': {}}]}",6,,1653414970,1,,True,False,False,CryptoCurrency,t5_2wlj3,4913313,public,https://b.thumbs.redditmedia.com/n9zGqwe3n0-yhKqeaFquifFqVYTC6k1z5DO6_uG4JRo.jpg,The Last 30 Days In Crypto Luna Market Crash,0,[],1.0,https://www.youtube.com/watch?v=U6V8AELv5RM,all_ads,6,1653386159.0,105.0,140.0,https://www.youtube.com/watch?v=U6V8AELv5RM,,"{'oembed': {'author_name': 'ChartParadise', 'author_url': 'https://www.youtube.com/channel/UCAK2NFbXPCSuSjKBCJRsOMg', 'height': 200, 'html': '&lt;iframe width=""267"" height=""200"" src=""https://www.youtube.com/embed/U6V8AELv5RM?feature=oembed&amp;enablejsapi=1"" frameborder=""0"" allow=""accelerometer; autoplay; clipboard-write; encrypted-media; gyroscope; picture-in-picture"" allowfullscreen&gt;&lt;/iframe&gt;', 'provider_name': 'YouTube', 'provider_url': 'https://www.youtube.com/', 'thumbnail_height': 360, 'thumbnail_url': 'https://i.ytimg.com/vi/U6V8AELv5RM/hqdefault.jpg', 'thumbnail_width': 480, 'title': 'The Last 30 Days In Crypto Luna Market Crash', 'type': 'video', 'version': '1.0', 'width': 267}, 'type': 'youtube.com'}","{'content': '&lt;iframe width=""267"" height=""200"" src=""https://www.youtube.com/embed/U6V8AELv5RM?feature=oembed&amp;enablejsapi=1"" frameborder=""0"" allow=""accelerometer; autoplay; clipboard-write; encrypted-media; gyroscope; picture-in-picture"" allowfullscreen&gt;&lt;/iframe&gt;', 'height': 200, 'scrolling': False, 'width': 267}","{'oembed': {'author_name': 'ChartParadise', 'author_url': 'https://www.youtube.com/channel/UCAK2NFbXPCSuSjKBCJRsOMg', 'height': 200, 'html': '&lt;iframe width=""267"" height=""200"" src=""https://www.youtube.com/embed/U6V8AELv5RM?feature=oembed&amp;enablejsapi=1"" frameborder=""0"" allow=""accelerometer; autoplay; clipboard-write; encrypted-media; gyroscope; picture-in-picture"" allowfullscreen&gt;&lt;/iframe&gt;', 'provider_name': 'YouTube', 'provider_url': 'https://www.youtube.com/', 'thumbnail_height': 360, 'thumbnail_url': 'https://i.ytimg.com/vi/U6V8AELv5RM/hqdefault.jpg', 'thumbnail_width': 480, 'title': 'The Last 30 Days In Crypto Luna Market Crash', 'type': 'video', 'version': '1.0', 'width': 267}, 'type': 'youtube.com'}","{'content': '&lt;iframe width=""267"" height=""200"" src=""https://www.youtube.com/embed/U6V8AELv5RM?feature=oembed&amp;enablejsapi=1"" frameborder=""0"" allow=""accelerometer; autoplay; clipboard-write; encrypted-media; gyroscope; picture-in-picture"" allowfullscreen&gt;&lt;/iframe&gt;', 'height': 200, 'media_domain_url': 'https://www.redditmedia.com/mediaembed/uwwrw6', 'scrolling': False, 'width': 267}",
35,[],False,Third_Eye_Blinking,,Warning-level1-1,"[{'e': 'text', 't': 'Bronze'}]",Bronze,dark,richtext,t2_r814tf5,False,False,False,[],False,False,1653414478,self.CryptoCurrency,https://www.reddit.com/r/CryptoCurrency/comments/uwwl6b/ive_compared_some_blue_chip_stocks_and/,{},uwwl6b,False,True,False,False,False,True,True,False,#5a74cc,PERSPECTIVE,"[{'e': 'text', 't': 'PERSPECTIVE'}]",1b44cdb2-2a6c-11ec-9baf-0aa21184cd0a,PERSPECTIVE,light,richtext,False,False,False,0,0,False,all_ads,/r/CryptoCurrency/comments/uwwl6b/ive_compared_some_blue_chip_stocks_and/,False,,,6,,1653414488,1,"We've all seen the FUD in the media about how much Bitcoin is down year-to-date. Now I'm not a bear market denier nor do I think we've hit the bottom. Yes it's shit seeing your investments shrink, in some cases by 99.9% (RIP LUNA). But take a look at the wider picture and you'll see that we are holding ground with the ""less risky investments"" available at Wall Street.

&amp;#x200B;

All figures are YTD pulled from Google finance except for Polkadot which was taken from Coindesk.

|Microsoft|\-23.03%|
|:-|:-|
|Apple|\-23.84%|
|Alphabet|\-28.22%|
|Sony|\-29.72%|
|**Bitcoin**|\-38.81%|
|Amazon|\-39.43%|
|Gamestop|\-41.25%|
|Tesla|\-46.87%|
|Meta|\-47.56%|
|**Ethereum**|\-48.35%|
|**XRP**|\-48.92%|
|**Litecoin**|\-50.67%|
|Paypal|\-59.85%|
|AMC|\-60.11%|
|**Cardano**|\-62.79%|
|**Polkadot**|\-62.88%|
|Netflix|\-69.91%|
|Snapchat|\-71.84%|",True,False,False,CryptoCurrency,t5_2wlj3,4913287,public,self,"I've compared some ""blue chip"" stocks and cryptocurrencies to provide some perspective.",0,[],1.0,https://www.reddit.com/r/CryptoCurrency/comments/uwwl6b/ive_compared_some_blue_chip_stocks_and/,all_ads,6,1653385678.0,,,,,,,,,
36,[],False,Bras_m,,,[],,,text,t2_nl04c4zl,False,False,False,[],False,False,1653412991,self.CryptoCurrency,https://www.reddit.com/r/CryptoCurrency/comments/uww1ei/ust_on_binance/,{},uww1ei,False,True,False,False,False,True,True,False,#46d160,ADVICE,"[{'e': 'text', 't': 'ADVICE'}]",e9570888-9c2a-11e3-809c-12313d1661cc,ADVICE,dark,richtext,False,False,False,0,0,False,all_ads,/r/CryptoCurrency/comments/uww1ei/ust_on_binance/,False,,,6,,1653413002,1,"Good afternoon! I have a doubt concerning the new Terra Luna 2.0 and it’s allocation to the people that lost UST and Luna, now Luna classic. I had UST on binance before the attack. I am still holding it. That makes me eligible to receive the new Luna token? If it does, do I need to do anything to be airdropped? Or the coins will automatically be airdropped to me. 

I have another question. Is it worth it to hold the UST until the 27th of may, the date when supposedly the new Luna blockchain will emerge, or it is better to sell it all right now?

Thank you very much for your help.",True,False,False,CryptoCurrency,t5_2wlj3,4913172,public,self,UST on binance,0,[],1.0,https://www.reddit.com/r/CryptoCurrency/comments/uww1ei/ust_on_binance/,all_ads,6,1653384191.0,,,,,,,,,
37,[],False,NaiveTourist3716,,,[],,,text,t2_nky33q5v,False,False,False,[],False,False,1653409179,youtube.com,https://www.reddit.com/r/Bitcoin/comments/uwulvz/the_last_30_days_in_crypto_luna_market_crash/,{},uwulvz,False,False,False,False,False,False,False,False,,,[],,,dark,text,False,False,True,0,0,False,all_ads,/r/Bitcoin/comments/uwulvz/the_last_30_days_in_crypto_luna_market_crash/,False,rich:video,"{'enabled': False, 'images': [{'id': 'VLGYfeJGJR167W1oEw308ddMB4Af2yslSkV3PUgEeJI', 'resolutions': [{'height': 81, 'url': 'https://external-preview.redd.it/lJ1P_LrF6Uz1bIQBCSYbNm5yixmeavkq9KY1pPRWu2I.jpg?width=108&amp;crop=smart&amp;auto=webp&amp;s=2a8563ea917b7bd9feeca26fc92d3fc39549b37a', 'width': 108}, {'height': 162, 'url': 'https://external-preview.redd.it/lJ1P_LrF6Uz1bIQBCSYbNm5yixmeavkq9KY1pPRWu2I.jpg?width=216&amp;crop=smart&amp;auto=webp&amp;s=a3209ce2808b5a98dc95a4877400ab920a1cac10', 'width': 216}, {'height': 240, 'url': 'https://external-preview.redd.it/lJ1P_LrF6Uz1bIQBCSYbNm5yixmeavkq9KY1pPRWu2I.jpg?width=320&amp;crop=smart&amp;auto=webp&amp;s=3a0b2e88855bb9754d6dd50baa817562b9b51d42', 'width': 320}], 'source': {'height': 360, 'url': 'https://external-preview.redd.it/lJ1P_LrF6Uz1bIQBCSYbNm5yixmeavkq9KY1pPRWu2I.jpg?auto=webp&amp;s=5c8311aa290941b5ae991cdc24f8e63db230c970', 'width': 480}, 'variants': {}}]}",6,moderator,1653409189,1,,True,False,False,Bitcoin,t5_2s3qj,4223580,public,https://b.thumbs.redditmedia.com/n9zGqwe3n0-yhKqeaFquifFqVYTC6k1z5DO6_uG4JRo.jpg,The Last 30 Days In Crypto Luna Market Crash,0,[],1.0,https://www.youtube.com/watch?v=U6V8AELv5RM,all_ads,6,1653380379.0,105.0,140.0,https://www.youtube.com/watch?v=U6V8AELv5RM,,"{'oembed': {'author_name': 'ChartParadise', 'author_url': 'https://www.youtube.com/channel/UCAK2NFbXPCSuSjKBCJRsOMg', 'height': 200, 'html': '&lt;iframe width=""267"" height=""200"" src=""https://www.youtube.com/embed/U6V8AELv5RM?feature=oembed&amp;enablejsapi=1"" frameborder=""0"" allow=""accelerometer; autoplay; clipboard-write; encrypted-media; gyroscope; picture-in-picture"" allowfullscreen&gt;&lt;/iframe&gt;', 'provider_name': 'YouTube', 'provider_url': 'https://www.youtube.com/', 'thumbnail_height': 360, 'thumbnail_url': 'https://i.ytimg.com/vi/U6V8AELv5RM/hqdefault.jpg', 'thumbnail_width': 480, 'title': 'The Last 30 Days In Crypto Luna Market Crash', 'type': 'video', 'version': '1.0', 'width': 267}, 'type': 'youtube.com'}","{'content': '&lt;iframe width=""267"" height=""200"" src=""https://www.youtube.com/embed/U6V8AELv5RM?feature=oembed&amp;enablejsapi=1"" frameborder=""0"" allow=""accelerometer; autoplay; clipboard-write; encrypted-media; gyroscope; picture-in-picture"" allowfullscreen&gt;&lt;/iframe&gt;', 'height': 200, 'scrolling': False, 'width': 267}","{'oembed': {'author_name': 'ChartParadise', 'author_url': 'https://www.youtube.com/channel/UCAK2NFbXPCSuSjKBCJRsOMg', 'height': 200, 'html': '&lt;iframe width=""267"" height=""200"" src=""https://www.youtube.com/embed/U6V8AELv5RM?feature=oembed&amp;enablejsapi=1"" frameborder=""0"" allow=""accelerometer; autoplay; clipboard-write; encrypted-media; gyroscope; picture-in-picture"" allowfullscreen&gt;&lt;/iframe&gt;', 'provider_name': 'YouTube', 'provider_url': 'https://www.youtube.com/', 'thumbnail_height': 360, 'thumbnail_url': 'https://i.ytimg.com/vi/U6V8AELv5RM/hqdefault.jpg', 'thumbnail_width': 480, 'title': 'The Last 30 Days In Crypto Luna Market Crash', 'type': 'video', 'version': '1.0', 'width': 267}, 'type': 'youtube.com'}","{'content': '&lt;iframe width=""267"" height=""200"" src=""https://www.youtube.com/embed/U6V8AELv5RM?feature=oembed&amp;enablejsapi=1"" frameborder=""0"" allow=""accelerometer; autoplay; clipboard-write; encrypted-media; gyroscope; picture-in-picture"" allowfullscreen&gt;&lt;/iframe&gt;', 'height': 200, 'media_domain_url': 'https://www.redditmedia.com/mediaembed/uwulvz', 'scrolling': False, 'width': 267}",
38,[],False,NaiveTourist3716,,,[],,,text,t2_nky33q5v,False,False,False,[],False,False,1653409047,youtube.com,https://www.reddit.com/r/CryptoCurrency/comments/uwuk50/the_last_30_days_in_crypto_luna_market_crash/,{},uwuk50,False,True,False,False,False,True,False,False,#add2e2,ADVICE,"[{'e': 'text', 't': 'ANALYSIS'}]",c1034ee6-9c2a-11e3-a8c4-12313b0e8e20,ANALYSIS,dark,richtext,False,False,True,1,0,False,all_ads,/r/CryptoCurrency/comments/uwuk50/the_last_30_days_in_crypto_luna_market_crash/,False,rich:video,"{'enabled': False, 'images': [{'id': 'VLGYfeJGJR167W1oEw308ddMB4Af2yslSkV3PUgEeJI', 'resolutions': [{'height': 81, 'url': 'https://external-preview.redd.it/lJ1P_LrF6Uz1bIQBCSYbNm5yixmeavkq9KY1pPRWu2I.jpg?width=108&amp;crop=smart&amp;auto=webp&amp;s=2a8563ea917b7bd9feeca26fc92d3fc39549b37a', 'width': 108}, {'height': 162, 'url': 'https://external-preview.redd.it/lJ1P_LrF6Uz1bIQBCSYbNm5yixmeavkq9KY1pPRWu2I.jpg?width=216&amp;crop=smart&amp;auto=webp&amp;s=a3209ce2808b5a98dc95a4877400ab920a1cac10', 'width': 216}, {'height': 240, 'url': 'https://external-preview.redd.it/lJ1P_LrF6Uz1bIQBCSYbNm5yixmeavkq9KY1pPRWu2I.jpg?width=320&amp;crop=smart&amp;auto=webp&amp;s=3a0b2e88855bb9754d6dd50baa817562b9b51d42', 'width': 320}], 'source': {'height': 360, 'url': 'https://external-preview.redd.it/lJ1P_LrF6Uz1bIQBCSYbNm5yixmeavkq9KY1pPRWu2I.jpg?auto=webp&amp;s=5c8311aa290941b5ae991cdc24f8e63db230c970', 'width': 480}, 'variants': {}}]}",6,,1653409058,1,,True,False,False,CryptoCurrency,t5_2wlj3,4912920,public,https://b.thumbs.redditmedia.com/n9zGqwe3n0-yhKqeaFquifFqVYTC6k1z5DO6_uG4JRo.jpg,The Last 30 Days In Crypto Luna Market Crash,0,[],1.0,https://www.youtube.com/watch?v=U6V8AELv5RM,all_ads,6,1653380247.0,105.0,140.0,https://www.youtube.com/watch?v=U6V8AELv5RM,,"{'oembed': {'author_name': 'ChartParadise', 'author_url': 'https://www.youtube.com/channel/UCAK2NFbXPCSuSjKBCJRsOMg', 'height': 200, 'html': '&lt;iframe width=""267"" height=""200"" src=""https://www.youtube.com/embed/U6V8AELv5RM?feature=oembed&amp;enablejsapi=1"" frameborder=""0"" allow=""accelerometer; autoplay; clipboard-write; encrypted-media; gyroscope; picture-in-picture"" allowfullscreen&gt;&lt;/iframe&gt;', 'provider_name': 'YouTube', 'provider_url': 'https://www.youtube.com/', 'thumbnail_height': 360, 'thumbnail_url': 'https://i.ytimg.com/vi/U6V8AELv5RM/hqdefault.jpg', 'thumbnail_width': 480, 'title': 'The Last 30 Days In Crypto Luna Market Crash', 'type': 'video', 'version': '1.0', 'width': 267}, 'type': 'youtube.com'}","{'content': '&lt;iframe width=""267"" height=""200"" src=""https://www.youtube.com/embed/U6V8AELv5RM?feature=oembed&amp;enablejsapi=1"" frameborder=""0"" allow=""accelerometer; autoplay; clipboard-write; encrypted-media; gyroscope; picture-in-picture"" allowfullscreen&gt;&lt;/iframe&gt;', 'height': 200, 'scrolling': False, 'width': 267}","{'oembed': {'author_name': 'ChartParadise', 'author_url': 'https://www.youtube.com/channel/UCAK2NFbXPCSuSjKBCJRsOMg', 'height': 200, 'html': '&lt;iframe width=""267"" height=""200"" src=""https://www.youtube.com/embed/U6V8AELv5RM?feature=oembed&amp;enablejsapi=1"" frameborder=""0"" allow=""accelerometer; autoplay; clipboard-write; encrypted-media; gyroscope; picture-in-picture"" allowfullscreen&gt;&lt;/iframe&gt;', 'provider_name': 'YouTube', 'provider_url': 'https://www.youtube.com/', 'thumbnail_height': 360, 'thumbnail_url': 'https://i.ytimg.com/vi/U6V8AELv5RM/hqdefault.jpg', 'thumbnail_width': 480, 'title': 'The Last 30 Days In Crypto Luna Market Crash', 'type': 'video', 'version': '1.0', 'width': 267}, 'type': 'youtube.com'}","{'content': '&lt;iframe width=""267"" height=""200"" src=""https://www.youtube.com/embed/U6V8AELv5RM?feature=oembed&amp;enablejsapi=1"" frameborder=""0"" allow=""accelerometer; autoplay; clipboard-write; encrypted-media; gyroscope; picture-in-picture"" allowfullscreen&gt;&lt;/iframe&gt;', 'height': 200, 'media_domain_url': 'https://www.redditmedia.com/mediaembed/uwuk50', 'scrolling': False, 'width': 267}",
