,all_awardings,allow_live_comments,author,author_flair_background_color,author_flair_css_class,author_flair_richtext,author_flair_text,author_flair_text_color,author_flair_type,author_fullname,author_is_blocked,author_patreon_flair,author_premium,awarders,can_mod_post,contest_mode,created_utc,domain,full_link,gildings,id,is_created_from_ads_ui,is_crosspostable,is_meta,is_original_content,is_reddit_media_domain,is_robot_indexable,is_self,is_video,link_flair_background_color,link_flair_css_class,link_flair_richtext,link_flair_template_id,link_flair_text,link_flair_text_color,link_flair_type,locked,media_only,no_follow,num_comments,num_crossposts,over_18,parent_whitelist_status,permalink,pinned,post_hint,preview,pwls,removed_by_category,retrieved_on,score,selftext,send_replies,spoiler,stickied,subreddit,subreddit_id,subreddit_subscribers,subreddit_type,thumbnail,title,total_awards_received,treatment_tags,upvote_ratio,url,whitelist_status,wls,created,thumbnail_height,thumbnail_width,url_overridden_by_dest,media_metadata,media,media_embed,secure_media,secure_media_embed,author_flair_template_id
0,[],False,predictany007,,Warning-level2-2,"[{'e': 'text', 't': 'Tin | 1 month old'}]",Tin | 1 month old,dark,richtext,t2_lthxvmq0,False,False,False,[],False,False,1653494165,self.CryptoCurrency,https://www.reddit.com/r/CryptoCurrency/comments/uxkgff/exchanges_show_initial_support_to_terra_revival/,{},uxkgff,False,False,True,False,False,False,True,False,#0079d3,POLL,"[{'e': 'text', 't': 'POLL 🗳️'}]",c301e03e-5ea6-11e8-8824-0efe9c7bcaa8,POLL 🗳️,light,richtext,False,False,True,0,0,False,all_ads,/r/CryptoCurrency/comments/uxkgff/exchanges_show_initial_support_to_terra_revival/,False,self,"{'enabled': False, 'images': [{'id': 'lAf_prFuDfJ6BHpjHpRRZsZHi8m333C0kZqu59jZCvs', 'resolutions': [{'height': 71, 'url': 'https://external-preview.redd.it/7KTEfkWG5rYnGsJYKvuIcfG_YQzugsCgrlGJsJ9AiP4.jpg?width=108&amp;crop=smart&amp;auto=webp&amp;s=d65ec76ecbb71bd84ebd98c2624525217da94bcb', 'width': 108}, {'height': 143, 'url': 'https://external-preview.redd.it/7KTEfkWG5rYnGsJYKvuIcfG_YQzugsCgrlGJsJ9AiP4.jpg?width=216&amp;crop=smart&amp;auto=webp&amp;s=1c0c59a024a343c68ae6a59cece93679cead6ecd', 'width': 216}, {'height': 213, 'url': 'https://external-preview.redd.it/7KTEfkWG5rYnGsJYKvuIcfG_YQzugsCgrlGJsJ9AiP4.jpg?width=320&amp;crop=smart&amp;auto=webp&amp;s=c069d76e9e94efbd4bc744f134451eab4c033fe3', 'width': 320}, {'height': 426, 'url': 'https://external-preview.redd.it/7KTEfkWG5rYnGsJYKvuIcfG_YQzugsCgrlGJsJ9AiP4.jpg?width=640&amp;crop=smart&amp;auto=webp&amp;s=675b3da95dc24b1a94f238eb119364fefa584618', 'width': 640}, {'height': 639, 'url': 'https://external-preview.redd.it/7KTEfkWG5rYnGsJYKvuIcfG_YQzugsCgrlGJsJ9AiP4.jpg?width=960&amp;crop=smart&amp;auto=webp&amp;s=ebc30b022a94cc74d4f73ee0d8183130c8b4df72', 'width': 960}, {'height': 719, 'url': 'https://external-preview.redd.it/7KTEfkWG5rYnGsJYKvuIcfG_YQzugsCgrlGJsJ9AiP4.jpg?width=1080&amp;crop=smart&amp;auto=webp&amp;s=110672909e405f924557f4ef6283941e5ec0c683', 'width': 1080}], 'source': {'height': 773, 'url': 'https://external-preview.redd.it/7KTEfkWG5rYnGsJYKvuIcfG_YQzugsCgrlGJsJ9AiP4.jpg?auto=webp&amp;s=8fe423aa2066bd582f1b9ed92914254de02e053c', 'width': 1160}, 'variants': {}}]}",6,reddit,1653494175,1,"[removed]

[View Poll](https://www.reddit.com/poll/uxkgff)",True,False,False,CryptoCurrency,t5_2wlj3,4917268,public,self,Exchanges show initial support to Terra revival by listing new LUNA token,0,[],1.0,https://www.reddit.com/r/CryptoCurrency/comments/uxkgff/exchanges_show_initial_support_to_terra_revival/,all_ads,6,1653465365.0,,,,,,,,,
1,[],False,SuperCryptoBr0,,Warning-level2-2,"[{'e': 'text', 't': 'Tin | 5 months old | CC critic'}]",Tin | 5 months old | CC critic,dark,richtext,t2_h21yu4z6,False,False,False,[],False,False,1653491867,techcrunch.com,https://www.reddit.com/r/CryptoCurrency/comments/uxjnm4/polygon_launches_uncapped_fund_to_help_terra/,{},uxjnm4,False,True,False,False,False,True,False,False,,GENERAL-NEWS,"[{'e': 'text', 't': '🟢 GENERAL-NEWS'}]",,🟢 GENERAL-NEWS,dark,richtext,False,False,True,0,0,False,all_ads,/r/CryptoCurrency/comments/uxjnm4/polygon_launches_uncapped_fund_to_help_terra/,False,link,"{'enabled': False, 'images': [{'id': 'PYI0XWUkMUVJ5eyir4Atgf8Cv5C3uOo1xlRtpMkwHzE', 'resolutions': [{'height': 71, 'url': 'https://external-preview.redd.it/E1Y5YxEqzA8ApJg21jz4uaOZA6cwikTzxZEv_AaYXto.jpg?width=108&amp;crop=smart&amp;auto=webp&amp;s=e2895303a685ff3d9f82be7dcd0125f218c0ed2b', 'width': 108}, {'height': 143, 'url': 'https://external-preview.redd.it/E1Y5YxEqzA8ApJg21jz4uaOZA6cwikTzxZEv_AaYXto.jpg?width=216&amp;crop=smart&amp;auto=webp&amp;s=46de54e1e63bce0bd7ff5d9f021dcb67ccec96d0', 'width': 216}, {'height': 213, 'url': 'https://external-preview.redd.it/E1Y5YxEqzA8ApJg21jz4uaOZA6cwikTzxZEv_AaYXto.jpg?width=320&amp;crop=smart&amp;auto=webp&amp;s=088d141ec113b95caffec720f09125fd989101b6', 'width': 320}], 'source': {'height': 399, 'url': 'https://external-preview.redd.it/E1Y5YxEqzA8ApJg21jz4uaOZA6cwikTzxZEv_AaYXto.jpg?auto=webp&amp;s=41cad19c5df744acb29c4c2ff60589dc6d7843d2', 'width': 599}, 'variants': {}}]}",6,,1653491878,1,,True,False,False,CryptoCurrency,t5_2wlj3,4917127,public,https://b.thumbs.redditmedia.com/17LQyGTSUlzbyUOA2gbzkRI24Quo2KSN5upTtAb7lBI.jpg,Polygon launches “uncapped” fund to help Terra projects migrate to its blockchain,0,[],1.0,https://techcrunch.com/2022/05/25/polygon-launches-uncapped-fund-to-help-terra-projects-migrate-to-its-blockchain/,all_ads,6,1653463067.0,93.0,140.0,https://techcrunch.com/2022/05/25/polygon-launches-uncapped-fund-to-help-terra-projects-migrate-to-its-blockchain/,,,,,,
2,[],False,CWCOfficial,,,[],,,text,t2_kzqdz8zb,False,False,True,[],False,False,1653487565,self.CryptoCurrency,https://www.reddit.com/r/CryptoCurrency/comments/uxi5jj/terra_founder_wants_korean_exchanges_to_list_luna/,{},uxi5jj,False,True,False,False,False,True,True,False,#0aa18f,NEWS,"[{'e': 'text', 't': 'GENERAL-NEWS'}]",f170aab2-246f-11ec-8143-429a193c9848,GENERAL-NEWS,light,richtext,False,False,True,0,0,False,all_ads,/r/CryptoCurrency/comments/uxi5jj/terra_founder_wants_korean_exchanges_to_list_luna/,False,self,"{'enabled': False, 'images': [{'id': 'qaaUFGS2xSWAkZ-J-KhA4YFyxAqa7ZsvYbu544lLG3Y', 'resolutions': [{'height': 72, 'url': 'https://external-preview.redd.it/86EIhf_bJ7EDZx-wXMA81cK0QGvfZxr0OdNu2qCNpcM.jpg?width=108&amp;crop=smart&amp;auto=webp&amp;s=fe3ce36c1bea5c2af2d7e5b16530a79d2308d584', 'width': 108}, {'height': 144, 'url': 'https://external-preview.redd.it/86EIhf_bJ7EDZx-wXMA81cK0QGvfZxr0OdNu2qCNpcM.jpg?width=216&amp;crop=smart&amp;auto=webp&amp;s=e73eea24c53a51912b2d8c16b85afb289c4e5554', 'width': 216}, {'height': 213, 'url': 'https://external-preview.redd.it/86EIhf_bJ7EDZx-wXMA81cK0QGvfZxr0OdNu2qCNpcM.jpg?width=320&amp;crop=smart&amp;auto=webp&amp;s=71434b49f9393daecde9b4ce6506a8bbcd9b6ff0', 'width': 320}, {'height': 426, 'url': 'https://external-preview.redd.it/86EIhf_bJ7EDZx-wXMA81cK0QGvfZxr0OdNu2qCNpcM.jpg?width=640&amp;crop=smart&amp;auto=webp&amp;s=a50ef993cd663be964c49dbc1e539c9a3a2b2a31', 'width': 640}, {'height': 640, 'url': 'https://external-preview.redd.it/86EIhf_bJ7EDZx-wXMA81cK0QGvfZxr0OdNu2qCNpcM.jpg?width=960&amp;crop=smart&amp;auto=webp&amp;s=dcfef28ce09ca4563203be629603b6fbb300c615', 'width': 960}], 'source': {'height': 646, 'url': 'https://external-preview.redd.it/86EIhf_bJ7EDZx-wXMA81cK0QGvfZxr0OdNu2qCNpcM.jpg?auto=webp&amp;s=37117455014437725032f3e22417af84f8151098', 'width': 969}, 'variants': {}}]}",6,,1653487575,1,"The whole world has seen the demise of **Terra** and its original properties **LUNA** and **UST**. In particular, **Korea** has made a lot of noise about the latest accident. While popular domestic exchanges have dropped support, regulators are still probing **Terraform Labs** and **Do Kwon**. Despite this regulatory heat, Kwon is still poised to launch Terra 2.0 or Terra. The old chain is said to be called **Terra Classic** and the altcoin, **LUNA Classic**.

&amp;#x200B;

https://preview.redd.it/8kdjd21wpm191.jpg?width=969&amp;format=pjpg&amp;auto=webp&amp;s=eaa1d4ce3faf2b388c924756a15a7826b5f17774

**Terra 2.0** will go bankrupt if crypto exchanges refuse to back **LUNA**. As a result, Kwon does not appear to be constrained by regulatory pressure in South Korea and continues to urge five exchanges to rely on LUNA.

[https://cryptowallcity.com/terra-wants-korean-exchanges-to-list-luna-2-0/](https://cryptowallcity.com/terra-wants-korean-exchanges-to-list-luna-2-0/)",True,False,False,CryptoCurrency,t5_2wlj3,4916884,public,https://b.thumbs.redditmedia.com/OJQx2boYyMuJgPi7UB8DVDyUPcUwDfkR5dLI2iQAT2o.jpg,"Terra founder wants Korean exchanges to list LUNA 2.0, but here’s the problem",0,[],1.0,https://www.reddit.com/r/CryptoCurrency/comments/uxi5jj/terra_founder_wants_korean_exchanges_to_list_luna/,all_ads,6,1653458765.0,93.0,140.0,,"{'8kdjd21wpm191': {'e': 'Image', 'id': '8kdjd21wpm191', 'm': 'image/jpg', 'p': [{'u': 'https://preview.redd.it/8kdjd21wpm191.jpg?width=108&amp;crop=smart&amp;auto=webp&amp;s=8a654744493a8a0a88a04114498df16df7af015f', 'x': 108, 'y': 72}, {'u': 'https://preview.redd.it/8kdjd21wpm191.jpg?width=216&amp;crop=smart&amp;auto=webp&amp;s=81d3c1faffe6f1a5ca728a0ae0116ab9834e593e', 'x': 216, 'y': 144}, {'u': 'https://preview.redd.it/8kdjd21wpm191.jpg?width=320&amp;crop=smart&amp;auto=webp&amp;s=adc35ee476b2bc080bb8cf1e079f85e5b940a5f6', 'x': 320, 'y': 213}, {'u': 'https://preview.redd.it/8kdjd21wpm191.jpg?width=640&amp;crop=smart&amp;auto=webp&amp;s=59cd5120354530a71a215a5f405faed26a3c06d9', 'x': 640, 'y': 426}, {'u': 'https://preview.redd.it/8kdjd21wpm191.jpg?width=960&amp;crop=smart&amp;auto=webp&amp;s=ba91055b7bfb249fdbc982288de9b3a65b49b460', 'x': 960, 'y': 640}], 's': {'u': 'https://preview.redd.it/8kdjd21wpm191.jpg?width=969&amp;format=pjpg&amp;auto=webp&amp;s=eaa1d4ce3faf2b388c924756a15a7826b5f17774', 'x': 969, 'y': 646}, 'status': 'valid'}}",,,,,
3,[],False,Wabi-Sabibitch,,,"[{'e': 'text', 't': 'Platinum | QC: CC 175'}]",Platinum | QC: CC 175,dark,richtext,t2_9v8ngs4c,False,False,False,[],False,False,1653487000,cryptobriefing.com,https://www.reddit.com/r/CryptoCurrency/comments/uxhy8s/terra_will_launch_a_spinoff_blockchain_this_friday/,{},uxhy8s,False,True,False,False,False,True,False,False,#0aa18f,NEWS,"[{'e': 'text', 't': 'GENERAL-NEWS'}]",f170aab2-246f-11ec-8143-429a193c9848,GENERAL-NEWS,light,richtext,False,False,True,0,0,False,all_ads,/r/CryptoCurrency/comments/uxhy8s/terra_will_launch_a_spinoff_blockchain_this_friday/,False,link,"{'enabled': False, 'images': [{'id': 'n--F0eytIymIec4eH43d98MAXFgiOMQ2i1_amdYQuGY', 'resolutions': [{'height': 56, 'url': 'https://external-preview.redd.it/Fc0SwvPFlKeQyf30Oqg3GHZRRHH5LPQ6Pv3_W3QECSw.jpg?width=108&amp;crop=smart&amp;auto=webp&amp;s=17be8cd4defce9754b25a00ad6f6192738db042d', 'width': 108}, {'height': 113, 'url': 'https://external-preview.redd.it/Fc0SwvPFlKeQyf30Oqg3GHZRRHH5LPQ6Pv3_W3QECSw.jpg?width=216&amp;crop=smart&amp;auto=webp&amp;s=b1205c30a3cee7fa47186c922ad34723403e66c9', 'width': 216}, {'height': 167, 'url': 'https://external-preview.redd.it/Fc0SwvPFlKeQyf30Oqg3GHZRRHH5LPQ6Pv3_W3QECSw.jpg?width=320&amp;crop=smart&amp;auto=webp&amp;s=c2d17fa560a10ce4436435e484e455567e4f4127', 'width': 320}, {'height': 335, 'url': 'https://external-preview.redd.it/Fc0SwvPFlKeQyf30Oqg3GHZRRHH5LPQ6Pv3_W3QECSw.jpg?width=640&amp;crop=smart&amp;auto=webp&amp;s=34fb1a4a79a2681da243ab7ed5814d2a90ed4762', 'width': 640}], 'source': {'height': 403, 'url': 'https://external-preview.redd.it/Fc0SwvPFlKeQyf30Oqg3GHZRRHH5LPQ6Pv3_W3QECSw.jpg?auto=webp&amp;s=b3d9a6d0a29fdcd9f1f943b1f9a0eac7a05284ad', 'width': 768}, 'variants': {}}]}",6,,1653487010,1,,False,False,False,CryptoCurrency,t5_2wlj3,4916852,public,https://b.thumbs.redditmedia.com/_jMn6161hQ7nuTg4EmUEPU_jvTk3Wy7IVtyrbT09gSU.jpg,Terra Will Launch a Spin-Off Blockchain This Friday,0,[],1.0,https://cryptobriefing.com/terras-launch-spin-off-blockchain-this-friday/?utm_source=coingecko&amp;utm_medium=coingecko&amp;utm_content=coingecko&amp;utm_campaign=coingecko&amp;utm_term=coingecko,all_ads,6,1653458200.0,73.0,140.0,https://cryptobriefing.com/terras-launch-spin-off-blockchain-this-friday/?utm_source=coingecko&amp;utm_medium=coingecko&amp;utm_content=coingecko&amp;utm_campaign=coingecko&amp;utm_term=coingecko,,,,,,
4,[],False,socalquest,,,"[{'e': 'text', 't': 'Platinum | QC: CC 61, ETH 25 | r/CCs. critic | TraderSubs 10'}]","Platinum | QC: CC 61, ETH 25 | r/CCs. critic | TraderSubs 10",dark,richtext,t2_9qvn09n6,False,False,False,[],False,False,1653486996,self.CryptoCurrency,https://www.reddit.com/r/CryptoCurrency/comments/uxhy6v/raoul_pal_claims_he_never_owned_or_understood/,{},uxhy6v,False,False,False,False,False,False,True,False,#0aa18f,NEWS,"[{'e': 'text', 't': 'GENERAL-NEWS'}]",f170aab2-246f-11ec-8143-429a193c9848,GENERAL-NEWS,light,richtext,False,False,True,0,0,False,all_ads,/r/CryptoCurrency/comments/uxhy6v/raoul_pal_claims_he_never_owned_or_understood/,False,self,"{'enabled': False, 'images': [{'id': 'UZE7sd2jpVbcwqzVmDKfSdlaq9IeG6ZJysRKeDDtjOw', 'resolutions': [{'height': 81, 'url': 'https://external-preview.redd.it/DF40HzNWbOr5c83huDuhjbu782jYJg2dWGcOUOGduIc.jpg?width=108&amp;crop=smart&amp;auto=webp&amp;s=c1091f4f00c131ffaf279a2f83dc64b2c6f1d624', 'width': 108}, {'height': 162, 'url': 'https://external-preview.redd.it/DF40HzNWbOr5c83huDuhjbu782jYJg2dWGcOUOGduIc.jpg?width=216&amp;crop=smart&amp;auto=webp&amp;s=f578605f2eb3a05d6ee2d4bd90beb0ce9a2d00f5', 'width': 216}, {'height': 240, 'url': 'https://external-preview.redd.it/DF40HzNWbOr5c83huDuhjbu782jYJg2dWGcOUOGduIc.jpg?width=320&amp;crop=smart&amp;auto=webp&amp;s=f76b30f6a7a8bd438915fd5ddb50f39d80f0fa05', 'width': 320}, {'height': 480, 'url': 'https://external-preview.redd.it/DF40HzNWbOr5c83huDuhjbu782jYJg2dWGcOUOGduIc.jpg?width=640&amp;crop=smart&amp;auto=webp&amp;s=6cc034be57ad4a8a3ff1efee588b391f43b1ce02', 'width': 640}, {'height': 720, 'url': 'https://external-preview.redd.it/DF40HzNWbOr5c83huDuhjbu782jYJg2dWGcOUOGduIc.jpg?width=960&amp;crop=smart&amp;auto=webp&amp;s=40680dc82b325b722a5d3803ad91205fc9a1774d', 'width': 960}, {'height': 810, 'url': 'https://external-preview.redd.it/DF40HzNWbOr5c83huDuhjbu782jYJg2dWGcOUOGduIc.jpg?width=1080&amp;crop=smart&amp;auto=webp&amp;s=1d22a7a200201fcc03aa34a06d1fa873a398ab29', 'width': 1080}], 'source': {'height': 900, 'url': 'https://external-preview.redd.it/DF40HzNWbOr5c83huDuhjbu782jYJg2dWGcOUOGduIc.jpg?auto=webp&amp;s=e7388088d9a1fe11894d043157e7eb55411aa929', 'width': 1200}, 'variants': {}}]}",6,moderator,1653487006,1,[removed],True,False,False,CryptoCurrency,t5_2wlj3,4916852,public,self,"Raoul Pal Claims He Never Owned or Understood Terra (LUNA). Here's What He Said Six Months Ago ... Stack (BTFD), stake and HODL ETH to riches!!! GLTA!!!",0,[],1.0,https://www.reddit.com/r/CryptoCurrency/comments/uxhy6v/raoul_pal_claims_he_never_owned_or_understood/,all_ads,6,1653458196.0,,,,,,,,,
5,[],False,Acceptable_Novel8200,,,"[{'e': 'text', 't': 'Platinum | QC: CC 923'}]",Platinum | QC: CC 923,dark,richtext,t2_a0nl8bzw,False,False,False,[],False,False,1653484255,self.CryptoCurrency,https://www.reddit.com/r/CryptoCurrency/comments/uxh27i/guy_lost_millions_knocked_on_do_kwons_door_he/,{},uxh27i,False,True,False,False,False,True,True,False,#0aa18f,NEWS,"[{'e': 'text', 't': 'GENERAL-NEWS'}]",f170aab2-246f-11ec-8143-429a193c9848,GENERAL-NEWS,light,richtext,False,False,True,0,0,False,all_ads,/r/CryptoCurrency/comments/uxh27i/guy_lost_millions_knocked_on_do_kwons_door_he/,False,self,"{'enabled': False, 'images': [{'id': 'h5CESUsrRiBHX6-cuafSyYvZy6PQQrPTp21vv0yZySM', 'resolutions': [{'height': 60, 'url': 'https://external-preview.redd.it/-A41PQEurl4v5uGa4fmmX6yyzM-9j7aVy2x6lDRsftI.jpg?width=108&amp;crop=smart&amp;auto=webp&amp;s=ffb04d1b81439461bd05166c4db3ccfd142e92b4', 'width': 108}, {'height': 121, 'url': 'https://external-preview.redd.it/-A41PQEurl4v5uGa4fmmX6yyzM-9j7aVy2x6lDRsftI.jpg?width=216&amp;crop=smart&amp;auto=webp&amp;s=16e24263e75dfe62e3a1b7e2c7477ab1d8da554f', 'width': 216}, {'height': 180, 'url': 'https://external-preview.redd.it/-A41PQEurl4v5uGa4fmmX6yyzM-9j7aVy2x6lDRsftI.jpg?width=320&amp;crop=smart&amp;auto=webp&amp;s=b4445afec8f8e38ea139ff459bc0fc23113385c4', 'width': 320}, {'height': 360, 'url': 'https://external-preview.redd.it/-A41PQEurl4v5uGa4fmmX6yyzM-9j7aVy2x6lDRsftI.jpg?width=640&amp;crop=smart&amp;auto=webp&amp;s=f37214f8338b06e06451693e81a394cc10386223', 'width': 640}, {'height': 540, 'url': 'https://external-preview.redd.it/-A41PQEurl4v5uGa4fmmX6yyzM-9j7aVy2x6lDRsftI.jpg?width=960&amp;crop=smart&amp;auto=webp&amp;s=3a4ff2a8a12bc0f9dcf6b1d5400cbff46ceb494b', 'width': 960}, {'height': 607, 'url': 'https://external-preview.redd.it/-A41PQEurl4v5uGa4fmmX6yyzM-9j7aVy2x6lDRsftI.jpg?width=1080&amp;crop=smart&amp;auto=webp&amp;s=c5eeb24eb33bea89771ffa852c6c6aef3720f7d8', 'width': 1080}], 'source': {'height': 675, 'url': 'https://external-preview.redd.it/-A41PQEurl4v5uGa4fmmX6yyzM-9j7aVy2x6lDRsftI.jpg?auto=webp&amp;s=85d34cba00427efa908869eb4102d9894abb5818', 'width': 1200}, 'variants': {}}]}",6,,1653484265,1,"From the article : 

&gt;The man who allegedly tried to pay a visit the head honcho of the Terra blockchain May 13 finally spoke out Tuesday, telling reporters the crash of Terra and Luna left him financially devastated, and that he wanted to hear directly from Terra’s boss what the man’s plans were for the cryptocurrencies.


&gt;The BBC reported that the crypto streamer who only goes by the username “Chancers” said that after the crash “I felt like I was going to die.” Chancers, whose face was concealed by a mask, hat and sunglasses as he talked to reporters, claimed he had started investing in crypto in 2017, but lost $2.4 million in Luna coins when the cryptocurrency started to crash the weekend of May 8. This was despite the nonprofit Luna Foundation Guard propping up the platform with billions of dollars in bitcoin, and now both Terra and Luna are worth less than dirt. The streamer claimed he searched online for Kwon’s Seoul address then went there “to ask him about his plans for Luna. I suffered a huge loss and wanted to talk to him directly.”

&gt;Chancers streamed his planned interaction with Kwon to 100 people on his channel on the South Korea-based AfreecaTV streaming site, according to the BBC. When he knocked on Kwon’s door around 6:23 p.m. local time, instead of Terra founder coming to the door, Kwon’s wife answered instead and told the streamer her husband was out. Korean news site The Chosun Ilbo reported that day that the wife called police to ask for protection. The streamer said he surrendered himself to law enforcement, and Ilbo reported the man was charged with house trespassing.



Source : https://gizmodo.com/chancers-crypto-luna-do-kwon-terra-blockchain-luna-1848969712",True,False,False,CryptoCurrency,t5_2wlj3,4916708,public,self,"Guy lost millions knocked on Do Kwon's door, He wanted to ask Kwon directly about the plans for the project",0,[],1.0,https://www.reddit.com/r/CryptoCurrency/comments/uxh27i/guy_lost_millions_knocked_on_do_kwons_door_he/,all_ads,6,1653455455.0,,,,,,,,,
6,[],False,JesusSuperFreakX,,,[],,,text,t2_3jn1z9em,False,False,False,[],False,False,1653483916,self.CryptoCurrency,https://www.reddit.com/r/CryptoCurrency/comments/uxgyfx/is_there_a_comprehensive_list_of_all_stablecoins/,{},uxgyfx,False,True,False,False,False,True,True,False,#7193ff,DISCUSSION,"[{'e': 'text', 't': 'DISCUSSION'}]",87049662-0882-11e5-82e1-0e9d1a9f7761,DISCUSSION,dark,richtext,False,False,True,0,0,False,all_ads,/r/CryptoCurrency/comments/uxgyfx/is_there_a_comprehensive_list_of_all_stablecoins/,False,,,6,,1653483928,1,"I am sure that we all know about the LUNA/Terra debacle and how it wiped out hundreds of billions of value from people's portfolios. I saw the ""I lost everything, will be homeless and will KMS"" posts and found them absolutely harrowing. It is quite obvious that people need some semblance of financial literacy so that they can spot some of the obviously unsustainable projects in the crypto space.

Is there a comprehensive list of all stablecoins, their respective 'anchor' coins, ecosystems and APYs?

I really think that people need to know exactly what they are investing in/speculating on and the inherent risks of said plays.",True,False,False,CryptoCurrency,t5_2wlj3,4916689,public,self,"Is there a comprehensive list of all stablecoins, their respective 'anchor' coins, ecosystems and APYs?",0,[],1.0,https://www.reddit.com/r/CryptoCurrency/comments/uxgyfx/is_there_a_comprehensive_list_of_all_stablecoins/,all_ads,6,1653455116.0,,,,,,,,,
7,[],False,karandi91,,,[],,,text,t2_fxtgtbmf,False,False,False,[],False,False,1653483867,coindesk.com,https://www.reddit.com/r/CryptoCurrency/comments/uxgxqb/terra_snapshot_expected_this_week_heres_how_new/,{},uxgxqb,False,True,False,False,False,True,False,False,,GENERAL-NEWS,"[{'e': 'text', 't': '🟢 GENERAL-NEWS'}]",,🟢 GENERAL-NEWS,dark,richtext,False,False,True,0,0,False,all_ads,/r/CryptoCurrency/comments/uxgxqb/terra_snapshot_expected_this_week_heres_how_new/,False,link,"{'enabled': False, 'images': [{'id': '0OZ0QOiG8XjAjmBJhcD7c817sywtBEFGHCYMul_WnWg', 'resolutions': [{'height': 56, 'url': 'https://external-preview.redd.it/FVYSd3bTjNSW4q3ORzHIKKkze_bivjYJQt0_9qaG1EA.jpg?width=108&amp;crop=smart&amp;auto=webp&amp;s=c238d026602fbdc6d8d28f472ead0ed56c0989e3', 'width': 108}, {'height': 113, 'url': 'https://external-preview.redd.it/FVYSd3bTjNSW4q3ORzHIKKkze_bivjYJQt0_9qaG1EA.jpg?width=216&amp;crop=smart&amp;auto=webp&amp;s=64316712a41286b56578d9b1fcbb3132d9b1c70a', 'width': 216}, {'height': 167, 'url': 'https://external-preview.redd.it/FVYSd3bTjNSW4q3ORzHIKKkze_bivjYJQt0_9qaG1EA.jpg?width=320&amp;crop=smart&amp;auto=webp&amp;s=87c98e2156f42ffab550736bc2f0f49c4ea99b82', 'width': 320}, {'height': 334, 'url': 'https://external-preview.redd.it/FVYSd3bTjNSW4q3ORzHIKKkze_bivjYJQt0_9qaG1EA.jpg?width=640&amp;crop=smart&amp;auto=webp&amp;s=bd1465e5444e3f17525980e60eae6c8239642789', 'width': 640}, {'height': 502, 'url': 'https://external-preview.redd.it/FVYSd3bTjNSW4q3ORzHIKKkze_bivjYJQt0_9qaG1EA.jpg?width=960&amp;crop=smart&amp;auto=webp&amp;s=8a04549b1b54ed49381c6d0e75e27ec465cbd1e8', 'width': 960}, {'height': 565, 'url': 'https://external-preview.redd.it/FVYSd3bTjNSW4q3ORzHIKKkze_bivjYJQt0_9qaG1EA.jpg?width=1080&amp;crop=smart&amp;auto=webp&amp;s=977e06e4bac37e774321a9254b67b445ac4d010d', 'width': 1080}], 'source': {'height': 628, 'url': 'https://external-preview.redd.it/FVYSd3bTjNSW4q3ORzHIKKkze_bivjYJQt0_9qaG1EA.jpg?auto=webp&amp;s=ebfea2ad2bdc02058412bbd89f05159640112c7f', 'width': 1200}, 'variants': {}}]}",6,,1653483878,1,,True,False,False,CryptoCurrency,t5_2wlj3,4916688,public,https://b.thumbs.redditmedia.com/L5_CDIkAGE76gcDmOuQkTbKgXWzJyYPcBlWu0sWZDYE.jpg,Terra Snapshot Expected This Week. Here’s How 'New' Luna Will Be Distributed,0,[],1.0,https://www.coindesk.com/tech/2022/05/25/terra-snapshot-expected-this-week-heres-how-new-luna-will-be-distributed/,all_ads,6,1653455067.0,73.0,140.0,https://www.coindesk.com/tech/2022/05/25/terra-snapshot-expected-this-week-heres-how-new-luna-will-be-distributed/,,,,,,
8,[],False,Puzzleheaded_Popup,,Warning-level1-1,"[{'e': 'text', 't': 'Bronze | LRC 20 | Superstonk 230'}]",Bronze | LRC 20 | Superstonk 230,dark,richtext,t2_9xo8wcdl,False,False,False,[],False,False,1653483253,youtu.be,https://www.reddit.com/r/CryptoCurrency/comments/uxgqep/binance_and_do_kwon_terra_20_ust_11_terra_luna/,{},uxgqep,False,True,False,False,False,True,False,False,#0dd3bb,VIDEOS,"[{'e': 'text', 't': 'VIDEOS'}]",fee6c918-f3e4-11e5-8172-0ecf7e00c6db,VIDEOS,dark,richtext,False,False,True,0,0,False,all_ads,/r/CryptoCurrency/comments/uxgqep/binance_and_do_kwon_terra_20_ust_11_terra_luna/,False,rich:video,"{'enabled': False, 'images': [{'id': 'RG2Fta5z09iJAHkf64BJsGGABYpsRCrMAv0lYpW76uo', 'resolutions': [{'height': 81, 'url': 'https://external-preview.redd.it/r5bqPIGxInY4ggJh54lM-453-IwfEIPUDZcOzdtqERI.jpg?width=108&amp;crop=smart&amp;auto=webp&amp;s=f23902139a30fb3732f6ec986a3680e09ffa00a4', 'width': 108}, {'height': 162, 'url': 'https://external-preview.redd.it/r5bqPIGxInY4ggJh54lM-453-IwfEIPUDZcOzdtqERI.jpg?width=216&amp;crop=smart&amp;auto=webp&amp;s=13820dbabbfea857e0535ddb82f6eaf721919b6a', 'width': 216}, {'height': 240, 'url': 'https://external-preview.redd.it/r5bqPIGxInY4ggJh54lM-453-IwfEIPUDZcOzdtqERI.jpg?width=320&amp;crop=smart&amp;auto=webp&amp;s=abe26a39d3793de4a88d6427480a51a4ee42e7d5', 'width': 320}], 'source': {'height': 360, 'url': 'https://external-preview.redd.it/r5bqPIGxInY4ggJh54lM-453-IwfEIPUDZcOzdtqERI.jpg?auto=webp&amp;s=1361d6ad9a9e7bb6033b2752cf6da1636548d9d0', 'width': 480}, 'variants': {}}]}",6,,1653483263,1,,True,False,False,CryptoCurrency,t5_2wlj3,4916651,public,https://b.thumbs.redditmedia.com/m0P2n1FundmIAFQoUgEaWNUIFVqBkMH9JiIl8EVTinw.jpg,Binance and Do Kwon - Terra 2.0 | UST 1:1 | Terra Luna 100x Incoming ! | BIG Crypto News !,0,[],1.0,https://youtu.be/0cfy3Galfds,all_ads,6,1653454453.0,105.0,140.0,https://youtu.be/0cfy3Galfds,,"{'oembed': {'author_name': 'Binancе [Live &amp; News]', 'author_url': 'https://www.youtube.com/user/ichtololo', 'height': 200, 'html': '&lt;iframe width=""356"" height=""200"" src=""https://www.youtube.com/embed/0cfy3Galfds?feature=oembed&amp;enablejsapi=1"" frameborder=""0"" allow=""accelerometer; autoplay; clipboard-write; encrypted-media; gyroscope; picture-in-picture"" allowfullscreen&gt;&lt;/iframe&gt;', 'provider_name': 'YouTube', 'provider_url': 'https://www.youtube.com/', 'thumbnail_height': 360, 'thumbnail_url': 'https://i.ytimg.com/vi/0cfy3Galfds/hqdefault.jpg', 'thumbnail_width': 480, 'title': 'Binance and Do Kwon - Terra 2.0 | UST 1:1 | Terra Luna 100x Incoming ! | BIG Crypto News !', 'type': 'video', 'version': '1.0', 'width': 356}, 'type': 'youtube.com'}","{'content': '&lt;iframe width=""356"" height=""200"" src=""https://www.youtube.com/embed/0cfy3Galfds?feature=oembed&amp;enablejsapi=1"" frameborder=""0"" allow=""accelerometer; autoplay; clipboard-write; encrypted-media; gyroscope; picture-in-picture"" allowfullscreen&gt;&lt;/iframe&gt;', 'height': 200, 'scrolling': False, 'width': 356}","{'oembed': {'author_name': 'Binancе [Live &amp; News]', 'author_url': 'https://www.youtube.com/user/ichtololo', 'height': 200, 'html': '&lt;iframe width=""356"" height=""200"" src=""https://www.youtube.com/embed/0cfy3Galfds?feature=oembed&amp;enablejsapi=1"" frameborder=""0"" allow=""accelerometer; autoplay; clipboard-write; encrypted-media; gyroscope; picture-in-picture"" allowfullscreen&gt;&lt;/iframe&gt;', 'provider_name': 'YouTube', 'provider_url': 'https://www.youtube.com/', 'thumbnail_height': 360, 'thumbnail_url': 'https://i.ytimg.com/vi/0cfy3Galfds/hqdefault.jpg', 'thumbnail_width': 480, 'title': 'Binance and Do Kwon - Terra 2.0 | UST 1:1 | Terra Luna 100x Incoming ! | BIG Crypto News !', 'type': 'video', 'version': '1.0', 'width': 356}, 'type': 'youtube.com'}","{'content': '&lt;iframe width=""356"" height=""200"" src=""https://www.youtube.com/embed/0cfy3Galfds?feature=oembed&amp;enablejsapi=1"" frameborder=""0"" allow=""accelerometer; autoplay; clipboard-write; encrypted-media; gyroscope; picture-in-picture"" allowfullscreen&gt;&lt;/iframe&gt;', 'height': 200, 'media_domain_url': 'https://www.redditmedia.com/mediaembed/uxgqep', 'scrolling': False, 'width': 356}",
9,[],False,Lord-Nagafen,,,"[{'e': 'text', 't': 'Silver | QC: CC 1304, ETH 51 | CRO 38 | TraderSubs 48'}]","Silver | QC: CC 1304, ETH 51 | CRO 38 | TraderSubs 48",dark,richtext,t2_4y3wyq4d,False,False,False,[],False,False,1653482844,bloomberg.com,https://www.reddit.com/r/CryptoCurrency/comments/uxglwf/terraform_labs_is_planning_to_hard_fork_the_terra/,{},uxglwf,False,False,False,False,False,False,False,False,,GENERAL-NEWS,"[{'e': 'text', 't': '🟢 GENERAL-NEWS'}]",,🟢 GENERAL-NEWS,dark,richtext,False,False,True,3,0,False,all_ads,/r/CryptoCurrency/comments/uxglwf/terraform_labs_is_planning_to_hard_fork_the_terra/,False,link,"{'enabled': False, 'images': [{'id': 'aQYnFFRWgGKLhnIq3xCs13pddG0UTxEmS59blv1tQeE', 'resolutions': [{'height': 72, 'url': 'https://external-preview.redd.it/XVedT8rjUX9NlZv56sk0LSYny4M4fe9dsEYlAT2VkIM.jpg?width=108&amp;crop=smart&amp;auto=webp&amp;s=3e91f18fe8e3a0e2e53fbef886e6066b6b3fe091', 'width': 108}, {'height': 144, 'url': 'https://external-preview.redd.it/XVedT8rjUX9NlZv56sk0LSYny4M4fe9dsEYlAT2VkIM.jpg?width=216&amp;crop=smart&amp;auto=webp&amp;s=9a1dc244ba57dcf8e22354e73f521fea3426eb9a', 'width': 216}, {'height': 213, 'url': 'https://external-preview.redd.it/XVedT8rjUX9NlZv56sk0LSYny4M4fe9dsEYlAT2VkIM.jpg?width=320&amp;crop=smart&amp;auto=webp&amp;s=1329e2309a9fb2710bd4b5ad6c1ac8677f164b5b', 'width': 320}, {'height': 426, 'url': 'https://external-preview.redd.it/XVedT8rjUX9NlZv56sk0LSYny4M4fe9dsEYlAT2VkIM.jpg?width=640&amp;crop=smart&amp;auto=webp&amp;s=49c29240853d9af4043a8bf05af8b8943dfed820', 'width': 640}, {'height': 640, 'url': 'https://external-preview.redd.it/XVedT8rjUX9NlZv56sk0LSYny4M4fe9dsEYlAT2VkIM.jpg?width=960&amp;crop=smart&amp;auto=webp&amp;s=5105e2275448af4df2445e4a8bcb2fe0a7fb2e01', 'width': 960}, {'height': 720, 'url': 'https://external-preview.redd.it/XVedT8rjUX9NlZv56sk0LSYny4M4fe9dsEYlAT2VkIM.jpg?width=1080&amp;crop=smart&amp;auto=webp&amp;s=9d193f80ca40052eb588231e4e289a4f47c72c29', 'width': 1080}], 'source': {'height': 800, 'url': 'https://external-preview.redd.it/XVedT8rjUX9NlZv56sk0LSYny4M4fe9dsEYlAT2VkIM.jpg?auto=webp&amp;s=3dfb690b43ad170f36cd3d5f5a056e2a0e4ef1de', 'width': 1200}, 'variants': {}}]}",6,moderator,1653483006,1,,False,False,False,CryptoCurrency,t5_2wlj3,4916637,public,https://b.thumbs.redditmedia.com/3AlvDTdsJKsZF4MMISE-DxAEUa7cLHjLIm3RiNT-gCs.jpg,"Terraform Labs is planning to ""hard fork"" the Terra blockchain and leave the old network to be managed by users. New Luna tokens will be air dropped based on a snapshot of the old chain. Skeptics believe the new chain will be headed for a similar fate as Terra and Luna Classic",0,[],1.0,https://www.bloomberg.com/news/articles/2022-05-25/do-kwon-wins-backing-for-his-proposal-to-rescue-terra-project,all_ads,6,1653454044.0,93.0,140.0,https://www.bloomberg.com/news/articles/2022-05-25/do-kwon-wins-backing-for-his-proposal-to-rescue-terra-project,,,,,,
10,[],False,babossa77,,,"[{'e': 'text', 't': ' eth head'}]", eth head,dark,richtext,t2_d53efu8x,False,False,True,[],False,False,1653480621,twitter.com,https://www.reddit.com/r/CryptoCurrency/comments/uxfyjk/terra_2_testnet_is_live_mainnet_will_go_live_on/,{},uxfyjk,False,False,False,False,False,False,False,False,#0aa18f,NEWS,"[{'e': 'text', 't': 'GENERAL-NEWS'}]",f170aab2-246f-11ec-8143-429a193c9848,GENERAL-NEWS,light,richtext,False,False,True,0,0,False,all_ads,/r/CryptoCurrency/comments/uxfyjk/terra_2_testnet_is_live_mainnet_will_go_live_on/,False,link,"{'enabled': False, 'images': [{'id': 'PB-Vp8Rz27lyuV9PchZfy2iJrmAlgzRgM68m4AJUwok', 'resolutions': [{'height': 108, 'url': 'https://external-preview.redd.it/sU2PNinEMKJxUT7LLz9cr9m6mCPtx92-VFKeHsYX6HU.jpg?width=108&amp;crop=smart&amp;auto=webp&amp;s=28b7e8a7e576aadff7030cd1576bc3f1e779e8e9', 'width': 108}], 'source': {'height': 140, 'url': 'https://external-preview.redd.it/sU2PNinEMKJxUT7LLz9cr9m6mCPtx92-VFKeHsYX6HU.jpg?auto=webp&amp;s=e37df8ef596a00216744762f1f42b57157358f30', 'width': 140}, 'variants': {}}]}",6,automod_filtered,1653480631,1,,True,False,False,CryptoCurrency,t5_2wlj3,4916520,public,https://a.thumbs.redditmedia.com/eg8eN5HUB2KNddGSE1qmRTIbsbfacJD0JBBCapTHK44.jpg,"Terra 2 testnet is live, mainnet will go live on friday",0,[],1.0,https://twitter.com/orbital_command/status/1529175192928411650?t=QeDVswLR_9xMYV6mM4tyOQ&amp;s=19,all_ads,6,1653451821.0,140.0,140.0,https://twitter.com/orbital_command/status/1529175192928411650?t=QeDVswLR_9xMYV6mM4tyOQ&amp;s=19,,"{'oembed': {'author_name': 'Orbital Command (🌎,🌔)', 'author_url': 'https://twitter.com/orbital_command', 'cache_age': 3153600000, 'height': None, 'html': '&lt;blockquote class=""twitter-video""&gt;&lt;p lang=""en"" dir=""ltr""&gt;1/10 If you haven&amp;#39;t heard, Terra 2 testnet is live. Mainnet goes live Friday. It&amp;#39;s happening!&lt;br&gt;&lt;br&gt;How much of an airdrop will I get? What is the point of Terra 2? What protocols will be participating? &lt;br&gt;&lt;br&gt;Everything you need to know about Terra 2. 🧵👇&lt;/p&gt;&amp;mdash; Orbital Command (🌎,🌔) (@orbital_command) &lt;a href=""https://twitter.com/orbital_command/status/1529175192928411650?ref_src=twsrc%5Etfw""&gt;May 24, 2022&lt;/a&gt;&lt;/blockquote&gt;\n&lt;script async src=""https://platform.twitter.com/widgets.js"" charset=""utf-8""&gt;&lt;/script&gt;\n', 'provider_name': 'Twitter', 'provider_url': 'https://twitter.com', 'type': 'rich', 'url': 'https://twitter.com/orbital_command/status/1529175192928411650', 'version': '1.0', 'width': 350}, 'type': 'twitter.com'}","{'content': '&lt;blockquote class=""twitter-video""&gt;&lt;p lang=""en"" dir=""ltr""&gt;1/10 If you haven&amp;#39;t heard, Terra 2 testnet is live. Mainnet goes live Friday. It&amp;#39;s happening!&lt;br&gt;&lt;br&gt;How much of an airdrop will I get? What is the point of Terra 2? What protocols will be participating? &lt;br&gt;&lt;br&gt;Everything you need to know about Terra 2. 🧵👇&lt;/p&gt;&amp;mdash; Orbital Command (🌎,🌔) (@orbital_command) &lt;a href=""https://twitter.com/orbital_command/status/1529175192928411650?ref_src=twsrc%5Etfw""&gt;May 24, 2022&lt;/a&gt;&lt;/blockquote&gt;\n&lt;script async src=""https://platform.twitter.com/widgets.js"" charset=""utf-8""&gt;&lt;/script&gt;\n', 'height': 200, 'scrolling': False, 'width': 350}","{'oembed': {'author_name': 'Orbital Command (🌎,🌔)', 'author_url': 'https://twitter.com/orbital_command', 'cache_age': 3153600000, 'height': None, 'html': '&lt;blockquote class=""twitter-video""&gt;&lt;p lang=""en"" dir=""ltr""&gt;1/10 If you haven&amp;#39;t heard, Terra 2 testnet is live. Mainnet goes live Friday. It&amp;#39;s happening!&lt;br&gt;&lt;br&gt;How much of an airdrop will I get? What is the point of Terra 2? What protocols will be participating? &lt;br&gt;&lt;br&gt;Everything you need to know about Terra 2. 🧵👇&lt;/p&gt;&amp;mdash; Orbital Command (🌎,🌔) (@orbital_command) &lt;a href=""https://twitter.com/orbital_command/status/1529175192928411650?ref_src=twsrc%5Etfw""&gt;May 24, 2022&lt;/a&gt;&lt;/blockquote&gt;\n&lt;script async src=""https://platform.twitter.com/widgets.js"" charset=""utf-8""&gt;&lt;/script&gt;\n', 'provider_name': 'Twitter', 'provider_url': 'https://twitter.com', 'type': 'rich', 'url': 'https://twitter.com/orbital_command/status/1529175192928411650', 'version': '1.0', 'width': 350}, 'type': 'twitter.com'}","{'content': '&lt;blockquote class=""twitter-video""&gt;&lt;p lang=""en"" dir=""ltr""&gt;1/10 If you haven&amp;#39;t heard, Terra 2 testnet is live. Mainnet goes live Friday. It&amp;#39;s happening!&lt;br&gt;&lt;br&gt;How much of an airdrop will I get? What is the point of Terra 2? What protocols will be participating? &lt;br&gt;&lt;br&gt;Everything you need to know about Terra 2. 🧵👇&lt;/p&gt;&amp;mdash; Orbital Command (🌎,🌔) (@orbital_command) &lt;a href=""https://twitter.com/orbital_command/status/1529175192928411650?ref_src=twsrc%5Etfw""&gt;May 24, 2022&lt;/a&gt;&lt;/blockquote&gt;\n&lt;script async src=""https://platform.twitter.com/widgets.js"" charset=""utf-8""&gt;&lt;/script&gt;\n', 'height': 200, 'media_domain_url': 'https://www.redditmedia.com/mediaembed/uxfyjk', 'scrolling': False, 'width': 350}",
11,[],False,CWCOfficial,,noob,"[{'e': 'text', 't': 'redditor for 3 months'}]",redditor for 3 months,dark,richtext,t2_kzqdz8zb,False,False,True,[],False,False,1653480244,self.Bitcoin,https://www.reddit.com/r/Bitcoin/comments/uxfudd/terra_founder_wants_korean_exchanges_to_list_luna/,{},uxfudd,False,False,False,False,False,False,True,False,,,[],,,dark,text,False,False,True,0,0,False,all_ads,/r/Bitcoin/comments/uxfudd/terra_founder_wants_korean_exchanges_to_list_luna/,False,self,"{'enabled': False, 'images': [{'id': 'mnhJErKEv4Pd87zlQLfd6t78yieuMKF7gDrJDamnSsc', 'resolutions': [{'height': 71, 'url': 'https://external-preview.redd.it/1oI2gTBPAMJDhlnmu9Jzo3c3iEjeOQa4R9Ok0MDdon4.jpg?width=108&amp;crop=smart&amp;auto=webp&amp;s=6a51fa4604c7e99cfbc47a7aac91eaaac93e4b74', 'width': 108}, {'height': 142, 'url': 'https://external-preview.redd.it/1oI2gTBPAMJDhlnmu9Jzo3c3iEjeOQa4R9Ok0MDdon4.jpg?width=216&amp;crop=smart&amp;auto=webp&amp;s=29c512f2e78cba8e89826d236a100908f027b64b', 'width': 216}, {'height': 211, 'url': 'https://external-preview.redd.it/1oI2gTBPAMJDhlnmu9Jzo3c3iEjeOQa4R9Ok0MDdon4.jpg?width=320&amp;crop=smart&amp;auto=webp&amp;s=0cc1934af30a21640deacbc967acc343f4402502', 'width': 320}, {'height': 422, 'url': 'https://external-preview.redd.it/1oI2gTBPAMJDhlnmu9Jzo3c3iEjeOQa4R9Ok0MDdon4.jpg?width=640&amp;crop=smart&amp;auto=webp&amp;s=4a49a0a4d61b8253fdbc003ccd823fb90c47a465', 'width': 640}], 'source': {'height': 597, 'url': 'https://external-preview.redd.it/1oI2gTBPAMJDhlnmu9Jzo3c3iEjeOQa4R9Ok0MDdon4.jpg?auto=webp&amp;s=5b7687b5cc71c877fd595c55455ce28cf95e2baa', 'width': 905}, 'variants': {}}]}",6,moderator,1653480255,1,[removed],True,False,False,Bitcoin,t5_2s3qj,4226579,public,https://b.thumbs.redditmedia.com/KaAaM8vLZHzw9hA06H8mPZYEaT5BunOgSuY2MpmpWgE.jpg,"Terra founder wants Korean exchanges to list LUNA 2.0, but here’s the problem",0,[],1.0,https://www.reddit.com/r/Bitcoin/comments/uxfudd/terra_founder_wants_korean_exchanges_to_list_luna/,all_ads,6,1653451444.0,93.0,140.0,,,,,,,2ec8e69e-6c36-11e9-a04b-0afb553d4ea6
12,[],False,Akdjee,,,[],,,text,t2_wu15t,False,False,True,[],False,False,1653478394,justincryptonews.cc,https://www.reddit.com/r/CryptoCurrency/comments/uxfbwg/terra_snapshot_expected_this_week_heres_how_new/,{},uxfbwg,False,True,False,False,False,True,False,False,#46d160,MARKETS,"[{'e': 'text', 't': 'MARKETS'}]",1a657c8c-e48d-11e5-a215-0e374d550989,MARKETS,light,richtext,False,False,True,0,0,False,all_ads,/r/CryptoCurrency/comments/uxfbwg/terra_snapshot_expected_this_week_heres_how_new/,False,,,6,,1653478404,1,,True,False,False,CryptoCurrency,t5_2wlj3,4916418,public,default,Terra Snapshot Expected This Week. Here’s How ‘New’ Luna Will Be Distributed - Just In Crypto News,0,[],1.0,https://justincryptonews.cc/news/terra-snapshot-expected-this-week-heres-how-new-luna-will-be-distributed/,all_ads,6,1653449594.0,,,https://justincryptonews.cc/news/terra-snapshot-expected-this-week-heres-how-new-luna-will-be-distributed/,,,,,,
13,[],False,KassassinsCreed,,Warning-level2-2,"[{'e': 'text', 't': 'Tin'}]",Tin,dark,richtext,t2_55xtw6s,False,False,False,[],False,False,1653476395,self.CryptoCurrency,https://www.reddit.com/r/CryptoCurrency/comments/uxesvs/for_all_those_people_saying_luna_investors_were/,{},uxesvs,False,True,False,False,False,True,True,False,#7193ff,DISCUSSION,"[{'e': 'text', 't': 'DISCUSSION'}]",87049662-0882-11e5-82e1-0e9d1a9f7761,DISCUSSION,dark,richtext,False,False,False,0,0,False,all_ads,/r/CryptoCurrency/comments/uxesvs/for_all_those_people_saying_luna_investors_were/,False,,,6,,1653476405,1,"It's mind boggling to see this crypto war playing out on social media after the Luna crash. People keep attacking Luna investors because they should've seen that Do Kwon was a lunatic (literally). This guy was only trolling on twitter, why would one ever invest in HIM? You cannot possibly have invested in the Terra blockchain and its innovation, no, it must have been because of Do Kwon. 

At the same time, ADA fanboys are always blamed for blindly following Charles Hoskinson, while their chain has little to no utility. ""People should invest in the chain, not in the person"", is what you hear.

The assumption that every Luna investor is stupid because they clearly followed a maniac literally blows my mind. When did this become the standard? Why isn't it possible anymore that someone invested in the Terra blockchain. Say about Do what you want, but there were a lot of good, experienced and talented developers on Terra.

This is why I invested in Luna, I saw a lot of great development, very new and innovative ideas being deployed (and let's be real, apart from on ETH, where do you see new ideas instead of forks of existing protocols?). I had barely even heard of this Do, and I assume the same holds for many other investors. I did my due dilligence, I did research into this Do and the VC's, but that's all. This is crypto, guys, we're supposed to want decentralisation, stop fanboying over a single person like this constantly. YOU are the problem - not the Luna investor - because you started making it about Do Kwon.

And sure, he made mistakes. And yes, he had a lot of power, so you couldn't speak of decentralisation yet. It's only natural to pay him SOME attention. But this was an attack in the unregulated crypto space, and believe me, many of your investments would've been hit if someone with the same volume were to attack your chains. Sure, I know that Luna used to be a big chain, so generally a lot of capital would be needed to affect its price. And I know less capital was needed because of some stupid mistakes (the algorithmic death spiral, the fact that the BTC in the reserve was lent out, meaning the liquidity to restore the peg was locked to a certain extent), but let's stop blaming the Luna investors. 

If you really want to blame anyone, blame the attackers. And if you still want to blame anyone, blame yourself for making this about a person. You are pulling the whole space away from decentralisation with your constant assumption that it's impossibe to invest in anything other than the person behind a blockchain. 

Instead of focusing on the fragility of crypto as whole, you focus on the person. Instead of focusing on the fact that people with a lot of money can and will deliberately attack a blockchain, only to make money while knowing it would destroy lives, which is exactly the inequality blockchain is trying to resolve, you focus on the person. Instead of feeling sorry for the investors, which could as well have been you, you focus on the person. 

And I know not everyone thinks of it this way, it's a small group that finds joy in spamming the Terra subreddit with insults. Yet, I think it's all the proof we need. They made this about Do Kwon, which shows that they never even considered the innovation a blockchain can provide. They showed that they do not invest, they gamble. Please, if at any point you felt like creating a post on the Terra blockchain to attack these people, do all of us a favor and leave the crypto space. You're the problem of crypto and you'll make everyone happier by gambling in casinos instead of gambling on twitter personas.",True,False,False,CryptoCurrency,t5_2wlj3,4916339,public,self,"For all those people saying Luna investors were stupid for following Do Kwon, YOU are the problem",0,[],1.0,https://www.reddit.com/r/CryptoCurrency/comments/uxesvs/for_all_those_people_saying_luna_investors_were/,all_ads,6,1653447595.0,,,,,,,,,
14,[],False,fragerrard,,Warning-level2-2,"[{'e': 'text', 't': 'Tin'}]",Tin,dark,richtext,t2_3qnts,False,False,False,[],False,False,1653475054,self.CryptoCurrency,https://www.reddit.com/r/CryptoCurrency/comments/uxehp6/people_are_mostly_into_crypto_because_they_expect/,{},uxehp6,False,False,False,False,False,False,True,False,#5a74cc,PERSPECTIVE,"[{'e': 'text', 't': 'PERSPECTIVE'}]",1b44cdb2-2a6c-11ec-9baf-0aa21184cd0a,PERSPECTIVE,light,richtext,False,False,True,1,0,False,all_ads,/r/CryptoCurrency/comments/uxehp6/people_are_mostly_into_crypto_because_they_expect/,False,,,6,moderator,1653475065,1,[removed],False,False,False,CryptoCurrency,t5_2wlj3,4916269,public,self,People are mostly into crypto because they expect to buy for a cent then sell for a dollar. Almost nobody invested in Luna/Terra because the tech may be worth it.,0,[],1.0,https://www.reddit.com/r/CryptoCurrency/comments/uxehp6/people_are_mostly_into_crypto_because_they_expect/,all_ads,6,1653446254.0,,,,,,,,,
15,[],False,crypto_currency_77,,,[],,,text,t2_hubpqrkp,False,False,False,[],False,False,1653454696,cryptocurrencysimple.com,https://www.reddit.com/r/CryptoCurrency/comments/ux9u2w/top_3_dex_on_terra_luna_network_that_you_can_use/,{},ux9u2w,False,False,False,False,False,False,False,False,#646d73,TECHNOLOGY,"[{'e': 'text', 't': 'TECHNOLOGY'}]",2cb47a9c-3cc9-11ec-8857-7e7f5686f7de,TECHNOLOGY,dark,richtext,False,False,True,0,0,False,all_ads,/r/CryptoCurrency/comments/ux9u2w/top_3_dex_on_terra_luna_network_that_you_can_use/,False,link,"{'enabled': False, 'images': [{'id': 'nwDOk4XSDOXGcVXYLP5rBGZuz9gv1p-PQVcM2V_uOT0', 'resolutions': [{'height': 46, 'url': 'https://external-preview.redd.it/aelqimrPBhQvrkFiK_3X7uQIwnKzfa0W_zYcDQTJvyI.jpg?width=108&amp;crop=smart&amp;auto=webp&amp;s=fcef1ea1304ddd81f62dec088834f184c66e2c7a', 'width': 108}, {'height': 92, 'url': 'https://external-preview.redd.it/aelqimrPBhQvrkFiK_3X7uQIwnKzfa0W_zYcDQTJvyI.jpg?width=216&amp;crop=smart&amp;auto=webp&amp;s=cda4a8dd7e5e491d64ad3db581b9a81d6b9e979a', 'width': 216}, {'height': 137, 'url': 'https://external-preview.redd.it/aelqimrPBhQvrkFiK_3X7uQIwnKzfa0W_zYcDQTJvyI.jpg?width=320&amp;crop=smart&amp;auto=webp&amp;s=ca36e2423f506710a50bd7fdf6966e018ed934ac', 'width': 320}, {'height': 274, 'url': 'https://external-preview.redd.it/aelqimrPBhQvrkFiK_3X7uQIwnKzfa0W_zYcDQTJvyI.jpg?width=640&amp;crop=smart&amp;auto=webp&amp;s=7cb4e0641bb2cae9b9203f6363b2518077cbd1fe', 'width': 640}, {'height': 411, 'url': 'https://external-preview.redd.it/aelqimrPBhQvrkFiK_3X7uQIwnKzfa0W_zYcDQTJvyI.jpg?width=960&amp;crop=smart&amp;auto=webp&amp;s=d8d4509a2e41ee75eecb82462e359c5efb52a006', 'width': 960}, {'height': 462, 'url': 'https://external-preview.redd.it/aelqimrPBhQvrkFiK_3X7uQIwnKzfa0W_zYcDQTJvyI.jpg?width=1080&amp;crop=smart&amp;auto=webp&amp;s=e18936cc723e4480208bbe71ff0dfc717da93ac5', 'width': 1080}], 'source': {'height': 514, 'url': 'https://external-preview.redd.it/aelqimrPBhQvrkFiK_3X7uQIwnKzfa0W_zYcDQTJvyI.jpg?auto=webp&amp;s=f606a44ea46cf02bfe9704b813daa6a6db0e117e', 'width': 1200}, 'variants': {}}]}",6,reddit,1653454706,1,,False,False,False,CryptoCurrency,t5_2wlj3,4915411,public,https://b.thumbs.redditmedia.com/aYk2DwTnHtAzQk9mX5GFJkxOXjNvAP1ky0AtcRHjljY.jpg,Top 3 DEX on Terra (LUNA) Network That You Can Use Right Now!,0,[],1.0,https://cryptocurrencysimple.com/top-3-dex-on-terra-luna-network-that-you-can-use-right-now/?feed_id=23579&amp;_unique_id=628db767db7ca,all_ads,6,1653425896.0,59.0,140.0,https://cryptocurrencysimple.com/top-3-dex-on-terra-luna-network-that-you-can-use-right-now/?feed_id=23579&amp;_unique_id=628db767db7ca,,,,,,
16,[],False,KinkyWaffless,,Warning-level2-2,"[{'e': 'text', 't': 'Tin'}]",Tin,dark,richtext,t2_4lveoh3a,False,False,False,[],False,False,1653450942,cryptopotato.com,https://www.reddit.com/r/CryptoCurrency/comments/ux8thk/crypto_investor_and_influencer_arrested_for/,{},ux8thk,False,True,False,False,False,True,False,False,#7193ff,DISCUSSION,"[{'e': 'text', 't': 'DISCUSSION'}]",87049662-0882-11e5-82e1-0e9d1a9f7761,DISCUSSION,dark,richtext,False,False,True,0,0,False,all_ads,/r/CryptoCurrency/comments/ux8thk/crypto_investor_and_influencer_arrested_for/,False,link,"{'enabled': False, 'images': [{'id': 'rfePehDJv6WHyX2upNj0aTuH4JXk9u9zKV3qrBZtJ5E', 'resolutions': [{'height': 64, 'url': 'https://external-preview.redd.it/mjTQrENPDnTcERFKypG2e-jaWnmjNiONHovxkQA3XUs.jpg?width=108&amp;crop=smart&amp;auto=webp&amp;s=1ecf32a33463b5b30c5f4cecf65457a85c8209d5', 'width': 108}, {'height': 129, 'url': 'https://external-preview.redd.it/mjTQrENPDnTcERFKypG2e-jaWnmjNiONHovxkQA3XUs.jpg?width=216&amp;crop=smart&amp;auto=webp&amp;s=55762b2f145f2532985877a66cff58b23b80eed7', 'width': 216}, {'height': 191, 'url': 'https://external-preview.redd.it/mjTQrENPDnTcERFKypG2e-jaWnmjNiONHovxkQA3XUs.jpg?width=320&amp;crop=smart&amp;auto=webp&amp;s=e75f0ae89461ed48044105c82ac40eca3158db68', 'width': 320}, {'height': 383, 'url': 'https://external-preview.redd.it/mjTQrENPDnTcERFKypG2e-jaWnmjNiONHovxkQA3XUs.jpg?width=640&amp;crop=smart&amp;auto=webp&amp;s=4aa5c8d811442d807bd9021b8700dfbf7fb845ec', 'width': 640}, {'height': 575, 'url': 'https://external-preview.redd.it/mjTQrENPDnTcERFKypG2e-jaWnmjNiONHovxkQA3XUs.jpg?width=960&amp;crop=smart&amp;auto=webp&amp;s=7fb5b21b23059ed8a4986232731abd441ca1008e', 'width': 960}, {'height': 647, 'url': 'https://external-preview.redd.it/mjTQrENPDnTcERFKypG2e-jaWnmjNiONHovxkQA3XUs.jpg?width=1080&amp;crop=smart&amp;auto=webp&amp;s=f7f5ce52bcb5075096e2fc6f8ab4e60b95e9e565', 'width': 1080}], 'source': {'height': 720, 'url': 'https://external-preview.redd.it/mjTQrENPDnTcERFKypG2e-jaWnmjNiONHovxkQA3XUs.jpg?auto=webp&amp;s=b80537ad5bd02cd64f366e736eee11c63157431d', 'width': 1201}, 'variants': {}}]}",6,,1653450954,1,,False,False,False,CryptoCurrency,t5_2wlj3,4915225,public,https://b.thumbs.redditmedia.com/Scen-yR8xgyzzqxBVLwFWp_zVtpPhwk6cU1mlElWHNU.jpg,Crypto Investor and Influencer Arrested for Visiting Terra Founder Do Kwon's Apartment,0,[],1.0,https://cryptopotato.com/crypto-investor-and-influencer-arrested-for-visiting-terra-founder-do-kwons-apartment/?utm_source=coingecko&amp;utm_content=coingecko&amp;utm_campaign=coingecko&amp;utm_medium=coingecko&amp;utm_term=coingecko,all_ads,6,1653422142.0,83.0,140.0,https://cryptopotato.com/crypto-investor-and-influencer-arrested-for-visiting-terra-founder-do-kwons-apartment/?utm_source=coingecko&amp;utm_content=coingecko&amp;utm_campaign=coingecko&amp;utm_medium=coingecko&amp;utm_term=coingecko,,,,,,
17,[],False,ChristianMan710,,,"[{'e': 'text', 't': 'Platinum | QC: CC 95 | LRC 7'}]",Platinum | QC: CC 95 | LRC 7,dark,richtext,t2_ddb87zcu,False,False,False,[],False,False,1653450325,thecryptobasic.com,https://www.reddit.com/r/CryptoCurrency/comments/ux8n7a/terra_new_blockchain_terra_20_is_here_expected/,{},ux8n7a,False,False,False,False,False,False,False,False,#0aa18f,NEWS,"[{'e': 'text', 't': 'GENERAL-NEWS'}]",f170aab2-246f-11ec-8143-429a193c9848,GENERAL-NEWS,light,richtext,False,False,True,0,0,False,all_ads,/r/CryptoCurrency/comments/ux8n7a/terra_new_blockchain_terra_20_is_here_expected/,False,link,"{'enabled': False, 'images': [{'id': 'IsIXqw04dRtykflsw1zVai5DOWhjs3oD9bif6HaAFG0', 'resolutions': [{'height': 58, 'url': 'https://external-preview.redd.it/2snhOha_CZv96wnWTaFkvdlnEgJ0qPJF4BmC4QMcN6s.jpg?width=108&amp;crop=smart&amp;auto=webp&amp;s=2bd69b9743c2e55f28873ea53ccdf22f149ea248', 'width': 108}, {'height': 117, 'url': 'https://external-preview.redd.it/2snhOha_CZv96wnWTaFkvdlnEgJ0qPJF4BmC4QMcN6s.jpg?width=216&amp;crop=smart&amp;auto=webp&amp;s=598931fc3ce6ee6051d37bea45818571ac7cd641', 'width': 216}, {'height': 174, 'url': 'https://external-preview.redd.it/2snhOha_CZv96wnWTaFkvdlnEgJ0qPJF4BmC4QMcN6s.jpg?width=320&amp;crop=smart&amp;auto=webp&amp;s=c44c29bdbad7b7300d2fe58337f6abd7f47afaa3', 'width': 320}, {'height': 348, 'url': 'https://external-preview.redd.it/2snhOha_CZv96wnWTaFkvdlnEgJ0qPJF4BmC4QMcN6s.jpg?width=640&amp;crop=smart&amp;auto=webp&amp;s=0ddc420c6b3fa92f3463be57f184244678d84f93', 'width': 640}], 'source': {'height': 410, 'url': 'https://external-preview.redd.it/2snhOha_CZv96wnWTaFkvdlnEgJ0qPJF4BmC4QMcN6s.jpg?auto=webp&amp;s=3067a622c044b057372675caac0237cd15899af3', 'width': 752}, 'variants': {}}]}",6,moderator,1653450336,1,,False,False,False,CryptoCurrency,t5_2wlj3,4915190,public,https://b.thumbs.redditmedia.com/EPp_2YHvwTytpep68789fpFreIPJKz5ChufPw6cX6us.jpg,"Terra New Blockchain Terra 2.0 Is Here, Expected Snapshot Date Announced",0,[],1.0,https://thecryptobasic.com/2022/05/25/terra-new-blockchain-terra-2-0-is-here-expected-snapshot-date-announced/,all_ads,6,1653421525.0,76.0,140.0,https://thecryptobasic.com/2022/05/25/terra-new-blockchain-terra-2-0-is-here-expected-snapshot-date-announced/,,,,,,
18,[],False,zippyteach,,Warning-level2-2,"[{'e': 'text', 't': 'Tin | QC: DOGE 18 | CC critic'}]",Tin | QC: DOGE 18 | CC critic,dark,richtext,t2_9hsk53kl,False,False,False,[],False,False,1653443019,news.bitcoin.com,https://www.reddit.com/r/CryptoCurrency/comments/ux6hzs/luna_investor_arrested_for_knocking_on_do_kwons/,{},ux6hzs,False,True,False,False,False,True,False,False,#0aa18f,NEWS,"[{'e': 'text', 't': 'GENERAL-NEWS'}]",f170aab2-246f-11ec-8143-429a193c9848,GENERAL-NEWS,light,richtext,False,False,True,0,0,False,all_ads,/r/CryptoCurrency/comments/ux6hzs/luna_investor_arrested_for_knocking_on_do_kwons/,False,link,"{'enabled': False, 'images': [{'id': 'Ll1SUVCli248G9uMkZN_LXbluwoq9yKPnFplVvAkg1Q', 'resolutions': [{'height': 60, 'url': 'https://external-preview.redd.it/JFIOhI0l5OM5hiJz8TVRX8o7xwLH2dhx4tlUqGG8egA.jpg?width=108&amp;crop=smart&amp;auto=webp&amp;s=03334514f2e22bba084cf1a85f125e24f617357f', 'width': 108}, {'height': 121, 'url': 'https://external-preview.redd.it/JFIOhI0l5OM5hiJz8TVRX8o7xwLH2dhx4tlUqGG8egA.jpg?width=216&amp;crop=smart&amp;auto=webp&amp;s=b2e1b06e4df750b005973aefd256ce6dc6554f94', 'width': 216}, {'height': 180, 'url': 'https://external-preview.redd.it/JFIOhI0l5OM5hiJz8TVRX8o7xwLH2dhx4tlUqGG8egA.jpg?width=320&amp;crop=smart&amp;auto=webp&amp;s=551553726d5fe72c895517cd9e89cab4dbd8416d', 'width': 320}, {'height': 360, 'url': 'https://external-preview.redd.it/JFIOhI0l5OM5hiJz8TVRX8o7xwLH2dhx4tlUqGG8egA.jpg?width=640&amp;crop=smart&amp;auto=webp&amp;s=9279d018582e257d3c540bb1ab1b2076cc43086b', 'width': 640}, {'height': 540, 'url': 'https://external-preview.redd.it/JFIOhI0l5OM5hiJz8TVRX8o7xwLH2dhx4tlUqGG8egA.jpg?width=960&amp;crop=smart&amp;auto=webp&amp;s=c06f9522d86009ee4e2276a1211101f6101377cc', 'width': 960}, {'height': 607, 'url': 'https://external-preview.redd.it/JFIOhI0l5OM5hiJz8TVRX8o7xwLH2dhx4tlUqGG8egA.jpg?width=1080&amp;crop=smart&amp;auto=webp&amp;s=e22e68bdfa56acb9c7a56c3bf237aff1808691c3', 'width': 1080}], 'source': {'height': 720, 'url': 'https://external-preview.redd.it/JFIOhI0l5OM5hiJz8TVRX8o7xwLH2dhx4tlUqGG8egA.jpg?auto=webp&amp;s=2b668cc0704ddf38a93a24cd0202d3e136cce2b5', 'width': 1280}, 'variants': {}}]}",6,,1653443029,1,,True,False,False,CryptoCurrency,t5_2wlj3,4914838,public,https://b.thumbs.redditmedia.com/58ASE8J3c1rViyJG-HrvMuIdbObnc3BKL_fGb7DWYKo.jpg,LUNA Investor Arrested for Knocking on Do Kwon's Door After Losing $2.4 Million in Terra Crash – Featured Bitcoin News,0,[],1.0,https://news.bitcoin.com/luna-investor-arrested-for-knocking-on-do-kwons-door-after-losing-2-4-million-in-terra-crash/,all_ads,6,1653414219.0,78.0,140.0,https://news.bitcoin.com/luna-investor-arrested-for-knocking-on-do-kwons-door-after-losing-2-4-million-in-terra-crash/,,,,,,
19,[],False,BirdSetFree,,,"[{'e': 'text', 't': 'Platinum | QC: CC 1011'}]",Platinum | QC: CC 1011,dark,richtext,t2_ryryd,False,False,False,[],False,False,1653424304,cryptonews.com,https://www.reddit.com/r/CryptoCurrency/comments/ux0aou/more_crypto_regulation_incoming_in_south_korea/,{},ux0aou,False,False,False,False,False,False,False,False,#0aa18f,NEWS,"[{'e': 'text', 't': 'GENERAL-NEWS'}]",f170aab2-246f-11ec-8143-429a193c9848,GENERAL-NEWS,light,richtext,False,False,True,0,0,False,all_ads,/r/CryptoCurrency/comments/ux0aou/more_crypto_regulation_incoming_in_south_korea/,False,link,"{'enabled': False, 'images': [{'id': 'akaiLK0GqBG9flI3B-X0qWypq1Kaftt0V2d-v5RjHXw', 'resolutions': [{'height': 71, 'url': 'https://external-preview.redd.it/MpptIwx5uOGX2UVwwnvfa2nlss35mdXYAZY6-wlScGM.jpg?width=108&amp;crop=smart&amp;auto=webp&amp;s=e913a0669a5eac477bc1e944c2463fdd6367acb4', 'width': 108}, {'height': 143, 'url': 'https://external-preview.redd.it/MpptIwx5uOGX2UVwwnvfa2nlss35mdXYAZY6-wlScGM.jpg?width=216&amp;crop=smart&amp;auto=webp&amp;s=911ff14dc8e223760397b5327ffe7c45b854ab5b', 'width': 216}, {'height': 212, 'url': 'https://external-preview.redd.it/MpptIwx5uOGX2UVwwnvfa2nlss35mdXYAZY6-wlScGM.jpg?width=320&amp;crop=smart&amp;auto=webp&amp;s=a4f6b4d69b28829f4517686b50d115624de78315', 'width': 320}, {'height': 425, 'url': 'https://external-preview.redd.it/MpptIwx5uOGX2UVwwnvfa2nlss35mdXYAZY6-wlScGM.jpg?width=640&amp;crop=smart&amp;auto=webp&amp;s=ede55b7200e2df75845b10d358699fa6257a127c', 'width': 640}], 'source': {'height': 599, 'url': 'https://external-preview.redd.it/MpptIwx5uOGX2UVwwnvfa2nlss35mdXYAZY6-wlScGM.jpg?auto=webp&amp;s=16b82df6e2924126c123bbfc481177d6b133c8c1', 'width': 900}, 'variants': {}}]}",6,reddit,1653424314,1,,True,False,False,CryptoCurrency,t5_2wlj3,4913839,public,https://b.thumbs.redditmedia.com/VwLLKJ3W1d73fX73fcOtniPJUNMt3z1_C1SpGlZsi3I.jpg,More Crypto Regulation Incoming in South Korea Following Terra Collapse,0,[],1.0,https://cryptonews.com/news/more-crypto-regulation-incoming-in-south-korea-following-terra-collapse-govt-indicates.htm,all_ads,6,1653395504.0,93.0,140.0,https://cryptonews.com/news/more-crypto-regulation-incoming-in-south-korea-following-terra-collapse-govt-indicates.htm,,,,,,
20,[],False,pyritejet,, Moon,"[{'e': 'text', 't': ' Harambe '}]", Harambe ,dark,richtext,t2_ykqxohl,False,False,False,[],False,False,1653422448,zycrypto.com,https://www.reddit.com/r/CryptoCurrency/comments/uwzl82/absolute_desperation_terra_at_makeorbreak_point/,{},uwzl82,False,True,False,False,False,True,False,False,#c403f5,COMEDY,"[{'e': 'text', 't': 'COMEDY'}]",5c104cfc-d7c8-11e4-9d14-22000b6902b0,COMEDY,dark,richtext,False,False,True,0,0,False,all_ads,/r/CryptoCurrency/comments/uwzl82/absolute_desperation_terra_at_makeorbreak_point/,False,link,"{'enabled': False, 'images': [{'id': '6omkeEkhSO00w-EV9O2PJt6cYIpaTOKmj5HjQUnKNfw', 'resolutions': [{'height': 63, 'url': 'https://external-preview.redd.it/UPs3M_NTARWJ2fiYpLo8c_HCrICE8oCQI0KzUSFk5eA.jpg?width=108&amp;crop=smart&amp;auto=webp&amp;s=daf1943e937f825c29cf32d3f49baa064cd57604', 'width': 108}, {'height': 126, 'url': 'https://external-preview.redd.it/UPs3M_NTARWJ2fiYpLo8c_HCrICE8oCQI0KzUSFk5eA.jpg?width=216&amp;crop=smart&amp;auto=webp&amp;s=c276bad26fe8a7a9e56f4e03a527aee1222caea9', 'width': 216}, {'height': 186, 'url': 'https://external-preview.redd.it/UPs3M_NTARWJ2fiYpLo8c_HCrICE8oCQI0KzUSFk5eA.jpg?width=320&amp;crop=smart&amp;auto=webp&amp;s=a5a8d2096febc64f1e3948e091a1836861e7c03d', 'width': 320}, {'height': 373, 'url': 'https://external-preview.redd.it/UPs3M_NTARWJ2fiYpLo8c_HCrICE8oCQI0KzUSFk5eA.jpg?width=640&amp;crop=smart&amp;auto=webp&amp;s=cc7f6d65fc98db1acee3acc01b34bb42671c4dd3', 'width': 640}, {'height': 560, 'url': 'https://external-preview.redd.it/UPs3M_NTARWJ2fiYpLo8c_HCrICE8oCQI0KzUSFk5eA.jpg?width=960&amp;crop=smart&amp;auto=webp&amp;s=97183af4ad39757df704a4514f57cc2e6faa1e6a', 'width': 960}, {'height': 630, 'url': 'https://external-preview.redd.it/UPs3M_NTARWJ2fiYpLo8c_HCrICE8oCQI0KzUSFk5eA.jpg?width=1080&amp;crop=smart&amp;auto=webp&amp;s=c1fdb2a7cb1edd94dd87442791e460cb31794a33', 'width': 1080}], 'source': {'height': 700, 'url': 'https://external-preview.redd.it/UPs3M_NTARWJ2fiYpLo8c_HCrICE8oCQI0KzUSFk5eA.jpg?auto=webp&amp;s=1f1c194d20794f2e447831eb300616156d53cfab', 'width': 1200}, 'variants': {}}]}",6,,1653422458,1,,False,False,False,CryptoCurrency,t5_2wlj3,4913745,public,https://b.thumbs.redditmedia.com/KBYCQ5vYGQbHn3vNISOFfXMCIVf2O1SkeqG8leQKrWg.jpg,Absolute desperation: Terra At Make-Or-Break Point As Community Burn Millions Of LUNA In Hopes Of A Huge Price Rebound,0,[],1.0,https://zycrypto.com/terra-at-make-or-break-point-as-community-burn-millions-of-luna-in-hopes-of-a-huge-price-rebound/,all_ads,6,1653393648.0,81.0,140.0,https://zycrypto.com/terra-at-make-or-break-point-as-community-burn-millions-of-luna-in-hopes-of-a-huge-price-rebound/,,,,,,
21,[],False,Psychological_Yak945,,,[],,,text,t2_bn7mm2jv,False,False,False,[],False,False,1653419522,self.CryptoCurrency,https://www.reddit.com/r/CryptoCurrency/comments/uwyid8/a_taiwanese_kill_himself_for_losing_2m_usd_in/,{},uwyid8,False,False,False,False,False,False,True,False,#7193ff,DISCUSSION,"[{'e': 'text', 't': 'DISCUSSION'}]",87049662-0882-11e5-82e1-0e9d1a9f7761,DISCUSSION,dark,richtext,False,False,True,1,0,False,all_ads,/r/CryptoCurrency/comments/uwyid8/a_taiwanese_kill_himself_for_losing_2m_usd_in/,False,,,6,moderator,1653419533,1,[removed],True,False,False,CryptoCurrency,t5_2wlj3,4913601,public,self,A Taiwanese kill himself for losing 2M USD in Terra.,0,[],1.0,https://www.reddit.com/r/CryptoCurrency/comments/uwyid8/a_taiwanese_kill_himself_for_losing_2m_usd_in/,all_ads,6,1653390722.0,,,,,,,,,
22,[],False,CoinControversy,,,[],,,text,t2_jfrle68z,False,False,False,[],False,False,1653414826,coincontroversy.com,https://www.reddit.com/r/CryptoCurrency/comments/uwwq2w/do_kwon_may_end_the_terra_saga_behind_bars/,{},uwwq2w,False,True,False,False,False,True,False,False,#0aa18f,NEWS,"[{'e': 'text', 't': 'GENERAL-NEWS'}]",f170aab2-246f-11ec-8143-429a193c9848,GENERAL-NEWS,light,richtext,False,False,False,0,0,False,all_ads,/r/CryptoCurrency/comments/uwwq2w/do_kwon_may_end_the_terra_saga_behind_bars/,False,link,"{'enabled': False, 'images': [{'id': 'Lqg0Ax3MQOvVLk8yOe_kjoDFJPJEDHjirHRrM3wqvBo', 'resolutions': [{'height': 69, 'url': 'https://external-preview.redd.it/nyggQesaG4pbR1QLLhyP_VnJI_g5kpeVTvjvH08kdyI.jpg?width=108&amp;crop=smart&amp;auto=webp&amp;s=a2b0630f037bb1720e1c8d553f10a515b16ce556', 'width': 108}, {'height': 138, 'url': 'https://external-preview.redd.it/nyggQesaG4pbR1QLLhyP_VnJI_g5kpeVTvjvH08kdyI.jpg?width=216&amp;crop=smart&amp;auto=webp&amp;s=8093ba70f6efdf4d2e5f22edca082310fe1999f6', 'width': 216}, {'height': 205, 'url': 'https://external-preview.redd.it/nyggQesaG4pbR1QLLhyP_VnJI_g5kpeVTvjvH08kdyI.jpg?width=320&amp;crop=smart&amp;auto=webp&amp;s=96ae389fbc0a592b5e4b5034c51de1948e1a284a', 'width': 320}, {'height': 411, 'url': 'https://external-preview.redd.it/nyggQesaG4pbR1QLLhyP_VnJI_g5kpeVTvjvH08kdyI.jpg?width=640&amp;crop=smart&amp;auto=webp&amp;s=bdb2822843cb51d5b55e2070d634de881678d5b4', 'width': 640}], 'source': {'height': 458, 'url': 'https://external-preview.redd.it/nyggQesaG4pbR1QLLhyP_VnJI_g5kpeVTvjvH08kdyI.jpg?auto=webp&amp;s=c471b25ac53434d74260a42fea65661aeb961892', 'width': 712}, 'variants': {}}]}",6,,1653414837,1,,True,False,False,CryptoCurrency,t5_2wlj3,4913308,public,https://b.thumbs.redditmedia.com/sR41cfswiM5sWy-QsydmStl6rpRpJeNWpMcfwfXJEsI.jpg,Do Kwon May End the Terra Saga Behind Bars,0,[],1.0,https://coincontroversy.com/do-kwon-may-end-the-terra-saga-behind-bars/,all_ads,6,1653386026.0,90.0,140.0,https://coincontroversy.com/do-kwon-may-end-the-terra-saga-behind-bars/,,,,,,
23,[],False,Bras_m,,,[],,,text,t2_nl04c4zl,False,False,False,[],False,False,1653412991,self.CryptoCurrency,https://www.reddit.com/r/CryptoCurrency/comments/uww1ei/ust_on_binance/,{},uww1ei,False,True,False,False,False,True,True,False,#46d160,ADVICE,"[{'e': 'text', 't': 'ADVICE'}]",e9570888-9c2a-11e3-809c-12313d1661cc,ADVICE,dark,richtext,False,False,False,0,0,False,all_ads,/r/CryptoCurrency/comments/uww1ei/ust_on_binance/,False,,,6,,1653413002,1,"Good afternoon! I have a doubt concerning the new Terra Luna 2.0 and it’s allocation to the people that lost UST and Luna, now Luna classic. I had UST on binance before the attack. I am still holding it. That makes me eligible to receive the new Luna token? If it does, do I need to do anything to be airdropped? Or the coins will automatically be airdropped to me. 

I have another question. Is it worth it to hold the UST until the 27th of may, the date when supposedly the new Luna blockchain will emerge, or it is better to sell it all right now?

Thank you very much for your help.",True,False,False,CryptoCurrency,t5_2wlj3,4913172,public,self,UST on binance,0,[],1.0,https://www.reddit.com/r/CryptoCurrency/comments/uww1ei/ust_on_binance/,all_ads,6,1653384191.0,,,,,,,,,
24,[],False,OldHabitsB_Gone,,Warning-level2-2,"[{'e': 'text', 't': 'Tin'}]",Tin,dark,richtext,t2_3ann3syg,False,False,False,[],False,False,1653412104,markets.businessinsider.com,https://www.reddit.com/r/CryptoCurrency/comments/uwvpj0/russia_was_invading_so_a_ukrainian_converted_his/,{},uwvpj0,False,True,False,False,False,True,False,False,,GENERAL-NEWS,"[{'e': 'text', 't': '🟢 GENERAL-NEWS'}]",,🟢 GENERAL-NEWS,dark,richtext,False,False,True,0,0,False,all_ads,/r/CryptoCurrency/comments/uwvpj0/russia_was_invading_so_a_ukrainian_converted_his/,False,link,"{'enabled': False, 'images': [{'id': '0O_KewObzwZGmU6DE3OWWldRLEYNLosJod64O6deJ0Q', 'resolutions': [{'height': 54, 'url': 'https://external-preview.redd.it/M_p2wOAa0cV9YTt_573kzPV8arwH2CPPbBTFU2FgFZc.jpg?width=108&amp;crop=smart&amp;auto=webp&amp;s=e56e3864530e876a412333e03dc4c78d75c20a91', 'width': 108}, {'height': 108, 'url': 'https://external-preview.redd.it/M_p2wOAa0cV9YTt_573kzPV8arwH2CPPbBTFU2FgFZc.jpg?width=216&amp;crop=smart&amp;auto=webp&amp;s=17a47e767216166a30f52b5a35d446b8bdd1b179', 'width': 216}, {'height': 160, 'url': 'https://external-preview.redd.it/M_p2wOAa0cV9YTt_573kzPV8arwH2CPPbBTFU2FgFZc.jpg?width=320&amp;crop=smart&amp;auto=webp&amp;s=79a91a4e5511737ad2d408b2fed3eaeaaf4e0762', 'width': 320}, {'height': 320, 'url': 'https://external-preview.redd.it/M_p2wOAa0cV9YTt_573kzPV8arwH2CPPbBTFU2FgFZc.jpg?width=640&amp;crop=smart&amp;auto=webp&amp;s=dbc21ab1cc6ebce00ce7c356c8e96d803f4896e6', 'width': 640}, {'height': 480, 'url': 'https://external-preview.redd.it/M_p2wOAa0cV9YTt_573kzPV8arwH2CPPbBTFU2FgFZc.jpg?width=960&amp;crop=smart&amp;auto=webp&amp;s=e6c0bdaa6e8fb7d6d7cc96d618e2a34317d3ae3f', 'width': 960}, {'height': 540, 'url': 'https://external-preview.redd.it/M_p2wOAa0cV9YTt_573kzPV8arwH2CPPbBTFU2FgFZc.jpg?width=1080&amp;crop=smart&amp;auto=webp&amp;s=cff885c4f89a8aac10eef5e47eb97cc27de0a9f5', 'width': 1080}], 'source': {'height': 600, 'url': 'https://external-preview.redd.it/M_p2wOAa0cV9YTt_573kzPV8arwH2CPPbBTFU2FgFZc.jpg?auto=webp&amp;s=2c6c2c4dbebfa8924eeaffffcfc477d6c8e321f7', 'width': 1200}, 'variants': {}}]}",6,,1653412115,1,,True,False,False,CryptoCurrency,t5_2wlj3,4913123,public,https://b.thumbs.redditmedia.com/0eOHlJVlcXle98FG_MQU2SQdIqCZ56NgGDi6RV1zLyA.jpg,"Russia was invading, so a Ukrainian converted his life savings of $10,500 into the crypto token terra. Then the token crashed.",0,[],1.0,https://markets.businessinsider.com/news/currencies/ukrainian-put-10500-life-savings-into-crypto-then-it-crashed-2022-5?utm_medium=social&amp;utm_source=facebook.com&amp;utm_campaign=sf-bi-main&amp;fbclid=IwAR1BsLh7GlLgZ1JjsVf83TuSETEvI7wuj3usrdku1YYTGTIuf1l5TYm4Qxg,all_ads,6,1653383304.0,70.0,140.0,https://markets.businessinsider.com/news/currencies/ukrainian-put-10500-life-savings-into-crypto-then-it-crashed-2022-5?utm_medium=social&amp;utm_source=facebook.com&amp;utm_campaign=sf-bi-main&amp;fbclid=IwAR1BsLh7GlLgZ1JjsVf83TuSETEvI7wuj3usrdku1YYTGTIuf1l5TYm4Qxg,,,,,,
