,all_awardings,allow_live_comments,author,author_flair_background_color,author_flair_css_class,author_flair_richtext,author_flair_text,author_flair_text_color,author_flair_type,author_fullname,author_is_blocked,author_patreon_flair,author_premium,awarders,can_mod_post,contest_mode,created_utc,domain,full_link,gildings,id,is_created_from_ads_ui,is_crosspostable,is_meta,is_original_content,is_reddit_media_domain,is_robot_indexable,is_self,is_video,link_flair_background_color,link_flair_css_class,link_flair_richtext,link_flair_text,link_flair_text_color,link_flair_type,locked,media_only,no_follow,num_comments,num_crossposts,over_18,parent_whitelist_status,permalink,pinned,post_hint,preview,pwls,retrieved_on,score,selftext,send_replies,spoiler,stickied,subreddit,subreddit_id,subreddit_subscribers,subreddit_type,thumbnail,thumbnail_height,thumbnail_width,title,total_awards_received,treatment_tags,upvote_ratio,url,url_overridden_by_dest,whitelist_status,wls,created,link_flair_template_id,author_flair_template_id,removed_by_category,suggested_sort,media,media_embed,secure_media,secure_media_embed
0,[],False,Odlavso,,,"[{'e': 'text', 't': ' kidney for sale, slightly used. DM for details '}]"," kidney for sale, slightly used. DM for details ",dark,richtext,t2_4r7d40d,False,False,True,[],False,False,1653062007,coindesk.com,https://www.reddit.com/r/CryptoCurrency/comments/uu06ht/the_fall_of_terra_a_timeline_of_the_meteoric_rise/,{},uu06ht,False,True,False,False,False,True,False,False,,GENERAL-NEWS,"[{'e': 'text', 't': '🟢 GENERAL-NEWS'}]",🟢 GENERAL-NEWS,dark,richtext,False,False,True,0,0,False,all_ads,/r/CryptoCurrency/comments/uu06ht/the_fall_of_terra_a_timeline_of_the_meteoric_rise/,False,link,"{'enabled': False, 'images': [{'id': '-oWiHTqL63RFRETI3X_7C8G6IVxezNNOKxYb_VIsN2s', 'resolutions': [{'height': 56, 'url': 'https://external-preview.redd.it/hvD0z9VUR8wnZM15Yf7EzLsJwWo-iKXhj7EJ0R8T1Jw.jpg?width=108&amp;crop=smart&amp;auto=webp&amp;s=ff9c6004cb74cbb70f0e5b6c1f065877047531ff', 'width': 108}, {'height': 113, 'url': 'https://external-preview.redd.it/hvD0z9VUR8wnZM15Yf7EzLsJwWo-iKXhj7EJ0R8T1Jw.jpg?width=216&amp;crop=smart&amp;auto=webp&amp;s=c33de5639c40aa80f487bc141e27720247cb25ed', 'width': 216}, {'height': 167, 'url': 'https://external-preview.redd.it/hvD0z9VUR8wnZM15Yf7EzLsJwWo-iKXhj7EJ0R8T1Jw.jpg?width=320&amp;crop=smart&amp;auto=webp&amp;s=317e3cfc26a8b9b313c731fd7ec1dd58ce8fd902', 'width': 320}, {'height': 334, 'url': 'https://external-preview.redd.it/hvD0z9VUR8wnZM15Yf7EzLsJwWo-iKXhj7EJ0R8T1Jw.jpg?width=640&amp;crop=smart&amp;auto=webp&amp;s=f3612d107628465dbd0f302c25daff326d05fc27', 'width': 640}, {'height': 502, 'url': 'https://external-preview.redd.it/hvD0z9VUR8wnZM15Yf7EzLsJwWo-iKXhj7EJ0R8T1Jw.jpg?width=960&amp;crop=smart&amp;auto=webp&amp;s=2921f9674e8ce8229cbd21beff3a5b00541e4948', 'width': 960}, {'height': 565, 'url': 'https://external-preview.redd.it/hvD0z9VUR8wnZM15Yf7EzLsJwWo-iKXhj7EJ0R8T1Jw.jpg?width=1080&amp;crop=smart&amp;auto=webp&amp;s=07a4caf184e7f2cbd5e1a6cfb3b7f423eeec0828', 'width': 1080}], 'source': {'height': 628, 'url': 'https://external-preview.redd.it/hvD0z9VUR8wnZM15Yf7EzLsJwWo-iKXhj7EJ0R8T1Jw.jpg?auto=webp&amp;s=33967970d87ca14905a117d699b54497504e235e', 'width': 1200}, 'variants': {}}]}",6,1653062018,1,,True,False,False,CryptoCurrency,t5_2wlj3,4893594,public,https://b.thumbs.redditmedia.com/Wq0jELfXfqsxWVClhHuXeicOjhLOaF8Kb0rzQKZMkUs.jpg,73.0,140.0,The Fall of Terra: A Timeline of the Meteoric Rise and Crash of UST and LUNA,0,[],1.0,https://www.coindesk.com/learn/the-fall-of-terra-a-timeline-of-the-meteoric-rise-and-crash-of-ust-and-luna/,https://www.coindesk.com/learn/the-fall-of-terra-a-timeline-of-the-meteoric-rise-and-crash-of-ust-and-luna/,all_ads,6,1653033207.0,,,,,,,,
1,[],False,LeFabio,,Warning-level1-1,"[{'e': 'text', 't': 'Bronze'}]",Bronze,dark,richtext,t2_66azmyjk,False,False,False,[],False,False,1653060086,self.CryptoCurrency,https://www.reddit.com/r/CryptoCurrency/comments/utz8fu/another_luna_rant/,{},utz8fu,False,True,False,False,False,True,True,False,#7193ff,DISCUSSION,"[{'e': 'text', 't': 'DISCUSSION'}]",DISCUSSION,dark,richtext,False,False,True,0,0,False,all_ads,/r/CryptoCurrency/comments/utz8fu/another_luna_rant/,False,,,6,1653060097,1,"TLDR: why did people invest in something that was ""an obvious ponzi""? But I'd suggest reading through the whole thing.




So yeah, I'm aware I'm beating a dead horse here but therr it goes.

I've entered the crypto space about a year ago, and I'm still far from understanding how it all works, but recent events caught my eye more than anything else.

I'm not sure how long Luna exists, but I remember seeing it from my beginnings. I've had some every now and then, it made me few bucks. 

What's interesting to me is that now that it all happened, shitload of cash has been lost, it's time that people picked up their pitchforks and are going after Do Kwon.
My cash was a smallest part of the drop in the sea in the ecosystem, thankfully I had none when it went down so yeah, I was left ""untouched"". 

Now, all of a sudden, there are so many proofs that it was known that it was really easy to collapse the project coming to surface, and all fingers are pointed at Do Kwon. If it was all obvious way back, how come Luna broke through new ATH after the whole market started to go down? How come there were so many investors with 7+ digit sums in the project that was just waiting to go down? Were all the people uneducated enough about it and they just threw their millions into it and waited for it to vomit out profits? 

I'm not trying to be a smartass here, I'm asking genuinely if I'm missing something, cuz all of this defies all logic to me. Knowing that it's a potential disaster, written in the code, but still ""believing in the project""? For the last few days, I've seen more than ever posts about how obvious it was that 20% APR for UST is a ""ponzi"", why the hell did it have 40b MCP? 

I'll put aside the fact that Do Kwons project hurt a lot of lives (just hear me out a bit before disliking), but if so many people knew, how come the word wasnt spread enough, investors (both big and small) slowly bailed the project and moved to something more ""legit""? 

I'm not saying Kwon shouldnt go without any consequences after this (if he does, realistically, every ""rug pull"" should be prosecuted the same, but it wont, ofc), but is he really the one to blame if you invested in an obvious ""ponzi""? 

From what I see, basic human greed in those who knew it's this unstable. 

They loved the ride on the wave, but it collapsed on them, and now they're blaming Poseidon for drowning. Again, I've got tons of sympathy for every single person whose life got ruined and I genuinely hope they recover after it.",True,False,False,CryptoCurrency,t5_2wlj3,4893508,public,self,,,Another Luna rant,0,[],1.0,https://www.reddit.com/r/CryptoCurrency/comments/utz8fu/another_luna_rant/,,all_ads,6,1653031286.0,87049662-0882-11e5-82e1-0e9d1a9f7761,,,,,,,
2,[],False,homrqt,,Moon,"[{'e': 'text', 't': 'To The Moon!'}]",To The Moon!,dark,richtext,t2_b4lue,False,False,True,[],False,False,1653055709,self.CryptoCurrency,https://www.reddit.com/r/CryptoCurrency/comments/utx2le/if_history_books_started_adding_important/,{},utx2le,False,True,False,False,False,True,True,False,#cc8b00,SPECULATION,"[{'e': 'text', 't': 'SPECULATION'}]",SPECULATION,light,richtext,False,False,True,0,0,False,all_ads,/r/CryptoCurrency/comments/utx2le/if_history_books_started_adding_important/,False,,,6,1653055719,1," In class we read about important figures throughtout history that had drastic impacts on their respective fields, industries, and the world at large. We've read about significant events that changed how the world functions. With respect to the industry still being new and we have a long way still to go to get a better story on crypto, if you had to take a guess from what we've seen so far since 2008 (bitcoin) what do you think would be important enough to add to the history books? I think ETH &amp; Vitalik, Doge, El Salvador, ands Luna/UST all have guaranteed entries.",True,False,False,CryptoCurrency,t5_2wlj3,4893237,public,self,,,"If history books started adding important historical entries about crypto right now, who and what would they include?",0,[],1.0,https://www.reddit.com/r/CryptoCurrency/comments/utx2le/if_history_books_started_adding_important/,,all_ads,6,1653026909.0,ebb30328-94d1-11eb-94d6-0e7d4f551e2d,829baa62-a8bb-11e7-a23a-0e1f8d7a8cb6,,,,,,
3,[],False,GearLord0511,,Warning-level1-1,"[{'e': 'text', 't': 'Bronze | ADA 8 | Apple 36'}]",Bronze | ADA 8 | Apple 36,dark,richtext,t2_5w061041,False,False,True,[],False,False,1653044658,self.CryptoCurrency,https://www.reddit.com/r/CryptoCurrency/comments/uts3ki/a_proposal_to_try_to_restore_some_value_in_lunas/,{},uts3ki,False,True,False,False,False,True,True,False,#7193ff,DISCUSSION,"[{'e': 'text', 't': 'DISCUSSION'}]",DISCUSSION,dark,richtext,False,False,False,0,0,False,all_ads,/r/CryptoCurrency/comments/uts3ki/a_proposal_to_try_to_restore_some_value_in_lunas/,False,,,6,1653044668,1,"I am no expert in any way but I have a idea that I have been thinking about in the last days. It’s a mental experiment and I am interested on opinions on why this could or couldn’t work, at least partially.
To try to restore at least a part of the Luna ecosystem it’s necessary to reduce the supply of Luna and pay back the UST holders. It’s easier said than done, I know, but there is nothing to lose since LUNC will probably die if nothing is implemented.
So my idea has 2 steps: 
1) introduce a small tax on transfers (1% for example). 
2) allow every day/ X period of time to convert UST to Luna BUT with a max cap equal to 66% (or another percentage) of the total luna burned during the day/ arbitrary time interval. First arrival first served.
So for example if in day one 100 million of Luna are burned, UST holders can convert their UST until 66 new millions Luna are created. 
Optional: Additionally it could be implemented a better conversation rate (for example 1 UST = 1.05 dollars worth of Luna) to compensate the UST holders for their trouble. This could also create buying pressure for UST.
Optional: give priority to the small holders for the conversation, similarly to FatMan’s proposal.
Why this could work?
If this mechanism is implemented the supply of Luna and UST could be decreased and this could create buying pressure. If this takes enough momentum, it could create a positive feedback loop that could accelerate the process (higher price of Luna because of the burning——&gt; less Luna to mint to pay back the UST tokens ——-&gt; more UST payed back——-&gt; more faith in the system——-&gt; more buying pressure for Luna).
So basically the opposite of the death spiral that we witnessed in the last days.
This would benefit everyone: UST holder and Luna holders, both old and new.
Conclusions:
it is clear that there is a lot of people that are willing to take a gamble and continue to buy Luna as a speculative investment providing liquidity. This won’t last forever and it’s a good idea to seize the opportunity now. This provides buying pressure and usage of the network that could be exploited to “restore” Luna’s value. 
There is nothing to lose at this point.
The question is it seems too easy. What am I missing?",True,False,False,CryptoCurrency,t5_2wlj3,4892662,public,self,,,A proposal to try to restore some value in Luna’s ecosystem without buybacks,0,[],1.0,https://www.reddit.com/r/CryptoCurrency/comments/uts3ki/a_proposal_to_try_to_restore_some_value_in_lunas/,,all_ads,6,1653015858.0,87049662-0882-11e5-82e1-0e9d1a9f7761,,,,,,,
4,[],False,Medarstvo,,Warning-level2-2,"[{'e': 'text', 't': 'Tin'}]",Tin,dark,richtext,t2_10cn0b,False,False,False,[],False,False,1653044595,self.CryptoCurrency,https://www.reddit.com/r/CryptoCurrency/comments/uts1io/remember_when_terraform_labs_toped_up_anchors/,{},uts1io,False,True,False,False,False,True,True,False,#7193ff,DISCUSSION,"[{'e': 'text', 't': 'DISCUSSION'}]",DISCUSSION,dark,richtext,False,False,True,0,0,False,all_ads,/r/CryptoCurrency/comments/uts1io/remember_when_terraform_labs_toped_up_anchors/,False,self,"{'enabled': False, 'images': [{'id': 'oaOnShseXlP0DLksPiCbOtX-g2-Oc530ffe4S7v1hq0', 'resolutions': [{'height': 56, 'url': 'https://external-preview.redd.it/X9Xn-LSYNu7bTUXgeHSbtrmK9Q9CWSWRzN5phBr9j_o.jpg?width=108&amp;crop=smart&amp;auto=webp&amp;s=b562085aceea155cfd57320283167422e330a333', 'width': 108}, {'height': 113, 'url': 'https://external-preview.redd.it/X9Xn-LSYNu7bTUXgeHSbtrmK9Q9CWSWRzN5phBr9j_o.jpg?width=216&amp;crop=smart&amp;auto=webp&amp;s=31152ddb5e21b7569ad9935a4c7e663a67e96bf5', 'width': 216}, {'height': 167, 'url': 'https://external-preview.redd.it/X9Xn-LSYNu7bTUXgeHSbtrmK9Q9CWSWRzN5phBr9j_o.jpg?width=320&amp;crop=smart&amp;auto=webp&amp;s=e9f3be54cccdab8092a6d50ff9f79b1f83634f51', 'width': 320}, {'height': 335, 'url': 'https://external-preview.redd.it/X9Xn-LSYNu7bTUXgeHSbtrmK9Q9CWSWRzN5phBr9j_o.jpg?width=640&amp;crop=smart&amp;auto=webp&amp;s=9107a154f5d876350b67e9877a51360b0c4f6a32', 'width': 640}], 'source': {'height': 403, 'url': 'https://external-preview.redd.it/X9Xn-LSYNu7bTUXgeHSbtrmK9Q9CWSWRzN5phBr9j_o.jpg?auto=webp&amp;s=05bf66eaa468a237abb24648841e2708e29f6d4a', 'width': 768}, 'variants': {}}]}",6,1653044627,1,"South Korean prosecutors are reportedly weighing whether they could charge Do Kwon for running a Ponzi scheme by promising unsustainably high fixed interest rates on UST  deposits via Anchor Protocol.  


See: [https://cryptobriefing.com/terras-do-kwon-investigated-for-running-a-ponzi-report/](https://cryptobriefing.com/terras-do-kwon-investigated-for-running-a-ponzi-report/)  


I'm not entirely sure, but I think Anchor would've been sustainable even in the bear market with around 12-15% yields or something. But instead of facing the reality that 20% just wasn't doable, TFL decided to replenish Anchor's reserves with $450 from their own treasury and keep the ponzu going.  


In retrospect, I think this might prove to be one of their biggest legal blunders.",True,False,False,CryptoCurrency,t5_2wlj3,4892659,public,self,,,"Remember when Terraform Labs toped up Anchor's reserves with $450M? Well, now prosecutors are investigating it for being a Ponzi.",0,[],1.0,https://www.reddit.com/r/CryptoCurrency/comments/uts1io/remember_when_terraform_labs_toped_up_anchors/,,all_ads,6,1653015795.0,87049662-0882-11e5-82e1-0e9d1a9f7761,,,,,,,
5,[],False,Suitable-Advantage45,,,[],,,text,t2_76ln8e3b,False,False,False,[],False,False,1653043739,vanticatrading.com,https://www.reddit.com/r/Bitcoin/comments/utrg6t/g7_calls_for_urgent_crypto_regulation_over/,{},utrg6t,False,False,False,False,False,False,False,False,,,[],,dark,text,False,False,True,0,0,False,all_ads,/r/Bitcoin/comments/utrg6t/g7_calls_for_urgent_crypto_regulation_over/,False,link,"{'enabled': False, 'images': [{'id': '6O6tO3gym1BxURHiuO5CZaF3c_Gno9uchpG1cIv8jAg', 'resolutions': [{'height': 72, 'url': 'https://external-preview.redd.it/AhYqzjEvTje_pro1zm5R60zN36u0CrFwIlfKszJDwsM.jpg?width=108&amp;crop=smart&amp;auto=webp&amp;s=e37c1c8efb41cd52ae7db588c761267978ee6d9d', 'width': 108}, {'height': 144, 'url': 'https://external-preview.redd.it/AhYqzjEvTje_pro1zm5R60zN36u0CrFwIlfKszJDwsM.jpg?width=216&amp;crop=smart&amp;auto=webp&amp;s=60caf23ce6da6581eaea865a0bebb224dd0badd2', 'width': 216}, {'height': 213, 'url': 'https://external-preview.redd.it/AhYqzjEvTje_pro1zm5R60zN36u0CrFwIlfKszJDwsM.jpg?width=320&amp;crop=smart&amp;auto=webp&amp;s=ca68673fb9343acafd3b3bca294a5de6785ca7fc', 'width': 320}, {'height': 426, 'url': 'https://external-preview.redd.it/AhYqzjEvTje_pro1zm5R60zN36u0CrFwIlfKszJDwsM.jpg?width=640&amp;crop=smart&amp;auto=webp&amp;s=c1743843b5903e51da91253056ae981e576e2bd4', 'width': 640}, {'height': 640, 'url': 'https://external-preview.redd.it/AhYqzjEvTje_pro1zm5R60zN36u0CrFwIlfKszJDwsM.jpg?width=960&amp;crop=smart&amp;auto=webp&amp;s=0ee83fba3958ca694eaa0c4da15aeed09166b66f', 'width': 960}], 'source': {'height': 667, 'url': 'https://external-preview.redd.it/AhYqzjEvTje_pro1zm5R60zN36u0CrFwIlfKszJDwsM.jpg?auto=webp&amp;s=36adf20a5e648f815e64356f7992babc32098fa6', 'width': 1000}, 'variants': {}}]}",6,1653043750,1,,True,False,False,Bitcoin,t5_2s3qj,4206858,public,https://b.thumbs.redditmedia.com/mu4GK5wAjZeWmrALcqk7Xt6iS-weojBS0ATMsmdHQTY.jpg,93.0,140.0,G7 Calls for Urgent Crypto Regulation over UST/LUNA Fiasco,0,[],1.0,https://www.vanticatrading.com/post/g7-calls-for-urgent-crypto-regulation-over-ust-luna-fiasco,https://www.vanticatrading.com/post/g7-calls-for-urgent-crypto-regulation-over-ust-luna-fiasco,all_ads,6,1653014939.0,,,moderator,,,,,
6,[],False,Sexy-Hot-Boy-,,,[],,,text,t2_8ka2ne37,False,False,False,[],False,False,1653043579,self.CryptoCurrency,https://www.reddit.com/r/CryptoCurrency/comments/utret4/someone_holding_close_to_19_t_luna_and_622m_ust/,{},utret4,False,True,False,False,False,True,True,False,#7193ff,DISCUSSION,"[{'e': 'text', 't': 'DISCUSSION'}]",DISCUSSION,dark,richtext,False,False,True,0,0,False,all_ads,/r/CryptoCurrency/comments/utret4/someone_holding_close_to_19_t_luna_and_622m_ust/,False,,,6,1653043589,1,"here is the link to that wallet. it seems also that the amount of luna is increasing. is it possible that something big is going to happen? that they dont want to tell anything to buy luna at a cheap price. perhaps the reason why some people are buying so much luna is because the value is going to increased by burning? share your thoughts. i am buying more and more luna. just to be safe. for those who didnt bought luna. now it is still your chance. because luna is at a stable price now. 

&amp;#x200B;

[https://finder.terra.money/mainnet/address/terra18vnrzlzm2c4xfsx382pj2xndqtt00rvhu24sqe](https://finder.terra.money/mainnet/address/terra18vnrzlzm2c4xfsx382pj2xndqtt00rvhu24sqe)",True,False,False,CryptoCurrency,t5_2wlj3,4892600,public,self,,,Someone holding close to 1.9 T Luna and 622m UST!,0,[],1.0,https://www.reddit.com/r/CryptoCurrency/comments/utret4/someone_holding_close_to_19_t_luna_and_622m_ust/,,all_ads,6,1653014779.0,87049662-0882-11e5-82e1-0e9d1a9f7761,,,,,,,
7,[],False,Sexy-Hot-Boy-,,,[],,,text,t2_8ka2ne37,False,False,False,[],False,False,1653043105,self.CryptoCurrency,https://www.reddit.com/r/CryptoCurrency/comments/utrb0b/someone_holding_close_to_19_t_luna_and_622m_ust/,{},utrb0b,False,False,False,False,False,False,True,False,#7193ff,DISCUSSION,"[{'e': 'text', 't': 'DISCUSSION'}]",DISCUSSION,dark,richtext,False,False,True,1,0,False,all_ads,/r/CryptoCurrency/comments/utrb0b/someone_holding_close_to_19_t_luna_and_622m_ust/,False,,,6,1653043116,1,[removed],True,False,False,CryptoCurrency,t5_2wlj3,4892578,public,self,,,Someone holding close to 1.9 T Luna and 622m UST!,0,[],1.0,https://www.reddit.com/r/CryptoCurrency/comments/utrb0b/someone_holding_close_to_19_t_luna_and_622m_ust/,,all_ads,6,1653014305.0,87049662-0882-11e5-82e1-0e9d1a9f7761,,moderator,,,,,
8,[],False,Sexy-Hot-Boy-,,,[],,,text,t2_8ka2ne37,False,False,False,[],False,False,1653042514,self.CryptoCurrency,https://www.reddit.com/r/CryptoCurrency/comments/utr5x9/someone_holding_close_to_19_t_luna_and_622m_ust/,{},utr5x9,False,False,False,False,False,False,True,False,#7193ff,DISCUSSION,"[{'e': 'text', 't': 'DISCUSSION'}]",DISCUSSION,dark,richtext,False,False,True,1,0,False,all_ads,/r/CryptoCurrency/comments/utr5x9/someone_holding_close_to_19_t_luna_and_622m_ust/,False,,,6,1653042525,1,[removed],True,False,False,CryptoCurrency,t5_2wlj3,4892559,public,self,,,Someone holding close to 1.9 T Luna and 622m UST!,0,[],1.0,https://www.reddit.com/r/CryptoCurrency/comments/utr5x9/someone_holding_close_to_19_t_luna_and_622m_ust/,,all_ads,6,1653013714.0,87049662-0882-11e5-82e1-0e9d1a9f7761,,moderator,,,,,
9,[],False,sandygws,,,"[{'e': 'text', 't': 'BTC | ETH | CRO | ATOM | MSHARE'}]",BTC | ETH | CRO | ATOM | MSHARE,dark,richtext,t2_g8483,False,False,True,[],False,False,1653041522,decrypt.co,https://www.reddit.com/r/CryptoCurrency/comments/utqxjk/congress_may_work_more_quickly_on_stablecoin/,{},utqxjk,False,True,False,False,False,True,False,False,#720469,POLITICS,"[{'e': 'text', 't': 'POLITICS'}]",POLITICS,light,richtext,False,False,True,0,0,False,all_ads,/r/CryptoCurrency/comments/utqxjk/congress_may_work_more_quickly_on_stablecoin/,False,link,"{'enabled': False, 'images': [{'id': '8_EQCGjFjg_r06WgkQGhyBdbjm9lgy8wPaJ_a2PmCAA', 'resolutions': [{'height': 54, 'url': 'https://external-preview.redd.it/Ygi4nSXQQEhl61xasNQUVeQv8GE7u_GmYkJSksnW0kg.jpg?width=108&amp;crop=smart&amp;auto=webp&amp;s=e9cfe9fa0ea181a9a8807caf1420d7f3e6d92711', 'width': 108}, {'height': 108, 'url': 'https://external-preview.redd.it/Ygi4nSXQQEhl61xasNQUVeQv8GE7u_GmYkJSksnW0kg.jpg?width=216&amp;crop=smart&amp;auto=webp&amp;s=f84d524b6ad99e21a7de36d0f0d77693724dc86f', 'width': 216}, {'height': 160, 'url': 'https://external-preview.redd.it/Ygi4nSXQQEhl61xasNQUVeQv8GE7u_GmYkJSksnW0kg.jpg?width=320&amp;crop=smart&amp;auto=webp&amp;s=d9b76c3d15fe95edb8c3b42031478f845c8786a0', 'width': 320}, {'height': 320, 'url': 'https://external-preview.redd.it/Ygi4nSXQQEhl61xasNQUVeQv8GE7u_GmYkJSksnW0kg.jpg?width=640&amp;crop=smart&amp;auto=webp&amp;s=7c77b2567207ce6bf8dac2cc66d1b5526ed0d1e6', 'width': 640}, {'height': 480, 'url': 'https://external-preview.redd.it/Ygi4nSXQQEhl61xasNQUVeQv8GE7u_GmYkJSksnW0kg.jpg?width=960&amp;crop=smart&amp;auto=webp&amp;s=391d30f1b5378066b7195a601abb3ae38f470e70', 'width': 960}], 'source': {'height': 512, 'url': 'https://external-preview.redd.it/Ygi4nSXQQEhl61xasNQUVeQv8GE7u_GmYkJSksnW0kg.jpg?auto=webp&amp;s=ffe4a61d19fbd80ef698a99cb42398a2cca7c887', 'width': 1024}, 'variants': {}}]}",6,1653041533,1,,True,False,False,CryptoCurrency,t5_2wlj3,4892514,public,https://b.thumbs.redditmedia.com/PduBtJPYJ2N5OaO2zsdjM4TjDhKLHsfyCqIqMzFmzos.jpg,70.0,140.0,Congress May 'Work More Quickly' on Stablecoin Regulations Amid UST Collapse: SEC Commissioner | Decrypt,0,[],1.0,https://decrypt.co/100947/congress-may-work-more-quickly-stablecoin-regulations-amid-ust-collapse-sec-commissioner,https://decrypt.co/100947/congress-may-work-more-quickly-stablecoin-regulations-amid-ust-collapse-sec-commissioner,all_ads,6,1653012722.0,efdba982-5d89-11e8-9598-0ee79d121028,,,,,,,
10,[],False,Spiritual_Navigator,,,"[{'e': 'text', 't': 'Platinum | QC: CC 37'}]",Platinum | QC: CC 37,dark,richtext,t2_5zdvxn5m,False,False,False,[],False,False,1653039691,news.bitcoin.com,https://www.reddit.com/r/CryptoCurrency/comments/utqb8o/do_kwon_dissolved_terraform_labs_korea_days/,{},utqb8o,False,True,False,False,False,True,False,False,#0aa18f,NEWS,"[{'e': 'text', 't': 'GENERAL-NEWS'}]",GENERAL-NEWS,light,richtext,False,False,True,0,0,False,all_ads,/r/CryptoCurrency/comments/utqb8o/do_kwon_dissolved_terraform_labs_korea_days/,False,link,"{'enabled': False, 'images': [{'id': 'MGA4UKAQeRf7wWmdqO-Gni2oKfkEiYsY_oUR8xH5yrU', 'resolutions': [{'height': 60, 'url': 'https://external-preview.redd.it/w1rZ1KiS88BS-q8jioGMrhKcgO1PzLJVDq4EvXR02yk.jpg?width=108&amp;crop=smart&amp;auto=webp&amp;s=db21970f706e2fa37ddba14f8b160a0d4b9172fc', 'width': 108}, {'height': 121, 'url': 'https://external-preview.redd.it/w1rZ1KiS88BS-q8jioGMrhKcgO1PzLJVDq4EvXR02yk.jpg?width=216&amp;crop=smart&amp;auto=webp&amp;s=5494dbc913a0ffb97dc7cd824c0836e5eab86db0', 'width': 216}, {'height': 180, 'url': 'https://external-preview.redd.it/w1rZ1KiS88BS-q8jioGMrhKcgO1PzLJVDq4EvXR02yk.jpg?width=320&amp;crop=smart&amp;auto=webp&amp;s=7f63abc2ce3d2e092b0f5013fa007954eca9e4e2', 'width': 320}, {'height': 360, 'url': 'https://external-preview.redd.it/w1rZ1KiS88BS-q8jioGMrhKcgO1PzLJVDq4EvXR02yk.jpg?width=640&amp;crop=smart&amp;auto=webp&amp;s=8c4e89ee81a3e784a88ed8f9e43c0d123f06c42a', 'width': 640}, {'height': 540, 'url': 'https://external-preview.redd.it/w1rZ1KiS88BS-q8jioGMrhKcgO1PzLJVDq4EvXR02yk.jpg?width=960&amp;crop=smart&amp;auto=webp&amp;s=a4b25b962df0c06d7099e6d81ef1467b2c3561f0', 'width': 960}, {'height': 607, 'url': 'https://external-preview.redd.it/w1rZ1KiS88BS-q8jioGMrhKcgO1PzLJVDq4EvXR02yk.jpg?width=1080&amp;crop=smart&amp;auto=webp&amp;s=55fd7d3ea342bc14dddc78d051f14cd1d6c3865b', 'width': 1080}], 'source': {'height': 720, 'url': 'https://external-preview.redd.it/w1rZ1KiS88BS-q8jioGMrhKcgO1PzLJVDq4EvXR02yk.jpg?auto=webp&amp;s=9c567a38ebfd5d7860d7971dcac5f49b3e028563', 'width': 1280}, 'variants': {}}]}",6,1653039702,1,,True,False,False,CryptoCurrency,t5_2wlj3,4892426,public,https://b.thumbs.redditmedia.com/VenFoeQ9_6GVE5paLaRZQcq5AcZg_uglNv5-YCCcOWE.jpg,78.0,140.0,"Do Kwon Dissolved Terraform Labs Korea Days Before Collapse of Terra LUNA, UST",0,[],1.0,https://news.bitcoin.com/do-kwon-dissolved-terraform-labs-korea-days-before-collapse-of-terra-luna-ust/,https://news.bitcoin.com/do-kwon-dissolved-terraform-labs-korea-days-before-collapse-of-terra-luna-ust/,all_ads,6,1653010891.0,f170aab2-246f-11ec-8143-429a193c9848,,,,,,,
11,[],False,DishEcstatic9710,,Warning-level2,"[{'e': 'text', 't': '1 - 2 years account age. 35 - 100 comment karma.'}]",1 - 2 years account age. 35 - 100 comment karma.,dark,richtext,t2_86s5kveg,False,False,False,[],False,False,1653039686,self.CryptoCurrency,https://www.reddit.com/r/CryptoCurrency/comments/utqb5b/who_hold_ust_on_cex_till_now/,{},utqb5b,False,True,False,False,False,True,True,False,#7193ff,DISCUSSION,"[{'e': 'text', 't': 'DISCUSSION'}]",DISCUSSION,dark,richtext,False,False,True,0,0,False,all_ads,/r/CryptoCurrency/comments/utqb5b/who_hold_ust_on_cex_till_now/,False,self,"{'enabled': False, 'images': [{'id': 'XfMwKoiPYfOqd4PAkrwy3ghvCMHeo7culD97x4f18aM', 'resolutions': [{'height': 108, 'url': 'https://external-preview.redd.it/ZkxigoFxlIdswUY9H_3zWuJQH0XoK2lhYUC73SxgS-o.jpg?width=108&amp;crop=smart&amp;auto=webp&amp;s=cfbd7e585e05cb8dd11e3d0c6a2e5bfcbb350d56', 'width': 108}, {'height': 216, 'url': 'https://external-preview.redd.it/ZkxigoFxlIdswUY9H_3zWuJQH0XoK2lhYUC73SxgS-o.jpg?width=216&amp;crop=smart&amp;auto=webp&amp;s=5fb46438116a95fd436230c9976cf5f502f043fd', 'width': 216}, {'height': 320, 'url': 'https://external-preview.redd.it/ZkxigoFxlIdswUY9H_3zWuJQH0XoK2lhYUC73SxgS-o.jpg?width=320&amp;crop=smart&amp;auto=webp&amp;s=d984d230cfe8f309f4d0d418ba25058cb57fc623', 'width': 320}], 'source': {'height': 600, 'url': 'https://external-preview.redd.it/ZkxigoFxlIdswUY9H_3zWuJQH0XoK2lhYUC73SxgS-o.jpg?auto=webp&amp;s=ce98dfe2b2aa79deaca4561829dee2e91d3f8bbd', 'width': 600}, 'variants': {}}]}",6,1653039697,1,"It is very sad to get lost almost 100% from stablecoin UST. I have some on Nexo.

I know some information about compensate to UST holder

1. Do Kwon plan to compensate UST holder: [https://agora.terra.money/t/terra-ecosystem-revival-plan-2-amended/18498](https://agora.terra.money/t/terra-ecosystem-revival-plan-2-amended/18498)
2. LFG plan to compensate UST holder: [https://twitter.com/LFG\_org/status/1526126719874109440](https://twitter.com/LFG_org/status/1526126719874109440)

&amp;#x200B;

But sad news is UST on Nexo is synthetic token and may not eligible to get any compensate (ref: [https://www.reddit.com/r/Nexo/comments/urol8l/for\_nexonian\_affected\_by\_ust\_depeg](https://www.reddit.com/r/Nexo/comments/urol8l/for_nexonian_affected_by_ust_depeg/?sort=new))

&amp;#x200B;

There is no public information from Nexo right now, they are still quiet and talk nothing.

who hold UST on CEX till now?

What do you do with your UST?",True,False,False,CryptoCurrency,t5_2wlj3,4892425,public,self,,,who hold UST on CEX till now?,0,[],1.0,https://www.reddit.com/r/CryptoCurrency/comments/utqb5b/who_hold_ust_on_cex_till_now/,,all_ads,6,1653010886.0,87049662-0882-11e5-82e1-0e9d1a9f7761,,,,,,,
12,[],False,AgitatedBroccoli,,,[],,,text,t2_1sjx1e1n,False,False,False,[],False,False,1653017118,self.CryptoCurrency,https://www.reddit.com/r/CryptoCurrency/comments/utk9ym/luna_insiders_made_out_with_hundreds_of_millions/,{},utk9ym,False,True,False,False,False,True,True,False,#add2e2,ADVICE,"[{'e': 'text', 't': 'ANALYSIS'}]",ANALYSIS,dark,richtext,False,False,True,0,0,False,all_ads,/r/CryptoCurrency/comments/utk9ym/luna_insiders_made_out_with_hundreds_of_millions/,False,self,"{'enabled': False, 'images': [{'id': 'NIxlUHo3kRE2aY70B_O2p0PsyTNQl7wVXGzNNJTF7wg', 'resolutions': [{'height': 108, 'url': 'https://external-preview.redd.it/uFjrY9x5UUCySWekH2Xqs8AoGfe6n5uvwEG185RsGcc.jpg?width=108&amp;crop=smart&amp;auto=webp&amp;s=f8fe3bf5dab3441a2f30b57151da87f277007b04', 'width': 108}], 'source': {'height': 140, 'url': 'https://external-preview.redd.it/uFjrY9x5UUCySWekH2Xqs8AoGfe6n5uvwEG185RsGcc.jpg?auto=webp&amp;s=9ee0fbecdcd0e7fd651f9f6f277e068727045d99', 'width': 140}, 'variants': {}}]}",6,1653017128,1,"on may 12/13, luna insiders decided to halt the chain to stop the luna minting [https://twitter.com/terra\_money/status/1524935730308456448](https://twitter.com/terra_money/status/1524935730308456448) . when the chain was resumed, the functionality to mint luna was turned off

from on chain analysis, there were a couple of addresses that started swapping ust to luna right before the halt. if insiders knew beforehand that minting will be stopped, it would be the best time to swap ust into luna as luna price would be at a bottom

&amp;#x200B;

|trader|number of trades|ust spent|luna minted (valued at $0.0001)|
|:-|:-|:-|:-|
|terra1pm5t8er7k5paj9kca5n0d0ysz2nyjdp9u805pf|4|1,656,190|728 billion ($72 million)|
|terra1saxxfl4ykdzkayjgvt4prdt9nsa2g20cdsn4h8|3|182,646|153 billion ($15 million)|
|terra1qdavq3jx0xxacrr5dpk8ekmz2zms9mhtvnrtn7|5|410,000|104 billion ($10 million)|
|terra1p8td52x0mvnhfhph38n8tqtpru5glemgrqw0cu|4|49,790|44 billion ($4 million)|
|terra1yd9n4ut30hqm3ha255macguajxxaet66zv9zx3|6|88,900|31 billion ($3 million)|

raw data: [https://app.flipsidecrypto.com/velocity/queries/9ef1f261-6dfa-486d-a339-34138e1f6af3](https://app.flipsidecrypto.com/velocity/queries/9ef1f261-6dfa-486d-a339-34138e1f6af3)",True,False,False,CryptoCurrency,t5_2wlj3,4891324,public,self,,,luna insiders made out with hundreds of millions before the luna mint halt,0,[],1.0,https://www.reddit.com/r/CryptoCurrency/comments/utk9ym/luna_insiders_made_out_with_hundreds_of_millions/,,all_ads,6,1652988318.0,c1034ee6-9c2a-11e3-a8c4-12313b0e8e20,,,new,,,,
13,[],False,-MoneyMonkey-,,,"[{'e': 'text', 't': 'Gold | QC: CC 23'}]",Gold | QC: CC 23,dark,richtext,t2_bgzd4xl5,False,False,False,[],False,False,1653015175,self.CryptoCurrency,https://www.reddit.com/r/CryptoCurrency/comments/utjplw/stablegains_losing_42m_of_investor_money_in_ust/,{},utjplw,False,True,False,False,False,True,True,False,#0aa18f,NEWS,"[{'e': 'text', 't': 'GENERAL-NEWS'}]",GENERAL-NEWS,light,richtext,False,False,True,1,0,False,all_ads,/r/CryptoCurrency/comments/utjplw/stablegains_losing_42m_of_investor_money_in_ust/,False,self,"{'enabled': False, 'images': [{'id': '7QxU6s2Fqr7qhB5QoT_DoOdkgz73nVK73POZgwNz9yY', 'resolutions': [{'height': 84, 'url': 'https://external-preview.redd.it/017PBJQ5Ydx298WiREm-FN2FOsoDL4APvv8FOTY8o3s.jpg?width=108&amp;crop=smart&amp;auto=webp&amp;s=7e285bccaaea2179f8bf8bb13744b1fc4895d719', 'width': 108}], 'source': {'height': 109, 'url': 'https://external-preview.redd.it/017PBJQ5Ydx298WiREm-FN2FOsoDL4APvv8FOTY8o3s.jpg?auto=webp&amp;s=9892fb9947297f16d6f0a05596a01bbe60f54b3f', 'width': 140}, 'variants': {}}]}",6,1653015186,1,"Stablegains, a platform operating in the United States, took money from costumers via USDC or USD transfers. Promising a whopping 15% gain annualized, they just put all the money in Anchor and took 4% for themselves without advertising doing so. But what could go wrong right?

Well 42M later, they are now changing terminologies in their documents, notably from USD to UST. They are also removing the old landing page and terms.  

That’s more than 4500 customers burned without even knowing the risks. They played with people savings accounts and lost.
Feels bad..

My guess is we will see more platforms who did this coming forward.

Here’s the original tweet with screenshots:
[https://twitter.com/fatmanterra/status/1527153694218797058?s=21&amp;t=WWjg6DMfcVSYNTrhTpzG4g](https://twitter.com/fatmanterra/status/1527153694218797058?s=21&amp;t=WWjg6DMfcVSYNTrhTpzG4g)

Stay safe!",True,False,False,CryptoCurrency,t5_2wlj3,4891226,public,self,,,Stablegains losing 42M of investor money in UST fiasco!,0,[],1.0,https://www.reddit.com/r/CryptoCurrency/comments/utjplw/stablegains_losing_42m_of_investor_money_in_ust/,,all_ads,6,1652986375.0,f170aab2-246f-11ec-8143-429a193c9848,,,new,,,,
14,[],False,big--if-true,,,[],,,text,t2_hmkqn1ou,False,False,False,[],False,False,1652997464,theblockcrypto.com,https://www.reddit.com/r/CryptoCurrency/comments/ute5rz/basically_all_the_high_interest_usd_lending_was/,{},ute5rz,False,True,False,False,False,True,False,False,,GENERAL-NEWS,"[{'e': 'text', 't': '🟢 GENERAL-NEWS'}]",🟢 GENERAL-NEWS,dark,richtext,False,False,True,0,0,False,all_ads,/r/CryptoCurrency/comments/ute5rz/basically_all_the_high_interest_usd_lending_was/,False,link,"{'enabled': False, 'images': [{'id': 'SGAkW1-hRkUJ2VyFmH-RDECe8hmiGHxmoLPfRTYrZGw', 'resolutions': [{'height': 60, 'url': 'https://external-preview.redd.it/vNwOw1564Nea2C3YYhrnrBgWajFr3ktbBgZnDN1Ctow.jpg?width=108&amp;crop=smart&amp;auto=webp&amp;s=5d75edff46379950a016f9215c4eed7dcedc46d5', 'width': 108}, {'height': 121, 'url': 'https://external-preview.redd.it/vNwOw1564Nea2C3YYhrnrBgWajFr3ktbBgZnDN1Ctow.jpg?width=216&amp;crop=smart&amp;auto=webp&amp;s=819f41a13c3ca27e6b692fe242cbefb5c5776c89', 'width': 216}, {'height': 180, 'url': 'https://external-preview.redd.it/vNwOw1564Nea2C3YYhrnrBgWajFr3ktbBgZnDN1Ctow.jpg?width=320&amp;crop=smart&amp;auto=webp&amp;s=ea20a53fcd5b67a9324c2a407c102a084c174123', 'width': 320}, {'height': 360, 'url': 'https://external-preview.redd.it/vNwOw1564Nea2C3YYhrnrBgWajFr3ktbBgZnDN1Ctow.jpg?width=640&amp;crop=smart&amp;auto=webp&amp;s=2d17fc7668d82e11faeeb40898853d2cada1e37a', 'width': 640}, {'height': 540, 'url': 'https://external-preview.redd.it/vNwOw1564Nea2C3YYhrnrBgWajFr3ktbBgZnDN1Ctow.jpg?width=960&amp;crop=smart&amp;auto=webp&amp;s=ba1525546ed54f6e92ce6a573a7c3d5256692261', 'width': 960}, {'height': 607, 'url': 'https://external-preview.redd.it/vNwOw1564Nea2C3YYhrnrBgWajFr3ktbBgZnDN1Ctow.jpg?width=1080&amp;crop=smart&amp;auto=webp&amp;s=91dcc68a087b5858f2c10b27699fde268a06178b', 'width': 1080}], 'source': {'height': 1080, 'url': 'https://external-preview.redd.it/vNwOw1564Nea2C3YYhrnrBgWajFr3ktbBgZnDN1Ctow.jpg?auto=webp&amp;s=b5fa34398caeb149abb182969ab57a901a642b74', 'width': 1920}, 'variants': {}}]}",6,1652997474,1,,True,False,False,CryptoCurrency,t5_2wlj3,4890299,public,https://b.thumbs.redditmedia.com/vp4ibHkZE-dbXbSfB_807xHVA7wV5bOYFO3s58okeXU.jpg,78.0,140.0,Basically all the high interest USD lending was done by large companies investing in UST and skimming the excess interest from themselves. How many are really bankrupt now?,0,[],1.0,https://www.theblockcrypto.com/post/146752/celsius-pulled-half-a-billion-dollars-out-of-anchor-protocol-amid-terra-chaos?utm_source=feedly&amp;utm_medium=rss,https://www.theblockcrypto.com/post/146752/celsius-pulled-half-a-billion-dollars-out-of-anchor-protocol-amid-terra-chaos?utm_source=feedly&amp;utm_medium=rss,all_ads,6,1652968664.0,,,,new,,,,
15,[],False,therealcrypt25,,Warning-level2-2,"[{'e': 'text', 't': 'Tin | 0 months old'}]",Tin | 0 months old,dark,richtext,t2_gheru2qq,False,False,False,[],False,False,1652994725,self.CryptoCurrency,https://www.reddit.com/r/CryptoCurrency/comments/utd70a/lunaust_may_be_down_but_it_is_not_the_end_heres/,{},utd70a,False,True,False,False,False,True,True,False,#5a74cc,PERSPECTIVE,"[{'e': 'text', 't': 'PERSPECTIVE'}]",PERSPECTIVE,light,richtext,False,False,True,0,0,False,all_ads,/r/CryptoCurrency/comments/utd70a/lunaust_may_be_down_but_it_is_not_the_end_heres/,False,,,6,1652994736,1," **Can you recall the last time made a mistake?** Well, most of us make mistakes all too often? For example, you could mistake someone or something for another, etc. However, when it comes to investment mistakes the effects could be devasting affecting not just us alone but others also may be affected such as family. Below is a brief review of three investments mistakes to avoid:

**1. Putting all your eggs in one basket:** this metaphor implies failing to diversify your investment portfolio. Many have fallen into the trap of putting 100% of their investment into a particular project, although they may seem confident about this at the onset, experience has shown that doing so most often leads to disappointments and losses when things don't go as planned.

**2. Failing to use passive income opportunities:** Staking/Yield farming has been termed one of the best passive income opportunities in the space, especially during low demand market cycles (like the current bear market we are experiencing). Utilizing staking and yield farming opportunities on platforms such as DAFI Protocol, Binance Staking, and the likes are notable ways some have successfully reduced the average buy price (DCA) of their investment portfolio. Doing so effectively helps to reduce losses by means of this passive income opportunity.

**3. Showing Impatience:** Many show a great deal of impatience, wanting to get rich quick. Due to such impatience, they fail to have a realistic long term investment mindset on their holdings. Oftentimes, they exit the project too early before it fully takes off, and they end up quitting with less profit or even losses.

Feel free to share your thoughts on this and other mistakes you've made in the past below.",True,False,False,CryptoCurrency,t5_2wlj3,4890148,public,self,,,"LUNA/UST may be down, but it is not the end. Here's why I say so, learn for yourself in this short post about three mistakes to avoid.",0,[],1.0,https://www.reddit.com/r/CryptoCurrency/comments/utd70a/lunaust_may_be_down_but_it_is_not_the_end_heres/,,all_ads,6,1652965925.0,1b44cdb2-2a6c-11ec-9baf-0aa21184cd0a,,,new,,,,
16,[],False,bitcoinbreh123,,,[],,,text,t2_nd4ef5ho,False,False,False,[],False,False,1652994479,self.CryptoCurrency,https://www.reddit.com/r/CryptoCurrency/comments/utd3y3/lunaust_may_be_down_but_it_is_not_the_end_heres/,{},utd3y3,False,True,False,False,False,True,True,False,#0096ae,REMINDER,"[{'e': 'text', 't': 'REMINDER'}]",REMINDER,light,richtext,False,False,True,0,0,False,all_ads,/r/CryptoCurrency/comments/utd3y3/lunaust_may_be_down_but_it_is_not_the_end_heres/,False,,,6,1652994489,1," **Can you recall the last time made a mistake?** Well, most of us make mistakes all too often? For example, you could mistake someone or something for another, etc. However, when it comes to investment mistakes the effects could be devasting affecting not just us alone but others also may be affected such as family. Below is a brief review of three investments mistakes to avoid:

**1. Putting all your eggs in one basket:** this metaphor implies failing to diversify your investment portfolio. Many have fallen into the trap of putting 100% of their investment into a particular project, although they may seem confident about this at the onset, experience has shown that doing so most often leads to disappointments and losses when things don't go as planned.

**2. Failing to use passive income opportunities:** Staking/Yield farming has been termed one of the best passive income opportunities in the space, especially during low demand market cycles (like the current bear market we are experiencing). Utilizing staking and yield farming opportunities on platforms such as DAFI Protocol, Binance Staking, and the likes are notable ways some have successfully reduced the average buy price (DCA) of their investment portfolio. Doing so effectively helps to reduce losses by means of this passive income opportunity.

**3. Showing Impatience:** Many show a great deal of impatience, wanting to get rich quick. Due to such impatience, they fail to have a realistic long term investment mindset on their holdings. Oftentimes, they exit the project too early before it fully takes off, and they end up quitting with less profit or even losses.

Feel free to share your thoughts on this and other mistakes you've made in the past below.",True,False,False,CryptoCurrency,t5_2wlj3,4890134,public,self,,,"LUNA/UST may be down, but it is not the end. Here's why I say so, learn for yourself in this short post about three mistakes to avoid.",0,[],1.0,https://www.reddit.com/r/CryptoCurrency/comments/utd3y3/lunaust_may_be_down_but_it_is_not_the_end_heres/,,all_ads,6,1652965679.0,f8383538-5cd9-11e8-b037-0e5fb51a12ae,,,,,,,
17,[],False,Jaylah765,,,[],,,text,t2_fn8bcu4u,False,False,False,[],False,False,1652990180,self.CryptoCurrency,https://www.reddit.com/r/CryptoCurrency/comments/utbqbr/is_tether_the_next_terra_ust/,{},utbqbr,False,True,False,False,False,True,True,False,#7193ff,DISCUSSION,"[{'e': 'text', 't': 'DISCUSSION'}]",DISCUSSION,dark,richtext,False,False,True,0,0,False,all_ads,/r/CryptoCurrency/comments/utbqbr/is_tether_the_next_terra_ust/,False,,,6,1652990190,1,"""Algorithmic"" stablecoins, in a sense, have emerged as an alternative to ""non-algorithmic"" stablecoins. One could say that they are presented as a solution to remove the human factor from the equation.

 In other words, they are supposedly ""decentralized"" stablecoins. Therefore, in the eyes of many, nobler and safer than their ""centralized"" counterparts. Or, at least, so goes the narrative.

It is for this and many reasons that we do not see in stablecoins, 'token burning' as is done in several 'decentralized' projects as well, as for example in ADA, or in the BNB's Minosis Token project or even Shiba INU itself and among many more. 

Now, ""algorithmic"" stablecoins, in a way, have emerged as an alternative to ""non-algorithmic"" stablecoins. One could say that they are presented as a solution to remove the human factor from the equation. In other words, they are supposedly ""decentralized"" stablecoins.

For Tether is a cryptocurrency (a token). Its parity is 1:1 to the dollar. And that peg is guaranteed by a corporation: Tether Limited. Now, Tether is the most popular representation of the dollar in the world of cryptocurrencies. On the other hand, it is a private and centralized model. However, the owners of Tether are not much given to regulations.

In fact, they have gone to court on more than one occasion. And, to make matters worse, over time, (the company) has been forced to reveal that all is not what it seems. It turns out that the supposed parity is not such. Since fiat deposits do not cover the full amount of tokens issued. This is not something said by Tether's critics. That's something said by the company's own spokespeople.

Now, you don't have to do much digging for the Tether case to become worrisome.  The people involved don't inspire much confidence. And Tether's lack of transparency doesn't inspire much confidence either. No one knows what's really going on behind the scenes. In our opinion, we are dealing with a ticking time bomb.",True,False,False,CryptoCurrency,t5_2wlj3,4889905,public,self,,,Is Tether the next Terra (UST)?,0,[],1.0,https://www.reddit.com/r/CryptoCurrency/comments/utbqbr/is_tether_the_next_terra_ust/,,all_ads,6,1652961380.0,87049662-0882-11e5-82e1-0e9d1a9f7761,,,new,,,,
18,[],False,cryptonaut101,,Warning-level2-2,"[{'e': 'text', 't': 'Tin'}]",Tin,dark,richtext,t2_3ag9wamp,False,False,False,[],False,False,1652985310,youtube.com,https://www.reddit.com/r/CryptoCurrency/comments/ut9yrx/terra_luna_ust_collapse_what_happened_inside_story/,{},ut9yrx,False,True,False,False,False,True,False,False,#ff66ac,DEBATE,"[{'e': 'text', 't': 'DEBATE'}]",DEBATE,light,richtext,False,False,True,1,0,False,all_ads,/r/CryptoCurrency/comments/ut9yrx/terra_luna_ust_collapse_what_happened_inside_story/,False,rich:video,"{'enabled': False, 'images': [{'id': 'jnUpHk7ALK5V2QkC7mDP7dxvTKNgoQYdph-i-jMbZ0I', 'resolutions': [{'height': 81, 'url': 'https://external-preview.redd.it/RStCYiFBK-zJB4ieHuoegJDPWbwpR1mkTQG19jNsuDY.jpg?width=108&amp;crop=smart&amp;auto=webp&amp;s=ed153165c47ca4d7ecb7aa5224e6daaae909ecd6', 'width': 108}, {'height': 162, 'url': 'https://external-preview.redd.it/RStCYiFBK-zJB4ieHuoegJDPWbwpR1mkTQG19jNsuDY.jpg?width=216&amp;crop=smart&amp;auto=webp&amp;s=d74838e4db730b87552a17d188585bdf82f07394', 'width': 216}, {'height': 240, 'url': 'https://external-preview.redd.it/RStCYiFBK-zJB4ieHuoegJDPWbwpR1mkTQG19jNsuDY.jpg?width=320&amp;crop=smart&amp;auto=webp&amp;s=fd58ea4ef05290d70cc34097d0f4fad37e290365', 'width': 320}], 'source': {'height': 360, 'url': 'https://external-preview.redd.it/RStCYiFBK-zJB4ieHuoegJDPWbwpR1mkTQG19jNsuDY.jpg?auto=webp&amp;s=6f7db49c61bf624054fa289fd58f0006c358b4e4', 'width': 480}, 'variants': {}}]}",6,1652985321,1,,True,False,False,CryptoCurrency,t5_2wlj3,4889584,public,https://b.thumbs.redditmedia.com/gU-Yz7edgtT-A_ROIdUfL97vMFFHmJM8xjbQpuYJEfA.jpg,105.0,140.0,"Terra, LUNA &amp; UST Collapse: What Happened? Inside Story!!",0,[],1.0,https://www.youtube.com/watch?v=0CutSymg94I,https://www.youtube.com/watch?v=0CutSymg94I,all_ads,6,1652956510.0,5b762856-d7c9-11e4-822a-22000b2300b2,,,,"{'oembed': {'author_name': 'Coin Bureau', 'author_url': 'https://www.youtube.com/c/CoinBureau', 'height': 200, 'html': '&lt;iframe width=""356"" height=""200"" src=""https://www.youtube.com/embed/0CutSymg94I?feature=oembed&amp;enablejsapi=1"" frameborder=""0"" allow=""accelerometer; autoplay; clipboard-write; encrypted-media; gyroscope; picture-in-picture"" allowfullscreen&gt;&lt;/iframe&gt;', 'provider_name': 'YouTube', 'provider_url': 'https://www.youtube.com/', 'thumbnail_height': 360, 'thumbnail_url': 'https://i.ytimg.com/vi/0CutSymg94I/hqdefault.jpg', 'thumbnail_width': 480, 'title': 'Terra, LUNA &amp; UST Collapse: What Happened? Inside Story!!', 'type': 'video', 'version': '1.0', 'width': 356}, 'type': 'youtube.com'}","{'content': '&lt;iframe width=""356"" height=""200"" src=""https://www.youtube.com/embed/0CutSymg94I?feature=oembed&amp;enablejsapi=1"" frameborder=""0"" allow=""accelerometer; autoplay; clipboard-write; encrypted-media; gyroscope; picture-in-picture"" allowfullscreen&gt;&lt;/iframe&gt;', 'height': 200, 'scrolling': False, 'width': 356}","{'oembed': {'author_name': 'Coin Bureau', 'author_url': 'https://www.youtube.com/c/CoinBureau', 'height': 200, 'html': '&lt;iframe width=""356"" height=""200"" src=""https://www.youtube.com/embed/0CutSymg94I?feature=oembed&amp;enablejsapi=1"" frameborder=""0"" allow=""accelerometer; autoplay; clipboard-write; encrypted-media; gyroscope; picture-in-picture"" allowfullscreen&gt;&lt;/iframe&gt;', 'provider_name': 'YouTube', 'provider_url': 'https://www.youtube.com/', 'thumbnail_height': 360, 'thumbnail_url': 'https://i.ytimg.com/vi/0CutSymg94I/hqdefault.jpg', 'thumbnail_width': 480, 'title': 'Terra, LUNA &amp; UST Collapse: What Happened? Inside Story!!', 'type': 'video', 'version': '1.0', 'width': 356}, 'type': 'youtube.com'}","{'content': '&lt;iframe width=""356"" height=""200"" src=""https://www.youtube.com/embed/0CutSymg94I?feature=oembed&amp;enablejsapi=1"" frameborder=""0"" allow=""accelerometer; autoplay; clipboard-write; encrypted-media; gyroscope; picture-in-picture"" allowfullscreen&gt;&lt;/iframe&gt;', 'height': 200, 'media_domain_url': 'https://www.redditmedia.com/mediaembed/ut9yrx', 'scrolling': False, 'width': 356}"
19,[],False,UJ_Reddit,,,"[{'e': 'text', 't': 'Platinum | QC: CC 507, ALGO 18 | VET 6 | PennyStocks 116'}]","Platinum | QC: CC 507, ALGO 18 | VET 6 | PennyStocks 116",dark,richtext,t2_wzty1,False,False,False,[],False,False,1652982794,self.CryptoCurrency,https://www.reddit.com/r/CryptoCurrency/comments/ut91yj/if_nothing_else_this_luna_fiasco_highlights_the/,{},ut91yj,False,True,False,False,False,True,True,False,#7193ff,DISCUSSION,"[{'e': 'text', 't': 'DISCUSSION'}]",DISCUSSION,dark,richtext,False,False,True,0,0,False,all_ads,/r/CryptoCurrency/comments/ut91yj/if_nothing_else_this_luna_fiasco_highlights_the/,False,,,6,1652982805,1,"We all have a lot to say about LUNa, UST and Don’t Know. But if there is one major lesson to come from the aftermath of this it’s the importance of decentralisation.

The recovery plan, currently looking like a new fork, couldn’t be more divisive - with the whales 80% in favour, and the people more than 80% against. Why?

Because the plan has the backs of the whales, not the people. In fact, it’s so skewed that those who bought UST AFTER the attack will get more than those who bought before - why? Because that will earn LFG and the whales more. And they have the voting power. 

Bottom line. Centralisation is no different than the current capatalist mentality of the rich eats the poor. Avoid it.",True,False,False,CryptoCurrency,t5_2wlj3,4889427,public,self,,,"If nothing else, this LUNA fiasco highlights the import stance of decentralisation",0,[],1.0,https://www.reddit.com/r/CryptoCurrency/comments/ut91yj/if_nothing_else_this_luna_fiasco_highlights_the/,,all_ads,6,1652953994.0,87049662-0882-11e5-82e1-0e9d1a9f7761,,,new,,,,
20,[],False,Roadside-Strelok,,Warning-level2-2,"[{'e': 'text', 't': 'Tin | Hardware 15'}]",Tin | Hardware 15,dark,richtext,t2_ccpc8,False,False,False,[],False,False,1652981252,agora.terra.money,https://www.reddit.com/r/CryptoCurrency/comments/ut8i2j/next_steps_for_lunaust_holders_a_detailed_analysis/,{},ut8i2j,False,True,False,False,False,True,False,False,#add2e2,ADVICE,"[{'e': 'text', 't': 'ANALYSIS'}]",ANALYSIS,dark,richtext,False,False,True,0,0,False,all_ads,/r/CryptoCurrency/comments/ut8i2j/next_steps_for_lunaust_holders_a_detailed_analysis/,False,link,"{'enabled': False, 'images': [{'id': 'XfMwKoiPYfOqd4PAkrwy3ghvCMHeo7culD97x4f18aM', 'resolutions': [{'height': 108, 'url': 'https://external-preview.redd.it/ZkxigoFxlIdswUY9H_3zWuJQH0XoK2lhYUC73SxgS-o.jpg?width=108&amp;crop=smart&amp;auto=webp&amp;s=cfbd7e585e05cb8dd11e3d0c6a2e5bfcbb350d56', 'width': 108}, {'height': 216, 'url': 'https://external-preview.redd.it/ZkxigoFxlIdswUY9H_3zWuJQH0XoK2lhYUC73SxgS-o.jpg?width=216&amp;crop=smart&amp;auto=webp&amp;s=5fb46438116a95fd436230c9976cf5f502f043fd', 'width': 216}, {'height': 320, 'url': 'https://external-preview.redd.it/ZkxigoFxlIdswUY9H_3zWuJQH0XoK2lhYUC73SxgS-o.jpg?width=320&amp;crop=smart&amp;auto=webp&amp;s=d984d230cfe8f309f4d0d418ba25058cb57fc623', 'width': 320}], 'source': {'height': 600, 'url': 'https://external-preview.redd.it/ZkxigoFxlIdswUY9H_3zWuJQH0XoK2lhYUC73SxgS-o.jpg?auto=webp&amp;s=ce98dfe2b2aa79deaca4561829dee2e91d3f8bbd', 'width': 600}, 'variants': {}}]}",6,1652981262,1,,True,False,False,CryptoCurrency,t5_2wlj3,4889317,public,https://b.thumbs.redditmedia.com/uHF2jtk7_1i76N__Y8p9-nTyWmpuUCGHvfyH6toYmWU.jpg,140.0,140.0,Next Steps for LUNA/UST Holders: A Detailed Analysis,0,[],1.0,https://agora.terra.money/t/next-steps-for-luna-ust-holders-a-detailed-analysis/22084,https://agora.terra.money/t/next-steps-for-luna-ust-holders-a-detailed-analysis/22084,all_ads,6,1652952452.0,c1034ee6-9c2a-11e3-a8c4-12313b0e8e20,,,new,,,,
21,[],False,smoothcrimi,,Warning-level2-2,"[{'e': 'text', 't': 'Tin'}]",Tin,dark,richtext,t2_yccscs,False,False,False,[],False,False,1652979193,finance.yahoo.com,https://www.reddit.com/r/CryptoCurrency/comments/ut7rgy/g7_finance_ministers_call_to_accelerate_global/,{},ut7rgy,False,True,False,False,False,True,False,False,#0aa18f,NEWS,"[{'e': 'text', 't': 'GENERAL-NEWS'}]",GENERAL-NEWS,light,richtext,False,False,True,0,0,False,all_ads,/r/CryptoCurrency/comments/ut7rgy/g7_finance_ministers_call_to_accelerate_global/,False,link,"{'enabled': False, 'images': [{'id': 'yij3qgKFSThVJVGCwq1FcF-7hqQ3AtkYLXKwDIEkHGI', 'resolutions': [{'height': 81, 'url': 'https://external-preview.redd.it/D-A9-4dEnjEYtIVInikvvFdAkKpN6CxzPqhzlQ37v04.jpg?width=108&amp;crop=smart&amp;auto=webp&amp;s=ffd4bfafe462ea6f511344211759b89c53f6ea38', 'width': 108}, {'height': 162, 'url': 'https://external-preview.redd.it/D-A9-4dEnjEYtIVInikvvFdAkKpN6CxzPqhzlQ37v04.jpg?width=216&amp;crop=smart&amp;auto=webp&amp;s=ea8ff042276d6233f922e38d093ad02d6b16379e', 'width': 216}, {'height': 240, 'url': 'https://external-preview.redd.it/D-A9-4dEnjEYtIVInikvvFdAkKpN6CxzPqhzlQ37v04.jpg?width=320&amp;crop=smart&amp;auto=webp&amp;s=f7d36eb04fcfacb273aab6f59bab9462faf72bca', 'width': 320}, {'height': 480, 'url': 'https://external-preview.redd.it/D-A9-4dEnjEYtIVInikvvFdAkKpN6CxzPqhzlQ37v04.jpg?width=640&amp;crop=smart&amp;auto=webp&amp;s=643546f6e549d83e650646faf7fc86f4b8b831ac', 'width': 640}], 'source': {'height': 600, 'url': 'https://external-preview.redd.it/D-A9-4dEnjEYtIVInikvvFdAkKpN6CxzPqhzlQ37v04.jpg?auto=webp&amp;s=bd0fed58751db933870961c46d464537c80e6ce9', 'width': 800}, 'variants': {}}]}",6,1652979204,1,,True,False,False,CryptoCurrency,t5_2wlj3,4889173,public,https://b.thumbs.redditmedia.com/9AO3hwq-Un9nADwU3j1-CxxanuBQo3UuwIVD-6w1IHM.jpg,105.0,140.0,G7 Finance Ministers Call to Accelerate Global Crypto Regulations Following UST Collapse: Report,0,[],1.0,https://finance.yahoo.com/news/g7-finance-ministers-call-accelerate-163038826.html,https://finance.yahoo.com/news/g7-finance-ministers-call-accelerate-163038826.html,all_ads,6,1652950393.0,f170aab2-246f-11ec-8143-429a193c9848,,,new,,,,
