,all_awardings,allow_live_comments,author,author_flair_css_class,author_flair_richtext,author_flair_text,author_flair_type,author_fullname,author_is_blocked,author_patreon_flair,author_premium,awarders,can_mod_post,contest_mode,created_utc,domain,full_link,gildings,id,is_created_from_ads_ui,is_crosspostable,is_meta,is_original_content,is_reddit_media_domain,is_robot_indexable,is_self,is_video,link_flair_background_color,link_flair_css_class,link_flair_richtext,link_flair_template_id,link_flair_text,link_flair_text_color,link_flair_type,locked,media_only,no_follow,num_comments,num_crossposts,over_18,parent_whitelist_status,permalink,pinned,pwls,retrieved_on,score,selftext,send_replies,spoiler,stickied,subreddit,subreddit_id,subreddit_subscribers,subreddit_type,thumbnail,title,total_awards_received,treatment_tags,upvote_ratio,url,whitelist_status,wls,created,author_flair_background_color,author_flair_text_color,post_hint,preview,removed_by_category,thumbnail_height,thumbnail_width,url_overridden_by_dest,media_metadata
0,[],False,thunderchicken_,,[],,text,t2_2ct5dj9a,False,False,False,[],False,False,1653833857,self.CryptoCurrency,https://www.reddit.com/r/CryptoCurrency/comments/v0c49s/free_shit_token_safelunainumoon_aka_slim/,{},v0c49s,False,True,False,False,False,True,True,False,#c403f5,COMEDY,"[{'e': 'text', 't': 'COMEDY'}]",5c104cfc-d7c8-11e4-9d14-22000b6902b0,COMEDY,dark,richtext,False,False,True,0,0,False,all_ads,/r/CryptoCurrency/comments/v0c49s/free_shit_token_safelunainumoon_aka_slim/,False,6,1653833868,1,"A brief history about SafelunaInuMoon: 
Created on the Algorand blockchain after coming across a post on how to create your own shit token, this was created to serve absolutely no purpose whatsoever. The end.



I'm giving away 420 or 69 SafeLuna to everyone who wants to add to their collection of useless shit tokens.

In order to receive them, you will need the following:

1. A wallet on the Pera Algorand Wallet so that you can opt-in with ID# 755948569

2. Your wallet address once you've opted in, obviously. 

3. No moral compass whatsoever...

SafeLunaInuMoon to hell! 🚀🚀🚀🔥🔥🔥🔥

SafeLunaInuMoon 5.0 coming soon to a hardfork on Terra near you.",True,False,False,CryptoCurrency,t5_2wlj3,4933343,public,self,Free shit token: SafeLunaInuMoon aka SLIM,0,[],1.0,https://www.reddit.com/r/CryptoCurrency/comments/v0c49s/free_shit_token_safelunainumoon_aka_slim/,all_ads,6,1653805057.0,,,,,,,,,
1,[],False,Loose_Screw_,,"[{'e': 'text', 't': 'Platinum | QC: CC 26'}]",Platinum | QC: CC 26,richtext,t2_5qameeg,False,False,True,[],False,False,1653828906,self.CryptoCurrency,https://www.reddit.com/r/CryptoCurrency/comments/v0alpg/luna_to_luna2_conversion_rate_on_kraken/,{},v0alpg,False,True,False,False,False,True,True,False,#007373,EXCHANGES,"[{'e': 'text', 't': 'EXCHANGES'}]",38a8ac5a-9d5c-11e5-a136-0e9f3a832fc3,EXCHANGES,light,richtext,False,False,False,1,0,False,all_ads,/r/CryptoCurrency/comments/v0alpg/luna_to_luna2_conversion_rate_on_kraken/,False,6,1653828917,1,"So I've seen a lot of questions about how much LUNA2 you will get airdropped if you hold LUNA on an exchange.

After the Luna Implosion, I bought 100,000 LUNA for about 30 dollars. I just got airdropped roughly 0.45 LUNA2 (worth about $3). My 100k LUNA is currently worth around $7.

This means a very rough conversion rate is around **215k LUNA per LUNA2**.

This implies around **60k pre-attack LUNA per LUNA2** based on the ratios published by Terra.

Pre-attack means you bought before 2:59pm on the 7th of May 2022.

The post-attack cutoff for the airdrop was 4:38pm on the 26th of May 2022.

Your exchange may vary but if they have coordinated, I expect them all to be roughly similar.

Note, I received fractional LUNA2 which wouldn't have happened on-chain according to Terra but Kraken are chads so they distributed it anyway.",True,False,False,CryptoCurrency,t5_2wlj3,4933098,public,self,LUNA to LUNA2 Conversion rate on Kraken,0,[],1.0,https://www.reddit.com/r/CryptoCurrency/comments/v0alpg/luna_to_luna2_conversion_rate_on_kraken/,all_ads,6,1653800106.0,,dark,,,,,,,
2,[],False,merryfasos,Warning-level2-2,"[{'e': 'text', 't': 'Tin'}]",Tin,richtext,t2_9m8cu2zk,False,False,False,[],False,False,1653824751,self.CryptoCurrency,https://www.reddit.com/r/CryptoCurrency/comments/v09h97/how_to_view_terra_luna_airdrop/,{},v09h97,False,False,False,True,False,False,True,False,#0dd3bb,VIDEOS,"[{'e': 'text', 't': 'VIDEOS'}]",fee6c918-f3e4-11e5-8172-0ecf7e00c6db,VIDEOS,dark,richtext,False,False,True,0,0,False,all_ads,/r/CryptoCurrency/comments/v09h97/how_to_view_terra_luna_airdrop/,False,6,1653824762,1,[removed],True,False,False,CryptoCurrency,t5_2wlj3,4932898,public,self,How to view terra luna airdrop,0,[],1.0,https://www.reddit.com/r/CryptoCurrency/comments/v09h97/how_to_view_terra_luna_airdrop/,all_ads,6,1653795951.0,,dark,self,"{'enabled': False, 'images': [{'id': 'PS6ehsYqSgW4E8QS0HuchcU0uqgr97hJuLHCzxxNNhE', 'resolutions': [{'height': 81, 'url': 'https://external-preview.redd.it/z3G7PBPBJEcxCjtEASoDvexlmBd5qc0-Tsy5V_wvES8.jpg?width=108&amp;crop=smart&amp;auto=webp&amp;s=c001ad506b6647cb31ab86708f929cd7d78fdc7c', 'width': 108}, {'height': 162, 'url': 'https://external-preview.redd.it/z3G7PBPBJEcxCjtEASoDvexlmBd5qc0-Tsy5V_wvES8.jpg?width=216&amp;crop=smart&amp;auto=webp&amp;s=daa3c5196bd1b0ba7dafcb3537da29b701b5d6ad', 'width': 216}, {'height': 240, 'url': 'https://external-preview.redd.it/z3G7PBPBJEcxCjtEASoDvexlmBd5qc0-Tsy5V_wvES8.jpg?width=320&amp;crop=smart&amp;auto=webp&amp;s=5165d06ec7296f8c69f3ce1436b2a158687a1220', 'width': 320}], 'source': {'height': 360, 'url': 'https://external-preview.redd.it/z3G7PBPBJEcxCjtEASoDvexlmBd5qc0-Tsy5V_wvES8.jpg?auto=webp&amp;s=1358368a9de6910af08cb52fef8858e8b6d77724', 'width': 480}, 'variants': {}}]}",automod_filtered,,,,
3,[],False,Loose_Screw_,,"[{'e': 'text', 't': 'Platinum | QC: CC 26'}]",Platinum | QC: CC 26,richtext,t2_5qameeg,False,False,True,[],False,False,1653814241,self.CryptoCurrency,https://www.reddit.com/r/CryptoCurrency/comments/v073rs/luna_to_luna2_conversion_rate_on_kraken/,{},v073rs,False,True,False,False,False,True,True,False,#007373,EXCHANGES,"[{'e': 'text', 't': 'EXCHANGES'}]",38a8ac5a-9d5c-11e5-a136-0e9f3a832fc3,EXCHANGES,light,richtext,False,False,True,1,0,False,all_ads,/r/CryptoCurrency/comments/v073rs/luna_to_luna2_conversion_rate_on_kraken/,False,6,1653814251,1,"So I've seen a lot of questions about how much Luna 2 you will get airdropped if you hold on an exchange.

After the Luna Implosion, I bought 100,000 for about 30 dollars. I just got airdropped roughly 0.45 LUNA2 (worth about $3). My 100k LUNA is currently worth around $7.

This means a very rough conversion rate is around **215k LUNA per LUNA2**.

This implies around **60k pre-attack LUNA per LUNA2** based on the ratios.

Pre-attack means you bought before 2:59pm on the 7th of May 2022.

Post-attack cutoff is 4:38pm on the 26th of May 2022.

Your exchange may vary but if they have coordinated, I expect them all to be roughly similar.

Note I received fractional LUNA2 which wouldn't have happened on-chain according to Terra but Kraken are chads so they distributed it anyway.",True,False,False,CryptoCurrency,t5_2wlj3,4932457,public,self,LUNA to LUNA2 conversion rate on Kraken.,0,[],1.0,https://www.reddit.com/r/CryptoCurrency/comments/v073rs/luna_to_luna2_conversion_rate_on_kraken/,all_ads,6,1653785441.0,,dark,,,,,,,
4,[],False,Necessary-Bathroom14,Warning-level2-2,"[{'e': 'text', 't': 'Tin'}]",Tin,richtext,t2_8zbsq4yt,False,False,False,[],False,False,1653783815,bloomberg.com,https://www.reddit.com/r/CryptoCurrency/comments/uzzrtl/ethereum_founder_buterin_blasts_defi_model_in/,{},uzzrtl,False,True,False,False,False,True,False,False,,GENERAL-NEWS,"[{'e': 'text', 't': '🟢 GENERAL-NEWS'}]",,🟢 GENERAL-NEWS,dark,richtext,False,False,False,0,0,False,all_ads,/r/CryptoCurrency/comments/uzzrtl/ethereum_founder_buterin_blasts_defi_model_in/,False,6,1653783825,1,,True,False,False,CryptoCurrency,t5_2wlj3,4931348,public,https://b.thumbs.redditmedia.com/v8ie5XY0AzHZ-AfvYFoVARWIey4PrHDX47WLjKHq5Pk.jpg,Ethereum Founder Buterin Blasts DeFi Model in Terra Critique,0,[],1.0,https://www.bloomberg.com/news/articles/2022-05-26/ethereum-founder-buterin-blasts-defi-model-in-terra-critique,all_ads,6,1653755015.0,,dark,link,"{'enabled': False, 'images': [{'id': 'kowMbCEjQ92PM2ExFU2yTtZkBHaK5_KLlIG5kIDsjIw', 'resolutions': [{'height': 72, 'url': 'https://external-preview.redd.it/Voqa1ZLQqvyEW52ObHMTM0jEq8zK9eH1ke8s2UY05TU.jpg?width=108&amp;crop=smart&amp;auto=webp&amp;s=1b9a07d1e2404867c8cb7cefb0ab9f4deecb9cc6', 'width': 108}, {'height': 144, 'url': 'https://external-preview.redd.it/Voqa1ZLQqvyEW52ObHMTM0jEq8zK9eH1ke8s2UY05TU.jpg?width=216&amp;crop=smart&amp;auto=webp&amp;s=f94e483abbb4e79e1d2bde06487d7ad6cbfeaa4c', 'width': 216}, {'height': 213, 'url': 'https://external-preview.redd.it/Voqa1ZLQqvyEW52ObHMTM0jEq8zK9eH1ke8s2UY05TU.jpg?width=320&amp;crop=smart&amp;auto=webp&amp;s=0c9fdd4d2ad3395fa48cb89582cd42870438b7aa', 'width': 320}, {'height': 426, 'url': 'https://external-preview.redd.it/Voqa1ZLQqvyEW52ObHMTM0jEq8zK9eH1ke8s2UY05TU.jpg?width=640&amp;crop=smart&amp;auto=webp&amp;s=bb858fc0c6610faf0360bab480eda9ea7bdaef5d', 'width': 640}, {'height': 640, 'url': 'https://external-preview.redd.it/Voqa1ZLQqvyEW52ObHMTM0jEq8zK9eH1ke8s2UY05TU.jpg?width=960&amp;crop=smart&amp;auto=webp&amp;s=c0da2608f08595109a6dfbbd468a065c4d9fb02a', 'width': 960}, {'height': 720, 'url': 'https://external-preview.redd.it/Voqa1ZLQqvyEW52ObHMTM0jEq8zK9eH1ke8s2UY05TU.jpg?width=1080&amp;crop=smart&amp;auto=webp&amp;s=33fe9c570b64e224d787fafd7467c462ded3fb8e', 'width': 1080}], 'source': {'height': 800, 'url': 'https://external-preview.redd.it/Voqa1ZLQqvyEW52ObHMTM0jEq8zK9eH1ke8s2UY05TU.jpg?auto=webp&amp;s=0e679f71deef8345216134199d77849dd5f9ff1b', 'width': 1200}, 'variants': {}}]}",,93.0,140.0,https://www.bloomberg.com/news/articles/2022-05-26/ethereum-founder-buterin-blasts-defi-model-in-terra-critique,
5,[],False,3_plus_3_is_sex,Warning-level2-2,"[{'e': 'text', 't': 'Tin | 2 months old'}]",Tin | 2 months old,richtext,t2_kl7cvyaj,False,False,False,[],False,False,1653781832,cnet.com,https://www.reddit.com/r/CryptoCurrency/comments/uzz6xs/terra_20_launch_planned_following_luna_meltdown/,{},uzz6xs,False,True,False,False,False,True,False,False,#0aa18f,NEWS,"[{'e': 'text', 't': 'GENERAL-NEWS'}]",f170aab2-246f-11ec-8143-429a193c9848,GENERAL-NEWS,light,richtext,False,False,True,0,0,False,all_ads,/r/CryptoCurrency/comments/uzz6xs/terra_20_launch_planned_following_luna_meltdown/,False,6,1653781843,1,,True,False,False,CryptoCurrency,t5_2wlj3,4931276,public,https://b.thumbs.redditmedia.com/a94OzwLDKIRtVw1_p30ZjC1bRtdAXy1pWS22CH3damA.jpg,Terra 2.0 Launch Planned Following Luna Meltdown. This Week's Top Bitcoin and Crypto News - CNET,0,[],1.0,https://www.cnet.com/personal-finance/crypto/terra-2-0-launch-planned-following-luna-meltdown-this-weeks-top-bitcoin-and-crypto-news/,all_ads,6,1653753032.0,,dark,link,"{'enabled': False, 'images': [{'id': 'Xsr4YqD9ejJZco9km1XO5KMBhLeepV-0-02f3NTVoZc', 'resolutions': [{'height': 56, 'url': 'https://external-preview.redd.it/P6hQvnKNis3I0uvuEQkR4aIvZBVazWLCfsQuxzSXOMc.jpg?width=108&amp;crop=smart&amp;auto=webp&amp;s=d55995ded6c505f6b7c40132ee597c10c02d84b2', 'width': 108}, {'height': 113, 'url': 'https://external-preview.redd.it/P6hQvnKNis3I0uvuEQkR4aIvZBVazWLCfsQuxzSXOMc.jpg?width=216&amp;crop=smart&amp;auto=webp&amp;s=705d852376b23963e936e412d3004a3cba64931c', 'width': 216}, {'height': 168, 'url': 'https://external-preview.redd.it/P6hQvnKNis3I0uvuEQkR4aIvZBVazWLCfsQuxzSXOMc.jpg?width=320&amp;crop=smart&amp;auto=webp&amp;s=13258f8713931faf0dbe195f4e7257f919efbbdb', 'width': 320}, {'height': 336, 'url': 'https://external-preview.redd.it/P6hQvnKNis3I0uvuEQkR4aIvZBVazWLCfsQuxzSXOMc.jpg?width=640&amp;crop=smart&amp;auto=webp&amp;s=9c4ecc006a6b388bc2b62f8f6b3598c630ead75d', 'width': 640}, {'height': 504, 'url': 'https://external-preview.redd.it/P6hQvnKNis3I0uvuEQkR4aIvZBVazWLCfsQuxzSXOMc.jpg?width=960&amp;crop=smart&amp;auto=webp&amp;s=d1c613be605aa97234b5db07ac41164dba3e34f3', 'width': 960}, {'height': 567, 'url': 'https://external-preview.redd.it/P6hQvnKNis3I0uvuEQkR4aIvZBVazWLCfsQuxzSXOMc.jpg?width=1080&amp;crop=smart&amp;auto=webp&amp;s=e467ba94e922f998ae766f21233941a82e44a1d1', 'width': 1080}], 'source': {'height': 630, 'url': 'https://external-preview.redd.it/P6hQvnKNis3I0uvuEQkR4aIvZBVazWLCfsQuxzSXOMc.jpg?auto=webp&amp;s=bda14d2467f0c5eac8fd90c663daf15558661d50', 'width': 1200}, 'variants': {}}]}",,73.0,140.0,https://www.cnet.com/personal-finance/crypto/terra-2-0-launch-planned-following-luna-meltdown-this-weeks-top-bitcoin-and-crypto-news/,
6,[],False,Elegant-Wing-5637,Warning-level2-2,"[{'e': 'text', 't': 'Tin | 1 month old'}]",Tin | 1 month old,richtext,t2_lrmsojpo,False,False,False,[],False,False,1653779880,self.CryptoCurrency,https://www.reddit.com/r/CryptoCurrency/comments/uzym30/can_dai_fail_like_terra_usd/,{},uzym30,False,False,False,False,False,False,True,False,#add2e2,ADVICE,"[{'e': 'text', 't': 'ANALYSIS'}]",c1034ee6-9c2a-11e3-a8c4-12313b0e8e20,ANALYSIS,dark,richtext,False,False,True,1,0,False,all_ads,/r/CryptoCurrency/comments/uzym30/can_dai_fail_like_terra_usd/,False,6,1653779890,1,[removed],True,False,False,CryptoCurrency,t5_2wlj3,4931178,public,self,Can DAI fail like Terra USD?,0,[],1.0,https://www.reddit.com/r/CryptoCurrency/comments/uzym30/can_dai_fail_like_terra_usd/,all_ads,6,1653751080.0,,dark,,,moderator,,,,
7,[],False,ClippTube,,[],,text,t2_12z065,False,False,True,[],False,False,1653770741,self.CryptoCurrency,https://www.reddit.com/r/CryptoCurrency/comments/uzvsdr/for_those_wanting_to_do_futures_trading_on_terra/,{},uzvsdr,False,True,False,False,False,True,True,False,#007373,EXCHANGES,"[{'e': 'text', 't': 'EXCHANGES'}]",38a8ac5a-9d5c-11e5-a136-0e9f3a832fc3,EXCHANGES,light,richtext,False,False,True,0,0,False,all_ads,/r/CryptoCurrency/comments/uzvsdr/for_those_wanting_to_do_futures_trading_on_terra/,False,6,1653770752,1,"Currently as far as I know, OKX is pretty much the only exchange that is currently allowing for Futures trading on new LUNA up to 70x either way. OKX futures isn't permitted in most of Europe and USA but I figured if you VPN'd to INDIA it didn't require you to KYC to deposit, withdraw or do futures trading. 

Bybit or Kucoin or other major exchanges haven't allowed for futures trading yet, but only spot buy and sells.

&amp;#x200B;

[www.okx.com\/](https://preview.redd.it/2lemohhp3a291.png?width=1634&amp;format=png&amp;auto=webp&amp;s=82f735667bd89f3a0effcea7ce3fb546d89b430b)

[https://www.okx.com/trade-swap/luna-usdt-swap](https://www.okx.com/trade-swap/luna-usdt-swap)",True,False,False,CryptoCurrency,t5_2wlj3,4930853,public,https://b.thumbs.redditmedia.com/HOZxADUbnpIUNuQBIOXtyLztGTo8egYb98RxUKCAfpc.jpg,For those wanting to do Futures trading on Terra Luna (2.0 / NEW) (OKX),0,[],1.0,https://www.reddit.com/r/CryptoCurrency/comments/uzvsdr/for_those_wanting_to_do_futures_trading_on_terra/,all_ads,6,1653741941.0,,,,,,49.0,140.0,,"{'2lemohhp3a291': {'e': 'Image', 'id': '2lemohhp3a291', 'm': 'image/png', 'p': [{'u': 'https://preview.redd.it/2lemohhp3a291.png?width=108&amp;crop=smart&amp;auto=webp&amp;s=634ac09fcc2eb2f19e6d7b275925037cdb320f0a', 'x': 108, 'y': 38}, {'u': 'https://preview.redd.it/2lemohhp3a291.png?width=216&amp;crop=smart&amp;auto=webp&amp;s=af0d167fd85d5e5cc094c77f52898bfd393839dd', 'x': 216, 'y': 76}, {'u': 'https://preview.redd.it/2lemohhp3a291.png?width=320&amp;crop=smart&amp;auto=webp&amp;s=0d6dd719a9cfe9843c30be8b4800442b1a689409', 'x': 320, 'y': 113}, {'u': 'https://preview.redd.it/2lemohhp3a291.png?width=640&amp;crop=smart&amp;auto=webp&amp;s=29fc5372f0ae1aa09b38889aebd3cf5387607ca2', 'x': 640, 'y': 227}, {'u': 'https://preview.redd.it/2lemohhp3a291.png?width=960&amp;crop=smart&amp;auto=webp&amp;s=073f24ae3f2885ddb2b71dcc8ce8ba40a4a3f0fc', 'x': 960, 'y': 340}, {'u': 'https://preview.redd.it/2lemohhp3a291.png?width=1080&amp;crop=smart&amp;auto=webp&amp;s=82d1e264d81a63daf7d092274e8a54cbe38bbbe5', 'x': 1080, 'y': 383}], 's': {'u': 'https://preview.redd.it/2lemohhp3a291.png?width=1634&amp;format=png&amp;auto=webp&amp;s=82f735667bd89f3a0effcea7ce3fb546d89b430b', 'x': 1634, 'y': 580}, 'status': 'valid'}}"
8,[],False,FldLima,Warning-level2-2,"[{'e': 'text', 't': 'Tin'}]",Tin,richtext,t2_sx2vl,False,False,False,[],False,False,1653766875,self.CryptoCurrency,https://www.reddit.com/r/CryptoCurrency/comments/uzulip/can_you_shut_the_hell_up_about_luna_ffs/,{},uzulip,False,True,False,False,False,True,True,False,#7193ff,DISCUSSION,"[{'e': 'text', 't': 'DISCUSSION'}]",87049662-0882-11e5-82e1-0e9d1a9f7761,DISCUSSION,dark,richtext,False,False,False,0,0,False,all_ads,/r/CryptoCurrency/comments/uzulip/can_you_shut_the_hell_up_about_luna_ffs/,False,6,1653766886,1,"Holy shit, you can barely have a conversation about other coisn because all people comments is Luna this, Luna that, terra bad Do won or king Jon come whatever is that dude's name. HOLY.

Daily is flooded with Luna stuff, just shut up about it.

It is done, it's a fucking joke, we don't care what you do to your money or how much Luna piss you bought or will recieve form conversion, it's really annoying if you think about it.

First was the collapse, then panic FOMO buying and now the v2, my God people, if you wanna be poor and throw money into this pile of garbage, do it quietly.

I'ma jerk off now to lose some steam.",True,False,False,CryptoCurrency,t5_2wlj3,4930693,public,self,can you shut the hell up about Luna ffs? 🤨,0,[],1.0,https://www.reddit.com/r/CryptoCurrency/comments/uzulip/can_you_shut_the_hell_up_about_luna_ffs/,all_ads,6,1653738075.0,,dark,,,,,,,
9,[],False,ensnofear,,[],,text,t2_bm7zqe28,False,False,False,[],False,False,1653762083,self.CryptoCurrency,https://www.reddit.com/r/CryptoCurrency/comments/uzt2jf/should_i_really_hope/,{},uzt2jf,False,True,False,False,False,True,True,False,#7193ff,DISCUSSION,"[{'e': 'text', 't': 'DISCUSSION'}]",87049662-0882-11e5-82e1-0e9d1a9f7761,DISCUSSION,dark,richtext,False,False,True,0,0,False,all_ads,/r/CryptoCurrency/comments/uzt2jf/should_i_really_hope/,False,6,1653762093,1,"What do they want to do with this Luna/Terra thing? I don't understand yet. I am more or less interested in these works, but I have not witnessed such a thing. With the removal of the stablecoin and the stable development of a new blockchain, the Terra team have worked together to rename the existing Terra Classic to LUNA Classic and rebirth a new Terra blockchain I know. So did they set an address for it? I even read a serious article on this very topic: [https://medium.com/terra-money/terra-2-0-luna-airdrop-cd08a6d9cfcd](https://medium.com/terra-money/terra-2-0-luna-airdrop-cd08a6d9cfcd) . In this article, it is said that Luna classic will be distributed to those who have Luna. I have too many lunas and I'm already at a loss. Could the future of Lunac be like Etherum Classic? Or am I just living in a fantasy world? There is a lot of misinformation about this event. I am open to the comments of chubby fingers who will support me in this matter and provide ""reliable"" information...",True,False,False,CryptoCurrency,t5_2wlj3,4930443,public,self,Should I really hope?,0,[],1.0,https://www.reddit.com/r/CryptoCurrency/comments/uzt2jf/should_i_really_hope/,all_ads,6,1653733283.0,,,self,"{'enabled': False, 'images': [{'id': 'S5Sotk06F0SVCFeZPWEC4RUNFQCokox1Pgl2LgarnXA', 'resolutions': [{'height': 52, 'url': 'https://external-preview.redd.it/_e0j9qLhzcoKYEMPvriGOklMR98pTP1Eay3zGYjAH4U.jpg?width=108&amp;crop=smart&amp;auto=webp&amp;s=1c72a25c42d5ba211b7f14c380dcb8f7e169876f', 'width': 108}, {'height': 105, 'url': 'https://external-preview.redd.it/_e0j9qLhzcoKYEMPvriGOklMR98pTP1Eay3zGYjAH4U.jpg?width=216&amp;crop=smart&amp;auto=webp&amp;s=ab2e930de1a49cc0907a9bd467d72840b05e7a73', 'width': 216}, {'height': 156, 'url': 'https://external-preview.redd.it/_e0j9qLhzcoKYEMPvriGOklMR98pTP1Eay3zGYjAH4U.jpg?width=320&amp;crop=smart&amp;auto=webp&amp;s=5938302052a19dbb89815044148c6c6216ff0665', 'width': 320}, {'height': 313, 'url': 'https://external-preview.redd.it/_e0j9qLhzcoKYEMPvriGOklMR98pTP1Eay3zGYjAH4U.jpg?width=640&amp;crop=smart&amp;auto=webp&amp;s=1200f393a2324520a89f2cfc0d76d9c7d7b349e7', 'width': 640}, {'height': 470, 'url': 'https://external-preview.redd.it/_e0j9qLhzcoKYEMPvriGOklMR98pTP1Eay3zGYjAH4U.jpg?width=960&amp;crop=smart&amp;auto=webp&amp;s=e062de86cbad223ed966c59f459e970678ea0d4a', 'width': 960}, {'height': 529, 'url': 'https://external-preview.redd.it/_e0j9qLhzcoKYEMPvriGOklMR98pTP1Eay3zGYjAH4U.jpg?width=1080&amp;crop=smart&amp;auto=webp&amp;s=e3a9a744ed90c51d0066e55514e2312e8e013052', 'width': 1080}], 'source': {'height': 588, 'url': 'https://external-preview.redd.it/_e0j9qLhzcoKYEMPvriGOklMR98pTP1Eay3zGYjAH4U.jpg?auto=webp&amp;s=44779b2f72ff5ec7122cb87fc6b4b52b2b16b04d', 'width': 1200}, 'variants': {}}]}",,,,,
10,[],False,W3bT4G,,"[{'e': 'text', 't': 'Platinum | QC: DOGE 48, BNB 18 | r/SSB 5 | ExchSubs 18'}]","Platinum | QC: DOGE 48, BNB 18 | r/SSB 5 | ExchSubs 18",richtext,t2_a6e5bd81,False,False,False,[],False,False,1653759864,self.CryptoCurrency,https://www.reddit.com/r/CryptoCurrency/comments/uzscye/terra_luna_information/,{},uzscye,False,False,False,False,False,False,True,False,#46d160,ADVICE,"[{'e': 'text', 't': 'ADVICE'}]",e9570888-9c2a-11e3-809c-12313d1661cc,ADVICE,dark,richtext,False,False,True,0,0,False,all_ads,/r/CryptoCurrency/comments/uzscye/terra_luna_information/,False,6,1653759875,1,[removed],True,False,False,CryptoCurrency,t5_2wlj3,4930336,public,self,Terra Luna Information,0,[],1.0,https://www.reddit.com/r/CryptoCurrency/comments/uzscye/terra_luna_information/,all_ads,6,1653731064.0,,dark,self,"{'enabled': False, 'images': [{'id': 'oRFCKTmhvwmeBLcRDhWZMP2pnraCFvESnBWDs5yGffY', 'resolutions': [{'height': 135, 'url': 'https://external-preview.redd.it/xqb9kR_K2GFlTIaRX0mcGDPh0c3LgmoQS4anLFV4Gds.jpg?width=108&amp;crop=smart&amp;auto=webp&amp;s=8194208eb540dc89f040af9cf56c4af16af640a2', 'width': 108}, {'height': 270, 'url': 'https://external-preview.redd.it/xqb9kR_K2GFlTIaRX0mcGDPh0c3LgmoQS4anLFV4Gds.jpg?width=216&amp;crop=smart&amp;auto=webp&amp;s=758cb14154190484c807168ecfefd4ad6247c089', 'width': 216}, {'height': 400, 'url': 'https://external-preview.redd.it/xqb9kR_K2GFlTIaRX0mcGDPh0c3LgmoQS4anLFV4Gds.jpg?width=320&amp;crop=smart&amp;auto=webp&amp;s=44d4f0f549f67ef654fe39d425ed507930f7488e', 'width': 320}, {'height': 800, 'url': 'https://external-preview.redd.it/xqb9kR_K2GFlTIaRX0mcGDPh0c3LgmoQS4anLFV4Gds.jpg?width=640&amp;crop=smart&amp;auto=webp&amp;s=58f96392609531ce4339310eaa396721e5a635a7', 'width': 640}], 'source': {'height': 1190, 'url': 'https://external-preview.redd.it/xqb9kR_K2GFlTIaRX0mcGDPh0c3LgmoQS4anLFV4Gds.jpg?auto=webp&amp;s=0ee3a20dd001568c66c0da74ef73774f0ca0493c', 'width': 952}, 'variants': {}}]}",automod_filtered,,,,
11,[],False,W3bT4G,,"[{'e': 'text', 't': 'Platinum | QC: DOGE 48, BNB 18 | r/SSB 5 | ExchSubs 18'}]","Platinum | QC: DOGE 48, BNB 18 | r/SSB 5 | ExchSubs 18",richtext,t2_a6e5bd81,False,False,False,[],False,False,1653759492,self.CryptoCurrency,https://www.reddit.com/r/CryptoCurrency/comments/uzs8o3/terra_luna/,{},uzs8o3,False,False,False,False,False,False,True,False,#46d160,ADVICE,"[{'e': 'text', 't': 'ADVICE'}]",e9570888-9c2a-11e3-809c-12313d1661cc,ADVICE,dark,richtext,False,False,True,0,0,False,all_ads,/r/CryptoCurrency/comments/uzs8o3/terra_luna/,False,6,1653759502,1,[removed],True,False,False,CryptoCurrency,t5_2wlj3,4930320,public,self,Terra Luna,0,[],1.0,https://www.reddit.com/r/CryptoCurrency/comments/uzs8o3/terra_luna/,all_ads,6,1653730692.0,,dark,self,"{'enabled': False, 'images': [{'id': 'oRFCKTmhvwmeBLcRDhWZMP2pnraCFvESnBWDs5yGffY', 'resolutions': [{'height': 135, 'url': 'https://external-preview.redd.it/xqb9kR_K2GFlTIaRX0mcGDPh0c3LgmoQS4anLFV4Gds.jpg?width=108&amp;crop=smart&amp;auto=webp&amp;s=8194208eb540dc89f040af9cf56c4af16af640a2', 'width': 108}, {'height': 270, 'url': 'https://external-preview.redd.it/xqb9kR_K2GFlTIaRX0mcGDPh0c3LgmoQS4anLFV4Gds.jpg?width=216&amp;crop=smart&amp;auto=webp&amp;s=758cb14154190484c807168ecfefd4ad6247c089', 'width': 216}, {'height': 400, 'url': 'https://external-preview.redd.it/xqb9kR_K2GFlTIaRX0mcGDPh0c3LgmoQS4anLFV4Gds.jpg?width=320&amp;crop=smart&amp;auto=webp&amp;s=44d4f0f549f67ef654fe39d425ed507930f7488e', 'width': 320}, {'height': 800, 'url': 'https://external-preview.redd.it/xqb9kR_K2GFlTIaRX0mcGDPh0c3LgmoQS4anLFV4Gds.jpg?width=640&amp;crop=smart&amp;auto=webp&amp;s=58f96392609531ce4339310eaa396721e5a635a7', 'width': 640}], 'source': {'height': 1190, 'url': 'https://external-preview.redd.it/xqb9kR_K2GFlTIaRX0mcGDPh0c3LgmoQS4anLFV4Gds.jpg?auto=webp&amp;s=0ee3a20dd001568c66c0da74ef73774f0ca0493c', 'width': 952}, 'variants': {}}]}",automod_filtered,,,,
12,[],False,bangkockney,Warning-level2-2,"[{'e': 'text', 't': 'Tin'}]",Tin,richtext,t2_843lofmb,False,False,False,[],False,False,1653757693,i.redd.it,https://www.reddit.com/r/CryptoCurrency/comments/uzrmnm/found_some_terra_worth_grabbing_46_im_all_in_to/,{},uzrmnm,False,True,False,False,True,True,False,False,#c403f5,COMEDY,"[{'e': 'text', 't': 'COMEDY'}]",5c104cfc-d7c8-11e4-9d14-22000b6902b0,COMEDY,dark,richtext,False,False,True,1,0,False,all_ads,/r/CryptoCurrency/comments/uzrmnm/found_some_terra_worth_grabbing_46_im_all_in_to/,False,6,1653757704,1,,True,False,False,CryptoCurrency,t5_2wlj3,4930231,public,https://b.thumbs.redditmedia.com/5p1zTCkoT9vOdp_k3HHQzHI6OP-fUXSo_GcVp1Gc9uM.jpg,Found some Terra worth grabbing … 4.6% I’m all in to the moon,0,[],1.0,https://i.redd.it/7rsudvi419291.jpg,all_ads,6,1653728893.0,,dark,image,"{'enabled': True, 'images': [{'id': '05pSm6Vh8-oYA9cTsNjdkzzSIr1v2JW6hS0Qxvh52Hk', 'resolutions': [{'height': 144, 'url': 'https://preview.redd.it/7rsudvi419291.jpg?width=108&amp;crop=smart&amp;auto=webp&amp;s=d6bde3a2c62524659f698576dac68e89546299ef', 'width': 108}, {'height': 288, 'url': 'https://preview.redd.it/7rsudvi419291.jpg?width=216&amp;crop=smart&amp;auto=webp&amp;s=190a997dc2fcd37f8b36a72b94060759c605a620', 'width': 216}, {'height': 426, 'url': 'https://preview.redd.it/7rsudvi419291.jpg?width=320&amp;crop=smart&amp;auto=webp&amp;s=32ad5ba4879935242e88955e2111884bbddf24f5', 'width': 320}, {'height': 853, 'url': 'https://preview.redd.it/7rsudvi419291.jpg?width=640&amp;crop=smart&amp;auto=webp&amp;s=7b7d5c398e7d449d8f30808ac599959ee6b07700', 'width': 640}, {'height': 1280, 'url': 'https://preview.redd.it/7rsudvi419291.jpg?width=960&amp;crop=smart&amp;auto=webp&amp;s=97f84433c810b1ab9ad8116b41c7384151fd1ffe', 'width': 960}, {'height': 1440, 'url': 'https://preview.redd.it/7rsudvi419291.jpg?width=1080&amp;crop=smart&amp;auto=webp&amp;s=0eb8f308a5e2b2cc81b5f47e3033b7071d5c1bd7', 'width': 1080}], 'source': {'height': 4032, 'url': 'https://preview.redd.it/7rsudvi419291.jpg?auto=webp&amp;s=2193beeff6ae3bb9c28ecb26a6b75d3148d5b153', 'width': 3024}, 'variants': {}}]}",,140.0,140.0,https://i.redd.it/7rsudvi419291.jpg,
13,[],False,BluetheNerd,,[],,text,t2_26d26okj,False,False,False,[],False,False,1653755171,self.CryptoCurrency,https://www.reddit.com/r/CryptoCurrency/comments/uzqsou/i_didnt_receive_any_luna_20_in_the_aidrop/,{},uzqsou,False,True,False,False,False,True,True,False,#46d160,ADVICE,"[{'e': 'text', 't': 'ADVICE'}]",e9570888-9c2a-11e3-809c-12313d1661cc,ADVICE,dark,richtext,False,False,True,0,0,False,all_ads,/r/CryptoCurrency/comments/uzqsou/i_didnt_receive_any_luna_20_in_the_aidrop/,False,6,1653755182,1," As the title suggests I had 107,000 Luna in my terra wallet on May 26th, now that the airdrop is supposed to have happened I haven't received a single Luna 2.0? I've tried contacting their support but got no replies. I'm not really sure what I did wrong? Part of the reason it's frustrating is because I originally had Luna wrapped, and so had to spend a little money to move it over to my terra wallet so that I wouldn't miss out on the air drop... But I haven't been airdropped anything. Not really sure what to do, I feel a little bit screwed over. I know in the current state 107,000 luna is worth basically nothing, but still. If anyone has any advice on what or can do, or any way to make up for this and make enough to at least cover the bridge fee I had to pay, I'd love to know. Cheers.",True,False,False,CryptoCurrency,t5_2wlj3,4930081,public,self,I didn't receive any Luna 2.0 in the aidrop?,0,[],1.0,https://www.reddit.com/r/CryptoCurrency/comments/uzqsou/i_didnt_receive_any_luna_20_in_the_aidrop/,all_ads,6,1653726371.0,,,,,,,,,
14,[],False,smitaverma95,,[],,text,t2_8dpbt6pi,False,False,False,[],False,False,1653754710,news.bitcoin.com,https://www.reddit.com/r/Bitcoin/comments/uzqn8g/terra_launches_new_chain_airdropping_luna_20/,{},uzqn8g,False,False,False,False,False,False,False,False,,,[],,,dark,text,False,False,True,0,0,False,all_ads,/r/Bitcoin/comments/uzqn8g/terra_launches_new_chain_airdropping_luna_20/,False,6,1653754721,1,,False,False,False,Bitcoin,t5_2s3qj,4238187,public,https://b.thumbs.redditmedia.com/OSvAsnG2FafFpwlo6AF2oB-wX8SdoKXaP_ZF54pScEw.jpg,Terra Launches New Chain Airdropping LUNA 2.0 Coins — Token Value Slides Over 70% From Price High,0,[],1.0,https://news.bitcoin.com/terra-launches-new-chain-airdropping-luna-2-0-coins-token-value-slides-over-70-from-price-high/,all_ads,6,1653725910.0,,,link,"{'enabled': False, 'images': [{'id': 'aWp8ZvSYIUmbmiKjT0tULqAzegAWk4rgLlx2ccP5Vr0', 'resolutions': [{'height': 60, 'url': 'https://external-preview.redd.it/gh5202y5Ns9vFNziOxWKjF53bn1BKUMuxnQmcdamVvA.jpg?width=108&amp;crop=smart&amp;auto=webp&amp;s=e6965d5c3189f88ef930c96a148b81b591da695c', 'width': 108}, {'height': 121, 'url': 'https://external-preview.redd.it/gh5202y5Ns9vFNziOxWKjF53bn1BKUMuxnQmcdamVvA.jpg?width=216&amp;crop=smart&amp;auto=webp&amp;s=6afdebabfff7fee689e1a18d528d855cd3b3c041', 'width': 216}, {'height': 180, 'url': 'https://external-preview.redd.it/gh5202y5Ns9vFNziOxWKjF53bn1BKUMuxnQmcdamVvA.jpg?width=320&amp;crop=smart&amp;auto=webp&amp;s=57e85a2835901d17c96a054a4b7706ba9849823a', 'width': 320}, {'height': 360, 'url': 'https://external-preview.redd.it/gh5202y5Ns9vFNziOxWKjF53bn1BKUMuxnQmcdamVvA.jpg?width=640&amp;crop=smart&amp;auto=webp&amp;s=bc10b5b453cb7fd845cef9321a3c8cf8e7c121f5', 'width': 640}, {'height': 540, 'url': 'https://external-preview.redd.it/gh5202y5Ns9vFNziOxWKjF53bn1BKUMuxnQmcdamVvA.jpg?width=960&amp;crop=smart&amp;auto=webp&amp;s=aa409f9d6b210a46d35b4b1d4fd4f6405b6720e4', 'width': 960}, {'height': 607, 'url': 'https://external-preview.redd.it/gh5202y5Ns9vFNziOxWKjF53bn1BKUMuxnQmcdamVvA.jpg?width=1080&amp;crop=smart&amp;auto=webp&amp;s=247b7706d05a71113406c0cdf43af6d2c0ab32b8', 'width': 1080}], 'source': {'height': 720, 'url': 'https://external-preview.redd.it/gh5202y5Ns9vFNziOxWKjF53bn1BKUMuxnQmcdamVvA.jpg?auto=webp&amp;s=44e8f1676b9243d38aceb4db4d73415473e4bdc2', 'width': 1280}, 'variants': {}}]}",moderator,78.0,140.0,https://news.bitcoin.com/terra-launches-new-chain-airdropping-luna-2-0-coins-token-value-slides-over-70-from-price-high/,
15,[],False,Expreioss,,[],,text,t2_dviy3yop,False,False,False,[],False,False,1653753739,self.CryptoCurrency,https://www.reddit.com/r/CryptoCurrency/comments/uzqb90/wormhole_has_quickly_become_one_of_the_largest/,{},uzqb90,False,True,False,False,False,True,True,False,#0aa18f,NEWS,"[{'e': 'text', 't': 'GENERAL-NEWS'}]",f170aab2-246f-11ec-8143-429a193c9848,GENERAL-NEWS,light,richtext,False,False,True,0,0,False,all_ads,/r/CryptoCurrency/comments/uzqb90/wormhole_has_quickly_become_one_of_the_largest/,False,6,1653753749,1,"Wormhole has quickly become one of the largest DeFi networks in the world,"" Wormhole Foundation Director Hendrik Hofstadt said in a statement. “The network plays a key role in enabling liquidity to flow into new ecosystems, which has a profound impact on the growth and expansion of decentralizing protocols, projects, liquidity, governance and participation.”

&amp;#x200B;

However, bridges have been historically prone to hacks, with critics saying they do not offer nearly as much security as the standalone blockchains they connect.

&amp;#x200B;

Wormhole's Solana-Ethereum bridge was hacked for over $320 million in February, leading Wormhole backer and crypto market maker Jump Crypto to backstop the nine-figure exploit.

&amp;#x200B;

“The integration of Algorand to Wormhole’s network is great news for builders of this ecosystem,” said Michel Dahdah of Rand Labs, an Algorand developer who collaborated with Wormhole on the integration. “It will allow us to access all the liquidity that exists outside of Algorand, significantly boosting the TVL of the network.”

&amp;#x200B;

According to its website, Wormhole currently boasts integrations with blockchains Avalanche, Terra and Polygon, among others, and has racked up over $760 million in total value locked (TVL). 

&amp;#x200B;

The article is from Coindesk 

[https://www.coindesk.com/tech/2022/05/17/jump-backed-wormhole-bridge-expands-to-algorand-blockchain/](https://www.coindesk.com/tech/2022/05/17/jump-backed-wormhole-bridge-expands-to-algorand-blockchain/).

&amp;#x200B;

* **Our website link:** [https://ultrade.org](https://ultrade.org)
* **Our twitter page:** [https://twitter.com/ULTRADE\_org](https://twitter.com/ULTRADE_org)",True,False,False,CryptoCurrency,t5_2wlj3,4929998,public,self,"Wormhole has quickly become one of the largest DeFi networks in the world,"" Wormhole Foundation Director Hendrik Hofstadt said in a statement.",0,[],1.0,https://www.reddit.com/r/CryptoCurrency/comments/uzqb90/wormhole_has_quickly_become_one_of_the_largest/,all_ads,6,1653724939.0,,,self,"{'enabled': False, 'images': [{'id': 'Kc7wsxPi1SLxYrSFXbBs1qQUxBqsgBWeNSoET5dDXFM', 'resolutions': [{'height': 56, 'url': 'https://external-preview.redd.it/KXz_f6tDv_8QvMv0StU3_JexXnvnavaweCP0cImGB9E.jpg?width=108&amp;crop=smart&amp;auto=webp&amp;s=7c824d76266b1b4e7319cf5d1ca68f0bcd6122dc', 'width': 108}, {'height': 113, 'url': 'https://external-preview.redd.it/KXz_f6tDv_8QvMv0StU3_JexXnvnavaweCP0cImGB9E.jpg?width=216&amp;crop=smart&amp;auto=webp&amp;s=9223b1a3ede9d2e7eaa6a25211992d483f7bc5e5', 'width': 216}, {'height': 167, 'url': 'https://external-preview.redd.it/KXz_f6tDv_8QvMv0StU3_JexXnvnavaweCP0cImGB9E.jpg?width=320&amp;crop=smart&amp;auto=webp&amp;s=fdca28bba3f2e77e5a591097fa0a7e8dac31119b', 'width': 320}, {'height': 334, 'url': 'https://external-preview.redd.it/KXz_f6tDv_8QvMv0StU3_JexXnvnavaweCP0cImGB9E.jpg?width=640&amp;crop=smart&amp;auto=webp&amp;s=40dab69385cb1048f3ed1d4b0470a64905b6c15f', 'width': 640}, {'height': 502, 'url': 'https://external-preview.redd.it/KXz_f6tDv_8QvMv0StU3_JexXnvnavaweCP0cImGB9E.jpg?width=960&amp;crop=smart&amp;auto=webp&amp;s=c5c9ff3fe25ad468b51d106e8c8edd026d8fe9d0', 'width': 960}, {'height': 565, 'url': 'https://external-preview.redd.it/KXz_f6tDv_8QvMv0StU3_JexXnvnavaweCP0cImGB9E.jpg?width=1080&amp;crop=smart&amp;auto=webp&amp;s=ec9848ca07a36c9db0934b5a07f030ebf3a8aa92', 'width': 1080}], 'source': {'height': 628, 'url': 'https://external-preview.redd.it/KXz_f6tDv_8QvMv0StU3_JexXnvnavaweCP0cImGB9E.jpg?auto=webp&amp;s=17001e41dd0f1b128db60e838f0c58437a567683', 'width': 1200}, 'variants': {}}]}",,,,,
