,all_awardings,allow_live_comments,author,author_flair_background_color,author_flair_css_class,author_flair_richtext,author_flair_text,author_flair_text_color,author_flair_type,author_fullname,author_is_blocked,author_patreon_flair,author_premium,awarders,can_mod_post,contest_mode,created_utc,domain,full_link,gildings,id,is_created_from_ads_ui,is_crosspostable,is_meta,is_original_content,is_reddit_media_domain,is_robot_indexable,is_self,is_video,link_flair_background_color,link_flair_css_class,link_flair_richtext,link_flair_template_id,link_flair_text,link_flair_text_color,link_flair_type,locked,media_only,no_follow,num_comments,num_crossposts,over_18,parent_whitelist_status,permalink,pinned,pwls,retrieved_on,score,selftext,send_replies,spoiler,stickied,subreddit,subreddit_id,subreddit_subscribers,subreddit_type,suggested_sort,thumbnail,title,total_awards_received,treatment_tags,upvote_ratio,url,whitelist_status,wls,created,post_hint,preview,thumbnail_height,thumbnail_width,url_overridden_by_dest,removed_by_category,author_cakeday
0,[],False,Rboy1725,,Warning-level2-2,"[{'e': 'text', 't': 'Tin'}]",Tin,dark,richtext,t2_1twcteqb,False,False,True,[],False,False,1654012600,self.CryptoCurrency,https://www.reddit.com/r/CryptoCurrency/comments/v1th6w/do_the_robber_kwon_is_making_another_stable_coin/,{},v1th6w,False,True,False,False,False,True,True,False,#0aa18f,NEWS,"[{'e': 'text', 't': 'GENERAL-NEWS'}]",f170aab2-246f-11ec-8143-429a193c9848,GENERAL-NEWS,light,richtext,False,False,True,0,0,False,all_ads,/r/CryptoCurrency/comments/v1th6w/do_the_robber_kwon_is_making_another_stable_coin/,False,6,1654012610,1,"https://www.benzinga.com/markets/cryptocurrency/22/05/27466828/do-kwon-is-reportedly-working-on-another-decentralized-stablecoin-for-terra-2-0

Why in the hell would anyone trust luna 2.0 and Do Kwon after what has already happened, it's like this dude just dgaf.

I'm going to stay far away from this.

What are you guys thinking? 

As far as confirmed goes, whale watch guru on Twitter said that it is confirmed that terraform labs is making another defi stable coin.

Will people really invest? I can't see why.

Buy ATOM.

❤️",True,False,False,CryptoCurrency,t5_2wlj3,4941871,public,new,self,"Do ""the robber"" Kwon is making another stable coin for Luna 2 0",0,[],1.0,https://www.reddit.com/r/CryptoCurrency/comments/v1th6w/do_the_robber_kwon_is_making_another_stable_coin/,all_ads,6,1653983800.0,,,,,,,
1,[],False,MaximumSandwich5,,,"[{'e': 'text', 't': 'Platinum | QC: LTC 100, CC 66 | TraderSubs 100'}]","Platinum | QC: LTC 100, CC 66 | TraderSubs 100",dark,richtext,t2_4r2od0lk,False,False,False,[],False,False,1654011951,vulcanpost.com,https://www.reddit.com/r/CryptoCurrency/comments/v1t8xl/do_kwon_i_dont_debate_the_poor_and_i_dont_have/,{},v1t8xl,False,True,False,False,False,True,False,False,#c403f5,COMEDY,"[{'e': 'text', 't': 'COMEDY'}]",5c104cfc-d7c8-11e4-9d14-22000b6902b0,COMEDY,dark,richtext,False,False,True,0,0,False,all_ads,/r/CryptoCurrency/comments/v1t8xl/do_kwon_i_dont_debate_the_poor_and_i_dont_have/,False,6,1654011962,1,,False,False,False,CryptoCurrency,t5_2wlj3,4941820,public,new,https://b.thumbs.redditmedia.com/xXP9VbpnBMdthH7zmnfrQKKY7XU3wuTgi812Jt1nI5M.jpg,"Do Kwon: ""I don't debate the poor... and I don't have change for her at the moment"" responding to a finance writer that warned people about algo stablecoins and such back in July last year",0,[],1.0,https://vulcanpost.com/788771/lessons-from-fiat-terraform-labs-luna-crash/,all_ads,6,1653983151.0,link,"{'enabled': False, 'images': [{'id': 'ht_0luG-5HCjuUbqIyz0jlPa8eV8FWNP6Kzx-aKPdt4', 'resolutions': [{'height': 56, 'url': 'https://external-preview.redd.it/3tWenfIQLi2--H_NBKHdx0PIkAHMPiK15U_OqRsTySs.jpg?width=108&amp;crop=smart&amp;auto=webp&amp;s=18defa28b1de503efc87727bf1cd75f6d679c8f5', 'width': 108}, {'height': 113, 'url': 'https://external-preview.redd.it/3tWenfIQLi2--H_NBKHdx0PIkAHMPiK15U_OqRsTySs.jpg?width=216&amp;crop=smart&amp;auto=webp&amp;s=c426dd4657908909634b6a7d225b48520b4797a6', 'width': 216}, {'height': 168, 'url': 'https://external-preview.redd.it/3tWenfIQLi2--H_NBKHdx0PIkAHMPiK15U_OqRsTySs.jpg?width=320&amp;crop=smart&amp;auto=webp&amp;s=bc29d79e70e1cc2db1ffc6b8661c1e94de1ae509', 'width': 320}, {'height': 336, 'url': 'https://external-preview.redd.it/3tWenfIQLi2--H_NBKHdx0PIkAHMPiK15U_OqRsTySs.jpg?width=640&amp;crop=smart&amp;auto=webp&amp;s=d7290350bd6a02328d4ffb8b3bcfe983500d68e4', 'width': 640}, {'height': 504, 'url': 'https://external-preview.redd.it/3tWenfIQLi2--H_NBKHdx0PIkAHMPiK15U_OqRsTySs.jpg?width=960&amp;crop=smart&amp;auto=webp&amp;s=b3984c3d7732f4800ea1958a035a9c88fc49ffed', 'width': 960}, {'height': 567, 'url': 'https://external-preview.redd.it/3tWenfIQLi2--H_NBKHdx0PIkAHMPiK15U_OqRsTySs.jpg?width=1080&amp;crop=smart&amp;auto=webp&amp;s=d7bb94e903e9fd04380f0729ae2849c6a86b8b8e', 'width': 1080}], 'source': {'height': 630, 'url': 'https://external-preview.redd.it/3tWenfIQLi2--H_NBKHdx0PIkAHMPiK15U_OqRsTySs.jpg?auto=webp&amp;s=575b32f676c4955c18ebba0842756b541478b431', 'width': 1200}, 'variants': {}}]}",73.0,140.0,https://vulcanpost.com/788771/lessons-from-fiat-terraform-labs-luna-crash/,,
2,[],False,redx51,,,[],,,text,t2_ore7u4l,False,False,False,[],False,False,1654000550,i.redd.it,https://www.reddit.com/r/CryptoCurrency/comments/v1pa84/is_do_kwon_telling_the_truth/,{},v1pa84,False,True,False,False,True,True,False,False,#c403f5,COMEDY,"[{'e': 'text', 't': 'COMEDY'}]",5c104cfc-d7c8-11e4-9d14-22000b6902b0,COMEDY,dark,richtext,False,False,False,1,0,False,all_ads,/r/CryptoCurrency/comments/v1pa84/is_do_kwon_telling_the_truth/,False,6,1654000561,1,,True,False,False,CryptoCurrency,t5_2wlj3,4941199,public,new,https://b.thumbs.redditmedia.com/tgOzugaMLD_ErURARL9XA33_NnfExXDaBHr2kdwbrWg.jpg,Is DO KWON telling the truth?,0,[],1.0,https://i.redd.it/py1e6bu63t291.jpg,all_ads,6,1653971750.0,image,"{'enabled': True, 'images': [{'id': 'VJFmSFVI1YcGE7AWy9OxdOk8WW2oL_sHKqpikwAzwU0', 'resolutions': [{'height': 108, 'url': 'https://preview.redd.it/py1e6bu63t291.jpg?width=108&amp;crop=smart&amp;auto=webp&amp;s=04e32ae122d019e783cedfb8fda04f34b36ccd65', 'width': 108}, {'height': 216, 'url': 'https://preview.redd.it/py1e6bu63t291.jpg?width=216&amp;crop=smart&amp;auto=webp&amp;s=8f7beb6698ca3ae224925d7e9b01071ab02a4caf', 'width': 216}, {'height': 320, 'url': 'https://preview.redd.it/py1e6bu63t291.jpg?width=320&amp;crop=smart&amp;auto=webp&amp;s=1768ff0d24dc2adfd6f959467c4e577f659abc7f', 'width': 320}, {'height': 640, 'url': 'https://preview.redd.it/py1e6bu63t291.jpg?width=640&amp;crop=smart&amp;auto=webp&amp;s=d6a60c0330405a4feadbd7e6e96fc5409c0d48cf', 'width': 640}, {'height': 960, 'url': 'https://preview.redd.it/py1e6bu63t291.jpg?width=960&amp;crop=smart&amp;auto=webp&amp;s=2269c0a1f3abe22cf8f12b8dce01215833ce9760', 'width': 960}, {'height': 1080, 'url': 'https://preview.redd.it/py1e6bu63t291.jpg?width=1080&amp;crop=smart&amp;auto=webp&amp;s=8b47a245b733adc2ebae28847528137fb3a4c0be', 'width': 1080}], 'source': {'height': 1120, 'url': 'https://preview.redd.it/py1e6bu63t291.jpg?auto=webp&amp;s=1c5ae6e36057e60dc59b1bfffa27c0bedb94ac39', 'width': 1120}, 'variants': {}}]}",140.0,140.0,https://i.redd.it/py1e6bu63t291.jpg,,
3,[],False,altranger9000,,Warning-level2-2,"[{'e': 'text', 't': 'Tin'}]",Tin,dark,richtext,t2_c4c6y2gg,False,False,False,[],False,False,1653993421,watcher.guru,https://www.reddit.com/r/CryptoCurrency/comments/v1najp/do_kwon_to_now_explore_decentralized_stablecoin/,{},v1najp,False,False,False,False,False,False,False,False,,mod4,"[{'e': 'text', 't': '🔴 UNRELIABLE SOURCE'}]",,🔴 UNRELIABLE SOURCE,dark,richtext,False,False,True,1,0,False,all_ads,/r/CryptoCurrency/comments/v1najp/do_kwon_to_now_explore_decentralized_stablecoin/,False,6,1653993431,1,,True,False,False,CryptoCurrency,t5_2wlj3,4940855,public,,https://a.thumbs.redditmedia.com/GcHw2Jl9aDXuzCFf8c4Q9FN1Q05bfRtNL6OZAvUACQ4.jpg,Do Kwon to now explore decentralized stablecoin with Terra 2.0?,0,[],1.0,https://watcher.guru/news/do-kwon-to-now-explore-decentralized-stablecoin-with-terra-2-0,all_ads,6,1653964621.0,link,"{'enabled': False, 'images': [{'id': 'c-hMpkxWzx7BTbvjcMuTo0iRzev__JBUnpMh7zYuT6s', 'resolutions': [{'height': 72, 'url': 'https://external-preview.redd.it/6fDP_Y_YFmdPGfKqm64H1hdgN9cxNs3zx_wu2hWPGBA.jpg?width=108&amp;crop=smart&amp;auto=webp&amp;s=1b647a9c13170b8d853fc542a97b33ea71d91602', 'width': 108}, {'height': 144, 'url': 'https://external-preview.redd.it/6fDP_Y_YFmdPGfKqm64H1hdgN9cxNs3zx_wu2hWPGBA.jpg?width=216&amp;crop=smart&amp;auto=webp&amp;s=7b167101f85c186553d106339a91e87c4e26f63e', 'width': 216}, {'height': 213, 'url': 'https://external-preview.redd.it/6fDP_Y_YFmdPGfKqm64H1hdgN9cxNs3zx_wu2hWPGBA.jpg?width=320&amp;crop=smart&amp;auto=webp&amp;s=c956a9a31dcce1e8a99f403841ce2247a400a254', 'width': 320}, {'height': 426, 'url': 'https://external-preview.redd.it/6fDP_Y_YFmdPGfKqm64H1hdgN9cxNs3zx_wu2hWPGBA.jpg?width=640&amp;crop=smart&amp;auto=webp&amp;s=55d8dd0ca98e2bd5e1015efde83e33559d6226d5', 'width': 640}, {'height': 640, 'url': 'https://external-preview.redd.it/6fDP_Y_YFmdPGfKqm64H1hdgN9cxNs3zx_wu2hWPGBA.jpg?width=960&amp;crop=smart&amp;auto=webp&amp;s=934a593ed21ccb2b14c6363d25b026c3eb94e2c1', 'width': 960}, {'height': 720, 'url': 'https://external-preview.redd.it/6fDP_Y_YFmdPGfKqm64H1hdgN9cxNs3zx_wu2hWPGBA.jpg?width=1080&amp;crop=smart&amp;auto=webp&amp;s=a421c98ff1ff29a0dd25c1d7faf9f067e045223e', 'width': 1080}], 'source': {'height': 980, 'url': 'https://external-preview.redd.it/6fDP_Y_YFmdPGfKqm64H1hdgN9cxNs3zx_wu2hWPGBA.jpg?auto=webp&amp;s=cbdad5957b5a57c8b9faea29c344762ddec9f665', 'width': 1470}, 'variants': {}}]}",93.0,140.0,https://watcher.guru/news/do-kwon-to-now-explore-decentralized-stablecoin-with-terra-2-0,reddit,
4,[],False,Set1Less,,,[],,,text,t2_7itayt3n,False,False,True,[],False,False,1653987691,decrypt.co,https://www.reddit.com/r/CryptoCurrency/comments/v1ly5b/south_korean_authorities_launch_probe_into_terra/,{},v1ly5b,False,False,False,False,False,False,False,False,#0aa18f,NEWS,"[{'e': 'text', 't': 'GENERAL-NEWS'}]",f170aab2-246f-11ec-8143-429a193c9848,GENERAL-NEWS,light,richtext,False,False,True,1,0,False,all_ads,/r/CryptoCurrency/comments/v1ly5b/south_korean_authorities_launch_probe_into_terra/,False,6,1653987701,1,,True,False,False,CryptoCurrency,t5_2wlj3,4940638,public,,https://b.thumbs.redditmedia.com/IyIqllRrIbxfV4C5bMv208PpBv4irt_aZdDn_hKJ6WQ.jpg,South Korean Authorities Launch Probe Into Terra Crash: Report. Terraform Labs Do Kwon allegedly ignored Terra’s design flaws to push for the launch of the UST stablecoin,0,[],1.0,https://decrypt.co/101658/south-korean-authorities-launch-probe-into-terra-crash-report,all_ads,6,1653958891.0,link,"{'enabled': False, 'images': [{'id': 'NEwJ9mlWQBBVIEdb-BJZYcCzeDkIGqDQUBRIP1JCxfM', 'resolutions': [{'height': 54, 'url': 'https://external-preview.redd.it/mzn5Oe66tZBKZWEp35B7vv_5-3VVsjlJ_JajxHSQ2Uk.jpg?width=108&amp;crop=smart&amp;auto=webp&amp;s=32936a28d4dd8486c6344005a2ef4067617b2496', 'width': 108}, {'height': 108, 'url': 'https://external-preview.redd.it/mzn5Oe66tZBKZWEp35B7vv_5-3VVsjlJ_JajxHSQ2Uk.jpg?width=216&amp;crop=smart&amp;auto=webp&amp;s=5dd31ad0e1ad58bfc8cea29bf4e3781ab69f9759', 'width': 216}, {'height': 160, 'url': 'https://external-preview.redd.it/mzn5Oe66tZBKZWEp35B7vv_5-3VVsjlJ_JajxHSQ2Uk.jpg?width=320&amp;crop=smart&amp;auto=webp&amp;s=1d87d9b2dac59d64d0d6ac497461068cb0ec8a1e', 'width': 320}, {'height': 320, 'url': 'https://external-preview.redd.it/mzn5Oe66tZBKZWEp35B7vv_5-3VVsjlJ_JajxHSQ2Uk.jpg?width=640&amp;crop=smart&amp;auto=webp&amp;s=589f25c6add705d763bc7af1859e7774c1bca465', 'width': 640}, {'height': 480, 'url': 'https://external-preview.redd.it/mzn5Oe66tZBKZWEp35B7vv_5-3VVsjlJ_JajxHSQ2Uk.jpg?width=960&amp;crop=smart&amp;auto=webp&amp;s=a33edb7f5c0d6db2256bcf406f5495a114d0ff7d', 'width': 960}], 'source': {'height': 512, 'url': 'https://external-preview.redd.it/mzn5Oe66tZBKZWEp35B7vv_5-3VVsjlJ_JajxHSQ2Uk.jpg?auto=webp&amp;s=8959006d648e89f5295cd810c50bf29f323e0d8c', 'width': 1024}, 'variants': {}}]}",70.0,140.0,https://decrypt.co/101658/south-korean-authorities-launch-probe-into-terra-crash-report,moderator,
5,[],False,pm_me_ur_nc_titties,,Warning-level2-2,"[{'e': 'text', 't': 'Tin'}]",Tin,dark,richtext,t2_f4tf7c3,False,False,False,[],False,False,1653987101,voi.id,https://www.reddit.com/r/CryptoCurrency/comments/v1ltjp/do_kwon_reportedly_shut_down_terraform_labs_in/,{},v1ltjp,False,True,False,False,False,True,False,False,#0aa18f,NEWS,"[{'e': 'text', 't': 'GENERAL-NEWS'}]",f170aab2-246f-11ec-8143-429a193c9848,GENERAL-NEWS,light,richtext,False,False,True,0,0,False,all_ads,/r/CryptoCurrency/comments/v1ltjp/do_kwon_reportedly_shut_down_terraform_labs_in/,False,6,1653987112,1,,True,False,False,CryptoCurrency,t5_2wlj3,4940615,public,,https://a.thumbs.redditmedia.com/-pdfSBUj3dFPAIZcHNht6ZYD5L3hzR_bPoxReUBYGV4.jpg,Do Kwon reportedly shut down Terraform Labs in Korea days before the collapse of LUNA and UST,0,[],1.0,https://voi.id/en/technology/169706/ini,all_ads,6,1653958301.0,link,"{'enabled': False, 'images': [{'id': '_vGhKx6sqvsUwZ8QthNOYhkzdipmPH7HX107--_b-2g', 'resolutions': [{'height': 60, 'url': 'https://external-preview.redd.it/MZTgRfWH3TxsIb7KqyONYwKly9ofyVAa0Ux-e8lhOk0.jpg?width=108&amp;crop=smart&amp;auto=webp&amp;s=a67384933b23a4c1b5af7f0cd39215964c278496', 'width': 108}, {'height': 121, 'url': 'https://external-preview.redd.it/MZTgRfWH3TxsIb7KqyONYwKly9ofyVAa0Ux-e8lhOk0.jpg?width=216&amp;crop=smart&amp;auto=webp&amp;s=ba9997f4482becb67de9e4089ac6fc79f572f925', 'width': 216}, {'height': 179, 'url': 'https://external-preview.redd.it/MZTgRfWH3TxsIb7KqyONYwKly9ofyVAa0Ux-e8lhOk0.jpg?width=320&amp;crop=smart&amp;auto=webp&amp;s=c1148d6f70fa75ba421232d0968c6f34605f38b7', 'width': 320}], 'source': {'height': 320, 'url': 'https://external-preview.redd.it/MZTgRfWH3TxsIb7KqyONYwKly9ofyVAa0Ux-e8lhOk0.jpg?auto=webp&amp;s=04dd230067ec5e0503bb4131f54b19539d795a30', 'width': 569}, 'variants': {}}]}",78.0,140.0,https://voi.id/en/technology/169706/ini,,
6,[],False,Sabast-,,Warning-level2-2,"[{'e': 'text', 't': 'Tin'}]",Tin,dark,richtext,t2_cfi4tblj,False,False,False,[],False,False,1653955557,self.CryptoCurrency,https://www.reddit.com/r/CryptoCurrency/comments/v1dff2/a_strong_associated_cult_of_personality_should_be/,{},v1dff2,False,True,False,True,False,True,True,False,#7193ff,DISCUSSION,"[{'e': 'text', 't': 'DISCUSSION'}]",87049662-0882-11e5-82e1-0e9d1a9f7761,DISCUSSION,dark,richtext,False,False,True,0,0,False,all_ads,/r/CryptoCurrency/comments/v1dff2/a_strong_associated_cult_of_personality_should_be/,False,6,1653955567,1,"Granted, Musk/Kwon (Muskwon?) aren't perfect illustrations because Kwon's outsized personality and visibility arguably didn't necessarily \*directly\* cause the collapse of LUNA/UST.

But Elon's regular pump and dump of Doge has (or had) been an ongoing thing, and it seems pretty clear that Tesla investors have grown tired of his childish antics in general and has shed hundreds of billions in market cap. (Well, on top of the dozen or so significant failed vaporware promises, the securities fraud, Twitter meltdowns, etc. And Tesla has generally been performing far worse than the rest of the tech and manufacturing markets on price trend.)

And it's not helping Musk - and therefore Tesla stock - that a sexual harassment scandal is breaking around the same time he's outing himself as a member of the very political party that has adopted an irrational hatred of electric cars as one of their favorite phony wedge issues.

Remember when ReiserFS was a very promising Linux filesystem? Riiiight up until about the time Hans Reiser murdered his wife. Then it was all but abandoned.

ETH is my favorite cryptocurrency. But honestly it makes me quite uneasy that Vitalik Buterin is such an idolized cult of personality so strongly and inexorably tied to it. Sure, he didn't seem to ""ask"" for it, sure, he's pretty quiet and soft-spoken, and the fanboys are who seem to have bestowed god-like status on him. And sure, he seems like a genuinely good and smart guy worthy of admiration. But news flash: every human being is a little good, a little bad, and mostly average. At any moment, a dead hooker could turn up in his trunk. Maybe his hooker, maybe not but things look bad. (Etc.) Either way, it would be a huge blow to ETH. Hopefully temporary, but anyone who thinks they know for sure what would happen to the long-term price of ETH one way or another, is delusional.

And also, arguably to a lesser degree, with Cardano and Hoskinson. And several other projects.

One thing I like about BTC, is there is no one cult of personality attached to it. (At least at the tech or governance level. Michael Saylor doesn't count.) Maybe it was a blessing in disguise - at least for the future of BTC, meaning no disrespect to the real and genuine loss of a human being - that ""Satoshi Nakamoto"" is \[likely\] no longer alive.

Again - it's not always the fault of the founders/creators. Often it's just our own hardwired predilection to seek, find, and idolize a leader. Sometimes anyone will do, it seems. Authoritarian-tending American culture especially is literally drowning in it. We just call it ""celebrity superstars"", ""sports heroes"", ""supermodels"", ""military heroes"", ""pop-star worship"", ""the next american idol"", ""thin blue line"". And literal cults masquerading as ""televangelist audiences"", megachurch patrons, zealous red-hatted followers of politicians eating the horse paste, etc.

The solution - to *so many* of life's problems, is to stop idolizing mere humans, for fuck's sake. All of them. Especially the Kardashians.

But if you see someone rise from the dead with your own eyes, and/or lift an unliftable hammer - and can verify that you haven't gone insane - then maybe, *maybe* go all in on their shitcoin.

Until then, \*do\* consider a cult of personality strongly associated with a project - whether s/he chose to be or not - to be a risk factor, and adjust your own target price accordingly.",True,False,False,CryptoCurrency,t5_2wlj3,4939204,public,,self,"A strong associated cult of personality should be viewed as a risk factor for any investment or project, especially crypto. Kwon and Musk are just recent examples. This includes ETH and Buterin.",0,[],1.0,https://www.reddit.com/r/CryptoCurrency/comments/v1dff2/a_strong_associated_cult_of_personality_should_be/,all_ads,6,1653926757.0,,,,,,,True
7,[],False,pm_me_ur_nc_titties,,Warning-level2-2,"[{'e': 'text', 't': 'Tin'}]",Tin,dark,richtext,t2_f4tf7c3,False,False,False,[],False,False,1653941752,voi.id,https://www.reddit.com/r/CryptoCurrency/comments/v18typ/do_kwon_reportedly_shut_down_terraform_labs_in/,{},v18typ,False,True,False,False,False,True,False,False,#0aa18f,NEWS,"[{'e': 'text', 't': 'GENERAL-NEWS'}]",f170aab2-246f-11ec-8143-429a193c9848,GENERAL-NEWS,light,richtext,False,False,True,0,0,False,all_ads,/r/CryptoCurrency/comments/v18typ/do_kwon_reportedly_shut_down_terraform_labs_in/,False,6,1653941763,1,,True,False,False,CryptoCurrency,t5_2wlj3,4938464,public,new,https://b.thumbs.redditmedia.com/ZOT8qwxq4r22KZovYysjRDY4Tr1eobJlMaQFHQDDAcQ.jpg,Do Kwon reportedly shut down Terraform Labs in Korea days before the collapse of cryptocurrency terra (LUNA) and stablecoin TerraUSD (UST).,0,[],1.0,"https://voi.id/en/technology/169706/ini-yang-dilakukan-do-kwon-sebelum-terra-luna-rontok#:~:text=According%20to%20Bitcoin.com%20News,and%20stablecoin%20TerraUSD%20(UST).",all_ads,6,1653912952.0,link,"{'enabled': False, 'images': [{'id': '_vGhKx6sqvsUwZ8QthNOYhkzdipmPH7HX107--_b-2g', 'resolutions': [{'height': 60, 'url': 'https://external-preview.redd.it/MZTgRfWH3TxsIb7KqyONYwKly9ofyVAa0Ux-e8lhOk0.jpg?width=108&amp;crop=smart&amp;auto=webp&amp;s=a67384933b23a4c1b5af7f0cd39215964c278496', 'width': 108}, {'height': 121, 'url': 'https://external-preview.redd.it/MZTgRfWH3TxsIb7KqyONYwKly9ofyVAa0Ux-e8lhOk0.jpg?width=216&amp;crop=smart&amp;auto=webp&amp;s=ba9997f4482becb67de9e4089ac6fc79f572f925', 'width': 216}, {'height': 179, 'url': 'https://external-preview.redd.it/MZTgRfWH3TxsIb7KqyONYwKly9ofyVAa0Ux-e8lhOk0.jpg?width=320&amp;crop=smart&amp;auto=webp&amp;s=c1148d6f70fa75ba421232d0968c6f34605f38b7', 'width': 320}], 'source': {'height': 320, 'url': 'https://external-preview.redd.it/MZTgRfWH3TxsIb7KqyONYwKly9ofyVAa0Ux-e8lhOk0.jpg?auto=webp&amp;s=04dd230067ec5e0503bb4131f54b19539d795a30', 'width': 569}, 'variants': {}}]}",78.0,140.0,"https://voi.id/en/technology/169706/ini-yang-dilakukan-do-kwon-sebelum-terra-luna-rontok#:~:text=According%20to%20Bitcoin.com%20News,and%20stablecoin%20TerraUSD%20(UST).",,
8,[],False,youanus,,,[],,,text,t2_fksc12dj,False,False,False,[],False,False,1653932652,u.today,https://www.reddit.com/r/CryptoCurrency/comments/v15l2l/nassim_taleb_says_do_kwon_is_more_dangerous_than/,{},v15l2l,False,False,False,False,False,False,False,False,#7193ff,DISCUSSION,"[{'e': 'text', 't': 'DISCUSSION'}]",87049662-0882-11e5-82e1-0e9d1a9f7761,DISCUSSION,dark,richtext,False,False,True,0,0,False,all_ads,/r/CryptoCurrency/comments/v15l2l/nassim_taleb_says_do_kwon_is_more_dangerous_than/,False,6,1653932663,1,,True,False,False,CryptoCurrency,t5_2wlj3,4937974,public,,https://a.thumbs.redditmedia.com/CyY0hTZ1rzOR8XoPXEv_bXz2wgRc9ijPM3iQd0u_xH0.jpg,"Nassim Taleb says Do Kwon is more dangerous than Bernie Madoff, suggests he should be behind bars",0,[],1.0,https://u.today/nassim-taleb-claims-terras-do-kwon-is-more-dangerous-than-bernie-madoff,all_ads,6,1653903852.0,link,"{'enabled': False, 'images': [{'id': 'vOIohSbOOE2r0Zza7BXdEhqbyhiq1JSgUHpamiWnrIc', 'resolutions': [{'height': 81, 'url': 'https://external-preview.redd.it/5AJGfYQZnF7Uvem8rSNjThDCICVgKKzGZgHHYdznmIQ.jpg?width=108&amp;crop=smart&amp;auto=webp&amp;s=f6696f024d446733e72344d5c7d950e9f4262947', 'width': 108}, {'height': 162, 'url': 'https://external-preview.redd.it/5AJGfYQZnF7Uvem8rSNjThDCICVgKKzGZgHHYdznmIQ.jpg?width=216&amp;crop=smart&amp;auto=webp&amp;s=4beaf93eb7786c54d06e5a4348a3311bb987cbd5', 'width': 216}, {'height': 240, 'url': 'https://external-preview.redd.it/5AJGfYQZnF7Uvem8rSNjThDCICVgKKzGZgHHYdznmIQ.jpg?width=320&amp;crop=smart&amp;auto=webp&amp;s=bad072088d74cc74f31bc1f92d9e0e0cf3ff542e', 'width': 320}, {'height': 480, 'url': 'https://external-preview.redd.it/5AJGfYQZnF7Uvem8rSNjThDCICVgKKzGZgHHYdznmIQ.jpg?width=640&amp;crop=smart&amp;auto=webp&amp;s=7e2346eb12825dfb75c16c8c934da0feed64d181', 'width': 640}, {'height': 720, 'url': 'https://external-preview.redd.it/5AJGfYQZnF7Uvem8rSNjThDCICVgKKzGZgHHYdznmIQ.jpg?width=960&amp;crop=smart&amp;auto=webp&amp;s=84b504b0429e047b0f7993effd032be7195a0b48', 'width': 960}, {'height': 810, 'url': 'https://external-preview.redd.it/5AJGfYQZnF7Uvem8rSNjThDCICVgKKzGZgHHYdznmIQ.jpg?width=1080&amp;crop=smart&amp;auto=webp&amp;s=c00bcd67c8e915c52e233ec04f77602e7c827492', 'width': 1080}], 'source': {'height': 900, 'url': 'https://external-preview.redd.it/5AJGfYQZnF7Uvem8rSNjThDCICVgKKzGZgHHYdznmIQ.jpg?auto=webp&amp;s=c517e833df9a925102bc04ca881b7e5b4a55ae8d', 'width': 1200}, 'variants': {}}]}",105.0,140.0,https://u.today/nassim-taleb-claims-terras-do-kwon-is-more-dangerous-than-bernie-madoff,moderator,
9,[],False,busterrulezzz,,,"[{'e': 'text', 't': 'Silver|QC:CC421,ETH106,r/DeFi19|NANO40|TraderSubs59'}]","Silver|QC:CC421,ETH106,r/DeFi19|NANO40|TraderSubs59",dark,richtext,t2_7nz1monz,False,False,True,[],False,False,1653932126,self.CryptoCurrency,https://www.reddit.com/r/CryptoCurrency/comments/v15eiw/ive_read_the_496_pages_of_the_cryptopians_by/,{},v15eiw,False,True,False,False,False,True,True,False,#7193ff,DISCUSSION,"[{'e': 'text', 't': 'DISCUSSION'}]",87049662-0882-11e5-82e1-0e9d1a9f7761,DISCUSSION,dark,richtext,False,False,True,0,0,False,all_ads,/r/CryptoCurrency/comments/v15eiw/ive_read_the_496_pages_of_the_cryptopians_by/,False,6,1653932136,1,"*The Cryptopians* is one of the first books to take a deep dive into the early history of Ethereum. And when I say ""in depth"", I'm not kidding: journalist Laura Shin gives an almost daily description of the days of Vitalik Buterin and other developers for the period 2013-2018. 

She interviewed hundreds of people and consulted thousands of documents of all kinds, both on the blockchain and in official reports from the Ethereum Foundation, to paint a picture of this historic crypto moment.

The book came out last February, I received it in early April, and I just finished reading it. Here is five things I learned!

**1-Crypto is fundamentally a chaotic universe and full of drama**

The first months of Ethereum were marked by disputes, dissension, power plays and total chaos. Developers bickered with financiers, financiers bickered with the Ethereum Foundation, the Ethereum Foundation bickered with community members, and community members bickered with each other... Many great people were involved in the project, and their egos often took precedence over the common good.

The book left me with the impression that chaos was inherent in the crypto world. No project, even the most popular and best built, escapes it. 

**2-Charles Hoskinson, founder of Cardano, is a liar**

I am absolutely sorry, and this is not a judgment on Cardano's blockchain, but there is no longer any doubt in my mind that Charles Hoskinson is a liar who has taken advantage of his proximity to Vitalik Buterin to build a reputation. He self-proclaimed himself ""CEO"" of Ethereum, an absurd title, and then spent his days talking about Lamborghinis while smoking cigars while the real developers did all the work. He also made it look like he was a PhD candidate, which is not true: he never got past the undergrad stage. Even worse: when confronted with the evidence by Laura Shin, he refused to admit the truth and continued to lie, Do Kwon style.

**3-Money makes everyone lose their mind... except Vitalik**

Initially, despite the bickering, there was generally a good-natured atmosphere in the Ethereum developer community. But when the price of ether started to rise, people started to show their true colors. The DAO hack is a perfect example: the person who executed this attack would have been a hero in the community if he or she had chosen the path of honesty, and he or she would have been rewarded; but the amount of money at stake - in the hundreds of millions of dollars - made him or her lose his or her mind, and the person tried to keep it all to himself or herself. 

Conversely, there is Vitalik Buterin, whose personal fortune is valued in the hundreds of millions of dollars, but who couldn't care less. Imagine what Ethereum would look like if a narcissistic megalomaniac had been at its helm... 

**4-The nerds always win**

Several times in the early years of Ethereum, the project could have gone very wrong. Multiple ""DOS"" attacks were launched, financiers wanted to ""sell"" Ethereum to private companies, jealous developers wanted to convince regulatory authorities that Ethereum was a bad project...

But at the end of the day, the nerds won. Why did they win? Because they are the only ones who truly understand the full potential of blockchain technology. So they put their heart and soul into it, often at the expense of their personal lives. 

Never bet against the nerds; in an increasingly digital world, they will always win.

**5-Nobody knows what the future will bring**

We are all convinced on this sub that crypto will play an important role in the economy of the future. But one thing I took away from my reading is that no one knows what the technology will be used for.

Vitalik Buterin, for example, never saw non-fungible tokens coming; at least, certainly not that they would be used to sell monkey pictures. If even the inventor of Ethereum couldn't foresee the explosion in popularity of ERC-721, how can we mere mortals claim to know what crypto will look like in five years?

My takeaway is that you always have to keep an open mind if you want to survive in this universe. We are still in the infancy of crypto, no matter what the no-coiners say, and no one knows what the future holds. I find it exciting!

I hope this short summary was helpful, and I wish you all a very green weekly candle!",True,False,False,CryptoCurrency,t5_2wlj3,4937945,public,new,self,"I've read the 496 pages of ""The Cryptopians"" by Laura Shin so you don't have to",0,[],1.0,https://www.reddit.com/r/CryptoCurrency/comments/v15eiw/ive_read_the_496_pages_of_the_cryptopians_by/,all_ads,6,1653903326.0,,,,,,,
10,[],False,Kingkwon83,,,"[{'e': 'text', 't': 'Platinum | QC: CC 134 | r/SSB 14 | r/WSB 83'}]",Platinum | QC: CC 134 | r/SSB 14 | r/WSB 83,dark,richtext,t2_wjl3s,False,False,False,[],False,False,1653927870,self.CryptoCurrency,https://www.reddit.com/r/CryptoCurrency/comments/v13w1m/justin_sun_trying_to_become_the_next_do_kwon_with/,{},v13w1m,False,True,False,False,False,True,True,False,#7193ff,DISCUSSION,"[{'e': 'text', 't': 'DISCUSSION'}]",87049662-0882-11e5-82e1-0e9d1a9f7761,DISCUSSION,dark,richtext,False,False,True,0,0,False,all_ads,/r/CryptoCurrency/comments/v13w1m/justin_sun_trying_to_become_the_next_do_kwon_with/,False,6,1653927880,1,"Oh boy

&gt;Tron, the Justin Sun-led blockchain launched in 2018, is now DeFi 's third-largest blockchain in terms of total value locked (TVL).

&gt;According to DefiLlama, the total value locked (TVL) across Tron'y nine different apps currently stands at $5.9 billion, up 44% over the past month.

&gt;The only two chains ahead of it are BNB Chain and the industry leader Ethereum. Binance Smart Chain's TVL stands at $10.8 billion and Ethereum hosts over $93 billion.

&gt;What's more, Tron is the only blockchain to have enjoyed continued growth across all major networks. 

&gt;Ethereum, Polygon, Solana, Avalanche, BNB Chain, and Fantom have shed double-digits over the past month.

&gt;**Tron Becomes DeFi’s Third-Largest Blockchain Thanks to Terra-Like Stablecoin**

Tron, the Justin Sun-led blockchain launched in 2018, is now DeFi 's third-largest blockchain in terms of total value locked (TVL).

According to DefiLlama, the total value locked (TVL) across Tron'y nine different apps currently stands at $5.9 billion, up 44% over the past month.


The only two chains ahead of it are BNB Chain and the industry leader Ethereum. Binance Smart Chain's TVL stands at $10.8 billion and Ethereum hosts over $93 billion.

What's more, Tron is the only blockchain to have enjoyed continued growth across all major networks. 

Ethereum, Polygon, Solana, Avalanche, BNB Chain, and Fantom have shed double-digits over the past month.

&gt;**What's driving Tron?
Tron's bullish activity has been primarily driven by the launch of its new algorithmic stablecoin promising double-digit returns, a scheme not dissimilar to the recently-imploded Terra stablecoin.

&gt;Unlike Tether’s USDT or Circle’s USDC, USDD isn’t backed by anything and is instead governed by smart contract algorithms. The algorithm governing the stablecoin’s dollar-peg is an arbitrage trade between USDD and TRX, Tron's network’s native token.

&gt;Investors can always swap (and remove from the supply) 1 USDD for $1 worth of TRX. If the price of USDD falls below a dollar peg, investors can buy the discounted USDD and swap it for TRX, pocketing the difference by selling the TRX tokens in the open market.

&gt;Sound familiar?

&gt;And like Terra, USDD also promises investors more than 20% per year in returns across several Tron-based projects.  **
Source: https://decrypt.co/101643/tron-becomes-defi-third-largest-blockchain-thanks-terra-like-stablecoin

Feels like a crypto article that'd be in The Onion.",True,False,False,CryptoCurrency,t5_2wlj3,4937731,public,new,self,Justin Sun trying to become the next Do Kwon with stable coin USDD.,0,[],1.0,https://www.reddit.com/r/CryptoCurrency/comments/v13w1m/justin_sun_trying_to_become_the_next_do_kwon_with/,all_ads,6,1653899070.0,self,"{'enabled': False, 'images': [{'id': 'dVAUQ01zTKmrF3eewzMFNXWFfUdRIWQSa42USXHMPWU', 'resolutions': [{'height': 54, 'url': 'https://external-preview.redd.it/KAZsyWoOWaSU5dZesXxvEcPoJC01hyxm6eK_D53Oxts.jpg?width=108&amp;crop=smart&amp;auto=webp&amp;s=0a89f163bc9d84587cef25f4165c5f570c42fe3f', 'width': 108}, {'height': 108, 'url': 'https://external-preview.redd.it/KAZsyWoOWaSU5dZesXxvEcPoJC01hyxm6eK_D53Oxts.jpg?width=216&amp;crop=smart&amp;auto=webp&amp;s=6d5b3c4703f442db5d18f1d3db5e774768694b7b', 'width': 216}, {'height': 160, 'url': 'https://external-preview.redd.it/KAZsyWoOWaSU5dZesXxvEcPoJC01hyxm6eK_D53Oxts.jpg?width=320&amp;crop=smart&amp;auto=webp&amp;s=d6de96b526c83f3a0cb60cfeb5f4ec9c697aa27a', 'width': 320}, {'height': 320, 'url': 'https://external-preview.redd.it/KAZsyWoOWaSU5dZesXxvEcPoJC01hyxm6eK_D53Oxts.jpg?width=640&amp;crop=smart&amp;auto=webp&amp;s=3d7df5415459a782fe27d502ae775724a53c1bd2', 'width': 640}, {'height': 480, 'url': 'https://external-preview.redd.it/KAZsyWoOWaSU5dZesXxvEcPoJC01hyxm6eK_D53Oxts.jpg?width=960&amp;crop=smart&amp;auto=webp&amp;s=3e2bd7b5e99cedd7ade2f8f340acc04a38209b36', 'width': 960}], 'source': {'height': 512, 'url': 'https://external-preview.redd.it/KAZsyWoOWaSU5dZesXxvEcPoJC01hyxm6eK_D53Oxts.jpg?auto=webp&amp;s=2a6a0998c799f36dc71023a5b7323a3504b10e93', 'width': 1024}, 'variants': {}}]}",,,,,
