,all_awardings,allow_live_comments,author,author_flair_background_color,author_flair_css_class,author_flair_richtext,author_flair_text,author_flair_text_color,author_flair_type,author_fullname,author_is_blocked,author_patreon_flair,author_premium,awarders,can_mod_post,contest_mode,created_utc,domain,full_link,gildings,id,is_created_from_ads_ui,is_crosspostable,is_meta,is_original_content,is_reddit_media_domain,is_robot_indexable,is_self,is_video,link_flair_background_color,link_flair_css_class,link_flair_richtext,link_flair_template_id,link_flair_text,link_flair_text_color,link_flair_type,locked,media_only,no_follow,num_comments,num_crossposts,over_18,parent_whitelist_status,permalink,pinned,pwls,retrieved_on,score,selftext,send_replies,spoiler,stickied,subreddit,subreddit_id,subreddit_subscribers,subreddit_type,suggested_sort,thumbnail,title,total_awards_received,treatment_tags,upvote_ratio,url,whitelist_status,wls,created,crosspost_parent,crosspost_parent_list,post_hint,preview,thumbnail_height,thumbnail_width,url_overridden_by_dest,removed_by_category,media_metadata,media,media_embed,secure_media,secure_media_embed
0,[],False,Rboy1725,,Warning-level2-2,"[{'e': 'text', 't': 'Tin'}]",Tin,dark,richtext,t2_1twcteqb,False,False,True,[],False,False,1654012600,self.CryptoCurrency,https://www.reddit.com/r/CryptoCurrency/comments/v1th6w/do_the_robber_kwon_is_making_another_stable_coin/,{},v1th6w,False,True,False,False,False,True,True,False,#0aa18f,NEWS,"[{'e': 'text', 't': 'GENERAL-NEWS'}]",f170aab2-246f-11ec-8143-429a193c9848,GENERAL-NEWS,light,richtext,False,False,True,0,0,False,all_ads,/r/CryptoCurrency/comments/v1th6w/do_the_robber_kwon_is_making_another_stable_coin/,False,6,1654012610,1,"https://www.benzinga.com/markets/cryptocurrency/22/05/27466828/do-kwon-is-reportedly-working-on-another-decentralized-stablecoin-for-terra-2-0

Why in the hell would anyone trust luna 2.0 and Do Kwon after what has already happened, it's like this dude just dgaf.

I'm going to stay far away from this.

What are you guys thinking? 

As far as confirmed goes, whale watch guru on Twitter said that it is confirmed that terraform labs is making another defi stable coin.

Will people really invest? I can't see why.

Buy ATOM.

❤️",True,False,False,CryptoCurrency,t5_2wlj3,4941871,public,new,self,"Do ""the robber"" Kwon is making another stable coin for Luna 2 0",0,[],1.0,https://www.reddit.com/r/CryptoCurrency/comments/v1th6w/do_the_robber_kwon_is_making_another_stable_coin/,all_ads,6,1653983800.0,,,,,,,,,,,,,
1,[],False,AnnieJackson06,,Warning-level3,"[{'e': 'text', 't': '1 - 2 years account age. -15 - 35 comment karma.'}]",1 - 2 years account age. -15 - 35 comment karma.,dark,richtext,t2_4y0kd31q,False,False,False,[],False,False,1654002433,beingcrypto.com,https://www.reddit.com/r/CryptoCurrency/comments/v1pvt8/terra_luna_20_is_launched_and_might_become_big/,{},v1pvt8,False,True,False,False,False,True,False,False,#0aa18f,NEWS,"[{'e': 'text', 't': 'GENERAL-NEWS'}]",f170aab2-246f-11ec-8143-429a193c9848,GENERAL-NEWS,light,richtext,False,False,True,0,0,False,all_ads,/r/CryptoCurrency/comments/v1pvt8/terra_luna_20_is_launched_and_might_become_big/,False,6,1654002444,1,,True,False,False,CryptoCurrency,t5_2wlj3,4941281,public,,https://b.thumbs.redditmedia.com/N8T8rtEaZhjbUBEG_wjXAwyCRGbXWvX09-4yw9D4UjQ.jpg,"Terra LUNA 2.0 is Launched and Might Become Big Hit, Should You Buy or Not?",0,[],1.0,https://www.beingcrypto.com/terra-luna-2-0-is-launched-and-might-become-big-hit-should-you-buy-or-not/,all_ads,6,1653973633.0,t3_v1pthu,"[{'all_awardings': [], 'allow_live_comments': False, 'approved_at_utc': None, 'approved_by': None, 'archived': False, 'author': 'AnnieJackson06', 'author_flair_background_color': None, 'author_flair_css_class': None, 'author_flair_richtext': [], 'author_flair_template_id': None, 'author_flair_text': None, 'author_flair_text_color': None, 'author_flair_type': 'text', 'author_fullname': 't2_4y0kd31q', 'author_is_blocked': False, 'author_patreon_flair': False, 'author_premium': False, 'awarders': [], 'banned_at_utc': None, 'banned_by': None, 'can_gild': True, 'can_mod_post': False, 'category': None, 'clicked': False, 'content_categories': None, 'contest_mode': False, 'created': 1654002248.0, 'created_utc': 1654002248.0, 'discussion_type': None, 'distinguished': None, 'domain': 'beingcrypto.com', 'downs': 0, 'edited': False, 'gilded': 0, 'gildings': {}, 'hidden': False, 'hide_score': True, 'id': 'v1pthu', 'is_created_from_ads_ui': False, 'is_crosspostable': True, 'is_meta': False, 'is_original_content': False, 'is_reddit_media_domain': False, 'is_robot_indexable': True, 'is_self': False, 'is_video': False, 'likes': None, 'link_flair_background_color': '', 'link_flair_css_class': None, 'link_flair_richtext': [], 'link_flair_text': None, 'link_flair_text_color': 'dark', 'link_flair_type': 'text', 'locked': False, 'media': None, 'media_embed': {}, 'media_only': False, 'mod_note': None, 'mod_reason_by': None, 'mod_reason_title': None, 'mod_reports': [], 'name': 't3_v1pthu', 'no_follow': True, 'num_comments': 0, 'num_crossposts': 4, 'num_reports': None, 'over_18': False, 'parent_whitelist_status': None, 'permalink': '/r/beingcrypto/comments/v1pthu/terra_luna_20_is_launched_and_might_become_big/', 'pinned': False, 'post_hint': 'link', 'preview': {'enabled': False, 'images': [{'id': 'E-DnincQ92ITEx-zMs0ot5A9O8JJeLj1QQxTiLj48fI', 'resolutions': [{'height': 57, 'url': 'https://external-preview.redd.it/y772ZV9eoyj9O-6sU4plNohMTRE7jr1Jt4acESxMJTU.jpg?width=108&amp;crop=smart&amp;auto=webp&amp;s=ec4581de763f8d8dfa888c7e604d629179ebd04c', 'width': 108}, {'height': 114, 'url': 'https://external-preview.redd.it/y772ZV9eoyj9O-6sU4plNohMTRE7jr1Jt4acESxMJTU.jpg?width=216&amp;crop=smart&amp;auto=webp&amp;s=69227da5c3ecab1a13411584639d6d787132491f', 'width': 216}, {'height': 169, 'url': 'https://external-preview.redd.it/y772ZV9eoyj9O-6sU4plNohMTRE7jr1Jt4acESxMJTU.jpg?width=320&amp;crop=smart&amp;auto=webp&amp;s=763678ee821b4d85a2eb66c083b93fcd63408cc4', 'width': 320}, {'height': 338, 'url': 'https://external-preview.redd.it/y772ZV9eoyj9O-6sU4plNohMTRE7jr1Jt4acESxMJTU.jpg?width=640&amp;crop=smart&amp;auto=webp&amp;s=33189dab4d0c7855f6afe27d6b319678fb1dd6e6', 'width': 640}], 'source': {'height': 450, 'url': 'https://external-preview.redd.it/y772ZV9eoyj9O-6sU4plNohMTRE7jr1Jt4acESxMJTU.jpg?auto=webp&amp;s=4fc84fe6578408758441ed22e271386bbb315c4e', 'width': 850}, 'variants': {}}]}, 'pwls': None, 'quarantine': False, 'removal_reason': None, 'removed_by': None, 'removed_by_category': None, 'report_reasons': None, 'saved': False, 'score': 1, 'secure_media': None, 'secure_media_embed': {}, 'selftext': '', 'selftext_html': None, 'send_replies': True, 'spoiler': False, 'stickied': False, 'subreddit': 'beingcrypto', 'subreddit_id': 't5_4ru4lq', 'subreddit_name_prefixed': 'r/beingcrypto', 'subreddit_subscribers': 69, 'subreddit_type': 'public', 'suggested_sort': None, 'thumbnail': 'https://b.thumbs.redditmedia.com/N8T8rtEaZhjbUBEG_wjXAwyCRGbXWvX09-4yw9D4UjQ.jpg', 'thumbnail_height': 74, 'thumbnail_width': 140, 'title': 'Terra LUNA 2.0 is Launched and Might Become Big Hit, Should You Buy or Not?', 'top_awarded_type': None, 'total_awards_received': 0, 'treatment_tags': [], 'ups': 1, 'upvote_ratio': 1.0, 'url': 'https://www.beingcrypto.com/terra-luna-2-0-is-launched-and-might-become-big-hit-should-you-buy-or-not/', 'url_overridden_by_dest': 'https://www.beingcrypto.com/terra-luna-2-0-is-launched-and-might-become-big-hit-should-you-buy-or-not/', 'user_reports': [], 'view_count': None, 'visited': False, 'whitelist_status': None, 'wls': None}]",link,"{'enabled': False, 'images': [{'id': 'E-DnincQ92ITEx-zMs0ot5A9O8JJeLj1QQxTiLj48fI', 'resolutions': [{'height': 57, 'url': 'https://external-preview.redd.it/y772ZV9eoyj9O-6sU4plNohMTRE7jr1Jt4acESxMJTU.jpg?width=108&amp;crop=smart&amp;auto=webp&amp;s=ec4581de763f8d8dfa888c7e604d629179ebd04c', 'width': 108}, {'height': 114, 'url': 'https://external-preview.redd.it/y772ZV9eoyj9O-6sU4plNohMTRE7jr1Jt4acESxMJTU.jpg?width=216&amp;crop=smart&amp;auto=webp&amp;s=69227da5c3ecab1a13411584639d6d787132491f', 'width': 216}, {'height': 169, 'url': 'https://external-preview.redd.it/y772ZV9eoyj9O-6sU4plNohMTRE7jr1Jt4acESxMJTU.jpg?width=320&amp;crop=smart&amp;auto=webp&amp;s=763678ee821b4d85a2eb66c083b93fcd63408cc4', 'width': 320}, {'height': 338, 'url': 'https://external-preview.redd.it/y772ZV9eoyj9O-6sU4plNohMTRE7jr1Jt4acESxMJTU.jpg?width=640&amp;crop=smart&amp;auto=webp&amp;s=33189dab4d0c7855f6afe27d6b319678fb1dd6e6', 'width': 640}], 'source': {'height': 450, 'url': 'https://external-preview.redd.it/y772ZV9eoyj9O-6sU4plNohMTRE7jr1Jt4acESxMJTU.jpg?auto=webp&amp;s=4fc84fe6578408758441ed22e271386bbb315c4e', 'width': 850}, 'variants': {}}]}",74.0,140.0,https://www.beingcrypto.com/terra-luna-2-0-is-launched-and-might-become-big-hit-should-you-buy-or-not/,,,,,,
2,[],False,sacred_thinker,,Warning-level2-2,"[{'e': 'text', 't': 'Tin'}]",Tin,dark,richtext,t2_55kx2hcv,False,False,False,[],False,False,1654002163,cryptopotato.com,https://www.reddit.com/r/CryptoCurrency/comments/v1psib/terrabased_mirror_protocol_averts_crisis_but_2m/,{},v1psib,False,True,False,False,False,True,False,False,#0aa18f,NEWS,"[{'e': 'text', 't': 'GENERAL-NEWS'}]",f170aab2-246f-11ec-8143-429a193c9848,GENERAL-NEWS,light,richtext,False,False,False,0,0,False,all_ads,/r/CryptoCurrency/comments/v1psib/terrabased_mirror_protocol_averts_crisis_but_2m/,False,6,1654002173,1,,False,False,False,CryptoCurrency,t5_2wlj3,4941269,public,new,https://b.thumbs.redditmedia.com/MwUDl8WPpdAWYg-8T_eO0aeHCBUAg99a5lBrEKI3S4U.jpg,Terra-Based Mirror Protocol Averts Crisis but $2M Drained Nonetheless,0,[],1.0,https://cryptopotato.com/terra-based-mirror-protocol-averts-crisis-but-2m-drained-nonetheless/,all_ads,6,1653973363.0,,,link,"{'enabled': False, 'images': [{'id': 'bpnA-6nYtKeWt_slwKwMvVNLmOPE1hjmoMU8S9kJMz8', 'resolutions': [{'height': 64, 'url': 'https://external-preview.redd.it/P3Bgwu8VVAqjqbjgSiQaL-sTlkQNEPXjeNTNrYhCDT4.jpg?width=108&amp;crop=smart&amp;auto=webp&amp;s=ec3a3d2f7d7a05ab3db74e6a6fff6fda36d1d9bd', 'width': 108}, {'height': 129, 'url': 'https://external-preview.redd.it/P3Bgwu8VVAqjqbjgSiQaL-sTlkQNEPXjeNTNrYhCDT4.jpg?width=216&amp;crop=smart&amp;auto=webp&amp;s=93ba287dfd0f7138aee245e1e9227b238d4d3d76', 'width': 216}, {'height': 191, 'url': 'https://external-preview.redd.it/P3Bgwu8VVAqjqbjgSiQaL-sTlkQNEPXjeNTNrYhCDT4.jpg?width=320&amp;crop=smart&amp;auto=webp&amp;s=d290c3a906177aa61e68ba98f8fae2282cc2c4c2', 'width': 320}, {'height': 383, 'url': 'https://external-preview.redd.it/P3Bgwu8VVAqjqbjgSiQaL-sTlkQNEPXjeNTNrYhCDT4.jpg?width=640&amp;crop=smart&amp;auto=webp&amp;s=78155f16c89dcc56f57d8605752e36b7a6aae676', 'width': 640}, {'height': 575, 'url': 'https://external-preview.redd.it/P3Bgwu8VVAqjqbjgSiQaL-sTlkQNEPXjeNTNrYhCDT4.jpg?width=960&amp;crop=smart&amp;auto=webp&amp;s=f757f9d7bb1cb401d87d0cbb2bad1b476792c225', 'width': 960}, {'height': 647, 'url': 'https://external-preview.redd.it/P3Bgwu8VVAqjqbjgSiQaL-sTlkQNEPXjeNTNrYhCDT4.jpg?width=1080&amp;crop=smart&amp;auto=webp&amp;s=95fe3f275914553a6cf7f658145d5ff907148ed6', 'width': 1080}], 'source': {'height': 720, 'url': 'https://external-preview.redd.it/P3Bgwu8VVAqjqbjgSiQaL-sTlkQNEPXjeNTNrYhCDT4.jpg?auto=webp&amp;s=59689717138ba99dd03fc5c05a57f5ab806eb87a', 'width': 1201}, 'variants': {}}]}",83.0,140.0,https://cryptopotato.com/terra-based-mirror-protocol-averts-crisis-but-2m-drained-nonetheless/,,,,,,
3,[],False,CryptoTimes-1,,,[],,,text,t2_e66hl5zn,False,False,False,[],False,False,1654000771,cryptotimes.io,https://www.reddit.com/r/CryptoCurrency/comments/v1pcjz/south_korean_authorities_investigates_terra_staff/,{},v1pcjz,False,False,False,False,False,False,False,False,#0aa18f,NEWS,"[{'e': 'text', 't': 'GENERAL-NEWS'}]",f170aab2-246f-11ec-8143-429a193c9848,GENERAL-NEWS,light,richtext,False,False,True,0,0,False,all_ads,/r/CryptoCurrency/comments/v1pcjz/south_korean_authorities_investigates_terra_staff/,False,6,1654000781,1,,True,False,False,CryptoCurrency,t5_2wlj3,4941210,public,,https://a.thumbs.redditmedia.com/M2ZuJYusUPx7zb0Nu5UvWcj2ES3N42xa-vGeR2Mx9G4.jpg,South Korean Authorities Investigates Terra Staff,0,[],1.0,https://www.cryptotimes.io/south-korean-authorities-investigates-terra-staff/,all_ads,6,1653971971.0,,,link,"{'enabled': False, 'images': [{'id': '1qqob5ZsH5lVLBEsL6c862r0FIk8ahN3HP5L3RE9Mn0', 'resolutions': [{'height': 67, 'url': 'https://external-preview.redd.it/YfwIIbf_22qKi3v0qbxwoJZ7bPC3MB0e9edbLK-t740.jpg?width=108&amp;crop=smart&amp;auto=webp&amp;s=1e1606128c2f139545679fed1712c641140c098e', 'width': 108}, {'height': 135, 'url': 'https://external-preview.redd.it/YfwIIbf_22qKi3v0qbxwoJZ7bPC3MB0e9edbLK-t740.jpg?width=216&amp;crop=smart&amp;auto=webp&amp;s=35513198d77ba5b233d4b63dcef7d5c930a35162', 'width': 216}, {'height': 200, 'url': 'https://external-preview.redd.it/YfwIIbf_22qKi3v0qbxwoJZ7bPC3MB0e9edbLK-t740.jpg?width=320&amp;crop=smart&amp;auto=webp&amp;s=26b8ae642671a1265470f278fc6c2cee2085cf48', 'width': 320}, {'height': 400, 'url': 'https://external-preview.redd.it/YfwIIbf_22qKi3v0qbxwoJZ7bPC3MB0e9edbLK-t740.jpg?width=640&amp;crop=smart&amp;auto=webp&amp;s=fd7c6e019018feda165c026571e0c41d2ef4eb2e', 'width': 640}], 'source': {'height': 500, 'url': 'https://external-preview.redd.it/YfwIIbf_22qKi3v0qbxwoJZ7bPC3MB0e9edbLK-t740.jpg?auto=webp&amp;s=d687def6a3df63bd7db4d55c0a4b3b88c53ce34e', 'width': 800}, 'variants': {}}]}",87.0,140.0,https://www.cryptotimes.io/south-korean-authorities-investigates-terra-staff/,reddit,,,,,
4,[],False,altranger9000,,Warning-level2-2,"[{'e': 'text', 't': 'Tin'}]",Tin,dark,richtext,t2_c4c6y2gg,False,False,False,[],False,False,1653993421,watcher.guru,https://www.reddit.com/r/CryptoCurrency/comments/v1najp/do_kwon_to_now_explore_decentralized_stablecoin/,{},v1najp,False,False,False,False,False,False,False,False,,mod4,"[{'e': 'text', 't': '🔴 UNRELIABLE SOURCE'}]",,🔴 UNRELIABLE SOURCE,dark,richtext,False,False,True,1,0,False,all_ads,/r/CryptoCurrency/comments/v1najp/do_kwon_to_now_explore_decentralized_stablecoin/,False,6,1653993431,1,,True,False,False,CryptoCurrency,t5_2wlj3,4940855,public,,https://a.thumbs.redditmedia.com/GcHw2Jl9aDXuzCFf8c4Q9FN1Q05bfRtNL6OZAvUACQ4.jpg,Do Kwon to now explore decentralized stablecoin with Terra 2.0?,0,[],1.0,https://watcher.guru/news/do-kwon-to-now-explore-decentralized-stablecoin-with-terra-2-0,all_ads,6,1653964621.0,,,link,"{'enabled': False, 'images': [{'id': 'c-hMpkxWzx7BTbvjcMuTo0iRzev__JBUnpMh7zYuT6s', 'resolutions': [{'height': 72, 'url': 'https://external-preview.redd.it/6fDP_Y_YFmdPGfKqm64H1hdgN9cxNs3zx_wu2hWPGBA.jpg?width=108&amp;crop=smart&amp;auto=webp&amp;s=1b647a9c13170b8d853fc542a97b33ea71d91602', 'width': 108}, {'height': 144, 'url': 'https://external-preview.redd.it/6fDP_Y_YFmdPGfKqm64H1hdgN9cxNs3zx_wu2hWPGBA.jpg?width=216&amp;crop=smart&amp;auto=webp&amp;s=7b167101f85c186553d106339a91e87c4e26f63e', 'width': 216}, {'height': 213, 'url': 'https://external-preview.redd.it/6fDP_Y_YFmdPGfKqm64H1hdgN9cxNs3zx_wu2hWPGBA.jpg?width=320&amp;crop=smart&amp;auto=webp&amp;s=c956a9a31dcce1e8a99f403841ce2247a400a254', 'width': 320}, {'height': 426, 'url': 'https://external-preview.redd.it/6fDP_Y_YFmdPGfKqm64H1hdgN9cxNs3zx_wu2hWPGBA.jpg?width=640&amp;crop=smart&amp;auto=webp&amp;s=55d8dd0ca98e2bd5e1015efde83e33559d6226d5', 'width': 640}, {'height': 640, 'url': 'https://external-preview.redd.it/6fDP_Y_YFmdPGfKqm64H1hdgN9cxNs3zx_wu2hWPGBA.jpg?width=960&amp;crop=smart&amp;auto=webp&amp;s=934a593ed21ccb2b14c6363d25b026c3eb94e2c1', 'width': 960}, {'height': 720, 'url': 'https://external-preview.redd.it/6fDP_Y_YFmdPGfKqm64H1hdgN9cxNs3zx_wu2hWPGBA.jpg?width=1080&amp;crop=smart&amp;auto=webp&amp;s=a421c98ff1ff29a0dd25c1d7faf9f067e045223e', 'width': 1080}], 'source': {'height': 980, 'url': 'https://external-preview.redd.it/6fDP_Y_YFmdPGfKqm64H1hdgN9cxNs3zx_wu2hWPGBA.jpg?auto=webp&amp;s=cbdad5957b5a57c8b9faea29c344762ddec9f665', 'width': 1470}, 'variants': {}}]}",93.0,140.0,https://watcher.guru/news/do-kwon-to-now-explore-decentralized-stablecoin-with-terra-2-0,reddit,,,,,
5,[],False,Set1Less,,,[],,,text,t2_7itayt3n,False,False,True,[],False,False,1653987691,decrypt.co,https://www.reddit.com/r/CryptoCurrency/comments/v1ly5b/south_korean_authorities_launch_probe_into_terra/,{},v1ly5b,False,False,False,False,False,False,False,False,#0aa18f,NEWS,"[{'e': 'text', 't': 'GENERAL-NEWS'}]",f170aab2-246f-11ec-8143-429a193c9848,GENERAL-NEWS,light,richtext,False,False,True,1,0,False,all_ads,/r/CryptoCurrency/comments/v1ly5b/south_korean_authorities_launch_probe_into_terra/,False,6,1653987701,1,,True,False,False,CryptoCurrency,t5_2wlj3,4940638,public,,https://b.thumbs.redditmedia.com/IyIqllRrIbxfV4C5bMv208PpBv4irt_aZdDn_hKJ6WQ.jpg,South Korean Authorities Launch Probe Into Terra Crash: Report. Terraform Labs Do Kwon allegedly ignored Terra’s design flaws to push for the launch of the UST stablecoin,0,[],1.0,https://decrypt.co/101658/south-korean-authorities-launch-probe-into-terra-crash-report,all_ads,6,1653958891.0,,,link,"{'enabled': False, 'images': [{'id': 'NEwJ9mlWQBBVIEdb-BJZYcCzeDkIGqDQUBRIP1JCxfM', 'resolutions': [{'height': 54, 'url': 'https://external-preview.redd.it/mzn5Oe66tZBKZWEp35B7vv_5-3VVsjlJ_JajxHSQ2Uk.jpg?width=108&amp;crop=smart&amp;auto=webp&amp;s=32936a28d4dd8486c6344005a2ef4067617b2496', 'width': 108}, {'height': 108, 'url': 'https://external-preview.redd.it/mzn5Oe66tZBKZWEp35B7vv_5-3VVsjlJ_JajxHSQ2Uk.jpg?width=216&amp;crop=smart&amp;auto=webp&amp;s=5dd31ad0e1ad58bfc8cea29bf4e3781ab69f9759', 'width': 216}, {'height': 160, 'url': 'https://external-preview.redd.it/mzn5Oe66tZBKZWEp35B7vv_5-3VVsjlJ_JajxHSQ2Uk.jpg?width=320&amp;crop=smart&amp;auto=webp&amp;s=1d87d9b2dac59d64d0d6ac497461068cb0ec8a1e', 'width': 320}, {'height': 320, 'url': 'https://external-preview.redd.it/mzn5Oe66tZBKZWEp35B7vv_5-3VVsjlJ_JajxHSQ2Uk.jpg?width=640&amp;crop=smart&amp;auto=webp&amp;s=589f25c6add705d763bc7af1859e7774c1bca465', 'width': 640}, {'height': 480, 'url': 'https://external-preview.redd.it/mzn5Oe66tZBKZWEp35B7vv_5-3VVsjlJ_JajxHSQ2Uk.jpg?width=960&amp;crop=smart&amp;auto=webp&amp;s=a33edb7f5c0d6db2256bcf406f5495a114d0ff7d', 'width': 960}], 'source': {'height': 512, 'url': 'https://external-preview.redd.it/mzn5Oe66tZBKZWEp35B7vv_5-3VVsjlJ_JajxHSQ2Uk.jpg?auto=webp&amp;s=8959006d648e89f5295cd810c50bf29f323e0d8c', 'width': 1024}, 'variants': {}}]}",70.0,140.0,https://decrypt.co/101658/south-korean-authorities-launch-probe-into-terra-crash-report,moderator,,,,,
6,[],False,tobbelobb69,,Warning-level2-2,"[{'e': 'text', 't': 'Tin | CAKE 6'}]",Tin | CAKE 6,dark,richtext,t2_i21wc,False,False,False,[],False,False,1653986794,self.CryptoCurrency,https://www.reddit.com/r/CryptoCurrency/comments/v1lr6i/how_we_can_restore_terra_classic_using_what_i/,{},v1lr6i,False,True,False,True,False,True,True,False,#5a74cc,PERSPECTIVE,"[{'e': 'text', 't': 'PERSPECTIVE'}]",1b44cdb2-2a6c-11ec-9baf-0aa21184cd0a,PERSPECTIVE,light,richtext,False,False,True,0,0,False,all_ads,/r/CryptoCurrency/comments/v1lr6i/how_we_can_restore_terra_classic_using_what_i/,False,6,1653986804,1,"I am nought but a pleb who held some UST, but like many in this position I learned a really expensive lesson over the past weeks. They say we had our warnings, and I guess we did, but we kept moving forward believing that those with the power to do something would choose to do the right thing. How naive. We should have known that those who *can* screw us over for a profit *will* screw us over for a profit.

However, it looks to me like we were a little off the mark regarding where the problem with the old system actually was. Below is a cherry picked quote from a comment I made regarding the relationship between UST and LUNA back in March.

&gt;You are completely right that an exit rush from UST will crash the price of LUNA.

This prediction was pretty 10/10, but no one is surprised. What surprised some of us, myself included, is how far below peg UST fell. Still, the theory was borderline holding up, because as LUNA kept plummeting, UST was kind of showing signs of recovery from time to time. That’s where things stopped going according to plan B, because it turns out that Terra had a conflict of interests. On one hand, the selling point of Terra was the stablecoins integrated into the very protocol, but on the other hand, governance was completely in the hands of LUNA holders, not stablecoin holders. As LUNA price predictably plummeted from the excessive minting necessary to burn all that UST, the blockchain was stopped. This was too little too late for all the OG LUNA holders, but it served to make sure UST holders were completely screwed as well.

What can we learn from this? Mainly that backing a stablecoin through minting of a *governance token* is not a great idea. The fact that LUNA is a governance token caused two major problems. First, that governors have incentive to screw stablecoin holders by implementing proposals that protect their own interests. Second, that the excessive minting of governance tokens makes the protocol vulnerable to governance attacks.

So, what can we do to save what is left of Terra now? Let’s not forget that the value proposition of Terra is the stablecoins, without those it’s just a plain L1 with relatively low fees. However, to unite stablecoin holders and LUNC holders we need to rework the core mechanism so that it’s not designed to screw either group for the sake of the other. I propose a solution similar to the model used by Ripae Finance, where a “bonded token” is used to eat the sell pressure on the stablecoins. In short, it works like this:

* We already have LUNC and UST, but we need to add bUST.
* 1 UST can be burned to mint 1 bUST.
* 1 bUST can be burned to mint 1 UST, but only when UST price is at least 1.000 USD.
* LUNC can also be burned to mint UST, but only when UST price is at least 1.001 USD.
* UST cannot be used to mint LUNC.
* LUNC is minted as a staking reward, and used for governance.
* The other stablecoins will also have their own bToken.

With the simple logic above, we have eliminated the threat of excessive LUNC minting, while still providing a mechanism to burn our stablecoins when demand drops. The incentive to mint and hold bUST lies in the profit to be made when UST regains peg. As you can see, this proposal provides a road to recovery for the current UST, as the bUST mechanism can be implemented, and burning of UST resumed. In turn, this will also provide value for LUNC holders, as the trust in the Terra (Classic) stablecoin is rebuilt, and the network regains its strategic advantage over Terra 2.0, and other random L1s for that matter.",True,False,False,CryptoCurrency,t5_2wlj3,4940604,public,,self,How we can restore Terra Classic using what I actually learned from the Terra meltdown,0,[],1.0,https://www.reddit.com/r/CryptoCurrency/comments/v1lr6i/how_we_can_restore_terra_classic_using_what_i/,all_ads,6,1653957994.0,,,,,,,,,,,,,
7,[],False,Analyticsinsight01,,Pacifier,"[{'e': 'text', 't': 'Redditor for 1 hour.'}]",Redditor for 1 hour.,dark,richtext,t2_c7lfuw9x,False,False,False,[],False,False,1653983060,industrywired.com,https://www.reddit.com/r/CryptoCurrency/comments/v1kyku/the_new_bloom_of_terra_20_will_rebranding_help/,{},v1kyku,False,False,False,False,False,False,False,False,,DISCUSSION,"[{'e': 'text', 't': '🟢 DISCUSSION'}]",,🟢 DISCUSSION,dark,richtext,False,False,True,1,0,False,all_ads,/r/CryptoCurrency/comments/v1kyku/the_new_bloom_of_terra_20_will_rebranding_help/,False,6,1653983070,1,,True,False,False,CryptoCurrency,t5_2wlj3,4940465,public,,https://a.thumbs.redditmedia.com/jcAN-2CM5pPfd5FOvChh3cffBu33j4vWXqsFaaPPFC4.jpg,The New Bloom of Terra 2.0: Will Rebranding Help?,0,[],1.0,https://industrywired.com/the-new-bloom-of-terra-2-0-will-rebranding-help/,all_ads,6,1653954260.0,,,link,"{'enabled': False, 'images': [{'id': 'dzIVefhiJWpQ7QLuuzhnda7YZ9H4yOouru48o4Antak', 'resolutions': [{'height': 60, 'url': 'https://external-preview.redd.it/f-u_1TOdB2zyE_8RJPJTpjnvpid1RiFXd-VvB_uIxlg.jpg?width=108&amp;crop=smart&amp;auto=webp&amp;s=ac4dcbd6623c438aaaff1fc2ec0962b5f7294efa', 'width': 108}, {'height': 120, 'url': 'https://external-preview.redd.it/f-u_1TOdB2zyE_8RJPJTpjnvpid1RiFXd-VvB_uIxlg.jpg?width=216&amp;crop=smart&amp;auto=webp&amp;s=6d54f06f36715ba823d8763b1d719e1204486256', 'width': 216}, {'height': 177, 'url': 'https://external-preview.redd.it/f-u_1TOdB2zyE_8RJPJTpjnvpid1RiFXd-VvB_uIxlg.jpg?width=320&amp;crop=smart&amp;auto=webp&amp;s=6e5f31a91d363c7b35007d72a29291c241c67a47', 'width': 320}, {'height': 355, 'url': 'https://external-preview.redd.it/f-u_1TOdB2zyE_8RJPJTpjnvpid1RiFXd-VvB_uIxlg.jpg?width=640&amp;crop=smart&amp;auto=webp&amp;s=1f2debc7be0ab16f5c147da755da396a81d12543', 'width': 640}], 'source': {'height': 500, 'url': 'https://external-preview.redd.it/f-u_1TOdB2zyE_8RJPJTpjnvpid1RiFXd-VvB_uIxlg.jpg?auto=webp&amp;s=2043f306934ec8e863c70a43063658a4b4ce0d6d', 'width': 900}, 'variants': {}}]}",77.0,140.0,https://industrywired.com/the-new-bloom-of-terra-2-0-will-rebranding-help/,moderator,,,,,
8,[],False,420friendlyredbeard,,Warning-level2-2,"[{'e': 'text', 't': 'Tin'}]",Tin,dark,richtext,t2_jcqfh,False,False,False,[],False,False,1653972859,thecryptobasic.com,https://www.reddit.com/r/CryptoCurrency/comments/v1ihpq/terra_ceo_is_now_under_new_investigation_of/,{},v1ihpq,False,False,False,False,False,False,False,False,#0aa18f,NEWS,"[{'e': 'text', 't': 'GENERAL-NEWS'}]",f170aab2-246f-11ec-8143-429a193c9848,GENERAL-NEWS,light,richtext,False,False,True,0,0,False,all_ads,/r/CryptoCurrency/comments/v1ihpq/terra_ceo_is_now_under_new_investigation_of/,False,6,1653972869,1,,False,False,False,CryptoCurrency,t5_2wlj3,4940011,public,,https://b.thumbs.redditmedia.com/XODAoeBYFlS8HD1l7wh6CKE2nJLVntDUN7sEdMy5VwQ.jpg,Terra CEO Is Now Under New Investigation of Alleged Price Manipulation of LUNA and UST,0,[],1.0,https://thecryptobasic.com/2022/05/30/terra-ceo-is-now-under-investigation-of-alleged-price-manipulation-of-luna-and-ust/,all_ads,6,1653944059.0,,,link,"{'enabled': False, 'images': [{'id': 'kWeOIjjnfPH7_Z6-FJjj7Ou8NYY3WNQq3rn1BfMGpjw', 'resolutions': [{'height': 60, 'url': 'https://external-preview.redd.it/xzu33SCwUT8H4Y9a0MgEO0lUgq2UqQgluWTVzKsY9Gc.jpg?width=108&amp;crop=smart&amp;auto=webp&amp;s=a7fa8771ee78741020e2b4cc4f5ad40ecd494d8d', 'width': 108}, {'height': 120, 'url': 'https://external-preview.redd.it/xzu33SCwUT8H4Y9a0MgEO0lUgq2UqQgluWTVzKsY9Gc.jpg?width=216&amp;crop=smart&amp;auto=webp&amp;s=dd89b6bb1ce43fe8cc4df9f50fbc13104591001d', 'width': 216}, {'height': 177, 'url': 'https://external-preview.redd.it/xzu33SCwUT8H4Y9a0MgEO0lUgq2UqQgluWTVzKsY9Gc.jpg?width=320&amp;crop=smart&amp;auto=webp&amp;s=1b8694f88db77f2c38ae74eb9ca23cb41bc27443', 'width': 320}], 'source': {'height': 233, 'url': 'https://external-preview.redd.it/xzu33SCwUT8H4Y9a0MgEO0lUgq2UqQgluWTVzKsY9Gc.jpg?auto=webp&amp;s=4e74e354a6e09101bdc237f4ad504588807a89e4', 'width': 419}, 'variants': {}}]}",77.0,140.0,https://thecryptobasic.com/2022/05/30/terra-ceo-is-now-under-investigation-of-alleged-price-manipulation-of-luna-and-ust/,moderator,,,,,
9,[],False,UhroundTheWorld,,,[],,,text,t2_nd24f6nq,False,False,False,[],False,False,1653961609,self.CryptoCurrency,https://www.reddit.com/r/CryptoCurrency/comments/v1f9ev/how_did_luna_terra_end_up_in_a_45000000000_market/,{},v1f9ev,False,True,False,False,False,True,True,False,#0aa18f,NEWS,"[{'e': 'text', 't': 'GENERAL-NEWS'}]",f170aab2-246f-11ec-8143-429a193c9848,GENERAL-NEWS,light,richtext,False,False,True,0,0,False,all_ads,/r/CryptoCurrency/comments/v1f9ev/how_did_luna_terra_end_up_in_a_45000000000_market/,False,6,1653961620,1,"Terra is a blockchain. While blockchain natively produces ether tokens, terra natively produces Luna. In the days preceding the depeg, Luna was trading at $85.

To create UST, you need to burn Luna. So for instance, in early May you could trade one Luna token for 85 UST (since Luna was worth $85), but the Luna would be destroyed (""burned"") in the process. This deflationary protocol was meant to ensure Luna's long-term growth. As more people buy into UST, more Luna would be burned, making the remaining Luna supply more valuable. 

To entice traders to burn Luna to create UST, creators offered an insane 19.5% yield on staking -- which is essentially terminology for earning 19.5% interest on a loan -- through what they called the Anchor Protocol. Instead of parking your savings at a bank for a 0.06% interest rate, the pitch is to turn put your money into UST, where it can earn nearly 20% in interest. Before the depegging, over 70% of UST's circulating supply, around $14 billion, was deposited in this scheme. 

Here's the key to UST retaining its peg: 1 UST could *always* be exchanged for $1 worth of Luna. So if UST slipped to 99 cents, traders could profit by buying a huge amount of UST and exchanging it for Luna, profiting 1 cent per token. The effect works in two ways: People buying UST drives the price up, and UST being burned during its exchange to Luna deflates the supply.

# The depeg of UST

It all started on Saturday, May 7. Over $2 billion worth of UST was unstaked (taken out of the Anchor Protocol), and hundreds of millions of that was immediately sold. Whether this was a reaction to a volatile period -- the rise in interest rates has particularly affected digital token prices -- or a more malicious attack on Terra's system is a topic of debate.

Such huge sells pushed the price down to 91 cents. Traders tried to take advantage of arbitrage, exchanging 90 cents worth of UST for $1 worth of Luna, but then a speed bump appeared. Only $100 million worth of UST can be burned for Luna per day. 

Investors, already flighty in the current gloomy market, flocked to sell their UST once the stable coin couldn't retain its peg. It bounced between 30 cents and 50 cents in the week following the initial depeg, but has now fallen to a steady low of under 20 cents. Its market cap, which was around $18 billion in early May, now stands at $770 million.

[ \\""How Did This Man Cause A $45,000,000,000 Crash?\\"" - ColdFusion](https://preview.redd.it/j3l1k9y8vp291.jpg?width=480&amp;format=pjpg&amp;auto=webp&amp;s=9f925ef8f3635ce57771c7891d8ccc4d0373cc99)

**Source Link:** [**https://www.youtube.com/watch?v=3KZY41SqaTI**](https://www.youtube.com/watch?v=3KZY41SqaTI)

&amp;#x200B;

[ Terra, LUNA &amp; UST Collapse: What Happened? Inside Story!](https://preview.redd.it/sre5104avp291.jpg?width=240&amp;format=pjpg&amp;auto=webp&amp;s=254049ffabd1e8010c9f7960afc808f9310b834d)

**Source Link:** [**https://www.youtube.com/watch?v=0CutSymg94I**](https://www.youtube.com/watch?v=0CutSymg94I)

&amp;#x200B;

[ \\""Why Terra Luna Is Crashing?\\"" - Coffezilla](https://preview.redd.it/xuzqaijbvp291.jpg?width=1280&amp;format=pjpg&amp;auto=webp&amp;s=1e5ce3a3acc6899a35d1538a9228cc90caa39a1c)

**Source Link:** [**https://www.youtube.com/watch?v=hLa6CSDIrTk&amp;ab\_channel=Coffeezilla**](https://www.youtube.com/watch?v=hLa6CSDIrTk&amp;ab_channel=Coffeezilla)

&amp;#x200B;

[ \\""How Luna Terra Collapsed\\"" - Coffezilla](https://preview.redd.it/5ntj05cdvp291.jpg?width=480&amp;format=pjpg&amp;auto=webp&amp;s=4d6e988ee71412e7caa1c571efec3547f12083bf)

**Source Link:** [**https://www.youtube.com/watch?v=LVanuXZedbs&amp;ab\_channel=Coffeezilla**](https://www.youtube.com/watch?v=LVanuXZedbs&amp;ab_channel=Coffeezilla)",True,False,False,CryptoCurrency,t5_2wlj3,4939474,public,,https://b.thumbs.redditmedia.com/U-wqLoR1cVh2M3b8MQdICPOy_myO9yN-eRMNr6i4jQg.jpg,"How Did Luna Terra End Up In A $45,000,000,000 Market Crash?",0,[],1.0,https://www.reddit.com/r/CryptoCurrency/comments/v1f9ev/how_did_luna_terra_end_up_in_a_45000000000_market/,all_ads,6,1653932809.0,,,,,105.0,140.0,,,"{'5ntj05cdvp291': {'e': 'Image', 'id': '5ntj05cdvp291', 'm': 'image/jpg', 'p': [{'u': 'https://preview.redd.it/5ntj05cdvp291.jpg?width=108&amp;crop=smart&amp;auto=webp&amp;s=b025cbaf059cf6666c1fe2f15f3f4d6f98e33013', 'x': 108, 'y': 81}, {'u': 'https://preview.redd.it/5ntj05cdvp291.jpg?width=216&amp;crop=smart&amp;auto=webp&amp;s=8836f3c5504996b65f732638a0bd8c41d78a9945', 'x': 216, 'y': 162}, {'u': 'https://preview.redd.it/5ntj05cdvp291.jpg?width=320&amp;crop=smart&amp;auto=webp&amp;s=52e88c814903043262d48361196f15567400e796', 'x': 320, 'y': 240}], 's': {'u': 'https://preview.redd.it/5ntj05cdvp291.jpg?width=480&amp;format=pjpg&amp;auto=webp&amp;s=4d6e988ee71412e7caa1c571efec3547f12083bf', 'x': 480, 'y': 360}, 'status': 'valid'}, 'j3l1k9y8vp291': {'e': 'Image', 'id': 'j3l1k9y8vp291', 'm': 'image/jpg', 'p': [{'u': 'https://preview.redd.it/j3l1k9y8vp291.jpg?width=108&amp;crop=smart&amp;auto=webp&amp;s=1713021ce10865f130bb7975937ad0009129b2d2', 'x': 108, 'y': 81}, {'u': 'https://preview.redd.it/j3l1k9y8vp291.jpg?width=216&amp;crop=smart&amp;auto=webp&amp;s=081b2cb21cfb13a4477169619c0c7511d0e7deea', 'x': 216, 'y': 162}, {'u': 'https://preview.redd.it/j3l1k9y8vp291.jpg?width=320&amp;crop=smart&amp;auto=webp&amp;s=d61a6e65100ea3ec02c55f657edf19b33863f063', 'x': 320, 'y': 240}], 's': {'u': 'https://preview.redd.it/j3l1k9y8vp291.jpg?width=480&amp;format=pjpg&amp;auto=webp&amp;s=9f925ef8f3635ce57771c7891d8ccc4d0373cc99', 'x': 480, 'y': 360}, 'status': 'valid'}, 'sre5104avp291': {'e': 'Image', 'id': 'sre5104avp291', 'm': 'image/jpg', 'p': [{'u': 'https://preview.redd.it/sre5104avp291.jpg?width=108&amp;crop=smart&amp;auto=webp&amp;s=ac73a394759b8d16571e270af3690eb2d06a514d', 'x': 108, 'y': 81}, {'u': 'https://preview.redd.it/sre5104avp291.jpg?width=216&amp;crop=smart&amp;auto=webp&amp;s=81632ed76074d5f1c9bfc4459c0cb9d5945a4032', 'x': 216, 'y': 162}], 's': {'u': 'https://preview.redd.it/sre5104avp291.jpg?width=240&amp;format=pjpg&amp;auto=webp&amp;s=254049ffabd1e8010c9f7960afc808f9310b834d', 'x': 240, 'y': 180}, 'status': 'valid'}, 'xuzqaijbvp291': {'e': 'Image', 'id': 'xuzqaijbvp291', 'm': 'image/jpg', 'p': [{'u': 'https://preview.redd.it/xuzqaijbvp291.jpg?width=108&amp;crop=smart&amp;auto=webp&amp;s=5eb94a8eca0e48d17c4c952ff6cf4cafb9d2f300', 'x': 108, 'y': 60}, {'u': 'https://preview.redd.it/xuzqaijbvp291.jpg?width=216&amp;crop=smart&amp;auto=webp&amp;s=beb5054ef3e596f5569b9c77e4eb4b474ee2f098', 'x': 216, 'y': 121}, {'u': 'https://preview.redd.it/xuzqaijbvp291.jpg?width=320&amp;crop=smart&amp;auto=webp&amp;s=96a60a36e50737f581590d3fa6b2dea775ab83ab', 'x': 320, 'y': 180}, {'u': 'https://preview.redd.it/xuzqaijbvp291.jpg?width=640&amp;crop=smart&amp;auto=webp&amp;s=ab2fc65b5551aed310d911497b3b5bc1a68c3bf0', 'x': 640, 'y': 360}, {'u': 'https://preview.redd.it/xuzqaijbvp291.jpg?width=960&amp;crop=smart&amp;auto=webp&amp;s=3ac1f1b17ef9e66ee5e229618154be7c90a50da5', 'x': 960, 'y': 540}, {'u': 'https://preview.redd.it/xuzqaijbvp291.jpg?width=1080&amp;crop=smart&amp;auto=webp&amp;s=eed5469161cb14f45754da71cfe312f8953b6676', 'x': 1080, 'y': 607}], 's': {'u': 'https://preview.redd.it/xuzqaijbvp291.jpg?width=1280&amp;format=pjpg&amp;auto=webp&amp;s=1e5ce3a3acc6899a35d1538a9228cc90caa39a1c', 'x': 1280, 'y': 720}, 'status': 'valid'}}",,,,
10,[],False,UhroundTheWorld,,,[],,,text,t2_nd24f6nq,False,False,False,[],False,False,1653961467,self.Bitcoin,https://www.reddit.com/r/Bitcoin/comments/v1f7um/how_did_luna_terra_end_up_in_a_45000000000_market/,{},v1f7um,False,False,False,False,False,False,True,False,,,[],,,dark,text,False,False,True,0,0,False,all_ads,/r/Bitcoin/comments/v1f7um/how_did_luna_terra_end_up_in_a_45000000000_market/,False,6,1653961477,1,[removed],True,False,False,Bitcoin,t5_2s3qj,4246607,public,,https://b.thumbs.redditmedia.com/G52d578jVyaP7rSJ3uIrDKOKhXbzAS_ICXiigsKunWM.jpg,"How Did Luna Terra End Up In A $45,000,000,000 Market Crash?",0,[],1.0,https://www.reddit.com/r/Bitcoin/comments/v1f7um/how_did_luna_terra_end_up_in_a_45000000000_market/,all_ads,6,1653932667.0,,,,,105.0,140.0,,moderator,,,,,
11,[],False,HavocCryptoNewfie,,,[],,,text,t2_btza90ch,False,False,False,[],False,False,1653953145,self.CryptoCurrency,https://www.reddit.com/r/CryptoCurrency/comments/v1cp88/terra_supporttwitter_scammers/,{},v1cp88,False,True,False,False,False,True,True,False,#0aa18f,NEWS,"[{'e': 'text', 't': 'GENERAL-NEWS'}]",f170aab2-246f-11ec-8143-429a193c9848,GENERAL-NEWS,light,richtext,False,False,False,0,0,False,all_ads,/r/CryptoCurrency/comments/v1cp88/terra_supporttwitter_scammers/,False,6,1653953156,1,"Not for sure if this is the right place for this but these jokers scammed me! An in hopes to keep it happening to others.   I want to put their info out there! Its Terra  Support page on Twitter and  u/terra_money228 the user name. Its was a small amount of 130K Classic Luna from Terra Station wallet. They have you ""verify"" your wallet through ""[wallet.synchronizationpad.com](https://wallet.synchronizationpad.com)"" It looks like they can get access all current crypto wallets. Man this Luna crap has been nothing but trouble!!... Oh what funny the DA did touch the new Luna!! LOL!!",True,False,False,CryptoCurrency,t5_2wlj3,4939090,public,,self,Terra Support/Twitter Scammers!,0,[],1.0,https://www.reddit.com/r/CryptoCurrency/comments/v1cp88/terra_supporttwitter_scammers/,all_ads,6,1653924345.0,,,,,,,,,,,,,
12,[],False,SwapzoneIO,,Warning-level2-2,"[{'e': 'text', 't': 'Tin | QC: BTC 22 | CC critic | NANO 5'}]",Tin | QC: BTC 22 | CC critic | NANO 5,dark,richtext,t2_53rmdz4h,False,False,False,[],False,False,1653951237,self.CryptoCurrency,https://www.reddit.com/r/CryptoCurrency/comments/v1c341/what_do_you_think_about_whats_going_on_with_terra/,{},v1c341,False,True,False,False,False,True,True,False,#7193ff,DISCUSSION,"[{'e': 'text', 't': 'DISCUSSION'}]",87049662-0882-11e5-82e1-0e9d1a9f7761,DISCUSSION,dark,richtext,False,False,True,0,0,False,all_ads,/r/CryptoCurrency/comments/v1c341/what_do_you_think_about_whats_going_on_with_terra/,False,6,1653951247,1,"Relaunched on May 28, Terra 2.0 (LUNA) is increasingly being added to the listing by cryptocurrency exchanges. Today, LUNA trading started on Gate.io, and the exchange rate sank from peak values to \~$6.

Tomorrow, LUNA trading will begin on Binance. The distribution of coins will take place according to the formula:

▫️1 aUST before attack = 0.01827712143 LUNA;

▫️1 LUNC before attack = 1.034735071 LUNA;

▫️1 USTC after attack = 0.02354800084 LUNA;

▫️1 LUNC after attack = 0.000015307927 LUNA.

What do you think, what to expect from LUNA going on into this week?",True,False,False,CryptoCurrency,t5_2wlj3,4938998,public,new,self,What do you think about what's going on with Terra? We believe it can make a 360-degree turn and show the market who's boss. Are we wrong?,0,[],1.0,https://www.reddit.com/r/CryptoCurrency/comments/v1c341/what_do_you_think_about_whats_going_on_with_terra/,all_ads,6,1653922437.0,,,,,,,,,,,,,
13,[],False,jigarokano,,Warning-level1-1,"[{'e': 'text', 't': 'Bronze | CelsiusNet. 5'}]",Bronze | CelsiusNet. 5,dark,richtext,t2_ld9t6,False,False,False,[],False,False,1653950814,markets.businessinsider.com,https://www.reddit.com/r/CryptoCurrency/comments/v1bycd/moneygram_wants_to_use_stablecoin_usdc_to_build_a/,{},v1bycd,False,True,False,False,False,True,False,False,,GENERAL-NEWS,"[{'e': 'text', 't': '🟢 GENERAL-NEWS'}]",,🟢 GENERAL-NEWS,dark,richtext,False,False,True,0,0,False,all_ads,/r/CryptoCurrency/comments/v1bycd/moneygram_wants_to_use_stablecoin_usdc_to_build_a/,False,6,1653950825,1,,True,False,False,CryptoCurrency,t5_2wlj3,4938972,public,,https://b.thumbs.redditmedia.com/Z3yjXq_urdpMFomFCI6QttnMISGlvxMWdwYDjBAXwPQ.jpg,MoneyGram wants to use stablecoin USDC to 'build a bridge to crypto' for money transfers — even after the Terra meltdown,0,[],1.0,https://markets.businessinsider.com/news/currencies/moneygram-ceo-stablecoin-remittances-terra-meltdown-cryptocurrency-2022-5,all_ads,6,1653922014.0,,,link,"{'enabled': False, 'images': [{'id': '_ICY-H10sMYQjp3-6kqpvZUBePH_MYJpSm_qi7YXX58', 'resolutions': [{'height': 54, 'url': 'https://external-preview.redd.it/oU0ynzD77dXNXlbDgppnNvkjcwx-c2M60KKOTOBRT6Y.jpg?width=108&amp;crop=smart&amp;auto=webp&amp;s=120c8e36dea88f13800533320a890640cd1f6c13', 'width': 108}, {'height': 108, 'url': 'https://external-preview.redd.it/oU0ynzD77dXNXlbDgppnNvkjcwx-c2M60KKOTOBRT6Y.jpg?width=216&amp;crop=smart&amp;auto=webp&amp;s=b14a04e94d725a5b8ce84b05942f5183c95f918d', 'width': 216}, {'height': 160, 'url': 'https://external-preview.redd.it/oU0ynzD77dXNXlbDgppnNvkjcwx-c2M60KKOTOBRT6Y.jpg?width=320&amp;crop=smart&amp;auto=webp&amp;s=ed619ea57e5a7bf5ae19dd6a72cd67c15677e94c', 'width': 320}, {'height': 320, 'url': 'https://external-preview.redd.it/oU0ynzD77dXNXlbDgppnNvkjcwx-c2M60KKOTOBRT6Y.jpg?width=640&amp;crop=smart&amp;auto=webp&amp;s=02168438fc5351c602ff7e918aadc6f4804a23c2', 'width': 640}, {'height': 480, 'url': 'https://external-preview.redd.it/oU0ynzD77dXNXlbDgppnNvkjcwx-c2M60KKOTOBRT6Y.jpg?width=960&amp;crop=smart&amp;auto=webp&amp;s=860c08ae8f0d26d7d00851a7b814229f8cc52347', 'width': 960}], 'source': {'height': 512, 'url': 'https://external-preview.redd.it/oU0ynzD77dXNXlbDgppnNvkjcwx-c2M60KKOTOBRT6Y.jpg?auto=webp&amp;s=bdb93ec608c75bde8d1da5d0d68dbbae123fd24c', 'width': 1024}, 'variants': {}}]}",70.0,140.0,https://markets.businessinsider.com/news/currencies/moneygram-ceo-stablecoin-remittances-terra-meltdown-cryptocurrency-2022-5,,,,,,
14,[],False,ImaFreemason,,,"[{'e': 'text', 't': 'Platinum I ImaCryprohodler Investor, Trader'}]","Platinum I ImaCryprohodler Investor, Trader",dark,richtext,t2_4i7fj94m,False,False,False,[],False,False,1653946624,finance.yahoo.com,https://www.reddit.com/r/CryptoCurrency/comments/v1ajx4/crypto_lender_celsius_partly_responsible_for/,{},v1ajx4,False,True,False,False,False,True,False,False,#007373,EXCHANGES,"[{'e': 'text', 't': 'EXCHANGES'}]",38a8ac5a-9d5c-11e5-a136-0e9f3a832fc3,EXCHANGES,light,richtext,False,False,True,0,0,False,all_ads,/r/CryptoCurrency/comments/v1ajx4/crypto_lender_celsius_partly_responsible_for/,False,6,1653946635,1,,True,False,False,CryptoCurrency,t5_2wlj3,4938772,public,new,https://b.thumbs.redditmedia.com/aPJ-kOvj4M_ViSIHWvg8G4l4MVM2S6bsivjQpI4FzDE.jpg,"Crypto Lender Celsius Partly Responsible for Terra Collapse, Says Nansen",0,[],1.0,https://finance.yahoo.com/news/crypto-lender-celsius-partly-responsible-204631517.html,all_ads,6,1653917824.0,,,link,"{'enabled': False, 'images': [{'id': 'MdFv645wtpH_zNFT-WTtCInxpB2Q6gHJUVv69F5XDiY', 'resolutions': [{'height': 108, 'url': 'https://external-preview.redd.it/wqOSlV67UfIbFjA93a8nsIzQL-ZmyVzDsFtjSMbz0ok.jpg?width=108&amp;crop=smart&amp;auto=webp&amp;s=5c454782706b4da7d873ec2b9c5a115825f36b37', 'width': 108}, {'height': 216, 'url': 'https://external-preview.redd.it/wqOSlV67UfIbFjA93a8nsIzQL-ZmyVzDsFtjSMbz0ok.jpg?width=216&amp;crop=smart&amp;auto=webp&amp;s=8b4a6ff3b1ca44c9a939222a3d41671561239e8e', 'width': 216}, {'height': 320, 'url': 'https://external-preview.redd.it/wqOSlV67UfIbFjA93a8nsIzQL-ZmyVzDsFtjSMbz0ok.jpg?width=320&amp;crop=smart&amp;auto=webp&amp;s=f1d76af3676891097bb6d45cabbd4f951cd276ce', 'width': 320}, {'height': 640, 'url': 'https://external-preview.redd.it/wqOSlV67UfIbFjA93a8nsIzQL-ZmyVzDsFtjSMbz0ok.jpg?width=640&amp;crop=smart&amp;auto=webp&amp;s=af1007b1c1a2ce4b2136b4aa125997393e3117e0', 'width': 640}, {'height': 960, 'url': 'https://external-preview.redd.it/wqOSlV67UfIbFjA93a8nsIzQL-ZmyVzDsFtjSMbz0ok.jpg?width=960&amp;crop=smart&amp;auto=webp&amp;s=b6d473411f4a1ff06f3dc8f7ff5bd5af8691ee98', 'width': 960}, {'height': 1080, 'url': 'https://external-preview.redd.it/wqOSlV67UfIbFjA93a8nsIzQL-ZmyVzDsFtjSMbz0ok.jpg?width=1080&amp;crop=smart&amp;auto=webp&amp;s=ee67fb309e5eef61ffb48a2270ebc68122bf944e', 'width': 1080}], 'source': {'height': 1200, 'url': 'https://external-preview.redd.it/wqOSlV67UfIbFjA93a8nsIzQL-ZmyVzDsFtjSMbz0ok.jpg?auto=webp&amp;s=b7f2c770d6ff5785362e441038d60228d3b314cb', 'width': 1200}, 'variants': {}}]}",140.0,140.0,https://finance.yahoo.com/news/crypto-lender-celsius-partly-responsible-204631517.html,,,,,,
15,[],False,moonmannative,,Warning-level2,"[{'e': 'text', 't': '1 - 2 years account age. 35 - 100 comment karma.'}]",1 - 2 years account age. 35 - 100 comment karma.,dark,richtext,t2_a107f7yk,False,False,False,[],False,False,1653945169,self.CryptoCurrency,https://www.reddit.com/r/CryptoCurrency/comments/v1a1sf/terra_finder_incorrect_usd_balance/,{},v1a1sf,False,False,False,False,False,False,True,False,#7193ff,DISCUSSION,"[{'e': 'text', 't': 'DISCUSSION'}]",87049662-0882-11e5-82e1-0e9d1a9f7761,DISCUSSION,dark,richtext,False,False,True,1,0,False,all_ads,/r/CryptoCurrency/comments/v1a1sf/terra_finder_incorrect_usd_balance/,False,6,1653945179,1,[removed],True,False,False,CryptoCurrency,t5_2wlj3,4938662,public,,self,terra finder incorrect USD balance,0,[],1.0,https://www.reddit.com/r/CryptoCurrency/comments/v1a1sf/terra_finder_incorrect_usd_balance/,all_ads,6,1653916369.0,,,,,,,,moderator,,,,,
16,[],False,Bigcokki,,,[],,,text,t2_e7m1a6ol,False,False,False,[],False,False,1653943629,self.CryptoCurrency,https://www.reddit.com/r/CryptoCurrency/comments/v19hq4/south_korean_authorities_investigating_terra/,{},v19hq4,False,False,False,False,False,False,True,False,#7193ff,DISCUSSION,"[{'e': 'text', 't': 'DISCUSSION'}]",87049662-0882-11e5-82e1-0e9d1a9f7761,DISCUSSION,dark,richtext,False,False,True,0,0,False,all_ads,/r/CryptoCurrency/comments/v19hq4/south_korean_authorities_investigating_terra/,False,6,1653943640,1,[removed],True,False,False,CryptoCurrency,t5_2wlj3,4938585,public,new,self,South Korean authorities investigating Terra personnel,0,[],1.0,https://www.reddit.com/r/CryptoCurrency/comments/v19hq4/south_korean_authorities_investigating_terra/,all_ads,6,1653914829.0,,,,,,,,automod_filtered,,,,,
17,[],False,jreyn1993,,Warning-level2-2,"[{'e': 'text', 't': 'Tin | CC critic'}]",Tin | CC critic,dark,richtext,t2_65hnzv7d,False,False,False,[],False,False,1653942555,zycrypto.com,https://www.reddit.com/r/CryptoCurrency/comments/v193xa/terraform_labs_employees_probed_for_intentional/,{},v193xa,False,True,False,False,False,True,False,False,#0aa18f,NEWS,"[{'e': 'text', 't': 'GENERAL-NEWS'}]",f170aab2-246f-11ec-8143-429a193c9848,GENERAL-NEWS,light,richtext,False,False,True,0,0,False,all_ads,/r/CryptoCurrency/comments/v193xa/terraform_labs_employees_probed_for_intentional/,False,6,1653942566,1,,False,False,False,CryptoCurrency,t5_2wlj3,4938518,public,new,https://b.thumbs.redditmedia.com/WRwpZZV6uB3tvll7HS9sz78U_JKS3fZu-cLyzlFaXdM.jpg,"Terraform Labs' Employees Probed For Intentional LUNA, UST Price Manipulation — Terra 2.0 At Risk?",0,[],1.0,https://zycrypto.com/terraform-labs-employees-probed-for-intentional-luna-ust-price-manipulation-terra-2-0-at-risk/,all_ads,6,1653913755.0,,,link,"{'enabled': False, 'images': [{'id': 'tchX4Fr-G62qLF6P_iGiDBE-8boiIUQ4E3EP2l_PqdU', 'resolutions': [{'height': 63, 'url': 'https://external-preview.redd.it/qI7I1Vzpg-hIxYoxJnpzaS66BwDcfiUBMO9-e3cC6BY.jpg?width=108&amp;crop=smart&amp;auto=webp&amp;s=daabb2008a1698a7e502ef2b853b178721f15ea4', 'width': 108}, {'height': 126, 'url': 'https://external-preview.redd.it/qI7I1Vzpg-hIxYoxJnpzaS66BwDcfiUBMO9-e3cC6BY.jpg?width=216&amp;crop=smart&amp;auto=webp&amp;s=94c55e1c50c3f8fbb7146b24171266e1b73b7dea', 'width': 216}, {'height': 186, 'url': 'https://external-preview.redd.it/qI7I1Vzpg-hIxYoxJnpzaS66BwDcfiUBMO9-e3cC6BY.jpg?width=320&amp;crop=smart&amp;auto=webp&amp;s=71717ed8bf4304f04af90310e68beaa3fd32dbf8', 'width': 320}, {'height': 373, 'url': 'https://external-preview.redd.it/qI7I1Vzpg-hIxYoxJnpzaS66BwDcfiUBMO9-e3cC6BY.jpg?width=640&amp;crop=smart&amp;auto=webp&amp;s=3d532d4a4365d6622048c70822ade49a0778ba15', 'width': 640}, {'height': 560, 'url': 'https://external-preview.redd.it/qI7I1Vzpg-hIxYoxJnpzaS66BwDcfiUBMO9-e3cC6BY.jpg?width=960&amp;crop=smart&amp;auto=webp&amp;s=2851bb388b300835a5ac583d806fa3a6153bcdbe', 'width': 960}, {'height': 630, 'url': 'https://external-preview.redd.it/qI7I1Vzpg-hIxYoxJnpzaS66BwDcfiUBMO9-e3cC6BY.jpg?width=1080&amp;crop=smart&amp;auto=webp&amp;s=0375702a7ec789d7d3e1ab4d3a74cf50d6dcfc6a', 'width': 1080}], 'source': {'height': 700, 'url': 'https://external-preview.redd.it/qI7I1Vzpg-hIxYoxJnpzaS66BwDcfiUBMO9-e3cC6BY.jpg?auto=webp&amp;s=ae0241ad0a68250e37ffd39c98aa492e6d102c4d', 'width': 1200}, 'variants': {}}]}",81.0,140.0,https://zycrypto.com/terraform-labs-employees-probed-for-intentional-luna-ust-price-manipulation-terra-2-0-at-risk/,,,,,,
18,[],False,pm_me_ur_nc_titties,,Warning-level2-2,"[{'e': 'text', 't': 'Tin'}]",Tin,dark,richtext,t2_f4tf7c3,False,False,False,[],False,False,1653941752,voi.id,https://www.reddit.com/r/CryptoCurrency/comments/v18typ/do_kwon_reportedly_shut_down_terraform_labs_in/,{},v18typ,False,True,False,False,False,True,False,False,#0aa18f,NEWS,"[{'e': 'text', 't': 'GENERAL-NEWS'}]",f170aab2-246f-11ec-8143-429a193c9848,GENERAL-NEWS,light,richtext,False,False,True,0,0,False,all_ads,/r/CryptoCurrency/comments/v18typ/do_kwon_reportedly_shut_down_terraform_labs_in/,False,6,1653941763,1,,True,False,False,CryptoCurrency,t5_2wlj3,4938464,public,new,https://b.thumbs.redditmedia.com/ZOT8qwxq4r22KZovYysjRDY4Tr1eobJlMaQFHQDDAcQ.jpg,Do Kwon reportedly shut down Terraform Labs in Korea days before the collapse of cryptocurrency terra (LUNA) and stablecoin TerraUSD (UST).,0,[],1.0,"https://voi.id/en/technology/169706/ini-yang-dilakukan-do-kwon-sebelum-terra-luna-rontok#:~:text=According%20to%20Bitcoin.com%20News,and%20stablecoin%20TerraUSD%20(UST).",all_ads,6,1653912952.0,,,link,"{'enabled': False, 'images': [{'id': '_vGhKx6sqvsUwZ8QthNOYhkzdipmPH7HX107--_b-2g', 'resolutions': [{'height': 60, 'url': 'https://external-preview.redd.it/MZTgRfWH3TxsIb7KqyONYwKly9ofyVAa0Ux-e8lhOk0.jpg?width=108&amp;crop=smart&amp;auto=webp&amp;s=a67384933b23a4c1b5af7f0cd39215964c278496', 'width': 108}, {'height': 121, 'url': 'https://external-preview.redd.it/MZTgRfWH3TxsIb7KqyONYwKly9ofyVAa0Ux-e8lhOk0.jpg?width=216&amp;crop=smart&amp;auto=webp&amp;s=ba9997f4482becb67de9e4089ac6fc79f572f925', 'width': 216}, {'height': 179, 'url': 'https://external-preview.redd.it/MZTgRfWH3TxsIb7KqyONYwKly9ofyVAa0Ux-e8lhOk0.jpg?width=320&amp;crop=smart&amp;auto=webp&amp;s=c1148d6f70fa75ba421232d0968c6f34605f38b7', 'width': 320}], 'source': {'height': 320, 'url': 'https://external-preview.redd.it/MZTgRfWH3TxsIb7KqyONYwKly9ofyVAa0Ux-e8lhOk0.jpg?auto=webp&amp;s=04dd230067ec5e0503bb4131f54b19539d795a30', 'width': 569}, 'variants': {}}]}",78.0,140.0,"https://voi.id/en/technology/169706/ini-yang-dilakukan-do-kwon-sebelum-terra-luna-rontok#:~:text=According%20to%20Bitcoin.com%20News,and%20stablecoin%20TerraUSD%20(UST).",,,,,,
19,[],False,dofikol4,,,[],,,text,t2_89xgyfba,False,False,False,[],False,False,1653938626,self.CryptoCurrency,https://www.reddit.com/r/CryptoCurrency/comments/v17pxi/terra_luna_20/,{},v17pxi,False,False,False,False,False,False,True,False,#646d73,MOONS,"[{'e': 'text', 't': 'MOONS 🌕'}]",1e195abc-f3e5-11e5-8899-0e1af474c431,MOONS 🌕,light,richtext,False,False,True,0,0,False,all_ads,/r/CryptoCurrency/comments/v17pxi/terra_luna_20/,False,6,1653938636,1,[removed],True,False,False,CryptoCurrency,t5_2wlj3,4938305,public,,self,Terra Luna 2.0,0,[],1.0,https://www.reddit.com/r/CryptoCurrency/comments/v17pxi/terra_luna_20/,all_ads,6,1653909826.0,,,self,"{'enabled': False, 'images': [{'id': 'F_P3gz7EpFMUYMIvwCjprDmHbfQ8TKKw4w2CmZf5qRY', 'resolutions': [{'height': 108, 'url': 'https://external-preview.redd.it/_ITiOzl18CXIg9O6ite3OvWFJQ7nFG_uo06Mo4JGp2o.jpg?width=108&amp;crop=smart&amp;auto=webp&amp;s=260bd253e0bffd6045cd2c0a1c6f68e4b09e4d79', 'width': 108}, {'height': 216, 'url': 'https://external-preview.redd.it/_ITiOzl18CXIg9O6ite3OvWFJQ7nFG_uo06Mo4JGp2o.jpg?width=216&amp;crop=smart&amp;auto=webp&amp;s=71e21a80782722edb58e6da2821fa4b8de464505', 'width': 216}, {'height': 320, 'url': 'https://external-preview.redd.it/_ITiOzl18CXIg9O6ite3OvWFJQ7nFG_uo06Mo4JGp2o.jpg?width=320&amp;crop=smart&amp;auto=webp&amp;s=a1d3badbeb7fe39c9b7b3b21681bfd3f93c8bf2f', 'width': 320}], 'source': {'height': 320, 'url': 'https://external-preview.redd.it/_ITiOzl18CXIg9O6ite3OvWFJQ7nFG_uo06Mo4JGp2o.jpg?auto=webp&amp;s=3b7dda84458885f8f8c96f06eac19ed28213cab1', 'width': 320}, 'variants': {}}]}",,,,moderator,,,,,
20,[],False,eat-sleep-rave,,,"[{'e': 'text', 't': 'Platinum | QC: CC 77 | TraderSubs 15'}]",Platinum | QC: CC 77 | TraderSubs 15,dark,richtext,t2_tacvc,False,False,False,[],False,False,1653937000,bitcoinist.com,https://www.reddit.com/r/CryptoCurrency/comments/v175c0/terra_luna_staff_under_scrutiny_south_korea/,{},v175c0,False,True,False,False,False,True,False,False,,GENERAL-NEWS,"[{'e': 'text', 't': '🟢 GENERAL-NEWS'}]",,🟢 GENERAL-NEWS,dark,richtext,False,False,True,0,0,False,all_ads,/r/CryptoCurrency/comments/v175c0/terra_luna_staff_under_scrutiny_south_korea/,False,6,1653937010,1,,True,False,False,CryptoCurrency,t5_2wlj3,4938213,public,new,https://b.thumbs.redditmedia.com/MOHiv3f7QwVhMnsQUnQL-j4LTyYhBJwmfmXCkDOrCeE.jpg,"Terra (LUNA) Staff Under Scrutiny, South Korea Launches Full Scale Investigation",0,[],1.0,https://bitcoinist.com/terra-scrutiny-south-korea-launches-investigation/,all_ads,6,1653908200.0,,,link,"{'enabled': False, 'images': [{'id': '8_DwMIZGZml36-kjjAP_nMx1biZVAhiEXcvf9f3RiuM', 'resolutions': [{'height': 60, 'url': 'https://external-preview.redd.it/A3nlwPmyOeV7ZoO-bkemT95mrpk4TqYeNjBiHveUu78.jpg?width=108&amp;crop=smart&amp;auto=webp&amp;s=37cf6a0a67c91370710368366910c3608f97ba7e', 'width': 108}, {'height': 121, 'url': 'https://external-preview.redd.it/A3nlwPmyOeV7ZoO-bkemT95mrpk4TqYeNjBiHveUu78.jpg?width=216&amp;crop=smart&amp;auto=webp&amp;s=6c4232d4548f3ab05542edea3b4f90b30a965380', 'width': 216}, {'height': 180, 'url': 'https://external-preview.redd.it/A3nlwPmyOeV7ZoO-bkemT95mrpk4TqYeNjBiHveUu78.jpg?width=320&amp;crop=smart&amp;auto=webp&amp;s=256fdba3f5df73eaf228ac701970449362e0cd76', 'width': 320}, {'height': 360, 'url': 'https://external-preview.redd.it/A3nlwPmyOeV7ZoO-bkemT95mrpk4TqYeNjBiHveUu78.jpg?width=640&amp;crop=smart&amp;auto=webp&amp;s=e78845605f2527e17a32eb7aafec27139c65cc29', 'width': 640}], 'source': {'height': 411, 'url': 'https://external-preview.redd.it/A3nlwPmyOeV7ZoO-bkemT95mrpk4TqYeNjBiHveUu78.jpg?auto=webp&amp;s=9d623e74cd379e65c737c04e61eafa4f690d1d0d', 'width': 730}, 'variants': {}}]}",78.0,140.0,https://bitcoinist.com/terra-scrutiny-south-korea-launches-investigation/,,,,,,
21,[],False,Lee911123,,,"[{'e': 'text', 't': 'Platinum | QC: CC 139 | Buttcoin 11 | MiningSubs 19'}]",Platinum | QC: CC 139 | Buttcoin 11 | MiningSubs 19,dark,richtext,t2_5ra4765c,False,False,False,[],False,False,1653935562,coingape.com,https://www.reddit.com/r/CryptoCurrency/comments/v16n63/terra_relaunch_is_already_inspiring_a_slew_of/,{},v16n63,False,False,False,False,False,False,False,False,#7193ff,DISCUSSION,"[{'e': 'text', 't': 'DISCUSSION'}]",87049662-0882-11e5-82e1-0e9d1a9f7761,DISCUSSION,dark,richtext,False,False,True,1,0,False,all_ads,/r/CryptoCurrency/comments/v16n63/terra_relaunch_is_already_inspiring_a_slew_of/,False,6,1653935573,1,,False,False,False,CryptoCurrency,t5_2wlj3,4938146,public,,https://b.thumbs.redditmedia.com/SH2tytj1N86zi7AbNd2uYkl812Ud7VaNFSLrdbXvECE.jpg,Terra Relaunch Is Already Inspiring A Slew Of Scam Tokens,0,[],1.0,https://coingape.com/terra-relaunch-inspiring-scam-tokens/,all_ads,6,1653906762.0,,,link,"{'enabled': False, 'images': [{'id': '3ASwKD-RtEqV4QaW4aHCy0NqVjRmOCWUixQC7r56eQw', 'resolutions': [{'height': 72, 'url': 'https://external-preview.redd.it/6YPfi9h-1R8fnHVDJ2PNcoYkzqfPR1uf8LjWizEjmyo.jpg?width=108&amp;crop=smart&amp;auto=webp&amp;s=f034c69588016a83400ae9e312b63b419bf8b26d', 'width': 108}, {'height': 144, 'url': 'https://external-preview.redd.it/6YPfi9h-1R8fnHVDJ2PNcoYkzqfPR1uf8LjWizEjmyo.jpg?width=216&amp;crop=smart&amp;auto=webp&amp;s=9f7091ff4b1f976aae00d5263e655b2cdd317465', 'width': 216}, {'height': 213, 'url': 'https://external-preview.redd.it/6YPfi9h-1R8fnHVDJ2PNcoYkzqfPR1uf8LjWizEjmyo.jpg?width=320&amp;crop=smart&amp;auto=webp&amp;s=0637dd443667a8b93fca1f7b1360bc738717c317', 'width': 320}, {'height': 426, 'url': 'https://external-preview.redd.it/6YPfi9h-1R8fnHVDJ2PNcoYkzqfPR1uf8LjWizEjmyo.jpg?width=640&amp;crop=smart&amp;auto=webp&amp;s=128f476fa0b7a25cc03c5dbde6ad2f0c0e0e6c48', 'width': 640}, {'height': 640, 'url': 'https://external-preview.redd.it/6YPfi9h-1R8fnHVDJ2PNcoYkzqfPR1uf8LjWizEjmyo.jpg?width=960&amp;crop=smart&amp;auto=webp&amp;s=698225d3202fa858dc205481b1d87b57a696edc6', 'width': 960}, {'height': 720, 'url': 'https://external-preview.redd.it/6YPfi9h-1R8fnHVDJ2PNcoYkzqfPR1uf8LjWizEjmyo.jpg?width=1080&amp;crop=smart&amp;auto=webp&amp;s=927c4c5163abf41e44f39422e73c01b5a94744ec', 'width': 1080}], 'source': {'height': 800, 'url': 'https://external-preview.redd.it/6YPfi9h-1R8fnHVDJ2PNcoYkzqfPR1uf8LjWizEjmyo.jpg?auto=webp&amp;s=70314eb42cb92d95179189c768019ffe128e28db', 'width': 1200}, 'variants': {}}]}",93.0,140.0,https://coingape.com/terra-relaunch-inspiring-scam-tokens/,reddit,,,,,
22,[],False,ChangeNow_io,,,"[{'e': 'text', 't': 'Silver | QC: XMR 77, BTC 65, BCH 50 | NANO 40'}]","Silver | QC: XMR 77, BTC 65, BCH 50 | NANO 40",dark,richtext,t2_k936e58,False,False,False,[],False,False,1653933354,changenow.io,https://www.reddit.com/r/CryptoCurrency/comments/v15ua0/weekly_recap_major_crypto_developments_go_live/,{},v15ua0,False,True,False,False,False,True,False,False,#46d160,MARKETS,"[{'e': 'text', 't': 'MARKETS'}]",1a657c8c-e48d-11e5-a215-0e374d550989,MARKETS,light,richtext,False,False,False,0,0,False,all_ads,/r/CryptoCurrency/comments/v15ua0/weekly_recap_major_crypto_developments_go_live/,False,6,1653933365,1,,True,False,False,CryptoCurrency,t5_2wlj3,4938011,public,,https://b.thumbs.redditmedia.com/EOsOThG47KPi3r0MR50YKGdbdXHWwS-FnzLYBbiWqsw.jpg,Weekly Recap: Major Crypto Developments Go Live with Terra 2.0,0,[],1.0,https://changenow.io/blog/weekly-recap-major-crypto-developments-go-live-with-terra-20,all_ads,6,1653904554.0,,,link,"{'enabled': False, 'images': [{'id': 'mVl02Ag7l3Rq3H89Y8VVo6hheaTXqchkqIchvlflHrE', 'resolutions': [{'height': 54, 'url': 'https://external-preview.redd.it/FRvzR-ZB0EWMU7vlb4H3rgdRu6n9QihIrgA2PE0LGMg.jpg?width=108&amp;crop=smart&amp;auto=webp&amp;s=d5e72bbc999d84cb8f5733f2813cec78ce0d1d4c', 'width': 108}, {'height': 108, 'url': 'https://external-preview.redd.it/FRvzR-ZB0EWMU7vlb4H3rgdRu6n9QihIrgA2PE0LGMg.jpg?width=216&amp;crop=smart&amp;auto=webp&amp;s=c775ce70eafddc604cdc4238924087b2aeaaf19c', 'width': 216}, {'height': 160, 'url': 'https://external-preview.redd.it/FRvzR-ZB0EWMU7vlb4H3rgdRu6n9QihIrgA2PE0LGMg.jpg?width=320&amp;crop=smart&amp;auto=webp&amp;s=046c14eb988b9aaaf6e730bd1496a6e925871ce8', 'width': 320}, {'height': 320, 'url': 'https://external-preview.redd.it/FRvzR-ZB0EWMU7vlb4H3rgdRu6n9QihIrgA2PE0LGMg.jpg?width=640&amp;crop=smart&amp;auto=webp&amp;s=933ee339056166b720ab12ed9852f2202c43eb7c', 'width': 640}, {'height': 480, 'url': 'https://external-preview.redd.it/FRvzR-ZB0EWMU7vlb4H3rgdRu6n9QihIrgA2PE0LGMg.jpg?width=960&amp;crop=smart&amp;auto=webp&amp;s=507174e3180d30a4d1c9c67000374cfc15ebbc51', 'width': 960}, {'height': 540, 'url': 'https://external-preview.redd.it/FRvzR-ZB0EWMU7vlb4H3rgdRu6n9QihIrgA2PE0LGMg.jpg?width=1080&amp;crop=smart&amp;auto=webp&amp;s=55b88a57c78d148fb04b81001a0e472d38a29423', 'width': 1080}], 'source': {'height': 600, 'url': 'https://external-preview.redd.it/FRvzR-ZB0EWMU7vlb4H3rgdRu6n9QihIrgA2PE0LGMg.jpg?auto=webp&amp;s=5ce2e4fb185fbcab457808d52fefc9aa202e368d', 'width': 1200}, 'variants': {}}]}",70.0,140.0,https://changenow.io/blog/weekly-recap-major-crypto-developments-go-live-with-terra-20,,,,,,
23,[],False,sesaymy,,,[],,,text,t2_gjgko2gf,False,False,False,[],False,False,1653931939,self.CryptoCurrency,https://www.reddit.com/r/CryptoCurrency/comments/v15c85/moneygram_wants_to_use_stablecoin_usdc_to_build_a/,{},v15c85,False,False,False,False,False,False,True,False,#0aa18f,NEWS,"[{'e': 'text', 't': 'GENERAL-NEWS'}]",f170aab2-246f-11ec-8143-429a193c9848,GENERAL-NEWS,light,richtext,False,False,True,1,0,False,all_ads,/r/CryptoCurrency/comments/v15c85/moneygram_wants_to_use_stablecoin_usdc_to_build_a/,False,6,1653931950,1,[removed],True,False,False,CryptoCurrency,t5_2wlj3,4937934,public,,self,MoneyGram wants to use stablecoin USDC to 'build a bridge to crypto' for money transfers — even after the Terra meltdown,0,[],1.0,https://www.reddit.com/r/CryptoCurrency/comments/v15c85/moneygram_wants_to_use_stablecoin_usdc_to_build_a/,all_ads,6,1653903139.0,,,self,"{'enabled': False, 'images': [{'id': '_ICY-H10sMYQjp3-6kqpvZUBePH_MYJpSm_qi7YXX58', 'resolutions': [{'height': 54, 'url': 'https://external-preview.redd.it/oU0ynzD77dXNXlbDgppnNvkjcwx-c2M60KKOTOBRT6Y.jpg?width=108&amp;crop=smart&amp;auto=webp&amp;s=120c8e36dea88f13800533320a890640cd1f6c13', 'width': 108}, {'height': 108, 'url': 'https://external-preview.redd.it/oU0ynzD77dXNXlbDgppnNvkjcwx-c2M60KKOTOBRT6Y.jpg?width=216&amp;crop=smart&amp;auto=webp&amp;s=b14a04e94d725a5b8ce84b05942f5183c95f918d', 'width': 216}, {'height': 160, 'url': 'https://external-preview.redd.it/oU0ynzD77dXNXlbDgppnNvkjcwx-c2M60KKOTOBRT6Y.jpg?width=320&amp;crop=smart&amp;auto=webp&amp;s=ed619ea57e5a7bf5ae19dd6a72cd67c15677e94c', 'width': 320}, {'height': 320, 'url': 'https://external-preview.redd.it/oU0ynzD77dXNXlbDgppnNvkjcwx-c2M60KKOTOBRT6Y.jpg?width=640&amp;crop=smart&amp;auto=webp&amp;s=02168438fc5351c602ff7e918aadc6f4804a23c2', 'width': 640}, {'height': 480, 'url': 'https://external-preview.redd.it/oU0ynzD77dXNXlbDgppnNvkjcwx-c2M60KKOTOBRT6Y.jpg?width=960&amp;crop=smart&amp;auto=webp&amp;s=860c08ae8f0d26d7d00851a7b814229f8cc52347', 'width': 960}], 'source': {'height': 512, 'url': 'https://external-preview.redd.it/oU0ynzD77dXNXlbDgppnNvkjcwx-c2M60KKOTOBRT6Y.jpg?auto=webp&amp;s=bdb93ec608c75bde8d1da5d0d68dbbae123fd24c', 'width': 1024}, 'variants': {}}]}",,,,moderator,,,,,
24,[],False,333Crypto,,Warning-level3,"[{'e': 'text', 't': '1 - 2 years account age. -15 - 35 comment karma.'}]",1 - 2 years account age. -15 - 35 comment karma.,dark,richtext,t2_a1upju1u,False,False,False,[],False,False,1653931535,youtube.com,https://www.reddit.com/r/CryptoCurrency/comments/v156yr/terra_luna_missing_funds_convex_cvx_get_rich_with/,{},v156yr,False,True,False,False,False,True,False,False,#0dd3bb,VIDEOS,"[{'e': 'text', 't': 'VIDEOS'}]",fee6c918-f3e4-11e5-8172-0ecf7e00c6db,VIDEOS,dark,richtext,False,False,True,1,0,False,all_ads,/r/CryptoCurrency/comments/v156yr/terra_luna_missing_funds_convex_cvx_get_rich_with/,False,6,1653931546,1,,True,False,False,CryptoCurrency,t5_2wlj3,4937911,public,new,https://a.thumbs.redditmedia.com/S8ZoBmqIe5Dm9d6ZWMsQIEN5nfZqAgHHF3qYFe14HA0.jpg,"Terra (LUNA) Missing FUNDS? Convex (CVX), Get RICH with Crypto?",0,[],1.0,https://youtube.com/watch?v=Ah0RL6c10KY&amp;feature=share,all_ads,6,1653902735.0,,,rich:video,"{'enabled': False, 'images': [{'id': '-kOhQswxGXveHvXDmok_A2kbPTw8BsvXnR7QFSDObrE', 'resolutions': [{'height': 81, 'url': 'https://external-preview.redd.it/q_uvNgU5vtR48yFf2bU640hRBErHBsNP_SHPSUTTBV8.jpg?width=108&amp;crop=smart&amp;auto=webp&amp;s=cf8ba032c72d89f42af54ff7a1806e6037ab1da3', 'width': 108}, {'height': 162, 'url': 'https://external-preview.redd.it/q_uvNgU5vtR48yFf2bU640hRBErHBsNP_SHPSUTTBV8.jpg?width=216&amp;crop=smart&amp;auto=webp&amp;s=cef71c9f60f1caed1aca4af9a85b584761d3e108', 'width': 216}, {'height': 240, 'url': 'https://external-preview.redd.it/q_uvNgU5vtR48yFf2bU640hRBErHBsNP_SHPSUTTBV8.jpg?width=320&amp;crop=smart&amp;auto=webp&amp;s=c10002297cca155afd5bf7b1919f49088c51a050', 'width': 320}], 'source': {'height': 360, 'url': 'https://external-preview.redd.it/q_uvNgU5vtR48yFf2bU640hRBErHBsNP_SHPSUTTBV8.jpg?auto=webp&amp;s=3a26ee78e08faefe5968c301b69b4ef3bb7bfa23', 'width': 480}, 'variants': {}}]}",105.0,140.0,https://youtube.com/watch?v=Ah0RL6c10KY&amp;feature=share,,,"{'oembed': {'author_name': '333 Crypto', 'author_url': 'https://www.youtube.com/channel/UCmJ3yraAAsFlewGAu5K4nYA', 'height': 200, 'html': '&lt;iframe width=""356"" height=""200"" src=""https://www.youtube.com/embed/Ah0RL6c10KY?feature=oembed&amp;enablejsapi=1"" frameborder=""0"" allow=""accelerometer; autoplay; clipboard-write; encrypted-media; gyroscope; picture-in-picture"" allowfullscreen&gt;&lt;/iframe&gt;', 'provider_name': 'YouTube', 'provider_url': 'https://www.youtube.com/', 'thumbnail_height': 360, 'thumbnail_url': 'https://i.ytimg.com/vi/Ah0RL6c10KY/hqdefault.jpg', 'thumbnail_width': 480, 'title': 'Terra (LUNA) Missing FUNDS?  Convex (CVX), Get RICH with Crypto?', 'type': 'video', 'version': '1.0', 'width': 356}, 'type': 'youtube.com'}","{'content': '&lt;iframe width=""356"" height=""200"" src=""https://www.youtube.com/embed/Ah0RL6c10KY?feature=oembed&amp;enablejsapi=1"" frameborder=""0"" allow=""accelerometer; autoplay; clipboard-write; encrypted-media; gyroscope; picture-in-picture"" allowfullscreen&gt;&lt;/iframe&gt;', 'height': 200, 'scrolling': False, 'width': 356}","{'oembed': {'author_name': '333 Crypto', 'author_url': 'https://www.youtube.com/channel/UCmJ3yraAAsFlewGAu5K4nYA', 'height': 200, 'html': '&lt;iframe width=""356"" height=""200"" src=""https://www.youtube.com/embed/Ah0RL6c10KY?feature=oembed&amp;enablejsapi=1"" frameborder=""0"" allow=""accelerometer; autoplay; clipboard-write; encrypted-media; gyroscope; picture-in-picture"" allowfullscreen&gt;&lt;/iframe&gt;', 'provider_name': 'YouTube', 'provider_url': 'https://www.youtube.com/', 'thumbnail_height': 360, 'thumbnail_url': 'https://i.ytimg.com/vi/Ah0RL6c10KY/hqdefault.jpg', 'thumbnail_width': 480, 'title': 'Terra (LUNA) Missing FUNDS?  Convex (CVX), Get RICH with Crypto?', 'type': 'video', 'version': '1.0', 'width': 356}, 'type': 'youtube.com'}","{'content': '&lt;iframe width=""356"" height=""200"" src=""https://www.youtube.com/embed/Ah0RL6c10KY?feature=oembed&amp;enablejsapi=1"" frameborder=""0"" allow=""accelerometer; autoplay; clipboard-write; encrypted-media; gyroscope; picture-in-picture"" allowfullscreen&gt;&lt;/iframe&gt;', 'height': 200, 'media_domain_url': 'https://www.redditmedia.com/mediaembed/v156yr', 'scrolling': False, 'width': 356}"
25,[],False,ChemicalGreek,,,[],,,text,t2_42blnkwd,False,False,False,[],False,False,1653928407,theblockcrypto.com,https://www.reddit.com/r/CryptoCurrency/comments/v142s2/a_90_million_defi_exploit_on_terra_went_unnoticed/,{},v142s2,False,True,False,False,False,True,False,False,,GENERAL-NEWS,"[{'e': 'text', 't': '🟢 GENERAL-NEWS'}]",,🟢 GENERAL-NEWS,dark,richtext,False,False,True,0,0,False,all_ads,/r/CryptoCurrency/comments/v142s2/a_90_million_defi_exploit_on_terra_went_unnoticed/,False,6,1653928418,1,,True,False,False,CryptoCurrency,t5_2wlj3,4937758,public,new,https://b.thumbs.redditmedia.com/awLWSDFyGICUh8o3buc0uw3XVpZ5_a26N0fwfNf-sjY.jpg,A $90 million DeFi exploit on Terra went unnoticed for seven months,0,[],1.0,https://www.theblockcrypto.com/post/149342/a-90-million-defi-exploit-on-terra-went-unnoticed-for-seven-months,all_ads,6,1653899607.0,,,link,"{'enabled': False, 'images': [{'id': 'nNEWfvzqXvRAwQTtPz0oXpVWw0tHXAjfi1UvNOWyvEU', 'resolutions': [{'height': 60, 'url': 'https://external-preview.redd.it/siB2lXFjcnK-xPP_19sYEe7zqgYq5WqxsZLQWWyELoE.jpg?width=108&amp;crop=smart&amp;auto=webp&amp;s=8ef18a28448dc357b1d7b971598d8e97c0ae98b0', 'width': 108}, {'height': 121, 'url': 'https://external-preview.redd.it/siB2lXFjcnK-xPP_19sYEe7zqgYq5WqxsZLQWWyELoE.jpg?width=216&amp;crop=smart&amp;auto=webp&amp;s=82a964d3cfa215633074d5ac7e1916266695c425', 'width': 216}, {'height': 180, 'url': 'https://external-preview.redd.it/siB2lXFjcnK-xPP_19sYEe7zqgYq5WqxsZLQWWyELoE.jpg?width=320&amp;crop=smart&amp;auto=webp&amp;s=4a7176ad1956e4241ff7a23cadc582415fed7a60', 'width': 320}, {'height': 360, 'url': 'https://external-preview.redd.it/siB2lXFjcnK-xPP_19sYEe7zqgYq5WqxsZLQWWyELoE.jpg?width=640&amp;crop=smart&amp;auto=webp&amp;s=78163fc785f3c50a285b4703c9ec3066c116c162', 'width': 640}, {'height': 540, 'url': 'https://external-preview.redd.it/siB2lXFjcnK-xPP_19sYEe7zqgYq5WqxsZLQWWyELoE.jpg?width=960&amp;crop=smart&amp;auto=webp&amp;s=035b748339dabe23b2e5417d926db37f8294b5fe', 'width': 960}, {'height': 607, 'url': 'https://external-preview.redd.it/siB2lXFjcnK-xPP_19sYEe7zqgYq5WqxsZLQWWyELoE.jpg?width=1080&amp;crop=smart&amp;auto=webp&amp;s=ebc60aa815cfa33aed139e62d9cd0c060df9402f', 'width': 1080}], 'source': {'height': 1080, 'url': 'https://external-preview.redd.it/siB2lXFjcnK-xPP_19sYEe7zqgYq5WqxsZLQWWyELoE.jpg?auto=webp&amp;s=5861117efc5e17bbc758ddb3a776d86914d3729c', 'width': 1920}, 'variants': {}}]}",78.0,140.0,https://www.theblockcrypto.com/post/149342/a-90-million-defi-exploit-on-terra-went-unnoticed-for-seven-months,,,,,,
26,[],False,Kingkwon83,,,"[{'e': 'text', 't': 'Platinum | QC: CC 134 | r/SSB 14 | r/WSB 83'}]",Platinum | QC: CC 134 | r/SSB 14 | r/WSB 83,dark,richtext,t2_wjl3s,False,False,False,[],False,False,1653927870,self.CryptoCurrency,https://www.reddit.com/r/CryptoCurrency/comments/v13w1m/justin_sun_trying_to_become_the_next_do_kwon_with/,{},v13w1m,False,True,False,False,False,True,True,False,#7193ff,DISCUSSION,"[{'e': 'text', 't': 'DISCUSSION'}]",87049662-0882-11e5-82e1-0e9d1a9f7761,DISCUSSION,dark,richtext,False,False,True,0,0,False,all_ads,/r/CryptoCurrency/comments/v13w1m/justin_sun_trying_to_become_the_next_do_kwon_with/,False,6,1653927880,1,"Oh boy

&gt;Tron, the Justin Sun-led blockchain launched in 2018, is now DeFi 's third-largest blockchain in terms of total value locked (TVL).

&gt;According to DefiLlama, the total value locked (TVL) across Tron'y nine different apps currently stands at $5.9 billion, up 44% over the past month.

&gt;The only two chains ahead of it are BNB Chain and the industry leader Ethereum. Binance Smart Chain's TVL stands at $10.8 billion and Ethereum hosts over $93 billion.

&gt;What's more, Tron is the only blockchain to have enjoyed continued growth across all major networks. 

&gt;Ethereum, Polygon, Solana, Avalanche, BNB Chain, and Fantom have shed double-digits over the past month.

&gt;**Tron Becomes DeFi’s Third-Largest Blockchain Thanks to Terra-Like Stablecoin**

Tron, the Justin Sun-led blockchain launched in 2018, is now DeFi 's third-largest blockchain in terms of total value locked (TVL).

According to DefiLlama, the total value locked (TVL) across Tron'y nine different apps currently stands at $5.9 billion, up 44% over the past month.


The only two chains ahead of it are BNB Chain and the industry leader Ethereum. Binance Smart Chain's TVL stands at $10.8 billion and Ethereum hosts over $93 billion.

What's more, Tron is the only blockchain to have enjoyed continued growth across all major networks. 

Ethereum, Polygon, Solana, Avalanche, BNB Chain, and Fantom have shed double-digits over the past month.

&gt;**What's driving Tron?
Tron's bullish activity has been primarily driven by the launch of its new algorithmic stablecoin promising double-digit returns, a scheme not dissimilar to the recently-imploded Terra stablecoin.

&gt;Unlike Tether’s USDT or Circle’s USDC, USDD isn’t backed by anything and is instead governed by smart contract algorithms. The algorithm governing the stablecoin’s dollar-peg is an arbitrage trade between USDD and TRX, Tron's network’s native token.

&gt;Investors can always swap (and remove from the supply) 1 USDD for $1 worth of TRX. If the price of USDD falls below a dollar peg, investors can buy the discounted USDD and swap it for TRX, pocketing the difference by selling the TRX tokens in the open market.

&gt;Sound familiar?

&gt;And like Terra, USDD also promises investors more than 20% per year in returns across several Tron-based projects.  **
Source: https://decrypt.co/101643/tron-becomes-defi-third-largest-blockchain-thanks-terra-like-stablecoin

Feels like a crypto article that'd be in The Onion.",True,False,False,CryptoCurrency,t5_2wlj3,4937731,public,new,self,Justin Sun trying to become the next Do Kwon with stable coin USDD.,0,[],1.0,https://www.reddit.com/r/CryptoCurrency/comments/v13w1m/justin_sun_trying_to_become_the_next_do_kwon_with/,all_ads,6,1653899070.0,,,self,"{'enabled': False, 'images': [{'id': 'dVAUQ01zTKmrF3eewzMFNXWFfUdRIWQSa42USXHMPWU', 'resolutions': [{'height': 54, 'url': 'https://external-preview.redd.it/KAZsyWoOWaSU5dZesXxvEcPoJC01hyxm6eK_D53Oxts.jpg?width=108&amp;crop=smart&amp;auto=webp&amp;s=0a89f163bc9d84587cef25f4165c5f570c42fe3f', 'width': 108}, {'height': 108, 'url': 'https://external-preview.redd.it/KAZsyWoOWaSU5dZesXxvEcPoJC01hyxm6eK_D53Oxts.jpg?width=216&amp;crop=smart&amp;auto=webp&amp;s=6d5b3c4703f442db5d18f1d3db5e774768694b7b', 'width': 216}, {'height': 160, 'url': 'https://external-preview.redd.it/KAZsyWoOWaSU5dZesXxvEcPoJC01hyxm6eK_D53Oxts.jpg?width=320&amp;crop=smart&amp;auto=webp&amp;s=d6de96b526c83f3a0cb60cfeb5f4ec9c697aa27a', 'width': 320}, {'height': 320, 'url': 'https://external-preview.redd.it/KAZsyWoOWaSU5dZesXxvEcPoJC01hyxm6eK_D53Oxts.jpg?width=640&amp;crop=smart&amp;auto=webp&amp;s=3d7df5415459a782fe27d502ae775724a53c1bd2', 'width': 640}, {'height': 480, 'url': 'https://external-preview.redd.it/KAZsyWoOWaSU5dZesXxvEcPoJC01hyxm6eK_D53Oxts.jpg?width=960&amp;crop=smart&amp;auto=webp&amp;s=3e2bd7b5e99cedd7ade2f8f340acc04a38209b36', 'width': 960}], 'source': {'height': 512, 'url': 'https://external-preview.redd.it/KAZsyWoOWaSU5dZesXxvEcPoJC01hyxm6eK_D53Oxts.jpg?auto=webp&amp;s=2a6a0998c799f36dc71023a5b7323a3504b10e93', 'width': 1024}, 'variants': {}}]}",,,,,,,,,
